address,lat,lng,level
中部科學園區台中市后里區三豐路4段369號,24.279149,120.721434,路名
中部科學園區台中市后里區后科南路30號,24.315672,120.729193,門牌
中部科學園區台中市后里區后科路二段335號,24.320341,120.727877,路名
中部科學園區台中市大雅區橫山里科雅路8號,24.225414,120.629103,路名
中部科學園區台中市大雅區秀山里科雅路25號5樓,24.224944,120.627886,門牌
中部科學園區台中市大雅區科雅二路8號,24.216454,120.621096,門牌
中部科學園區台中市大雅區科雅路11號,24.217489,120.622659,門牌
中部科學園區台中市大雅區科雅路16號,24.220282,120.625807,門牌
中部科學園區台中市大雅區科雅路32號4樓,24.224946,120.629095,門牌
中部科學園區台中市大雅區科雅路42號3樓,24.224720,120.629619,門牌
中部科學園區台中市西屯區東大路一段997號及999號,24.226947,120.612542,路名
中部科學園區台中市西屯區林厝里科園一路16號,24.205806,120.608632,門牌
中部科學園區台中市西屯區科園三路10號,24.204541,120.603861,門牌
中部科學園區雲林縣虎尾鎮墾地里科雲路72號3樓,23.737885,120.406287,路名
中部科學園區雲林縣虎尾鎮科虎一路8號,23.736063,120.405142,門牌
中部科學園區雲林縣虎尾鎮科虎三路18號,23.736237,120.397173,門牌
南投縣中寮鄉廣興村頂城巷46號,23.861122,120.795377,門牌
南投縣仁愛鄉互助村清風路45號,24.068738,120.952909,門牌
南投縣仁愛鄉大同村榮光巷34-1號,24.038228,121.152549,路名
南投縣信義鄉望美村美信巷38號,23.617837,120.884514,門牌
南投縣信義鄉潭南村和平巷19之39號一樓,23.820211,120.939178,門牌
南投縣信義鄉自強村綠美巷9號1樓,23.691504,120.851045,門牌
南投縣南投市三和里8鄰中山南街43號,23.901728,120.687367,門牌
南投縣南投市三和里中山街1巷11號1樓,23.904903,120.685660,門牌
南投縣南投市三和里中興路二街64號一樓,23.904791,120.690135,門牌
南投縣南投市三和里公園南街45號1樓,23.905056,120.689834,門牌
南投縣南投市三民里民生街76號1樓,23.909375,120.682605,門牌
南投縣南投市三興里26鄰文化路105巷38號,23.903641,120.678022,門牌
南投縣南投市三興里彰南路一段807號3樓,23.908688,120.680807,路名
南投縣南投市三興里文化南路104巷19號,23.899793,120.681931,門牌
南投縣南投市三興里文化南路113號1樓,23.899349,120.680920,門牌
南投縣南投市三興里文化南路203號二樓,23.901233,120.679423,門牌
南投縣南投市中華路301-19號,23.976677,120.853251,路名
南投縣南投市中華路305號,23.973603,120.971893,門牌
南投縣南投市仁和路15號,24.019016,121.131006,門牌
南投縣南投市仁和里民權街84號一樓,23.909708,120.686611,門牌
南投縣南投市光明南路60-7號(1樓),23.928680,120.694635,路名
南投縣南投市光明南路60巷86號1樓,23.928786,120.694512,門牌
南投縣南投市光榮里光榮東路74號一樓,23.949984,120.702229,門牌
南投縣南投市內新里南營路117號,23.932058,120.691715,門牌
南投縣南投市內新里南營路441號1樓,23.937727,120.686524,門牌
南投縣南投市內興里中興一路9號一樓,23.939201,120.696914,門牌
南投縣南投市內興里南新路218號,23.930776,120.700814,門牌
南投縣南投市千秋里3鄰千秋路217巷59號1樓,23.892187,120.704142,路名
南投縣南投市南崗三路107號,23.943221,120.663099,門牌
南投縣南投市南崗三路252號,23.933044,120.666564,門牌
南投縣南投市南崗三路47號,23.930986,120.666982,門牌
南投縣南投市南崗三路99號,23.941092,120.663900,門牌
南投縣南投市南崗二路643巷37號,23.919879,120.670969,門牌
南投縣南投市南鄉路266號,23.903796,120.700835,路名
南投縣南投市嘉和里彰南路一段723號,23.908688,120.680807,路名
南投縣南投市嘉興里彰南路一段290巷14號,23.908688,120.680807,路名
南投縣南投市崇文里建國路100號,23.751480,120.676236,門牌
南投縣南投市工業北五路3號,23.927215,120.655760,門牌
南投縣南投市工業北六路6號1樓,23.923766,120.656558,門牌
南投縣南投市工業南二路7號,23.921897,120.660512,門牌
南投縣南投市工業南六路6號,23.916609,120.657776,門牌
南投縣南投市工業東路6號,23.928709,120.662390,門牌
南投縣南投市工業路61號,23.929685,120.658547,門牌
南投縣南投市平和里中興路468巷12號一樓,23.909259,120.692083,門牌
南投縣南投市平和里民族路11號1樓,23.968083,120.974599,門牌
南投縣南投市平山里仁和路18號,24.019136,121.131051,門牌
南投縣南投市平山里仁和路27號,24.021236,121.132279,門牌
南投縣南投市平山里仁和路5號,24.018140,121.130483,門牌
南投縣南投市平山里南崗三路8號,23.923376,120.672266,門牌
南投縣南投市平山里工業南七路10號,23.914331,120.655635,門牌
南投縣南投市平山里工業路1之6號,23.917950,120.664294,門牌
南投縣南投市平山里工業路1號,23.918620,120.665118,門牌
南投縣南投市平山里彰南路二段575巷1號1樓,23.908688,120.680807,路名
南投縣南投市平山里彰南路二段596巷59號1樓,23.908688,120.680807,路名
南投縣南投市平山里成功一路31號,23.925316,120.667438,門牌
南投縣南投市平山里自強一路19號,23.925732,120.671740,門牌
南投縣南投市平山里自強一路7號,23.924442,120.672352,門牌
南投縣南投市平山里自強三路17號,23.925025,120.666535,門牌
南投縣南投市平山里自強三路5號,23.922375,120.668369,門牌
南投縣南投市平山里自強三路7號,23.923024,120.667916,門牌
南投縣南投市平山里自強二路13號,23.924877,120.668736,門牌
南投縣南投市平山里自強二路17號,23.925363,120.668067,門牌
南投縣南投市平山里自強二路3-1號,23.876902,120.671073,路名
南投縣南投市康壽里藍田街14巷20號1樓,23.912469,120.683741,門牌
南投縣南投市彰仁里文昌街72號1樓,23.907505,120.686734,門牌
南投縣南投市成功三路150號,23.928548,120.664016,門牌
南投縣南投市成功三路172號,23.922155,120.658586,門牌
南投縣南投市成功三路192之1號,23.917022,120.659147,門牌
南投縣南投市成功三路239號,23.928527,120.666033,路名
南投縣南投市振興里南鄉路250巷55弄34號1樓,23.904348,120.702004,門牌
南投縣南投市振興里南鄉路2巷35號一樓,23.903796,120.700835,路名
南投縣南投市文化南路233巷10弄28號1樓,23.902755,120.678531,門牌
南投縣南投市新興里南崗三路31-2號,23.933391,120.666873,路名
南投縣南投市新興里彰南路三段168號2樓,23.908688,120.680807,路名
南投縣南投市新興里成功三路128號,23.931439,120.667914,門牌
南投縣南投市新興里成功東路135號1樓,23.929433,120.675571,門牌
南投縣南投市新興里自強一路169號,23.930577,120.669831,門牌
南投縣南投市東山里東山路13之8號,23.992347,120.688925,門牌
南投縣南投市永興路12號1、2樓,24.004327,120.932711,門牌
南投縣南投市永興里八卦路122號,23.895841,120.642048,門牌
南投縣南投市永豐里3鄰彰南路三段681號2樓,23.908688,120.680807,路名
南投縣南投市永豐里南崗三路61號,23.933218,120.665514,門牌
南投縣南投市永豐里工業北三路5號,23.926378,120.657583,門牌
南投縣南投市永豐里工業北二路11號,23.928311,120.658030,門牌
南投縣南投市永豐里工業北二路7號,23.927202,120.658671,門牌
南投縣南投市永豐里工業北二路8號,23.927547,120.659220,門牌
南投縣南投市永豐里工業北五路12號,23.924914,120.657086,門牌
南投縣南投市永豐里工業北路10號,23.930615,120.658367,門牌
南投縣南投市永豐里工業北路29號,23.925342,120.654481,門牌
南投縣南投市永豐里工業北路38號,23.920531,120.655369,門牌
南投縣南投市永豐里工業北路43之1號,23.921744,120.652802,門牌
南投縣南投市永豐里工業北路53號,23.920375,120.654043,門牌
南投縣南投市永豐里工業北路5號,23.930048,120.659459,門牌
南投縣南投市永豐里工業東路14-1號,23.930286,120.660609,路名
南投縣南投市永豐里工業東路33號,23.930948,120.658180,門牌
南投縣南投市永豐里工業路336號,23.928926,120.659865,門牌
南投縣南投市永豐里工業路37號,23.926196,120.660727,門牌
南投縣南投市永豐里工業路39號,23.926998,120.660076,門牌
南投縣南投市永豐里工業路47號,23.927998,120.659396,門牌
南投縣南投市永豐里工業路49號,23.928179,120.659268,門牌
南投縣南投市永豐里工業路53號,23.928648,120.659149,門牌
南投縣南投市永豐里彰南路三段500巷37號,23.908688,120.680807,路名
南投縣南投市永豐里成功三路126號,23.931251,120.668395,門牌
南投縣南投市永豐里成功三路182號,23.919874,120.658678,門牌
南投縣南投市永豐里自立一路1巷2弄36號1樓,23.933254,120.667742,門牌
南投縣南投市永豐里自立一路4巷20號一樓﹝現場不得堆棧﹞,23.932904,120.668676,門牌
南投縣南投市永豐里自立一路4巷24號﹝現場不得堆棧﹞,23.932732,120.668588,門牌
南投縣南投市永豐里自立一路9號,23.937523,120.666749,門牌
南投縣南投市永豐里自立三路13號,23.932456,120.662066,門牌
南投縣南投市永豐里自立三路18號,23.933017,120.662831,門牌
南投縣南投市永豐里自立二路15號,23.934714,120.663348,門牌
南投縣南投市漳和里復興路720巷2弄2號一樓,23.919512,120.680851,門牌
南投縣南投市漳和里文化路519號一樓,23.910136,120.675207,門牌
南投縣南投市漳興里復興路556號一樓,23.916267,120.683757,門牌
南投縣南投市營北里仁義南路77號,23.943511,120.693721,門牌
南投縣南投市營北里學府九街32號一樓,23.952721,120.685871,路名
南投縣南投市營南里東閔路1113巷16號一樓,23.948825,120.678254,門牌
南投縣南投市營南里營盤路260巷11號,23.949631,120.674862,門牌
南投縣南投市祖祠路391巷13號1樓,23.912129,120.674013,門牌
南投縣南投市福山里八卦路415號,23.909521,120.638475,門牌
南投縣南投市福山里八卦路568號1樓,23.911274,120.638686,門牌
南投縣南投市福興里南崗三路103號1樓,23.942211,120.663445,門牌
南投縣南投市福興里南崗三路280號,23.937575,120.665914,門牌
南投縣南投市福興里南崗三路294號,23.941444,120.664742,門牌
南投縣南投市福興里彰南路三段1248號一樓,23.908688,120.680807,路名
南投縣南投市福興里彰南路三段880巷26弄3號1樓,23.908688,120.680807,路名
南投縣南投市福興里彰南路三段999號,23.908688,120.680807,路名
南投縣南投市福興里永興路10號,24.004659,120.933052,門牌
南投縣南投市福興里永興路13號4樓,24.004621,120.932806,門牌
南投縣南投市福興里永興路19號,24.005430,120.931861,門牌
南投縣南投市福興里永興路2號,24.002827,120.931605,門牌
南投縣南投市福興里永興路3號,24.003118,120.931904,門牌
南投縣南投市福興里永興路7號,23.936733,120.661874,門牌
南投縣南投市自強三路1號,23.920182,120.669219,門牌
南投縣南投市自強二路21號,23.926959,120.667002,門牌
南投縣南投市自立一路8號,23.936442,120.668029,門牌
南投縣南投市軍功里東山路443巷39號4樓之8,23.914646,120.699398,門牌
南投縣南投市鳳鳴里八卦路870巷41之2號1樓,23.923252,120.640215,門牌
南投縣南投市龍泉里大同街132號,23.908826,120.687910,門牌
南投縣名間鄉中山村水尾巷2之2號1樓,23.850963,120.694568,門牌
南投縣名間鄉中正村小崎巷23-28號三樓,23.835796,120.698407,路名
南投縣名間鄉中正村小崎巷39之8號一樓,23.835787,120.696192,門牌
南投縣名間鄉南雅村南雲路9-7號,23.818058,120.708466,路名
南投縣名間鄉名松路一段659號,23.837429,120.653980,路名
南投縣名間鄉大庄村新大巷6之3號,23.880919,120.678290,門牌
南投縣名間鄉弓鞋巷7-1號,23.850730,120.626525,路名
南投縣名間鄉彰南路358之1號,23.908688,120.680807,路名
南投縣名間鄉彰南路361-136號2樓,23.908688,120.680807,路名
南投縣名間鄉新光村虎坑巷52-5號,23.859791,120.689574,路名
南投縣名間鄉新街村彰南路426之13號,23.878198,120.692496,門牌
南投縣名間鄉新街村彰南路559巷51號一樓,23.908688,120.680807,路名
南投縣名間鄉新街村彰南路568號1樓,23.908688,120.680807,路名
南投縣名間鄉松山村名松路2段25號,23.832300,120.640550,門牌
南投縣名間鄉濁水村下灣巷40弄18號1樓,23.836339,120.705617,門牌
南投縣名間鄉濁水村南雲路15巷60號,23.821364,120.706835,門牌
南投縣名間鄉濁水村員集路1-11號,23.832553,120.705030,路名
南投縣名間鄉竹圍村羗園巷5之6號一樓,23.855114,120.629946,路名
南投縣國姓鄉國姓村永興街96號1樓,24.040953,120.854692,門牌
南投縣國姓鄉福龜村中正路一段258號一樓,23.847921,120.932564,門牌
南投縣國姓鄉長福村大長路148之1號,24.089957,120.885641,門牌
南投縣國姓鄉長福村大長路258之6號,24.079454,120.880190,門牌
南投縣埔里鎮中正路142-10號1樓,23.952887,120.800530,路名
南投縣埔里鎮內埔路1-1號,23.984557,120.998713,路名
南投縣埔里鎮北安里明德北路7號1樓,23.972284,120.976761,門牌
南投縣埔里鎮北梅里西安路一段547號,24.002706,120.953884,路名
南投縣埔里鎮北梅里西安路一段555巷15號,24.002706,120.953884,路名
南投縣埔里鎮北門里北辰街100號3樓,23.966018,120.969646,門牌
南投縣埔里鎮北門里博愛路14號2樓,23.966913,120.973157,門牌
南投縣埔里鎮北門里忠孝路332號,23.965417,120.974891,門牌
南投縣埔里鎮史港里西安路2段450號,24.010853,120.955266,門牌
南投縣埔里鎮同聲里南盛街31號二樓,23.961371,120.968264,門牌
南投縣埔里鎮同聲里新生路15之1號,23.962384,120.965232,門牌
南投縣埔里鎮大城里中山三路61號,23.966753,120.956653,門牌
南投縣埔里鎮大城里中山路3段178號,23.968827,120.960156,門牌
南投縣埔里鎮大城里中山路三段737號,23.907932,120.901611,路名
南投縣埔里鎮大城里恒吉巷6號,23.974232,120.950626,門牌
南投縣埔里鎮大湳里虎山路29之1號一樓,23.975415,120.978576,門牌
南投縣埔里鎮崇文三街38號1樓,23.978510,120.996038,門牌
南投縣埔里鎮明德路64號1樓,23.971264,120.974819,門牌
南投縣埔里鎮東門里忠孝路101之6號,23.961990,120.970019,門牌
南投縣埔里鎮杷城里中正路275-1號,23.952887,120.800530,路名
南投縣埔里鎮杷城里東興一街57號1樓,23.958626,120.969184,門牌
南投縣埔里鎮枇杷里中山路一段461、465號,23.907932,120.901611,路名
南投縣埔里鎮枇杷里和平東路166號,23.960860,120.978991,門牌
南投縣埔里鎮枇杷里和平東路346號,23.968554,120.978481,門牌
南投縣埔里鎮枇杷里忠孝路369號1樓,23.965058,120.976344,門牌
南投縣埔里鎮枇杷里忠孝路415號,23.965059,120.977703,門牌
南投縣埔里鎮枇杷里樹人二街27號,23.960899,120.975702,門牌
南投縣埔里鎮桃米里桃米路10-5號1樓,23.949214,120.936633,路名
南投縣埔里鎮水頭里中正路101號,23.999037,121.081566,門牌
南投縣埔里鎮水頭里東潤路56之3號,23.942787,120.990381,門牌
南投縣埔里鎮泰安里民族三街72號一樓,23.966442,120.976094,路名
南投縣埔里鎮清新里南安路188號2樓,23.960131,120.962414,門牌
南投縣埔里鎮溪南里溪南巷3-6號1樓,23.957507,120.952107,路名
南投縣埔里鎮溪南里玉生路88號一樓,23.950706,120.953229,門牌
南投縣埔里鎮牛眠里成功路24-5號,23.959885,120.728175,路名
南投縣埔里鎮牛眠里成功路24之7號,23.995204,120.958377,門牌
南投縣埔里鎮珠格里隆生巷63號,23.947836,120.961161,門牌
南投縣埔里鎮福興里3鄰福興路230號一樓,24.007946,120.969499,門牌
南投縣埔里鎮蜈蚣里七賢一街30巷16號,23.975611,120.990805,門牌
南投縣埔里鎮蜈蚣里中山路一段140之1號,23.907932,120.901611,路名
南投縣埔里鎮蜈蚣里中山路一段198號一樓,23.907932,120.901611,路名
南投縣埔里鎮西寧路14號,23.965787,120.962456,門牌
南投縣埔里鎮西門里中正路527號一樓,23.969796,120.963946,門牌
南投縣埔里鎮鐵山路100巷12號1樓,23.974392,120.944285,門牌
南投縣埔里鎮鐵山路66巷3號,23.974001,120.944603,門牌
南投縣埔里鎮隆生路99之3號,23.955915,120.966055,門牌
南投縣水里鄉北埔村五福路270巷18號,23.811514,120.853169,門牌
南投縣水里鄉北埔村東三街90巷5號2樓,23.813441,120.854360,門牌
南投縣水里鄉北埔村玉山街69號一樓,23.813554,120.852622,門牌
南投縣水里鄉城中村市場街153號1樓,23.816404,120.850099,門牌
南投縣水里鄉文化路7巷21號1樓,23.800202,120.864952,門牌
南投縣水里鄉新城村民權路278號二樓,23.817174,120.851870,門牌
南投縣水里鄉新城村民權路422號,23.817460,120.849491,門牌
南投縣水里鄉民和村民和路187號1樓,23.797537,120.924085,門牌
南投縣水里鄉永豐村永豐一路43號1樓,23.806562,120.858188,路名
南投縣水里鄉永豐村永豐路229號1樓,23.804770,120.858382,門牌
南投縣水里鄉永豐村永豐路282號1樓,23.804673,120.858562,門牌
南投縣水里鄉永豐村永豐路289號2樓,23.805988,120.858086,門牌
南投縣水里鄉永豐村永豐路293號1樓,23.806065,120.858025,門牌
南投縣竹山鎮下坪里下坪路11之60號一樓,23.769847,120.681494,門牌
南投縣竹山鎮中和里前山路2段212號,23.765768,120.658615,門牌
南投縣竹山鎮中和里前山路2段398號,23.772720,120.653361,門牌
南投縣竹山鎮中央里集山路一段1197巷3號1樓,23.778348,120.704590,路名
南投縣竹山鎮中山里建國路114號,23.751047,120.676351,門牌
南投縣竹山鎮中山里新生路160巷58號一樓,23.753074,120.674416,門牌
南投縣竹山鎮中山里育才巷20號,23.753282,120.678849,門牌
南投縣竹山鎮大明路320號,23.760248,120.683724,門牌
南投縣竹山鎮山崇里南雲一路39號1樓,23.804719,120.712542,路名
南投縣竹山鎮延和里集山路3段705號一樓,23.759870,120.687961,門牌
南投縣竹山鎮延和里集山路3段782號1樓,23.760004,120.687548,門牌
南投縣竹山鎮延山里鹿山路452號,23.757268,120.705765,門牌
南投縣竹山鎮延平六路15號,23.768641,120.700141,門牌
南投縣竹山鎮延平路22號,23.768502,120.701126,門牌
南投縣竹山鎮延平里延平一路2號,23.766839,120.704076,門牌
南投縣竹山鎮延平里延平一路3之10號1樓,23.767004,120.704355,門牌
南投縣竹山鎮延平里延平三路11號,23.767942,120.701098,門牌
南投縣竹山鎮延平里延平三路23號,23.769749,120.701671,門牌
南投縣竹山鎮延平里延平五路1號,23.767210,120.701041,門牌
南投縣竹山鎮延平里集山路2段806號,23.778468,120.712105,門牌
南投縣竹山鎮延平里集山路二段1001號,23.778348,120.704590,路名
南投縣竹山鎮延正里延正路98-2號1樓,23.776711,120.698704,路名
南投縣竹山鎮延正里江西路38-12號,23.772045,120.701291,路名
南投縣竹山鎮延祥里集山路3段50巷4號,23.778348,120.704590,路名
南投縣竹山鎮延祥里集山路三段207巷46號,23.778348,120.704590,路名
南投縣竹山鎮延祥里鹿山路360號一樓,23.758556,120.703797,門牌
南投縣竹山鎮建國四路1巷4號1樓,23.752199,120.675356,門牌
南投縣竹山鎮桂林里大智路196號,23.756810,120.691961,門牌
南投縣竹山鎮硘磘里建國路718號,23.747973,120.679036,門牌
南投縣竹山鎮硘磘里鯉南路116之79號4樓,23.746558,120.675643,門牌
南投縣竹山鎮集山路三段50巷1弄29號一樓,23.778348,120.704590,路名
南投縣竹山鎮雲林里大仁路26號（現場不得堆棧）,23.755131,120.676579,門牌
南投縣竹山鎮雲林里集山路三段1064號1樓,23.778348,120.704590,路名
南投縣草屯鎮上林里太平路一段123巷212號,23.967874,120.682136,路名
南投縣草屯鎮上林里太平路一段223巷11號,23.967874,120.682136,路名
南投縣草屯鎮上林里草溪路174號一樓,23.960273,120.673793,門牌
南投縣草屯鎮上林里草溪路569巷8弄5號,23.967912,120.676699,門牌
南投縣草屯鎮加老路178號,24.001021,120.659850,門牌
南投縣草屯鎮加老里加老南路266號1樓,23.998373,120.656294,門牌
南投縣草屯鎮加老里芬草路三段126號,23.993120,120.669882,路名
南投縣草屯鎮北勢里玉屏路102之6號1樓,23.992529,120.716588,門牌
南投縣草屯鎮北投里墩煌路一段168巷36號1樓,23.997282,120.665311,路名
南投縣草屯鎮南埔里中正路236-11號,23.952887,120.800530,路名
南投縣草屯鎮南埔里中正路344-128號,23.952887,120.800530,路名
南投縣草屯鎮南埔里中正路廍底巷29號2樓,23.980109,120.718268,門牌
南投縣草屯鎮南埔里富頂路一段505巷2號一樓,23.974938,120.702885,路名
南投縣草屯鎮博愛路336號,23.984872,120.688850,門牌
南投縣草屯鎮太平路一段223巷101之1號,23.967874,120.682136,路名
南投縣草屯鎮太平路一段351巷141號,23.967874,120.682136,路名
南投縣草屯鎮富寮里富中路319巷75號,23.971317,120.701550,門牌
南投縣草屯鎮富寮里富德街112巷5號1樓,23.978574,120.711719,路名
南投縣草屯鎮富寮里富春路70號1樓,23.980490,120.701970,門牌
南投縣草屯鎮富寮里富春路88號6樓之3,23.980712,120.702047,門牌
南投縣草屯鎮富寮里富林路一段169號2樓,23.972556,120.694492,路名
南投縣草屯鎮富寮里富頂路一段155巷8號,23.974938,120.702885,路名
南投縣草屯鎮富寮里富頂路一段295號1樓,23.974938,120.702885,路名
南投縣草屯鎮富寮里富頂路一段446號,23.974938,120.702885,路名
南投縣草屯鎮富寮里富頂路一段726巷101號,23.974938,120.702885,路名
南投縣草屯鎮富林路一段33巷32號1樓,23.972556,120.694492,路名
南投縣草屯鎮山腳里新生東路35巷35號,23.958920,120.683704,門牌
南投縣草屯鎮山腳里東閔路1361巷50號1樓,23.952939,120.678764,門牌
南投縣草屯鎮山腳里正義街57號1樓,23.966467,120.684972,門牌
南投縣草屯鎮山腳里民生一街46巷19號1樓,23.967466,120.683757,門牌
南投縣草屯鎮山腳里民生路106號,23.811041,120.855853,門牌
南投縣草屯鎮山腳里省府路201號,23.955363,120.676085,路名
南投縣草屯鎮山腳里虎山路332巷4號2樓之1,23.964659,120.686798,門牌
南投縣草屯鎮御史里中正路1130號,23.990368,120.688038,門牌
南投縣草屯鎮御史里御富路198號,23.988357,120.691737,門牌
南投縣草屯鎮御史里玉屏路149之1號,23.998382,120.714406,門牌
南投縣草屯鎮復興里復興路330號一樓,23.966762,120.668879,門牌
南投縣草屯鎮復興里復興路615-1號,23.940765,120.688402,路名
南投縣草屯鎮復興里草溪路695巷121號1樓,23.967847,120.674636,門牌
南投縣草屯鎮忠孝街379巷2弄11號1樓,23.984733,120.680722,門牌
南投縣草屯鎮敦和里仁愛街204號1樓,23.983360,120.678293,門牌
南投縣草屯鎮敦和里仁愛街213巷20弄34號2樓,23.983751,120.676781,門牌
南投縣草屯鎮敦和里仁愛街230巷22弄3號1樓,23.983596,120.679304,門牌
南投縣草屯鎮新庄里新庄一路43巷16號一樓,23.992958,120.672416,門牌
南投縣草屯鎮新庄里新庄二路226號1樓,23.998573,120.668818,門牌
南投縣草屯鎮新庄里新豐路58巷51-1號,23.998709,120.678394,路名
南投縣草屯鎮新豐里中正路1097巷4號,23.989896,120.687359,門牌
南投縣草屯鎮新豐里中正路1123號,23.990265,120.687508,門牌
南投縣草屯鎮新豐里中正路1663巷10號1樓,24.001373,120.690067,門牌
南投縣草屯鎮新豐里成功路一段1035巷82號一樓,23.959885,120.728175,路名
南投縣草屯鎮新豐里新豐路230號,23.998709,120.678394,路名
南投縣草屯鎮新豐里稻香路20之21號,23.994403,120.686409,門牌
南投縣草屯鎮新豐里防汎路2號一樓,24.002235,120.689964,門牌
南投縣草屯鎮明正里中正路891號一樓,23.984624,120.686236,門牌
南投縣草屯鎮正義街216號1樓,23.967732,120.686935,門牌
南投縣草屯鎮民生三街30巷41號1樓,23.967297,120.686344,門牌
南投縣草屯鎮玉屏巷43之6號1樓,23.995288,120.735982,路名
南投縣草屯鎮石川路59之26號,24.001851,120.648057,門牌
南投縣草屯鎮石川里墩煌路二段199巷15號,23.997282,120.665311,路名
南投縣草屯鎮石川里石川路11之19號1樓,23.992987,120.657799,門牌
南投縣草屯鎮石川里石川路12之31號1樓,23.993584,120.655632,門牌
南投縣草屯鎮石川里石川路14-25號1樓,23.996072,120.652307,路名
南投縣草屯鎮石川里石川路14之23號2樓,23.993786,120.654298,門牌
南投縣草屯鎮石川里碧興路二段1221巷42號1樓,23.977723,120.651862,路名
南投縣草屯鎮碧山路1126之2號,23.975084,120.666511,路名
南投縣草屯鎮碧峰里保安街45巷12號2樓,23.970313,120.652152,門牌
南投縣草屯鎮碧峰里碧山路1107之10號1樓,23.973021,120.656566,門牌
南投縣草屯鎮碧峰里碧山路1125巷67弄29號一樓,23.972073,120.655093,門牌
南投縣草屯鎮碧峰里碧峰路86號,23.972833,120.659002,門牌
南投縣草屯鎮碧峰里碧興路一段501號,23.977723,120.651862,路名
南投縣草屯鎮碧洲里碧峰路948號,23.958323,120.660877,門牌
南投縣草屯鎮碧洲里碧峰路960號,23.958429,120.660310,門牌
南投縣草屯鎮碧洲里碧興路一段501號,23.977723,120.651862,路名
南投縣草屯鎮碧洲里草溪路60巷9弄10號1樓,23.952322,120.662128,門牌
南投縣集集鎮八張里八張街127巷8號1樓,23.828951,120.792143,門牌
南投縣集集鎮吳厝里名水路二段151號,23.826741,120.765916,路名
南投縣集集鎮和平里成功路20號,23.959885,120.728175,路名
南投縣集集鎮廣明里文心街22巷32弄2之1號1樓,23.830168,120.798642,路名
南投縣集集鎮廣明里文心街22巷9號一樓,23.830312,120.801745,門牌
南投縣集集鎮廣明里洞角巷38-3號一樓,23.829346,120.807627,路名
南投縣集集鎮田寮里龍泉巷29號1樓,23.834811,120.749466,門牌
南投縣集集鎮集集里初中一街51巷16號1樓,23.829795,120.781772,路名
南投縣魚池鄉大林村金天巷45號,23.870497,120.944811,門牌
南投縣魚池鄉大雁村大雁巷31之7號,23.919512,120.922299,門牌
南投縣魚池鄉東池村東興巷18號1樓,23.898251,120.945318,門牌
南投縣魚池鄉水社村中興路142號,24.041094,120.856365,門牌
南投縣魚池鄉魚池村秀水巷23－14號一樓﹝現場不得堆棧﹞,23.895649,120.937870,路名
南投縣魚池鄉魚池村魚池街413號,23.896808,120.936051,門牌
南投縣鹿谷鄉內湖村興產路2-2號,23.709181,120.779410,路名
南投縣鹿谷鄉清水村外城巷33號1樓,23.806789,120.778428,門牌
南投縣鹿谷鄉瑞田村集鹿南路501號1樓,23.812292,120.781611,門牌
南部科學園區台南市善化區南科九路8號,23.120148,120.276523,門牌
南部科學園區台南市善化區大利二路10號,23.115038,120.277379,門牌
南部科學園區台南市新市區南科三路7號4樓,23.098745,120.284211,門牌
南部科學園區台南市新市區南科六路1號,23.106332,120.282765,門牌
南部科學園區台南市新市區大業一路7號,23.090382,120.289619,門牌
南部科學園區台南市新市區環東路1段31巷22號2樓,23.097693,120.283254,門牌
南部科學園區高雄市路竹區北嶺二路11號,22.825126,120.272619,門牌
南部科學園區高雄市路竹區路科三路15號,22.833578,120.260235,路名
南部科學園區高雄市路竹區路科五路98號4樓A室,22.827550,120.258276,門牌
台中市中區光復里民族路92號2樓之3,24.139983,120.679387,門牌
台中市中區公園里市府路91號1樓,24.140485,120.680874,門牌
台中市中區大誠里台灣大道一段501號6樓之1,24.185347,120.617995,路名
台中市中區成功路357號,24.307937,120.717783,門牌
台中市中區柳川里民權路164號21樓之37,24.141307,120.676473,門牌
台中市中區自由路二段12號8樓之5,24.149802,120.646981,路名
台中市北區中正里中山路429巷2號1樓,24.224180,120.663068,路名
台中市北區中清路一段447號14樓之2,24.205857,120.646741,路名
台中市北區中清路一段89號7樓之5,24.205857,120.646741,路名
台中市北區中清路一段89號8樓之6至8樓之8,24.205857,120.646741,路名
台中市北區中華路二段173巷64號1樓,24.173464,120.617601,路名
台中市北區五常里五權路401之1號,24.153091,120.681515,門牌
台中市北區五常里五權路401之1號7樓,24.153091,120.681515,門牌
台中市北區五權路375號9樓,24.152866,120.680519,門牌
台中市北區健行路373之11號,24.158904,120.682761,門牌
台中市北區健行路56號1樓,24.087853,120.735914,門牌
台中市北區健行路681號1樓,24.111314,120.592290,門牌
台中市北區健行路721巷1號4樓,24.158682,120.673159,門牌
台中市北區健行路97之2號,24.158838,120.688107,門牌
台中市北區健行里德化街588巷3-3號,24.167926,120.672563,路名
台中市北區健行里忠太東路58之1號1樓,24.161799,120.668230,門牌
台中市北區健行里忠明路200號13樓之2,24.161283,120.663374,門牌
台中市北區健行里民權路559號11樓之3,24.161787,120.670183,門牌
台中市北區健行里華興街95號1樓,24.161675,120.669041,門牌
台中市北區光大里中清路一段78號1樓,24.205857,120.646741,路名
台中市北區光大里原子街149號8樓之8,24.149377,120.677110,門牌
台中市北區光大里太平路211號1樓,24.120947,120.720104,門牌
台中市北區六合里篤行路81巷2號1樓,24.147495,120.676287,門牌
台中市北區北屯路14號5樓之1,24.160496,120.692131,門牌
台中市北區北平一街36-6號7樓,24.172369,120.668850,路名
台中市北區北平三街15號1樓,24.172446,120.670674,門牌
台中市北區北平路一段82之1號,24.171029,120.680234,路名
台中市北區北平路二段169號2樓,24.171029,120.680234,路名
台中市北區北興街184號1樓,24.164019,120.685853,門牌
台中市北區博館路88號5樓之1,24.155254,120.666759,門牌
台中市北區原子街149號5樓之1,24.149377,120.677110,門牌
台中市北區台灣大道二段360號13樓之1,24.185347,120.617995,路名
台中市北區台灣大道二段360號22樓之5,24.185347,120.617995,路名
台中市北區國豐街107號1樓,24.158999,120.695826,門牌
台中市北區大德街161巷8之3號1樓,24.161351,120.677940,門牌
台中市北區大湖里太平路112號4樓之1,24.149885,120.680121,門牌
台中市北區太原北路130號3樓之1,24.165322,120.669973,門牌
台中市北區太原北路130號7樓之2,24.165322,120.669973,門牌
台中市北區太原北路86號1樓,24.165281,120.668939,門牌
台中市北區太原路2段68號,24.164995,120.677489,門牌
台中市北區太原路二段48號1樓,24.164430,120.686065,路名
台中市北區太原路二段86號14樓,24.164430,120.686065,路名
台中市北區太平北街26號1樓,24.150400,120.680014,門牌
台中市北區太平路17之11號,24.155012,120.658968,路名
台中市北區學士路196巷13之2號,24.160092,120.681702,門牌
台中市北區尊賢街7號20樓,24.148759,120.685322,門牌
台中市北區崇德里北興街184號,24.164019,120.685853,門牌
台中市北區崇德里崇興路二段42號1樓,24.165982,120.688768,路名
台中市北區崇興路二段2巷3號,24.165982,120.688768,路名
台中市北區崇興路二段2巷3號1樓,24.165982,120.688768,路名
台中市北區建德里國強街103號1樓,24.159323,120.697226,門牌
台中市北區建成里東光五街19號,24.154486,120.700021,門牌
台中市北區建成里東光東街79號5樓之8,24.153878,120.699026,門牌
台中市北區建成里東成路139巷32號1樓,24.158231,120.702168,門牌
台中市北區建興里大義街61號1樓,24.159842,120.683536,門牌
台中市北區建興里梅亭街247號1樓、249號1樓,24.160221,120.681347,門牌
台中市北區建興里衛道路91巷16之3號,24.162119,120.685916,門牌
台中市北區德化街399號,24.161571,120.678757,門牌
台中市北區忠太東路8號1樓,24.160301,120.668314,門牌
台中市北區忠明路200號9樓,24.161283,120.663374,門牌
台中市北區忠明路502之1號4樓之2,24.162721,120.673030,門牌
台中市北區文心路四段212號5樓之1,24.164039,120.664623,路名
台中市北區文昌東一街115號14樓之5,24.167295,120.676783,門牌
台中市北區文昌東一街61號1樓,24.169995,120.676857,路名
台中市北區文莊里12鄰中清路一段25巷7號3樓,24.205857,120.646741,路名
台中市北區文莊里中清路一段89號7樓之1,24.205857,120.646741,路名
台中市北區文莊里中清路一段89號7樓之7,24.205857,120.646741,路名
台中市北區文莊里英士路91號10樓之2,24.151279,120.675347,門牌
台中市北區明德里太原南二街80號1樓,24.163848,120.666972,門牌
台中市北區明德里太原四街17巷3號1樓,24.165564,120.669566,門牌
台中市北區明德里忠明路211號10樓之5,24.163091,120.665867,門牌
台中市北區明德里忠明路211號6樓之2,24.163091,120.665867,門牌
台中市北區明德里漢口南一街23號一樓,24.166254,120.666983,門牌
台中市北區明新里中清路一段447號13樓之3,24.205857,120.646741,路名
台中市北區明新里中清路一段447號14樓之1,24.205857,120.646741,路名
台中市北區明新里中清路一段447號16樓之2,24.205857,120.646741,路名
台中市北區明新里中清路一段467號1樓,24.205857,120.646741,路名
台中市北區明新里太原八街95之1號1樓,24.166237,120.672842,門牌
台中市北區明新里太原路一段532號6樓之2,24.164430,120.686065,路名
台中市北區明新里忠太東路114號3樓之2,24.164063,120.671195,門牌
台中市北區東成一街31號1樓,24.158601,120.700530,門牌
台中市北區東成路87號1樓,24.157217,120.702336,門牌
台中市北區梅亭街601號1樓,24.160321,120.667392,門牌
台中市北區梅川東路三段51巷6號1樓,24.164803,120.677646,路名
台中市北區梅川里漢口路四段287巷7號5樓之18,24.165919,120.672564,路名
台中市北區梅川里漢口路四段287巷7號7樓之18,24.165919,120.672564,路名
台中市北區樂英里14鄰雙十路二段2之1號,24.152061,120.688927,路名
台中市北區民權路349巷15號,24.156097,120.669556,門牌
台中市北區民權路349巷5號,24.156081,120.669983,門牌
台中市北區民權路559號10樓之2,24.161787,120.670183,門牌
台中市北區永興街176巷7號1樓,24.163674,120.682871,門牌
台中市北區淡溝里博館路80之3號,24.155220,120.667178,門牌
台中市北區淡溝里博館路88號12樓之1,24.155254,120.666759,門牌
台中市北區淡溝里台灣大道二段360號22樓之1,24.185347,120.617995,路名
台中市北區淡溝里台灣大道二段360號22樓之5,24.185347,120.617995,路名
台中市北區淡溝里台灣大道二段360號7樓之2,24.185347,120.617995,路名
台中市北區淡溝里民權路361號11樓,24.156715,120.670290,門牌
台中市北區淡溝里民權路422巷9弄6號1樓,24.156825,120.671039,門牌
台中市北區淡溝里館前路19號11樓之1,24.155454,120.665795,門牌
台中市北區漢口路四段287巷7號3樓之6,24.165919,120.672564,路名
台中市北區綏遠路一段2號6樓之3,24.170201,120.681256,路名
台中市北區興進路213號2樓之1,24.156042,120.690670,門牌
台中市北區英才路380號4樓之1,24.155280,120.668738,門牌
台中市北區西屯路一段247之4號1樓,24.174702,120.641338,路名
台中市北區賴厝里太原路二段63號1樓,24.164430,120.686065,路名
台中市北區賴厝里梅川西路三段39巷3號1樓,24.160069,120.675003,路名
台中市北區賴旺里天津一街15號1樓,24.170975,120.674053,門牌
台中市北區賴旺里文昌一街6號1樓,24.172198,120.674642,門牌
台中市北區賴旺里青島一街27號1樓,24.172973,120.673466,門牌
台中市北區賴旺里青島西街60號,24.171987,120.673020,路名
台中市北區賴明里中清路一段678號1樓,24.205857,120.646741,路名
台中市北區賴明里漢口路四段35號4樓之2,24.165919,120.672564,路名
台中市北區賴明里青島路一段433號1樓,24.169232,120.679566,路名
台中市北區賴福里太原路二段222巷6號1樓,24.164430,120.686065,路名
台中市北區賴福里太原路二段88號11樓之3,24.164430,120.686065,路名
台中市北區賴福里梅川東路三段55號2樓,24.164803,120.677646,路名
台中市北區賴福里進化北路392之2號5樓之2,24.163367,120.677424,門牌
台中市北區賴興里文心路四段200號8樓之8,24.164039,120.664623,路名
台中市北區賴興里文心路四段212號10樓之1,24.164039,120.664623,路名
台中市北區賴興里文昌東一街16號1樓,24.172111,120.677019,門牌
台中市北區賴興里梅川西路四段232之3號9樓之5,24.160069,120.675003,路名
台中市北區進化北路238號8樓之3,24.163287,120.684044,門牌
台中市北區進化路558號2樓,24.158833,120.694613,門牌
台中市北區進化路623號4樓之9,24.161071,120.693700,門牌
台中市北區邱厝里梅川東路三段197號,24.164803,120.677646,路名
台中市北區金龍里梅亭街90巷3弄22號1樓,24.160516,120.687259,門牌
台中市北區錦平里三民路三段179號12樓,24.243518,120.571852,門牌
台中市北區錦平里三民路三段203之2號2樓,24.184622,120.673367,路名
台中市北區錦新街90巷3號1樓,24.153668,120.686138,門牌
台中市北區錦洲里瑞祥街84號2樓,24.158210,120.695334,門牌
台中市北區錦祥里北屯路14號7樓之7,24.160496,120.692131,門牌
台中市北區錦祥里育興街2號,24.155892,120.693667,門牌
台中市北區錦華街44號1樓,24.155977,120.688771,門牌
台中市北區長青里武漢街136號8樓之2,24.167319,120.671582,門牌
台中市北區長青里漢口路三段19號4樓,24.165919,120.672564,路名
台中市北區長青里陝西東四街16號2樓,24.169229,120.670472,門牌
台中市北區陝西東五街33之4號5樓,24.170952,120.671248,門牌
台中市北區雙十路二段31巷14號4樓,24.152061,120.688927,路名
台中市北區青島西街63號1樓,24.171086,120.673428,門牌
台中市北區青島路三段184號2樓,24.169232,120.679566,路名
台中市北區頂厝里崇德路一段631號11樓之1,24.180494,120.685819,路名
台中市北區頂厝里崇德路一段631號17樓之3,24.180494,120.685819,路名
台中市北區頂厝里崇德路一段645巷45號1樓,24.180494,120.685819,路名
台中市北區頂厝里永興街358號2樓,24.167957,120.683002,門牌
台中市北區頂厝里漢口路四段371號10樓之2,24.165919,120.672564,路名
台中市北區頂厝里進化北路238號10樓之3,24.163287,120.684044,門牌
台中市北區頂厝里進化北路276之3號,24.163295,120.683395,門牌
台中市北區館前路19號6樓之1,24.155454,120.665795,門牌
台中市北區館前路19號6樓之3,24.155454,120.665795,門牌
台中市北屯區三光北二街40號4樓,24.169013,120.699552,門牌
台中市北屯區三光里三光一街46巷8號1樓,24.165999,120.697960,門牌
台中市北屯區三光里三光一街46巷8號2樓,24.165999,120.697960,門牌
台中市北屯區三光里太原路三段439號9樓,24.164430,120.686065,路名
台中市北屯區中清東一街12號1樓,24.175007,120.672295,門牌
台中市北屯區中清路二段1020號4樓,24.205857,120.646741,路名
台中市北屯區中清路二段415巷25號2樓,24.205857,120.646741,路名
台中市北屯區中清路二段479巷32號1樓,24.205857,120.646741,路名
台中市北屯區仁友巷33號1樓,24.172678,120.733003,門牌
台中市北屯區仁和里山西北一街82號1樓,24.186322,120.684590,門牌
台中市北屯區仁和里山西南一街68號12樓之5,24.184766,120.684080,路名
台中市北屯區仁和里崇德十路一段433號1樓,24.190022,120.680964,路名
台中市北屯區仁和里崇德十路一段552號1樓,24.190022,120.680964,路名
台中市北屯區仁和里崇德十路二段118號,24.190022,120.680964,路名
台中市北屯區仁和里崇德十路二段68號,24.190022,120.680964,路名
台中市北屯區仁和里崇德路三段123號20樓之1,24.180494,120.685819,路名
台中市北屯區仁和里松竹路三段527之1號1樓,24.183136,120.698937,路名
台中市北屯區仁美里崇德九路502號1樓,24.187109,120.687414,門牌
台中市北屯區仁美里崇德十一路45號6樓,24.189198,120.688248,門牌
台中市北屯區仁美里崇德路三段1002巷22號1樓,24.180494,120.685819,路名
台中市北屯區仁美里崇德路三段668號9樓之1,24.180494,120.685819,路名
台中市北屯區仁美里昌平路二段26號2樓,24.203648,120.681606,路名
台中市北屯區仁美里環中路一段355號1樓,24.156081,120.655271,路名
台中市北屯區仁美里豐樂路10之12巷14之1號,24.194098,120.686373,路名
台中市北屯區仁美里豐樂路10之8號1樓,24.193475,120.684919,門牌
台中市北屯區北京里太原路三段352巷32號一樓,24.164430,120.686065,路名
台中市北屯區北屯路390號3樓之3,24.177400,120.700252,門牌
台中市北屯區北屯里北屯路199號一樓,24.164227,120.693532,門牌
台中市北屯區北屯里崇興路一段25號5樓之1,24.165982,120.688768,路名
台中市北屯區北屯里昌平路一段89號一樓,24.203648,120.681606,路名
台中市北屯區北興里南京東路三段12巷28弄11號1樓,24.157211,120.698053,路名
台中市北屯區同榮路253巷2號1樓,24.198206,120.662965,門牌
台中市北屯區同榮里同榮一街229號1樓,24.199304,120.662570,門牌
台中市北屯區同榮里同榮路299號1樓,24.197004,120.662562,路名
台中市北屯區同榮里同榮路318巷23號2樓,24.197260,120.663581,門牌
台中市北屯區同榮里同榮路318巷60號1樓,24.196897,120.663754,門牌
台中市北屯區同榮里崇德十路二段597號,24.190022,120.680964,路名
台中市北屯區同榮里崇德路三段1111巷31弄58號2樓,24.180494,120.685819,路名
台中市北屯區后庄一街126號,24.188083,120.663697,門牌
台中市北屯區后庄路860巷29號1樓,24.192840,120.677215,門牌
台中市北屯區后庄里中清路108巷23弄5號5樓,24.187193,120.664227,門牌
台中市北屯區后庄里后庄北路2號6樓,24.189454,120.662268,門牌
台中市北屯區后庄里后庄路183號1樓,24.191091,120.666452,門牌
台中市北屯區后庄里后庄路221號1樓,24.191586,120.667285,門牌
台中市北屯區后庄里庄內巷12號2樓,24.188846,120.665449,門牌
台中市北屯區后庄里庄美街8巷8號2樓,24.190627,120.661620,門牌
台中市北屯區后庄里敦化路一段450巷82弄15號1樓,24.188154,120.667727,路名
台中市北屯區和平里和祥七街102號1樓,24.175921,120.727307,路名
台中市北屯區和平里和祥七街102號2樓,24.175921,120.727307,路名
台中市北屯區和平里和祥六街43號1樓,24.174661,120.727756,路名
台中市北屯區和平里和祥街159巷2號1樓,24.179054,120.724998,門牌
台中市北屯區和平里和祥街223號1樓,24.179714,120.723325,門牌
台中市北屯區和平里和祥街37號1樓,24.177929,120.727387,門牌
台中市北屯區和平里和福路203號15樓之3,24.172241,120.723381,路名
台中市北屯區和平里和順路706號1樓,24.180728,120.722805,門牌
台中市北屯區和平里東山路一段459之15號1樓,24.176741,120.719542,路名
台中市北屯區和平里東山路一段503巷40弄1號1樓,24.176741,120.719542,路名
台中市北屯區和平里松竹路一段5號1樓,24.183136,120.698937,路名
台中市北屯區和平里祥順路二段338巷43號1樓,24.164864,120.727521,路名
台中市北屯區和平里軍和街288號1樓,24.176742,120.723995,門牌
台中市北屯區和平里軍福十三路139號1樓,24.171484,120.727942,門牌
台中市北屯區和平里軍福十三路139號2樓,24.171484,120.727942,門牌
台中市北屯區和平里軍福十三路139號3樓,24.171484,120.727942,門牌
台中市北屯區和平里軍福十三路139號5樓,24.171484,120.727942,門牌
台中市北屯區和平里軍福十三路181號2樓,24.171557,120.727055,路名
台中市北屯區和平里軍福十六路273號8樓之16,24.174881,120.723984,門牌
台中市北屯區和平里軍福十六路326號9樓,24.175182,120.724283,門牌
台中市北屯區和平里軍福十六路328號7樓,24.175187,120.724199,門牌
台中市北屯區和平里軍福十六路342號14樓,24.175271,120.723896,門牌
台中市北屯區和祥街336號2樓,24.178544,120.725264,路名
台中市北屯區四民里長生巷1之1弄46號1樓,24.198717,120.686730,路名
台中市北屯區大坑里東山路二段64之11巷6號1樓,24.176741,120.719542,路名
台中市北屯區大坑里東山路二段67巷1號1樓,24.176741,120.719542,路名
台中市北屯區大坑里東山路二段78之23號1樓,24.176741,120.719542,路名
台中市北屯區大德里平德路38之15號2樓,24.182607,120.672210,門牌
台中市北屯區大連路三段21巷38號1樓,24.175896,120.679552,路名
台中市北屯區天津路三段58號1樓,24.169600,120.683687,路名
台中市北屯區天津路四段145之2號3樓,24.169600,120.683687,路名
台中市北屯區天津路四段165號,24.169600,120.683687,路名
台中市北屯區天津路四段307號21樓之6,24.169600,120.683687,路名
台中市北屯區太原路三段111巷37號1樓,24.164430,120.686065,路名
台中市北屯區太和路二段93號2樓,24.158252,120.725400,路名
台中市北屯區太祥路266號1樓,24.171357,120.731389,門牌
台中市北屯區安順東十街17號1樓,24.174299,120.691630,門牌
台中市北屯區安順東十街91號,24.176167,120.691965,門牌
台中市北屯區崇德九路287號,24.186592,120.690136,門牌
台中市北屯區崇德九路499號1樓,24.186784,120.684463,門牌
台中市北屯區崇德二路二段238號1樓,24.176611,120.692950,路名
台中市北屯區崇德八路一段155號2樓,24.183589,120.686866,路名
台中市北屯區崇德十路1段411號1樓,24.188082,120.685369,門牌
台中市北屯區崇德十路一段568號1樓,24.190022,120.680964,路名
台中市北屯區崇德路二段256號13樓,24.180494,120.685819,路名
台中市北屯區崇興路一段120號1樓,24.165982,120.688768,路名
台中市北屯區平和里大連路三段21巷7號1樓,24.175896,120.679552,路名
台中市北屯區平和里安順東四街5號1樓,24.173631,120.680708,門牌
台中市北屯區平和里安順東四街5號2樓,24.173631,120.680708,門牌
台中市北屯區平和里崇德路二段199號3樓之2,24.180494,120.685819,路名
台中市北屯區平和里梅川東路四段101號2樓,24.164803,120.677646,路名
台中市北屯區平和里梅川東路四段105號5樓之19,24.164803,120.677646,路名
台中市北屯區平和里瀋陽路一段87號1樓,24.173205,120.687133,路名
台中市北屯區平安里天津路四段15巷3號,24.169600,120.683687,路名
台中市北屯區平安里天津路四段87號1樓,24.169600,120.683687,路名
台中市北屯區平安里崇德路二段128號15樓之3,24.180494,120.685819,路名
台中市北屯區平安里崇德路二段128號5樓之1,24.180494,120.685819,路名
台中市北屯區平安里崇德路二段130號3樓,24.180494,120.685819,路名
台中市北屯區平安里文心路四段750之10號,24.164039,120.664623,路名
台中市北屯區平安里瀋陽路一段87號1樓,24.173205,120.687133,路名
台中市北屯區平安里熱河路二段130號6樓,24.175277,120.687934,路名
台中市北屯區平德路122巷11號,24.185203,120.670642,門牌
台中市北屯區平德里天津路三段111號七樓之9,24.169600,120.683687,路名
台中市北屯區平德里文昌東三街17號1樓,24.169347,120.680181,門牌
台中市北屯區平心里安順四街21號1樓,24.173643,120.688712,門牌
台中市北屯區平心里安順東七街18號3樓,24.173494,120.687437,門牌
台中市北屯區平心里遼陽四街118號1樓,24.172139,120.689476,門牌
台中市北屯區平昌里天津路四段309號7樓之5,24.169600,120.683687,路名
台中市北屯區平昌里崇興路一段113號五樓,24.165982,120.688768,路名
台中市北屯區平昌里文心路四段936號3樓之2,24.164039,120.664623,路名
台中市北屯區平昌里昌平路1段66號1樓,24.168058,120.693156,門牌
台中市北屯區平昌里柳陽東街8之2號1樓,24.166389,120.688902,門牌
台中市北屯區平田里大連路三段128號1樓,24.175896,120.679552,路名
台中市北屯區平田里大連路三段90號1樓,24.175896,120.679552,路名
台中市北屯區平田里文心路四段935號18樓之6,24.164039,120.664623,路名
台中市北屯區平田里文心路四段955號11樓之2,24.164039,120.664623,路名
台中市北屯區平田里文心路四段955號十一樓之2,24.164039,120.664623,路名
台中市北屯區平田里旅順路二段270號,24.174147,120.688381,路名
台中市北屯區平田里旅順路二段372號1樓,24.174147,120.688381,路名
台中市北屯區平福里大連路二段187號7樓,24.175896,120.679552,路名
台中市北屯區平福里旅順路二段129號1樓,24.174147,120.688381,路名
台中市北屯區平興里平興街129號1樓,24.175495,120.693632,門牌
台中市北屯區平陽里大連路一段168號1樓,24.175896,120.679552,路名
台中市北屯區平陽里大連路一段168號2樓,24.175896,120.679552,路名
台中市北屯區平陽里安順北一街1號1樓,24.176126,120.677781,門牌
台中市北屯區平陽里旅順路一段10號,24.174147,120.688381,路名
台中市北屯區平順里安順東十街51號,24.174933,120.691841,門牌
台中市北屯區平順里安順東十街89號5樓,24.176097,120.691957,門牌
台中市北屯區平順里安順東十街93號7樓,24.176224,120.691990,門牌
台中市北屯區平順里昌平路一段426號1樓,24.203648,120.681606,路名
台中市北屯區廍子里太原路三段1315號1樓,24.164430,120.686065,路名
台中市北屯區廍子里建平街15號1樓,24.164428,120.723428,路名
台中市北屯區廍子里建平街33號1樓,24.164428,120.723428,路名
台中市北屯區廍子里建軍二街36號,24.161879,120.720037,門牌
台中市北屯區廍子里景賢路167號16樓,24.166466,120.723181,門牌
台中市北屯區廍子里祥順七街8號2樓,24.171465,120.730909,門牌
台中市北屯區廍子里祥順二路123號1樓,24.164315,120.732391,門牌
台中市北屯區廍子里祥順六街8號4樓之2,24.169698,120.730741,路名
台中市北屯區廍子里祥順路一段420號1樓,24.164864,120.727521,路名
台中市北屯區廍子里祥順路一段433號,24.164864,120.727521,路名
台中市北屯區廍子里祥順路一段441號,24.164864,120.727521,路名
台中市北屯區廍子里軍福七路168號11樓之9,24.165724,120.722584,門牌
台中市北屯區廍子里軍福十三路18號1樓,24.170361,120.732943,門牌
台中市北屯區建和路一段432號3樓之1,24.163990,120.721568,路名
台中市北屯區忠平里平德路187巷17號,24.185077,120.669092,門牌
台中市北屯區忠平里雷中街69號1樓,24.183770,120.669703,門牌
台中市北屯區敦化路一段450巷1號,24.188154,120.667727,路名
台中市北屯區文心路三段447號9樓之3,24.164039,120.664623,路名
台中市北屯區文心路四段345號1樓,24.164039,120.664623,路名
台中市北屯區文心路四段522號7樓之5,24.164039,120.664623,路名
台中市北屯區文心路四段698號11樓之2,24.164039,120.664623,路名
台中市北屯區文心路四段698號15樓之2,24.164039,120.664623,路名
台中市北屯區文心路四段81號19樓,24.164039,120.664623,路名
台中市北屯區文心路四段81號20樓,24.164039,120.664623,路名
台中市北屯區文心路四段934號12樓之1、之2及936號12樓之1,24.164039,120.664623,路名
台中市北屯區文心路四段955號10樓之5,24.164039,120.664623,路名
台中市北屯區文心路四段955號18樓之5,24.164039,120.664623,路名
台中市北屯區文心路四段985號4樓,24.164039,120.664623,路名
台中市北屯區文昌東七街56巷26號7樓之1,24.169602,120.689483,門牌
台中市北屯區文昌東八街31之5號,24.169564,120.690494,門牌
台中市北屯區新平里中清路二段479巷32號1樓,24.205857,120.646741,路名
台中市北屯區新平里中清路二段869號1樓,24.205857,120.646741,路名
台中市北屯區昌平東五路278號1樓,24.189728,120.690009,門牌
台中市北屯區昌平路1段95之8號6樓之2,24.172321,120.690275,門牌
台中市北屯區昌平路一段400號10樓之1,24.203648,120.681606,路名
台中市北屯區昌平路二段10巷72弄125號1樓,24.203648,120.681606,路名
台中市北屯區昌平路二段2巷57號1樓,24.203648,120.681606,路名
台中市北屯區景賢路143號,24.166641,120.724478,門牌
台中市北屯區東光里東山路1段37巷5弄2號1樓,24.171287,120.699517,門牌
台中市北屯區東光里東山路一段123巷10號,24.176741,120.719542,路名
台中市北屯區東光里東山路一段53巷27號1樓,24.176741,120.719542,路名
台中市北屯區東光里東山路一段91巷33號9樓之1,24.176741,120.719542,路名
台中市北屯區東山路1段140巷2弄61之6號,24.166375,120.703085,門牌
台中市北屯區東山路一段140巷6號,24.176741,120.719542,路名
台中市北屯區東山路一段156之6號7樓之1,24.176741,120.719542,路名
台中市北屯區東山路一段189之13巷2之5號1樓,24.176741,120.719542,路名
台中市北屯區東山路一段30號,24.176741,120.719542,路名
台中市北屯區東山路二段151之2號,24.176741,120.719542,路名
台中市北屯區松勇里北屯路533巷58號2樓,24.187201,120.700773,門牌
台中市北屯區松勇里松明街96號1樓,24.186026,120.698963,門牌
台中市北屯區松勇里松明街9巷36號1樓,24.184676,120.701074,門牌
台中市北屯區松和里崇德六路一段212號1樓,24.180492,120.684580,門牌
台中市北屯區松安里松安街198號1樓,24.181610,120.693406,路名
台中市北屯區松山街158號2樓,24.186694,120.698020,門牌
台中市北屯區松山街174號,24.186723,120.697273,門牌
台中市北屯區松強里九甲巷20之22號1樓,24.190835,120.699255,門牌
台中市北屯區松強里松竹路二段368號六樓之10,24.183136,120.698937,路名
台中市北屯區松強里興安路二段461巷55弄13號1樓,24.254886,120.651224,路名
台中市北屯區松竹五路一段328號1樓,24.177384,120.712930,路名
台中市北屯區松竹五路二段410號,24.177384,120.712930,路名
台中市北屯區松竹路二段253號1樓,24.183136,120.698937,路名
台中市北屯區松竹路二段306巷13弄11號1樓,24.183136,120.698937,路名
台中市北屯區松竹路二段306巷46弄26號,24.183136,120.698937,路名
台中市北屯區松竹里崇德路2段416號5樓之1,24.178673,120.686188,門牌
台中市北屯區松竹里崇德路二段416號5樓之4,24.180494,120.685819,路名
台中市北屯區松茂里北新路56號1樓,24.182171,120.698504,門牌
台中市北屯區松茂里松山街158號1樓,24.186694,120.698020,門牌
台中市北屯區松茂里松竹北路191號1樓,24.185219,120.696223,門牌
台中市北屯區柳陽東街66號,24.174333,120.693349,門牌
台中市北屯區水景里太原路3段879號1樓,24.164728,120.713300,門牌
台中市北屯區水景里太原路三段887號1樓,24.164430,120.686065,路名
台中市北屯區水景里景和街29巷19號1樓,24.168885,120.711063,路名
台中市北屯區水景里景賢五路110號1樓,24.167738,120.714830,門牌
台中市北屯區水景里東山路一段156之6號13樓之1,24.176741,120.719542,路名
台中市北屯區水景里東山路一段210巷12弄27之1號,24.176741,120.719542,路名
台中市北屯區水景里軍福十一路553號1樓,24.171399,120.714607,門牌
台中市北屯區水湳里中清東一街9號1樓,24.175272,120.672609,門牌
台中市北屯區水湳里大連北街24巷76號1樓,24.179279,120.675330,門牌
台中市北屯區水湳里大連北街2巷41號一樓,24.178661,120.675386,門牌
台中市北屯區水湳里大連路一段64之1號2樓,24.175896,120.679552,路名
台中市北屯區水湳里文心路三段445巷11號二樓,24.164039,120.664623,路名
台中市北屯區水湳里文心路三段447號4樓,24.164039,120.664623,路名
台中市北屯區水湳里文心路四段81號22樓,24.164039,120.664623,路名
台中市北屯區水湳里瀋陽北路94巷5號1樓,24.178358,120.673264,門牌
台中市北屯區瀋陽路3段78號1樓,24.172996,120.688094,門牌
台中市北屯區熱河路三段163號1樓,24.175277,120.687934,路名
台中市北屯區環太東路519號11樓之13,24.153558,120.729937,路名
台中市北屯區祥順七街8號1樓,24.171465,120.730909,門牌
台中市北屯區綏遠路二段184號1樓,24.170201,120.681256,路名
台中市北屯區舊社里北屯路455號1樓,24.183251,120.701820,門牌
台中市北屯區舊社里松竹五路一段131號1樓,24.176721,120.712586,門牌
台中市北屯區舊社里松竹五路一段179號1樓,24.177420,120.712846,門牌
台中市北屯區舊社里松竹五路一段189號1樓,24.177384,120.712930,路名
台中市北屯區舊社里舊社巷12號1樓,24.171896,120.703952,門牌
台中市北屯區舊社里舊社巷15弄40號1樓,24.172014,120.702925,門牌
台中市北屯區華美西街二段428號2樓,24.167942,120.665092,路名
台中市北屯區豐樂路62之5號,24.200343,120.695966,門牌
台中市北屯區軍功路一段512號1樓,24.176474,120.718391,路名
台中市北屯區軍功里旱溪東路3段91號1樓,24.181379,120.711756,門牌
台中市北屯區軍功里東山路一段225之16巷1之5號,24.176741,120.719542,路名
台中市北屯區軍功里東山路一段238巷22弄10號1樓,24.176741,120.719542,路名
台中市北屯區軍功里東山路一段238巷45號1樓,24.176741,120.719542,路名
台中市北屯區軍功里東山路一段239之2號一樓,24.176741,120.719542,路名
台中市北屯區軍功里松竹三路59號1樓,24.181964,120.715333,門牌
台中市北屯區軍功里松竹路一段847號1樓,24.183136,120.698937,路名
台中市北屯區軍功里軍功路二段256巷1號1樓,24.176474,120.718391,路名
台中市北屯區軍功里軍功路二段519之1號,24.176474,120.718391,路名
台中市北屯區軍功里軍和街227巷15弄64號1樓,24.177603,120.719868,門牌
台中市北屯區軍功里軍榮一街35號10樓之1,24.179013,120.720275,路名
台中市北屯區軍功里軍榮五街97號,24.177922,120.714061,路名
台中市北屯區軍功里軍福十八路290號1樓,24.178467,120.714343,門牌
台中市北屯區軍和街227巷4之8號1樓,24.177258,120.720402,門牌
台中市北屯區軍和街382之2號1樓,24.177269,120.726893,門牌
台中市北屯區軍福十二路218號,24.172082,120.719769,門牌
台中市北屯區軍福十五路380號1樓,24.174196,120.720284,門牌
台中市北屯區遼寧路一段15號,24.177945,120.696519,路名
台中市北屯區遼寧路一段357巷37號1樓,24.177945,120.696519,路名
台中市北屯區陳平里中清路二段552巷21弄8號2樓,24.205857,120.646741,路名
台中市北屯區陳平里陳平路26之3號8樓之1,24.186009,120.667865,路名
台中市北屯區雷中街19巷12號5樓,24.180875,120.668023,門牌
台中市北屯區雷中街19巷34弄24號1樓,24.181918,120.667718,門牌
台中市北屯區雷中街2巷15之1號,24.181488,120.669641,門牌
台中市北屯區雷中街32巷55號1樓,24.181484,120.670771,門牌
台中市南區五權南路352巷28號1樓,24.121372,120.671100,門牌
台中市南區五權南路428號8樓,24.119500,120.670212,門牌
台中市南區光輝街11號1樓,24.128599,120.659966,門牌
台中市南區南和里工學路58巷18號1樓,24.117576,120.665748,門牌
台中市南區南平路83號1樓,24.122119,120.663694,門牌
台中市南區南門里南門路57號10樓之1,24.122163,120.681200,門牌
台中市南區南門里南門路59巷27之1號,24.121170,120.681464,路名
台中市南區南門里國光路365巷31弄13號1樓,24.121281,120.680568,門牌
台中市南區和平里復興路二段15巷31弄22號1樓,24.147942,120.695919,路名
台中市南區和平里復興路二段30之18號,24.147942,120.695919,路名
台中市南區和平里忠明南路758號22樓,24.123390,120.659958,門牌
台中市南區和昌街196號1樓,24.123393,120.667062,門牌
台中市南區國光里台中路434號1樓,24.125088,120.683613,門牌
台中市南區國光里建成路1215號1樓,24.127376,120.680463,門牌
台中市南區國光里瑞豐街33巷10號3樓,24.127229,120.683149,門牌
台中市南區大忠南街235巷1號1樓,24.131425,120.655268,門牌
台中市南區大慶街二段100號,24.114471,120.653124,路名
台中市南區大慶街二段1之1號2樓,24.114471,120.653124,路名
台中市南區學府路102號1樓,24.219252,120.650538,門牌
台中市南區學府路170號4樓之22,24.220745,120.650391,門牌
台中市南區崇倫北街71號3樓,24.131978,120.656287,門牌
台中市南區崇倫街197巷41號1樓,24.126070,120.658405,門牌
台中市南區崇倫里建國南路一段191號,24.125797,120.661527,路名
台中市南區崇倫里建國南路一段245號5樓之5,24.125797,120.661527,路名
台中市南區崇倫里忠明南路730巷18號1樓,24.124569,120.659331,門牌
台中市南區工學三街18號,24.118724,120.662936,門牌
台中市南區工學里工學路155巷6號4樓之2,24.116699,120.659377,門牌
台中市南區工學里文心南十路115巷1號10樓之2,24.116456,120.655366,門牌
台中市南區工學里文心南十路115巷9號1樓,24.116759,120.655537,門牌
台中市南區工學里樹義二巷12之6號,24.114588,120.656753,門牌
台中市南區平和里美村南路17號1樓,24.116384,120.666408,路名
台中市南區建國南路一段265號2樓,24.125797,120.661527,路名
台中市南區建國南路二段150巷7號,24.125797,120.661527,路名
台中市南區復興路2段71巷77弄51號9樓,24.122538,120.657333,門牌
台中市南區復興路一段369號1樓,24.147942,120.695919,路名
台中市南區德富路288號3樓,24.114794,120.658442,門牌
台中市南區德富路96巷8號1樓,24.119801,120.653867,門牌
台中市南區忠明南路1114號10樓之1,24.118499,120.666953,門牌
台中市南區忠明南路506巷2號1樓,24.132396,120.656814,門牌
台中市南區忠明南路758號14樓,24.123390,120.659958,門牌
台中市南區忠明南路758號20樓,24.123390,120.659958,門牌
台中市南區忠明南路758號25樓,24.123390,120.659958,門牌
台中市南區忠明南路789號13樓之2,24.123257,120.660997,門牌
台中市南區愛國街49巷2號,24.130365,120.676441,門牌
台中市南區愛國街49巷2號1樓,24.130365,120.676441,門牌
台中市南區文心南路888號12樓之6,24.111666,120.659401,門牌
台中市南區新榮里公理街32號十樓之6,24.130297,120.674472,門牌
台中市南區新榮里學府路170號4樓之162,24.220745,120.650391,門牌
台中市南區明德街62之1號1樓,24.121116,120.683975,門牌
台中市南區樹德里大慶街二段98巷8號1樓,24.114471,120.653124,路名
台中市南區樹德里建國南路一段102號,24.125797,120.661527,路名
台中市南區樹德里復興北路353號2樓,24.119243,120.654608,門牌
台中市南區樹德里復興北路783號,24.112818,120.646852,門牌
台中市南區樹德里德吉街311號1樓,24.117691,120.654950,門牌
台中市南區樹德里德富路122號1樓,24.119331,120.654718,門牌
台中市南區樹義里復興路一段207巷9之1號2樓,24.147942,120.695919,路名
台中市南區樹義里復興路一段265號1樓,24.147942,120.695919,路名
台中市南區樹義里文心南十路190號2樓,24.116610,120.656448,門牌
台中市南區樹義里文心南路745之6號六樓之2,24.113339,120.656037,門牌
台中市南區樹義里樹義一街13號,24.110606,120.652064,門牌
台中市南區樹義里樹義六巷2之3號,24.109752,120.651139,路名
台中市南區樹義里福田二街381號4樓,24.109210,120.655127,路名
台中市南區樹義里福田二街8號12樓之1,24.109210,120.655127,路名
台中市南區樹義里福田五街57號1樓,24.112556,120.656866,路名
台中市南區樹義里福田路77巷26號1樓,24.110104,120.656852,門牌
台中市南區民意街75號,24.130688,120.683651,門牌
台中市南區永和里五權南路570號1樓,24.116200,120.670276,門牌
台中市南區永和里南和一街16巷8號11樓,24.113482,120.668687,門牌
台中市南區永和里南和二街23號6樓之1,24.113745,120.669080,門牌
台中市南區永興里南和路153號5樓之1,24.114631,120.668063,門牌
台中市南區永興里工學一街181號4樓之2,24.115716,120.665581,門牌
台中市南區永興里工學二街217號4樓之3,24.113000,120.663545,門牌
台中市南區永興里工學二街235號5樓,24.112816,120.664360,門牌
台中市南區永興里工學路59巷13號,24.116474,120.666102,門牌
台中市南區永興里文心南路916號,24.110447,120.660571,門牌
台中市南區江川里五權南路264巷29號1樓,24.123754,120.671026,門牌
台中市南區江川里建成路1737號1樓,24.126244,120.672158,門牌
台中市南區江川里建成路1803號一樓,24.126096,120.670483,門牌
台中市南區江川里建成路1810號1樓,24.126638,120.673190,門牌
台中市南區江川里美村路二段409號1樓,24.138025,120.662228,路名
台中市南區福平里光輝街90巷5號7樓之2,24.129045,120.662547,門牌
台中市南區福田三街111號1樓,24.110806,120.657242,門牌
台中市南區福興里五權南路175號1樓,24.125902,120.669513,門牌
台中市南區福興里南平路296號5樓之1,24.125047,120.668081,門牌
台中市南區福興里南平路296號7樓之2,24.125047,120.668081,門牌
台中市南區福興里福南街54號1樓,24.124585,120.666318,門牌
台中市南區福興里福新街11巷9號,24.126451,120.667083,門牌
台中市南區福順里南昌街50號7樓之2,24.125572,120.662346,門牌
台中市南區福順里忠明南路787號20樓之1,24.123503,120.660871,門牌
台中市南區福順里忠明南路787號21樓之2,24.123503,120.660871,門牌
台中市南區福順里忠明南路789號12樓,24.123257,120.660997,門牌
台中市南區福順里忠明南路789號38樓之2,24.123257,120.660997,門牌
台中市南區福順里美村路二段158號7樓,24.138025,120.662228,路名
台中市南區積善里興大路380號1樓,24.117539,120.671655,門牌
台中市南區積善里興大路396巷22號1樓,24.117657,120.671259,門牌
台中市南區美和街66巷11號9樓之1,24.120735,120.664828,路名
台中市南區西川里三民西路238之6號1樓,24.130264,120.660703,門牌
台中市南區西川里三民西路238之8號1樓,24.130264,120.660640,門牌
台中市南區長春里台中路58號5樓之2,24.134112,120.682874,門牌
台中市南區長榮里國光路116號1樓,24.129620,120.677511,門牌
台中市南區長榮里復興路三段222號2樓之3,24.147942,120.695919,路名
台中市南區長榮里復興路三段312巷11號1樓,24.147942,120.695919,路名
台中市南區高工一街69號,24.112470,120.660333,門牌
台中市南區高工路132巷16號1樓,24.112899,120.660143,門牌
台中市南屯區三厝街123號16樓之1,24.145354,120.635286,門牌
台中市南屯區三厝里11鄰黎明路二段178巷19號1樓,24.149597,120.633691,路名
台中市南屯區三厝里三和街142號,24.144918,120.635052,門牌
台中市南屯區三厝里向上路三段33號6樓,24.160212,120.630866,路名
台中市南屯區三厝里向上路二段457之6號13樓,24.160212,120.630866,路名
台中市南屯區三厝里大墩十一街549號五樓之1,24.148352,120.637370,門牌
台中市南屯區三厝里益昌六街35號5樓之1,24.144105,120.632188,路名
台中市南屯區三厝里黎明東街258號2樓之3,24.148003,120.636974,門牌
台中市南屯區三厝里黎明路二段159巷1弄14號1樓,24.149597,120.633691,路名
台中市南屯區三厝里黎明路二段159巷8號1樓,24.149597,120.633691,路名
台中市南屯區三厝里黎明路二段228巷27號1樓,24.149597,120.633691,路名
台中市南屯區三和里干城街330號11樓,24.152023,120.634141,門牌
台中市南屯區三和里河南路四段460號2樓之2,24.164429,120.647172,路名
台中市南屯區三和里益豐路四段590號,24.144772,120.628454,路名
台中市南屯區三和里黎明路二段279號2樓,24.149597,120.633691,路名
台中市南屯區三義里文心一路373號4樓之2,24.154365,120.637022,門牌
台中市南屯區三義里黎明路二段599號2樓,24.149597,120.633691,路名
台中市南屯區三義里黎明路二段599號3樓,24.149597,120.633691,路名
台中市南屯區中和里南光路91巷6之1號1樓,24.115602,120.623864,門牌
台中市南屯區中和里和成巷93號1樓,24.114208,120.623300,門牌
台中市南屯區五權西路2段236號14樓之3、之5,24.140309,120.649185,門牌
台中市南屯區五權西路2段760號1樓,24.143009,120.636664,門牌
台中市南屯區五權西路3段1之46號2樓,24.153358,120.617542,門牌
台中市南屯區五權西路二段131號9樓之2,24.145121,120.636090,路名
台中市南屯區五權西路二段236號16樓之1,24.145121,120.636090,路名
台中市南屯區五權西路二段666號10樓之2,24.145121,120.636090,路名
台中市南屯區五權西路二段666號7樓之6,24.145121,120.636090,路名
台中市南屯區五權西路二段666號9樓之4,24.145121,120.636090,路名
台中市南屯區五權西路二段666號9樓之8,24.145121,120.636090,路名
台中市南屯區公益路二段615之9號7樓之3,24.151276,120.652095,路名
台中市南屯區南屯路二段290號14樓之1,24.137505,120.647118,路名
台中市南屯區南屯里五福街216號1樓,24.350565,120.621495,門牌
台中市南屯區南屯里黎明東街90號,24.144575,120.638297,門牌
台中市南屯區同安南巷21之8號,24.129609,120.611840,路名
台中市南屯區同心里南屯路二段290號11樓之2,24.137505,120.647118,路名
台中市南屯區同心里南屯路二段290號12樓之2,24.137505,120.647118,路名
台中市南屯區同心里南屯路二段290號7樓之5,24.137505,120.647118,路名
台中市南屯區同心里南屯路二段290號8樓之7,24.137505,120.647118,路名
台中市南屯區同心里大墩一街200號1樓,24.138040,120.649415,門牌
台中市南屯區同心里大墩一街284巷9號1樓,24.138309,120.647199,門牌
台中市南屯區同心里大墩二街188號1樓,24.138945,120.648601,門牌
台中市南屯區同心里大墩五街327號3樓,24.141641,120.647887,門牌
台中市南屯區同心里大墩四街261之8號,24.140792,120.648520,門牌
台中市南屯區同心里文心路一段186號11樓之9,24.164039,120.664623,路名
台中市南屯區同心里文心路一段186號14樓之8,24.164039,120.664623,路名
台中市南屯區同心里文心路一段186號20樓,24.164039,120.664623,路名
台中市南屯區向心南路905巷25號1樓,24.135311,120.642931,門牌
台中市南屯區向心南路906巷53號3樓,24.135187,120.645372,門牌
台中市南屯區向心路92號,24.141556,120.645820,門牌
台中市南屯區和成巷95號1樓,24.114220,120.623257,門牌
台中市南屯區大同里向上南路一段163號11樓之6,24.145061,120.653520,路名
台中市南屯區大同里大墩五街13號2樓,24.141701,120.654541,門牌
台中市南屯區大同里大進街92號9樓,24.144370,120.651377,門牌
台中市南屯區大同里東興路二段186號2樓,24.129116,120.661009,路名
台中市南屯區大同里東興路二段186號3樓之3,24.129116,120.661009,路名
台中市南屯區大同里東興路二段186號9樓之3,24.129116,120.661009,路名
台中市南屯區大同里精誠路426號1樓,24.144799,120.655001,門牌
台中市南屯區大墩二街120號1樓,24.138982,120.650777,門牌
台中市南屯區大墩二街182號1樓,24.138932,120.648849,門牌
台中市南屯區大墩二街242號,24.138933,120.647207,門牌
台中市南屯區大墩五街165號1樓,24.141667,120.650773,門牌
台中市南屯區大墩五街172號,24.141943,120.650619,門牌
台中市南屯區大墩五街327號2樓,24.141641,120.647887,門牌
台中市南屯區大墩六街297號1樓,24.142497,120.645855,門牌
台中市南屯區大墩六街42號1樓,24.142775,120.653660,門牌
台中市南屯區大墩十一街346巷10號1樓,24.149267,120.644904,門牌
台中市南屯區大墩十二街258號2樓,24.149945,120.645378,路名
台中市南屯區大墩十四街194號2樓,24.152440,120.650275,門牌
台中市南屯區大墩四街261之8號六樓,24.140792,120.648520,門牌
台中市南屯區大墩西一街22號1樓,24.138317,120.649056,門牌
台中市南屯區大墩路533號1樓,24.149483,120.649242,門牌
台中市南屯區大墩路65號1樓,24.138571,120.649711,門牌
台中市南屯區大業里公益路二段51號10樓,24.151276,120.652095,路名
台中市南屯區大業里大墩十四街194號2樓,24.152440,120.650275,門牌
台中市南屯區大業里大墩路882號7樓,24.156201,120.650461,門牌
台中市南屯區大業里大昌街475號1樓,24.151975,120.651978,門牌
台中市南屯區大業里大業路177號地下1層之1,24.153388,120.651222,門牌
台中市南屯區大業里大聖街414號2樓,24.156371,120.651433,門牌
台中市南屯區大業里大進街490號10樓之1,24.151810,120.651613,門牌
台中市南屯區大業里大進街490號10樓之3,24.151810,120.651613,門牌
台中市南屯區大正街88號3樓之1,24.149851,120.645431,路名
台中市南屯區大興里文心南三路160號1樓,24.133489,120.652068,門牌
台中市南屯區大興里永春東路118號1樓,24.135118,120.652496,門牌
台中市南屯區大英西一街11號20樓之1,24.141340,120.647592,門牌
台中市南屯區大誠里五權西路二段131號9樓之3,24.145121,120.636090,路名
台中市南屯區大誠里大墩二街15號,24.138673,120.653918,門牌
台中市南屯區大誠里大墩二街81號,24.138732,120.651788,門牌
台中市南屯區大誠里大墩四街177之3號1樓,24.140791,120.650658,門牌
台中市南屯區大誠里東興路二段108號14樓,24.129116,120.661009,路名
台中市南屯區大進街377號2樓,24.149472,120.651156,門牌
台中市南屯區大進街84號1樓,24.144191,120.651444,門牌
台中市南屯區寶山二街66號1樓,24.151175,120.614374,門牌
台中市南屯區寶山里寶山東二街19巷7號3樓之1,24.152320,120.617261,門牌
台中市南屯區寶山里工業區二十二路17號1樓,24.160326,120.606184,門牌
台中市南屯區寶山里文山北巷5之22號,24.157355,120.615049,門牌
台中市南屯區寶山里文山十一街15號3樓,24.153346,120.617192,門牌
台中市南屯區寶山里文山十街88號3樓之13,24.151801,120.614148,路名
台中市南屯區嶺東南路23號1樓,24.132498,120.610209,門牌
台中市南屯區工業區二十一路50號,24.154802,120.604840,門牌
台中市南屯區工業區二十路1號,24.161549,120.609722,門牌
台中市南屯區工業區二十路20號,24.158119,120.607412,門牌
台中市南屯區工業區十九路1號,24.160742,120.610301,門牌
台中市南屯區干城街202巷1弄4號1樓,24.152588,120.628263,門牌
台中市南屯區忠勇路91之34號1樓,24.149037,120.615298,門牌
台中市南屯區惠中里大墩十一街163、165號,24.148831,120.644508,路名
台中市南屯區惠中里大墩十一街338號3樓之2,24.149062,120.645116,門牌
台中市南屯區惠中里大墩路484號,24.148024,120.650130,門牌
台中市南屯區惠中里大通街160號2樓,24.192442,120.697977,門牌
台中市南屯區惠中里惠文路536號4樓,24.148151,120.643988,門牌
台中市南屯區惠中里文心路1段378號14樓之9,24.149475,120.647098,門牌
台中市南屯區惠中里文心路一段324號11樓之1,24.164039,120.664623,路名
台中市南屯區惠中里文心路一段324號11樓之2,24.164039,120.664623,路名
台中市南屯區惠中里文心路一段378號16樓之7,24.164039,120.664623,路名
台中市南屯區惠中里文心路一段378號26樓之5,24.164039,120.664623,路名
台中市南屯區惠中里文心路一段378號3樓之2,24.164039,120.664623,路名
台中市南屯區惠中里文心路一段378號6樓之3,24.164039,120.664623,路名
台中市南屯區惠中里文心路一段422巷7號1樓,24.164039,120.664623,路名
台中市南屯區文山三街133巷30號1樓,24.144957,120.612268,門牌
台中市南屯區文山三街207號1樓,24.145623,120.613077,路名
台中市南屯區文山六街6號1樓,24.148423,120.613564,門牌
台中市南屯區文山里保安三街68號1樓,24.147626,120.613147,門牌
台中市南屯區文山里保安三街68號2樓,24.147626,120.613147,門牌
台中市南屯區文山里保安二街265號1樓,24.147170,120.613345,門牌
台中市南屯區文山里保安二街295號一樓,24.148007,120.613494,門牌
台中市南屯區文山里保安六街136號7樓之7,24.149553,120.612671,門牌
台中市南屯區文山里向上路五段51號13樓之11,24.160212,120.630866,路名
台中市南屯區文山里寶山三街59號1樓,24.151574,120.613785,門牌
台中市南屯區文山里寶山二街40號4樓之8,24.150616,120.614253,門牌
台中市南屯區文山里寶山二街52號2樓,24.150929,120.614287,門牌
台中市南屯區文山里忠勇路71之9號7樓之3,24.147351,120.611520,路名
台中市南屯區文山里文山六街6號1樓,24.148423,120.613564,門牌
台中市南屯區文山里精科七路9號,24.152805,120.593828,門牌
台中市南屯區文山里精科三路7號,24.151613,120.597221,門牌
台中市南屯區文山里精科路7號,24.145941,120.602078,門牌
台中市南屯區文山里精科路9號,24.146635,120.602672,門牌
台中市南屯區文心一路373號4樓之2,24.154365,120.637022,門牌
台中市南屯區文心南三路27號1樓,24.133082,120.653882,門牌
台中市南屯區文心南三路530巷27號,24.134244,120.645114,門牌
台中市南屯區文心南三路948號1樓,24.134009,120.638031,門牌
台中市南屯區文心南五路一段655號1樓,24.132514,120.643857,路名
台中市南屯區文心南五路一段657號1樓,24.132514,120.643857,路名
台中市南屯區文心路一段186號13樓之1,24.164039,120.664623,路名
台中市南屯區文心路一段186號15樓之8,24.164039,120.664623,路名
台中市南屯區文心路一段186號5樓之4,24.164039,120.664623,路名
台中市南屯區文心路一段186號8樓之8,24.164039,120.664623,路名
台中市南屯區文心路一段218號14樓之2,24.164039,120.664623,路名
台中市南屯區文心路一段218號22樓之2,24.164039,120.664623,路名
台中市南屯區文心路一段292號4樓,24.164039,120.664623,路名
台中市南屯區文心路一段324號11樓之2,24.164039,120.664623,路名
台中市南屯區文心路一段324號9樓之1,24.164039,120.664623,路名
台中市南屯區文心路一段324號9樓之2,24.164039,120.664623,路名
台中市南屯區文心路一段378號6樓之3,24.164039,120.664623,路名
台中市南屯區文心路一段521號5樓,24.164039,120.664623,路名
台中市南屯區文心路一段73號11樓之1,24.164039,120.664623,路名
台中市南屯區文心路一段73號7樓之3,24.164039,120.664623,路名
台中市南屯區文心里大墩八街12號1樓,24.145717,120.649357,門牌
台中市南屯區文心里大英街183巷15號1樓,24.146055,120.648275,門牌
台中市南屯區新富五街288號1樓,24.136844,120.624388,路名
台中市南屯區新生里公益路二段898號1樓,24.151276,120.652095,路名
台中市南屯區新生里公益路二段969號1樓,24.151276,120.652095,路名
台中市南屯區新生里新富路359-1號1樓,24.146454,120.625465,路名
台中市南屯區新生里環中路三段1398號,24.156081,120.655271,路名
台中市南屯區新生里益豐路四段498號2樓,24.144772,120.628454,路名
台中市南屯區新生里龍富路三段553號2樓,24.149908,120.626898,路名
台中市南屯區新生里龍富路三段565號2樓之1,24.149908,120.626898,路名
台中市南屯區新生里龍富路三段668號,24.149908,120.626898,路名
台中市南屯區春社里永春北路55號3樓,24.140236,120.611808,門牌
台中市南屯區春社里永春南路888巷87號1樓,24.142824,120.589737,門牌
台中市南屯區春社里精科中路6號,24.145312,120.600184,門牌
台中市南屯區東興路二段186號10樓之1,24.129116,120.661009,路名
台中市南屯區東興路二段186號7樓之3,24.129116,120.661009,路名
台中市南屯區楓樂巷1-95號,24.123236,120.635106,路名
台中市南屯區楓樹西街477號1樓,24.122296,120.630559,門牌
台中市南屯區楓樹里楓和路696號1樓,24.117926,120.629662,門牌
台中市南屯區楓樹里楓樹南街186號1樓,24.115526,120.629180,路名
台中市南屯區楓樹里楓樹南街249號1樓,24.115575,120.628664,門牌
台中市南屯區楓樹里楓樹西一街1之9號,24.113338,120.626756,門牌
台中市南屯區楓樹里楓樹西街180號1樓,24.114877,120.628279,門牌
台中市南屯區楓樹里楓樹西街297號1樓,24.118236,120.629219,門牌
台中市南屯區楓樹里黎明路一段242巷19弄22號1樓,24.149597,120.633691,路名
台中市南屯區永定里永春路20之1號1樓,24.141678,120.631046,門牌
台中市南屯區永定里益文三街78號,24.140394,120.631585,路名
台中市南屯區永定里益文三街83號1樓,24.140394,120.631585,路名
台中市南屯區永定里益昌一街97號,24.138452,120.633699,路名
台中市南屯區永定里益昌三街26號1樓,24.142201,120.633028,門牌
台中市南屯區永定里黎明路二段91巷12號1樓,24.149597,120.633691,路名
台中市南屯區永春南路429號,24.138892,120.600106,門牌
台中市南屯區永春東七路517號3樓,24.147051,120.634170,路名
台中市南屯區永春東三路121號1樓,24.119444,120.630999,門牌
台中市南屯區永春東三路237號1樓,24.130724,120.636989,門牌
台中市南屯區永春東二路42之1號,24.116823,120.630912,門牌
台中市南屯區永春東路866號1樓,24.135354,120.643764,路名
台中市南屯區永順路688號2樓,24.131010,120.636356,門牌
台中市南屯區溝墘里大墩十四街328號7樓之2,24.152476,120.646356,門牌
台中市南屯區溝墘里大容東街26及28號1樓,24.157030,120.649335,路名
台中市南屯區溝墘里大業路295號13樓,24.153345,120.648069,門牌
台中市南屯區溝墘里大正街93號,24.152030,120.645301,門牌
台中市南屯區溝墘里文心路1段378號9樓之4,24.149475,120.647098,門牌
台中市南屯區溝墘里水安街21號,24.152722,120.645780,門牌
台中市南屯區溫泉路99之18號2樓,24.136812,120.589334,路名
台中市南屯區田心里南屯路二段290號10樓之1,24.137505,120.647118,路名
台中市南屯區田心里大墩七街331號1樓,24.143617,120.645282,門牌
台中市南屯區田心里大墩六街410號1樓,24.143055,120.643915,門牌
台中市南屯區田心里大墩四街321號地下一層,24.141367,120.646076,門牌
台中市南屯區田心里大墩四街325號,24.140771,120.645599,門牌
台中市南屯區田心里惠德街98號1樓,24.139831,120.643812,門牌
台中市南屯區田心里惠心街10號,24.140862,120.644891,門牌
台中市南屯區田心里文心南二路436號1樓,24.136202,120.643191,門牌
台中市南屯區田心里文心路一段73號11樓之1,24.164039,120.664623,路名
台中市南屯區田心里文心路一段73號5樓之1,24.164039,120.664623,路名
台中市南屯區田心里文心路一段73號9樓之2,24.164039,120.664623,路名
台中市南屯區益昌三街100號2樓,24.142177,120.632684,路名
台中市南屯區益昌六街35號2樓之2,24.144105,120.632188,路名
台中市南屯區益豐路三段327號,24.144772,120.628454,路名
台中市南屯區益豐路四段9號3樓之1,24.144772,120.628454,路名
台中市南屯區精科三路5號,24.151171,120.597096,門牌
台中市南屯區精科中二路1號,24.150375,120.593391,路名
台中市南屯區精科南路12號,24.147425,120.589149,路名
台中市南屯區精科東路5號,24.143825,120.604462,門牌
台中市南屯區精科路11號,24.147322,120.603070,門牌
台中市南屯區萬和路二段31之29號7樓,24.136723,120.638540,路名
台中市南屯區豐富路289號1樓,24.133726,120.648156,門牌
台中市南屯區豐富路299巷29號,24.133921,120.647419,門牌
台中市南屯區豐樂里13鄰文心南三路706號1樓,24.133560,120.642459,門牌
台中市南屯區豐樂里向心南路765號,24.132977,120.643804,門牌
台中市南屯區豐樂里文心南七路10號3樓之1,24.129690,120.652751,門牌
台中市南屯區豐樂里文心南三路663號5樓,24.133234,120.643791,門牌
台中市南屯區豐樂里文心南三路672號1樓,24.133567,120.643636,門牌
台中市南屯區豐樂里文心南三路805號6樓之1,24.133268,120.640765,門牌
台中市南屯區豐樂里文心南五路一段439號1樓,24.132514,120.643857,路名
台中市南屯區豐樂里文心南路256號6樓,24.130479,120.646690,門牌
台中市南屯區豐樂里文心南路288號15樓之5,24.129864,120.646642,門牌
台中市南屯區豐樂里文心南路298號1樓,24.113265,120.658615,路名
台中市南屯區豐樂里東興路一段479號1樓,24.129116,120.661009,路名
台中市南屯區豐樂里永春東三路253巷10號1樓,24.131422,120.636906,門牌
台中市南屯區豐樂里永春東路1039號1樓,24.135105,120.638258,門牌
台中市南屯區豐樂里永春東路866號2樓,24.135354,120.643764,路名
台中市南屯區鎮平里新民巷1之19號,24.129302,120.626828,門牌
台中市南屯區鎮平里水碓巷24-1號2樓,24.125242,120.630852,路名
台中市南屯區鎮平里黎明路一段573號,24.149597,120.633691,路名
台中市南屯區黎明東街163號5樓之10,24.146000,120.637355,門牌
台中市南屯區黎明東街368號5樓,24.149514,120.636679,門牌
台中市南屯區黎明路1段832號1樓,24.132296,120.635647,門牌
台中市南屯區黎明路一段83號,24.149597,120.633691,路名
台中市南屯區黎明路二段137號6樓之4,24.149597,120.633691,路名
台中市南屯區黎明路二段159巷8號,24.149597,120.633691,路名
台中市南屯區黎明里博愛街80巷123號1樓,24.153406,120.630753,門牌
台中市南屯區黎明里干城街210巷14號1樓,24.152109,120.628708,門牌
台中市南屯區龍富路五段18號1樓,24.149908,120.626898,路名
台中市南屯區龍富路四段521號3樓,24.149908,120.626898,路名
台中市南屯區龍富路四段585號1樓,24.149908,120.626898,路名
台中市后里區三豐路三段1082巷76號2樓,24.279149,120.721434,路名
台中市后里區中和里犁份路1之13號1樓,24.305216,120.706568,門牌
台中市后里區仁和路18號1樓,24.217108,120.664930,門牌
台中市后里區四月路13之2號1樓,24.312529,120.687102,門牌
台中市后里區墩北里9鄰甲后路一段998號,24.325792,120.675768,路名
台中市后里區墩北里四村路161號2樓,24.304916,120.712900,路名
台中市后里區墩北里大圳路629號3樓,24.310120,120.710180,門牌
台中市后里區墩北里富春路30號1樓,24.306983,120.709012,門牌
台中市后里區墩北里富春路96號,24.307699,120.707541,門牌
台中市后里區墩北里月湖路90巷2號,24.313759,120.708814,門牌
台中市后里區墩北里月湖路96之1號,24.315139,120.707786,門牌
台中市后里區墩北里月湖路96之4號,24.315039,120.707764,門牌
台中市后里區墩北里民生路289號1樓,24.307493,120.710589,門牌
台中市后里區墩北里民生路318之1號1樓,24.307811,120.710219,門牌
台中市后里區墩南里南村路61巷7號,24.294677,120.715888,路名
台中市后里區墩南里南村路8之15號,24.295285,120.722400,門牌
台中市后里區墩南里枋寮路2之12號1樓,24.286327,120.719148,門牌
台中市后里區墩東里三豐路三段809巷25弄120號1樓,24.279149,120.721434,路名
台中市后里區墩東里三豐路三段809巷25弄16號1樓,24.279149,120.721434,路名
台中市后里區墩東里三豐路三段897號1樓,24.270553,120.721265,門牌
台中市后里區安眉路116巷81號5樓之3,24.321790,120.699385,門牌
台中市后里區廣福里內東路38號,24.296222,120.748321,門牌
台中市后里區成功路97巷13號一樓,24.181786,120.700030,路名
台中市后里區月眉里二圳路689號11樓之2,24.320736,120.712948,路名
台中市后里區民生路486號,24.309966,120.706474,門牌
台中市后里區泰安里福美路5-3號,24.325824,120.735265,路名
台中市后里區甲后路一段456巷28號,24.325792,120.675768,路名
台中市后里區眉山里四月路20號1樓,24.312061,120.681031,門牌
台中市后里區眉山里店後莊24號,24.314281,120.692449,路名
台中市后里區眉山里甲后路三段200巷32弄6號1樓,24.325792,120.675768,路名
台中市后里區義德里甲后路329巷1弄37號,24.307894,120.723736,門牌
台中市和平區南勢里東關路3段184號,24.208162,120.871656,路名
台中市和平區南勢里東關路三段35號,24.167089,120.862773,門牌
台中市外埔區三崁里甲后路三段627巷6號1樓,24.309559,120.715849,門牌
台中市外埔區土城路409號1樓,24.345082,120.688944,門牌
台中市外埔區土城里土城路255號1樓,24.346128,120.700126,門牌
台中市外埔區大同里甲后路三段805號,24.311762,120.700357,門牌
台中市外埔區大同里甲后路三段829號1樓,24.325792,120.675768,路名
台中市外埔區大同里甲后路三段937巷12號,24.325792,120.675768,路名
台中市外埔區大同里甲后路三段937巷6弄16號1樓,24.325792,120.675768,路名
台中市外埔區大東里大馬路311號1樓,24.339996,120.646641,門牌
台中市外埔區大東里大馬路352號,24.340418,120.645777,門牌
台中市外埔區大東里甲后路五段128巷55弄41號,24.325792,120.675768,路名
台中市外埔區大東里甲后路五段182巷3號1樓,24.325792,120.675768,路名
台中市外埔區大東里甲東路27號,24.341422,120.638147,門牌
台中市外埔區大東里甲東路63號1樓,24.341272,120.636392,門牌
台中市外埔區廍子里土城路359號,24.345349,120.696722,門牌
台中市外埔區廍子里廍子路78號,24.350368,120.685332,門牌
台中市外埔區水美里二崁路356巷1號,24.325222,120.638772,門牌
台中市外埔區水美里二崁路356巷9號,24.326115,120.639196,門牌
台中市外埔區水美里二崁路568巷25號,24.326709,120.633784,門牌
台中市外埔區水美里二崁路588巷10號,24.326597,120.634616,路名
台中市外埔區水美里山美路451巷143號1樓,24.334223,120.622005,門牌
台中市外埔區永豐里外埔路66號,24.333015,120.711237,門牌
台中市外埔區甲后路三段995號1樓,24.314070,120.690638,門牌
台中市外埔區鐵山里長生路1018號,24.347258,120.645271,門牌
台中市外埔區鐵山里長生路563號1樓,24.345486,120.641861,門牌
台中市外埔區鐵山里長生路802號,24.347356,120.649461,門牌
台中市外埔區鐵山里長生路806號,24.348859,120.649874,門牌
台中市外埔區鐵山里長生路816號,24.349280,120.648117,門牌
台中市外埔區鐵山里長生路820之1號,24.348869,120.648350,門牌
台中市外埔區󿾴子里土城路325號,24.346421,120.698771,門牌
台中市大安區中庄里南海路178號1樓,24.357131,120.579268,門牌
台中市大安區安溪路45號,24.388613,120.617797,門牌
台中市大安區東西九路138號,24.368956,120.598295,門牌
台中市大安區海墘里南北九路83巷32號1樓,24.378812,120.591101,門牌
台中市大安區福住里東西六路二段30巷13號1樓,24.373561,120.618895,路名
台中市大安區福興里中松路163之5號,24.349891,120.591457,路名
台中市大安區福興里龜壳路97號,24.357817,120.590857,路名
台中市大安區西安里大安港路772號,24.364149,120.602093,路名
台中市大安區西安里東西七路二段152之2號,24.370925,120.618531,路名
台中市大安區頂安里田尾路106號,24.391559,120.606610,路名
台中市大安區龜壳里中山南路836巷9號,24.345536,120.587394,路名
台中市大安區龜里大安港路541號,24.364149,120.602093,路名
台中市大甲區中山路一段1012號,24.253534,120.673614,門牌
台中市大甲區中山路一段1077號2樓,24.224180,120.663068,路名
台中市大甲區中山路一段1191號,24.257387,120.667342,門牌
台中市大甲區中山路二段127巷2號,24.224180,120.663068,路名
台中市大甲區中山里水源路305號,24.343590,120.628672,門牌
台中市大甲區中山里水源路305號1樓,24.343590,120.628672,門牌
台中市大甲區中山里水源路452巷10弄9號,24.343083,120.629703,門牌
台中市大甲區中山里水源路452巷17弄1號1樓,24.343653,120.629925,門牌
台中市大甲區中山里水源路452巷46號5樓,24.342843,120.629820,門牌
台中市大甲區中山里甲后路五段335巷49號,24.325792,120.675768,路名
台中市大甲區中山里甲后路五段718號,24.342037,120.638505,門牌
台中市大甲區大甲里順天路146號大甲鎮公有第一零售市場商場第63號,24.344953,120.622446,門牌
台中市大甲區太白里通天路12號,24.364363,120.680012,門牌
台中市大甲區太白里通天路8之1號,24.365402,120.681972,門牌
台中市大甲區奉化里賢仁路51之3號,24.359087,120.621893,門牌
台中市大甲區奉化里賢仁路51－3號,24.361016,120.622132,路名
台中市大甲區如意路28之1號,24.415019,120.616837,門牌
台中市大甲區孔門里文昌街27號,24.269839,120.576620,門牌
台中市大甲區孟春里慈德路175巷12弄3號1樓,24.382171,120.653118,門牌
台中市大甲區孟春里經國路1796號1樓,24.378708,120.650055,門牌
台中市大甲區孟春里經國路2035巷25號1樓,24.384808,120.650846,門牌
台中市大甲區孟春里通天路207巷104號1樓,24.380107,120.653759,門牌
台中市大甲區工六路5號,24.401547,120.649076,門牌
台中市大甲區平安里忠孝街112號1樓,24.275311,120.777793,門牌
台中市大甲區幸福里黎明路172號1樓,24.390840,120.654157,門牌
台中市大甲區庄美里大安港路11巷6號1樓,24.349196,120.616600,門牌
台中市大甲區庄美里興安路28號,24.241691,120.808737,門牌
台中市大甲區德化里東西六路一段405號,24.373561,120.618895,路名
台中市大甲區文武里和平路253巷50號,24.259237,120.712917,路名
台中市大甲區新美里中山路一段763號,24.224180,120.663068,路名
台中市大甲區日南里5鄰東三街8號,24.403136,120.660813,門牌
台中市大甲區日南里中山路二段918之83號,24.224180,120.663068,路名
台中市大甲區日南里工一路28號,24.408260,120.648022,門牌
台中市大甲區日南里工七路26號,24.405347,120.654082,門牌
台中市大甲區日南里工二路4之192號,24.404588,120.648946,路名
台中市大甲區日南里工二路50號,24.399200,120.656600,門牌
台中市大甲區日南里工四路7號,24.398131,120.656154,門牌
台中市大甲區日南里幼九路16號,24.396228,120.657650,門牌
台中市大甲區日南里幼獅路37號,24.405829,120.650950,門牌
台中市大甲區日南里幼獅路59、61號,24.404402,120.652260,路名
台中市大甲區日南里東三街2號,24.403369,120.661699,門牌
台中市大甲區日南里東二街19號,24.403699,120.659189,門牌
台中市大甲區日南里東二街22號,24.404324,120.660570,門牌
台中市大甲區日南里東二街7號,24.401843,120.659854,門牌
台中市大甲區日南里經國路2700號,24.394560,120.649032,門牌
台中市大甲區日南里青年路115號,24.365023,120.623952,路名
台中市大甲區日南里青年路121號,24.402633,120.649641,門牌
台中市大甲區日南里黎明路3-1號,24.149597,120.633691,路名
台中市大甲區朝陽里文武路10之7號,24.345641,120.626642,門牌
台中市大甲區東西八路一段68號,24.369963,120.609404,路名
台中市大甲區武曲里橫圳街197之7號一樓,24.357777,120.613667,門牌
台中市大甲區武陵里中山路一段209號1樓,24.237461,120.562647,門牌
台中市大甲區武陵里文曲路173號,24.338780,120.603251,門牌
台中市大甲區武陵里文曲路178號1樓,24.338006,120.604619,門牌
台中市大甲區武陵里文曲路59巷1號,24.337839,120.599250,門牌
台中市大甲區武陵里興安路321巷102號,24.342554,120.598464,門牌
台中市大甲區江南里南北三路350巷60弄2號1樓,24.373375,120.629190,門牌
台中市大甲區江南里東西八路一段89號,24.369963,120.609404,路名
台中市大甲區福德里順帆路152號,24.429668,120.626574,門牌
台中市大甲區經國路1746號1樓,24.377904,120.649564,門牌
台中市大甲區經國路2078號,24.383551,120.652316,門牌
台中市大甲區義和里中山路一段312號1樓,24.330822,120.656536,門牌
台中市大甲區義和里文曲路560之1號,24.341299,120.614150,門牌
台中市大甲區義和里義和三街81號,24.336685,120.618941,路名
台中市大甲區義和里義和二街168巷3弄21號1樓,24.337930,120.621954,門牌
台中市大甲區義和里義和二街37巷67弄11號,24.338838,120.620402,門牌
台中市大甲區薰風里光明路67號,24.110016,120.731118,門牌
台中市大甲區薰風里順天路8號1樓,24.342268,120.620654,門牌
台中市大甲區西岐里順帆路29號,24.411412,120.633462,門牌
台中市大甲區通天路138之1號,24.376349,120.660081,路名
台中市大甲區頂店里中山路一段1233號,24.224180,120.663068,路名
台中市大甲區頂店里大智街121號1樓,24.355624,120.628865,門牌
台中市大甲區頂店里東西八路一段68號1樓,24.369963,120.609404,路名
台中市大甲區頂店里錦上街178號3樓,24.354608,120.626709,門牌
台中市大甲區龍泉里渭水路34－5號,24.400710,120.639393,路名
台中市大肚區中蔗路2巷11號,24.168515,120.578096,門牌
台中市大肚區中蔗路2巷11號1樓,24.168515,120.578096,門牌
台中市大肚區南榮路101號1樓,24.111829,120.580433,門牌
台中市大肚區大東里自由路158號1樓,24.147266,120.549179,門牌
台中市大肚區大肚里福利路118巷2弄1號,24.153094,120.546734,門牌
台中市大肚區大肚里育英路32號,24.152536,120.547037,門牌
台中市大肚區新興里新興街47號,24.141970,120.551621,門牌
台中市大肚區新興里沙田路二段308巷12號,24.160274,120.553849,路名
台中市大肚區新興里沙田路二段323巷2號,24.160274,120.553849,路名
台中市大肚區新興里自由路32巷34號,24.143700,120.549785,門牌
台中市大肚區永和里溪洲路241號,24.146645,120.544470,門牌
台中市大肚區永順里文昌路2段584巷6弄29號1樓,24.157560,120.532574,門牌
台中市大肚區永順里文昌路二段650巷1號1樓,24.181823,120.536570,路名
台中市大肚區沙田路1段428巷100號1樓,24.125011,120.567927,門牌
台中市大肚區沙田路2段132巷60號,24.139628,120.551475,門牌
台中市大肚區沙田路一段320巷31之1號,24.160274,120.553849,路名
台中市大肚區沙田路一段320巷35之5號,24.160274,120.553849,路名
台中市大肚區沙田路一段453號,24.160274,120.553849,路名
台中市大肚區沙田路一段662巷20號,24.160274,120.553849,路名
台中市大肚區沙田路一段936號,24.160274,120.553849,路名
台中市大肚區沙田路三段245巷68之8號1樓,24.160274,120.553849,路名
台中市大肚區沙田路二段102巷25號,24.160274,120.553849,路名
台中市大肚區沙田路二段2巷66號,24.160274,120.553849,路名
台中市大肚區沙田路二段403號,24.160274,120.553849,路名
台中市大肚區沙田路二段769號1樓,24.160274,120.553849,路名
台中市大肚區營埔一街402號1樓,24.123865,120.562252,門牌
台中市大肚區營埔里營埔一街2號,24.114665,120.564124,門牌
台中市大肚區營埔里營埔三街63號,24.117250,120.558765,門牌
台中市大肚區營埔里船頭一街39巷21號,24.125010,120.555488,門牌
台中市大肚區營埔里船頭六街73號1樓,24.119459,120.552651,門牌
台中市大肚區王田里沙田路1段22巷9號,24.118290,120.580250,門牌
台中市大肚區王田里沙田路一段300號1樓,24.160274,120.553849,路名
台中市大肚區王田里沙田路一段320巷27號,24.160274,120.553849,路名
台中市大肚區王田里沙田路一段320巷36之5號,24.160274,120.553849,路名
台中市大肚區王田里沙田路一段320巷50號,24.160274,120.553849,路名
台中市大肚區王田里沙田路一段320巷83之2號,24.160274,120.553849,路名
台中市大肚區王田里沙田路一段6巷11號,24.160274,120.553849,路名
台中市大肚區王田里王福街2巷20號1樓,24.121000,120.582532,門牌
台中市大肚區王田里王福街770號1樓,24.124156,120.571663,路名
台中市大肚區瑞井里遊園路一段100之2號1樓,24.165952,120.577581,路名
台中市大肚區瑞井里遊園路一段124巷20號,24.165952,120.577581,路名
台中市大肚區瑞井里遊園路一段146之2號一樓,24.165952,120.577581,路名
台中市大肚區磺溪里文昌路二段34巷5弄18號1樓,24.181823,120.536570,路名
台中市大肚區社腳里沙田路一段854巷69之28號,24.160274,120.553849,路名
台中市大肚區福山里沙田路一段326號1樓,24.160274,120.553849,路名
台中市大肚區福山里沙田路一段446號1樓,24.160274,120.553849,路名
台中市大肚區福山里營埔二街170號1樓,24.124800,120.560980,門牌
台中市大肚區福山里王福街937巷33號3樓,24.125218,120.564885,門牌
台中市大肚區福山里王福街948巷29號1樓,24.126497,120.565775,門牌
台中市大肚區自強里中沙路70巷15號1樓,24.173498,120.576165,門牌
台中市大肚區自強里遊園路二段208號1樓,24.165952,120.577581,路名
台中市大肚區蔗廍里中蔗路2巷11號1樓,24.168515,120.578096,門牌
台中市大肚區蔗廍里太平路43巷30號1樓,24.172649,120.572587,門牌
台中市大肚區蔗廍里蔗南路180巷55-2號,24.174303,120.573089,路名
台中市大肚區遊園路一段117號3樓,24.165952,120.577581,路名
台中市大肚區頂街里28鄰大明一街34巷16號1樓,24.157563,120.540983,門牌
台中市大肚區頂街里大明一街34巷16號,24.157563,120.540983,門牌
台中市大肚區頂街里大明二街50號,24.158335,120.540078,門牌
台中市大肚區頂街里大明四街129號,24.155396,120.539711,門牌
台中市大肚區頂街里榮華街102巷3號1樓,24.158022,120.545452,門牌
台中市大肚區頂街里沙田路三段245巷66號,24.160274,120.553849,路名
台中市大肚區頂街里沙田路三段245巷93號,24.160274,120.553849,路名
台中市大肚區頂街里紙廠路60號,24.151874,120.541808,門牌
台中市大肚區頂街里自由路451號12樓,24.154820,120.547693,門牌
台中市大肚區頂街里華山路300巷5弄13號一樓,24.155812,120.549742,門牌
台中市大肚區頂街里華昌街225巷13弄5號1樓,24.156190,120.542484,門牌
台中市大里區中新里新生路160號1樓,24.103788,120.691361,門牌
台中市大里區中新里新生路171巷18弄3號9樓,24.103956,120.692407,門牌
台中市大里區中新里現岱路122巷1號1樓,24.102422,120.691200,門牌
台中市大里區中新里環中東路六段340號1樓,24.136943,120.703750,路名
台中市大里區中湖路25號2樓,24.087242,120.693715,路名
台中市大里區中興路1段26巷30號,24.081078,120.699147,門牌
台中市大里區中興路二段747巷85號1樓,24.138745,120.729547,路名
台中市大里區仁化工二路135號,24.093467,120.723165,門牌
台中市大里區仁化路115號,24.091856,120.721638,門牌
台中市大里區仁化路261號,24.093802,120.713602,門牌
台中市大里區仁化路99號,24.091160,120.723583,門牌
台中市大里區仁化里仁化路710號1樓,24.093385,120.692578,門牌
台中市大里區仁化里仁堤二街47巷15號1樓,24.099418,120.700161,門牌
台中市大里區仁化里仁美路137巷38號2樓,24.102238,120.708528,門牌
台中市大里區仁化里善化路166巷65弄4號1樓,24.100305,120.703257,門牌
台中市大里區仁化里工業九路132號,24.099460,120.715398,門牌
台中市大里區仁化里工業九路98號,24.098648,120.717659,門牌
台中市大里區仁化里工業八路58號,24.097861,120.716375,門牌
台中市大里區仁化里工業路35巷31之3號,24.150785,120.628972,路名
台中市大里區仁化里工業路79巷51弄2號,24.100176,120.711363,門牌
台中市大里區仁化里慈德路194號1樓,24.096949,120.699247,門牌
台中市大里區仁化里成功二路252巷21號1樓,24.098985,120.703453,門牌
台中市大里區仁德里仁愛路10巷26號2樓,24.092218,120.703159,門牌
台中市大里區仁德里仁福街39號1樓,24.095362,120.699749,門牌
台中市大里區仁德里吉祥街34號1樓,24.094238,120.702576,門牌
台中市大里區仁德里四育街15號1樓,24.094649,120.696101,門牌
台中市大里區仁德里慈善路83巷1號,24.092681,120.694050,門牌
台中市大里區仁愛路64號1樓,24.094705,120.703326,門牌
台中市大里區仁禮街14號,24.094015,120.696931,門牌
台中市大里區仁美路103號,24.099801,120.709211,門牌
台中市大里區仁美路135號,24.101512,120.709942,門牌
台中市大里區健民里仁化工三路2號,24.089563,120.726823,門牌
台中市大里區健民里仁化工二路99號,24.093486,120.723037,路名
台中市大里區健民里仁化路125巷18弄6號,24.091561,120.720774,門牌
台中市大里區健民里仁化路215號,24.094329,120.717773,門牌
台中市大里區健民里健東路32號1樓,24.086612,120.731137,路名
台中市大里區健民里健東路47號1樓,24.087003,120.728654,門牌
台中市大里區健民里健行路6巷86號1樓,24.086980,120.737284,門牌
台中市大里區健民里練武路31巷10號1樓,24.090670,120.728365,門牌
台中市大里區元正路17號1樓,24.096088,120.688613,門牌
台中市大里區內元路87巷30號7樓,24.098275,120.688827,門牌
台中市大里區內新里中新街23號6樓,24.113498,120.691082,門牌
台中市大里區內新里新光路132號,24.108121,120.691533,門牌
台中市大里區內新里新光路92之1號2樓,24.108976,120.691650,門牌
台中市大里區內新里新生路171巷67號1樓,24.104635,120.691841,門牌
台中市大里區內新里環中東路六段158號,24.136943,120.703750,路名
台中市大里區內新里達明路66號,24.111319,120.691447,門牌
台中市大里區內新里鐵路街12巷15號2樓,24.114341,120.692078,門牌
台中市大里區六桂路110號6樓,24.106945,120.681266,門牌
台中市大里區國中路165號,24.095572,120.683230,門牌
台中市大里區國光路二段259號5樓之3,24.116534,120.679621,路名
台中市大里區國光路二段500號5樓之1,24.116534,120.679621,路名
台中市大里區國光路二段702之13號,24.116534,120.679621,路名
台中市大里區國光路二段79號1樓,24.129783,120.677851,門牌
台中市大里區國光里大里路212號1樓,24.100698,120.683054,門牌
台中市大里區塗城路345之5號2樓,24.086202,120.710163,門牌
台中市大里區塗城里光正路114巷70號1樓,24.089342,120.715454,門牌
台中市大里區塗城里塗城路29號,24.085940,120.720630,門牌
台中市大里區塗城里塗城路347巷34號一樓,24.085641,120.709626,門牌
台中市大里區塗城里塗城路351巷1弄20號1樓,24.085061,120.709228,門牌
台中市大里區夏田里夏田路26巷6號1樓,24.086779,120.671523,門牌
台中市大里區大元里12鄰內元路43號1樓,24.098000,120.688909,路名
台中市大里區大元里中興路二段50巷26-1號,24.138745,120.729547,路名
台中市大里區大元里國中路176巷19號1樓,24.087962,120.674850,路名
台中市大里區大元里國光路一段23號2樓,24.131653,120.676896,門牌
台中市大里區大元里大衛路30號,24.093191,120.682467,門牌
台中市大里區大元里環中東路七段16巷1號1樓,24.136943,120.703750,路名
台中市大里區大明里中興路二段671巷18號1樓,24.138745,120.729547,路名
台中市大里區大智路587號10樓之1,24.122968,120.690423,門牌
台中市大里區大智路687號1樓,24.118879,120.686299,門牌
台中市大里區大衛路56號,24.096524,120.679898,門牌
台中市大里區好來五街140巷2號2樓,24.106366,120.699388,門牌
台中市大里區工業十路26號1樓,24.099962,120.719985,門牌
台中市大里區德芳南路282號6樓之3,24.102918,120.686416,門牌
台中市大里區德芳路一段204號1樓,24.108534,120.684583,路名
台中市大里區愛心路101巷7號1樓,24.102382,120.679142,門牌
台中市大里區愛心路20號1樓,24.100637,120.680264,門牌
台中市大里區愛心路55號1樓,24.102241,120.678787,路名
台中市大里區慈德路257號1樓,24.098582,120.700175,門牌
台中市大里區新仁里公教街207號,24.108379,120.710791,門牌
台中市大里區新仁里新仁七街21巷1號2樓,24.109831,120.703817,路名
台中市大里區新仁里新仁二街89號1樓,24.109134,120.706939,門牌
台中市大里區新仁里新仁五街39號1樓,24.110726,120.706231,門牌
台中市大里區新仁里立仁路45號1樓,24.108531,120.703150,門牌
台中市大里區新芳路32號1樓,24.103629,120.687298,門牌
台中市大里區日新里鐵路街477號,24.124474,120.699714,門牌
台中市大里區景庄街180巷3弄2號1樓,24.082956,120.684349,門牌
台中市大里區東南路73巷7號,24.078944,120.696186,門牌
台中市大里區東昇里東昇路359號1樓,24.123037,120.699609,門牌
台中市大里區東昇里益民路一段41號,24.110177,120.687661,路名
台中市大里區東昇里益民路一段41號1樓,24.110177,120.687661,路名
台中市大里區東明路284號1樓,24.113243,120.683028,門牌
台中市大里區東湖里中山路36巷7號9樓,24.082275,120.695424,門牌
台中市大里區東湖里中湖路33號4樓,24.087424,120.694764,門牌
台中市大里區東湖里仁化路1063號四樓之2,24.093794,120.702563,路名
台中市大里區東湖里仁化路1125號1樓,24.088231,120.689569,門牌
台中市大里區東湖里公園街345巷1號1樓,24.082704,120.694179,門牌
台中市大里區東湖里利民街39巷10弄3號1樓,24.080695,120.696515,路名
台中市大里區東湖里國寶街23-22號1樓,24.091249,120.689862,路名
台中市大里區東湖里忠孝路200號,24.130137,120.683641,門牌
台中市大里區東湖里東南路161巷2之1號1樓,24.079092,120.694547,門牌
台中市大里區東湖里東南路166巷14號8樓,24.079554,120.693885,門牌
台中市大里區東湖里東南路191巷8號1樓,24.078485,120.693755,門牌
台中市大里區東湖里東湖路127巷22弄14號,24.080742,120.693641,門牌
台中市大里區東湖里東湖路139號1樓,24.080789,120.693817,門牌
台中市大里區東湖里泉水街1號,24.083870,120.696661,門牌
台中市大里區東湖里草湖路150號1樓,24.078404,120.691954,門牌
台中市大里區東興路297號,24.107719,120.671463,門牌
台中市大里區東興里國光路2段624巷33號,24.113319,120.679729,門牌
台中市大里區東興里永興路205巷2號,24.111618,120.681311,門牌
台中市大里區東興里永興路265巷19號1樓,24.113393,120.680337,門牌
台中市大里區東興里永興路265巷5弄1號1樓,24.113400,120.680738,門牌
台中市大里區樹王里東興路501巷2之1號,24.104299,120.665998,門牌
台中市大里區永大街312號1樓,24.110242,120.678764,門牌
台中市大里區永興路205巷16號1樓,24.111549,120.680920,門牌
台中市大里區永隆七街43號1樓,24.113490,120.677150,門牌
台中市大里區永隆里永大街210巷8號1樓,24.107964,120.679392,門牌
台中市大里區永隆里永大街469號,24.115490,120.677846,門牌
台中市大里區永隆里永大街505號1樓,24.116423,120.677945,門牌
台中市大里區現岱路31-8號1樓,24.102011,120.690685,路名
台中市大里區瑞城里44鄰美村街72號,24.083243,120.702766,門牌
台中市大里區瑞城里中興路1段26巷51號,24.082487,120.700631,門牌
台中市大里區瑞城里中興路一段26巷11之1號,24.138745,120.729547,路名
台中市大里區瑞城里中興路一段2巷207弄30號2樓,24.138745,120.729547,路名
台中市大里區瑞城里中興路一段2巷51弄20號,24.138745,120.729547,路名
台中市大里區瑞城里中興路一段2巷81弄49號,24.138745,120.729547,路名
台中市大里區瑞城里向學一路120號七樓,24.091613,120.702627,門牌
台中市大里區瑞城里塗城路268號一樓,24.087245,120.707104,門牌
台中市大里區瑞城里塗城路395巷12號1樓,24.087902,120.705134,路名
台中市大里區瑞城里塗城路433巷57-1號1樓,24.087902,120.705134,路名
台中市大里區瑞城里瑞和街60巷6號1樓,24.085663,120.704487,門牌
台中市大里區瑞城里瑞城一街85號1樓,24.084147,120.701548,門牌
台中市大里區瑞城里美村街146巷43弄10號1樓,24.084758,120.703764,門牌
台中市大里區瑞成里五福二街100之5號1樓,24.091013,120.702974,門牌
台中市大里區環中東路六段358號,24.136943,120.703750,路名
台中市大里區甲園一街23號1樓,24.100448,120.695877,門牌
台中市大里區益民路一段190巷10號,24.110177,120.687661,路名
台中市大里區益民路一段21號1樓,24.110177,120.687661,路名
台中市大里區祥興里中興路二段811號3樓,24.138745,120.729547,路名
台中市大里區祥興里大智路565巷7之7號,24.123410,120.690999,門牌
台中市大里區立仁里立新一街100號1樓,24.105524,120.697643,路名
台中市大里區立仁里立新街324號1樓,24.105891,120.699889,門牌
台中市大里區立德里甲園街105號1樓,24.102001,120.695476,門牌
台中市大里區立德里甲園街8號2樓,24.100149,120.695002,門牌
台中市大里區立德里立中街25號1樓,24.101275,120.697101,門牌
台中市大里區立德里立仁路200之6號1樓,24.106177,120.704275,門牌
台中市大里區立德里自立路33號一樓,24.102742,120.698350,門牌
台中市大里區萬壽街35號1樓,24.088000,120.696953,門牌
台中市大里區西榮里光榮街75號1樓,24.112116,120.686489,門牌
台中市大里區西湖路187巷130號,24.076668,120.683676,路名
台中市大里區西湖里景庄街202巷31號,24.082765,120.685592,路名
台中市大里區西湖里草堤路158巷5之3號1樓,24.082207,120.676291,門牌
台中市大里區西湖里草湖路145號,24.078353,120.691496,門牌
台中市大里區西湖里西湖路406號1樓,24.082087,120.679511,門牌
台中市大里區西湖里西湖路427號,24.082820,120.678250,門牌
台中市大里區達明路66號,24.111319,120.691447,門牌
台中市大里區金城里上興街二段27號一樓,24.091616,120.698802,路名
台中市大里區金城里中興路1段大明巷18弄36號一樓,24.138745,120.729547,路名
台中市大里區金城里塗城路901巷17號1樓,24.090161,120.696135,門牌
台中市大里區長城街10號,24.086336,120.697753,門牌
台中市大里區長城街40巷2弄5號,24.086286,120.698361,門牌
台中市大里區長榮里大里路35―2號,24.100893,120.679710,路名
台中市大里區長榮里大里路75號1樓,24.104597,120.686961,門牌
台中市大里區長榮里新南路147巷7號1樓,24.107795,120.688385,門牌
台中市大里區長榮里新南路218號2樓,24.108630,120.686412,門牌
台中市大里區長榮里新生西路5號1樓,24.104605,120.688450,門牌
台中市大里區長榮里益民路二段230巷21號1樓,24.110177,120.687661,路名
台中市大里區長榮里益民路二段230巷23號1樓,24.110177,120.687661,路名
台中市大里區長榮里益民路二段81巷25號1樓,24.110177,120.687661,路名
台中市大雅區三和里建興路152巷7號3樓之3,24.217256,120.666692,門牌
台中市大雅區三和里建興路20巷5號,24.214068,120.666194,門牌
台中市大雅區三和里昌平路四段53巷9號1樓,24.203648,120.681606,路名
台中市大雅區三和里春亭三街76號1樓,24.221010,120.663912,路名
台中市大雅區三和里雅潭路四段230號1樓,24.217816,120.675125,路名
台中市大雅區上楓里民生路三段311號1樓,24.307971,120.709487,門牌
台中市大雅區上楓里民生路三段345巷17號2樓,24.168809,120.688549,路名
台中市大雅區上楓里民生路三段493號1樓,24.168809,120.688549,路名
台中市大雅區上楓里雅楓街36號1樓,24.233734,120.668558,門牌
台中市大雅區上楓里鳳鳴路6號,24.243762,120.673598,門牌
台中市大雅區上雅里學府路404巷1號1樓,24.227342,120.648242,門牌
台中市大雅區上雅里雅環路二段64巷25號1樓,24.225225,120.651424,路名
台中市大雅區上雅里雅環路二段64巷66弄1號,24.225225,120.651424,路名
台中市大雅區中和三路41號1樓,24.214826,120.642752,路名
台中市大雅區中山路75號,24.329152,120.653521,門牌
台中市大雅區中清路四段903巷11弄28號,24.205857,120.646741,路名
台中市大雅區二和里學府路125巷64號4樓之3,24.219936,120.649671,門牌
台中市大雅區二和里學府路99巷10號1樓,24.218999,120.649989,門牌
台中市大雅區二和里雅環路一段256巷11號,24.225225,120.651424,路名
台中市大雅區二和里雅環路一段263號1樓,24.225225,120.651424,路名
台中市大雅區仁和北路93號1樓,24.218242,120.658045,門牌
台中市大雅區六寶里中清路四段903巷10號,24.205857,120.646741,路名
台中市大雅區六寶里光復路24號,24.242898,120.640694,門牌
台中市大雅區六寶里文化路102巷39號1樓,24.241988,120.626335,門牌
台中市大雅區六寶里文化路102巷39號2樓,24.241988,120.626335,門牌
台中市大雅區六寶里科雅路398號1樓,24.234453,120.636324,門牌
台中市大雅區員林里中清路四段161-3號1樓,24.205857,120.646741,路名
台中市大雅區員林里中清路四段269號,24.205857,120.646741,路名
台中市大雅區員林里大林路272巷5號,24.243423,120.651331,門牌
台中市大雅區員林里大林路65巷11號,24.233159,120.642903,門牌
台中市大雅區員林里大雅路272巷14號1樓,24.228391,120.645827,門牌
台中市大雅區員林里大雅路291號1樓,24.228481,120.644921,門牌
台中市大雅區員林里神林路一段204巷2之11號1樓,24.242402,120.658084,路名
台中市大雅區員林里神林路一段231巷1弄7號1樓,24.242402,120.658084,路名
台中市大雅區員林里神林路一段234巷1之1號,24.242402,120.658084,路名
台中市大雅區員林里神林路一段543巷6號1樓,24.242402,120.658084,路名
台中市大雅區員林里雅環路三段105號1樓,24.225225,120.651424,路名
台中市大雅區員林里雅環路三段70巷19弄3號1樓,24.225225,120.651424,路名
台中市大雅區四德里中山八路107號1樓,24.208474,120.648420,門牌
台中市大雅區四德里中山十一路2巷7號1樓,24.214075,120.647082,門牌
台中市大雅區四德里中山十二路18號1樓,24.211114,120.648050,門牌
台中市大雅區四德里中清路三段729號,24.205857,120.646741,路名
台中市大雅區四德里神林南路579號8樓之2,24.218882,120.652759,門牌
台中市大雅區四德里雅環路一段106巷28弄10號1樓,24.225225,120.651424,路名
台中市大雅區四德里雅環路一段173巷1號1樓,24.225225,120.651424,路名
台中市大雅區四德里雅環路一段173巷1號2樓,24.225225,120.651424,路名
台中市大雅區大楓里前村東路25巷20號1樓,24.224848,120.667552,門牌
台中市大雅區大楓里前村東路31巷45號一樓,24.222834,120.665742,門牌
台中市大雅區大雅路132巷3-3號1樓,24.223923,120.647899,路名
台中市大雅區大雅里中清北街19號8樓之1,24.225824,120.647905,門牌
台中市大雅區大雅里民生路1段194巷10號1樓,24.226881,120.650836,門牌
台中市大雅區學府路101巷28號1樓,24.217519,120.649917,門牌
台中市大雅區忠義里月祥路502巷6號1樓,24.235808,120.625433,門牌
台中市大雅區忠義里月祥路68號1樓,24.222802,120.619313,門牌
台中市大雅區忠義里東大路二段999號,24.226947,120.612542,路名
台中市大雅區文雅里中和六路92之1號,24.217295,120.643913,路名
台中市大雅區文雅里中山北路152巷26號,24.217825,120.647683,門牌
台中市大雅區文雅里中山北路152巷26號2樓,24.217825,120.647683,門牌
台中市大雅區文雅里中山北路199巷8號1樓,24.219260,120.646109,門牌
台中市大雅區文雅里中山北路199巷8號2樓,24.219260,120.646109,門牌
台中市大雅區文雅里永和路149巷21號2樓,24.223055,120.645555,門牌
台中市大雅區昌平路三段596巷61號,24.203648,120.681606,路名
台中市大雅區東大路二段975號1樓,24.226947,120.612542,路名
台中市大雅區楓林街192號8樓之3,24.236118,120.666489,路名
台中市大雅區楓林街313巷12號1樓,24.236392,120.665112,門牌
台中市大雅區樹德街255巷10號,24.237604,120.666480,門牌
台中市大雅區橫山里中和路12號2樓,24.211613,120.634599,門牌
台中市大雅區橫山里中和路8之1號1樓,24.211837,120.634357,門牌
台中市大雅區橫山里中山三路56號,24.206959,120.641418,門牌
台中市大雅區橫山里振興一路21號,24.207372,120.641920,門牌
台中市大雅區橫山里永和路124之5號,24.219470,120.639414,門牌
台中市大雅區橫山里永和路8-3號,24.214371,120.635659,路名
台中市大雅區橫山里永和路87之10號,24.214371,120.635659,路名
台中市大雅區橫山里永和路87號,24.212538,120.630514,門牌
台中市大雅區橫山里通山路15之8號1樓,24.210261,120.621187,門牌
台中市大雅區橫山里通山路88之18號1樓,24.221452,120.599672,門牌
台中市大雅區民生路三段180巷15號3樓,24.168809,120.688549,路名
台中市大雅區民興街112巷7號1樓,24.225957,120.649218,門牌
台中市大雅區民豐街204巷1號1樓,24.232037,120.664904,路名
台中市大雅區永和路109之13號,24.213803,120.634209,門牌
台中市大雅區永和路111之2號1樓,24.214062,120.634648,門牌
台中市大雅區神林路一段540巷82號,24.242402,120.658084,路名
台中市大雅區秀山三路39號,24.228374,120.638334,門牌
台中市大雅區秀山路133號1樓,24.228732,120.635763,門牌
台中市大雅區秀山里上山二路42巷11號1樓,24.218569,120.634047,路名
台中市大雅區秀山里平和一路2號,24.228488,120.632410,門牌
台中市大雅區秀山里平和南路239巷12號1樓,24.225075,120.622288,門牌
台中市大雅區秀山里秀山一路26號1樓,24.229462,120.639808,門牌
台中市大雅區秀山里秀山七路35號1樓,24.226614,120.633188,門牌
台中市大雅區秀山里秀山二路82之1號,24.229662,120.633848,路名
台中市大雅區秀山里秀山五路51之1號,24.227373,120.637063,門牌
台中市大雅區秀山里秀山五路51號1樓,24.227610,120.637114,門牌
台中市大雅區秀山里雅秀一路62號2樓,24.224681,120.641265,門牌
台中市大雅區西寶里昌平路三段596巷62號1樓,24.203648,120.681606,路名
台中市大雅區西寶里昌平路四段282北三巷22號1樓,24.203648,120.681606,路名
台中市大雅區西寶里昌平路四段282巷285號1樓,24.203648,120.681606,路名
台中市大雅區西寶里雅潭路三段355巷272號1樓,24.217816,120.675125,路名
台中市大雅區西寶里雅潭路三段355巷63號1樓,24.217816,120.675125,路名
台中市大雅區西寶里雅潭路三段412巷50號,24.217816,120.675125,路名
台中市大雅區雅楓里神林南路129巷1弄9號一樓,24.226749,120.656950,門牌
台中市大雅區雅楓里神林南路146巷63號1樓,24.224986,120.655222,門牌
台中市大雅區雅楓里神林南路146巷63號2樓,24.224986,120.655222,門牌
台中市大雅區雅潭路6之5號1樓,24.214187,120.677203,門牌
台中市大雅區雅潭路四段436號,24.217816,120.675125,路名
台中市大雅區雅環路一段173巷1號1樓,24.225225,120.651424,路名
台中市大雅區雅環路一段276巷12號1樓,24.225225,120.651424,路名
台中市大雅區雅環路二段120巷33號1樓,24.225225,120.651424,路名
台中市大雅區雅環路二段2巷25號,24.225225,120.651424,路名
台中市太平區中山路一段159巷60號1樓,24.224180,120.663068,路名
台中市太平區中山路一段308之1號,24.274461,120.577728,門牌
台中市太平區中山路三段25巷26弄23號1樓,24.224180,120.663068,路名
台中市太平區中山路三段67巷60弄22號1樓,24.224180,120.663068,路名
台中市太平區中山路三段93巷13號,24.224180,120.663068,路名
台中市太平區中山路二段129巷20弄63號1樓,24.224180,120.663068,路名
台中市太平區中山里中山路二段477巷186弄47號2樓,24.224180,120.663068,路名
台中市太平區中平里太平十八街78號4樓,24.123295,120.720099,門牌
台中市太平區中平里成功東路166巷1號1樓,24.128599,120.721785,門牌
台中市太平區中平里鵬儀路222號1樓,24.122966,120.725193,門牌
台中市太平區中興里新平路一段35巷87號1樓,24.144493,120.719466,路名
台中市太平區中興里永義八街32號,24.129497,120.711473,門牌
台中市太平區光明里大興九街1號1樓,24.153808,120.733152,門牌
台中市太平區光明里環太東路301號1樓,24.152231,120.726018,門牌
台中市太平區光華里大興十七街17號,24.157418,120.738860,門牌
台中市太平區光華里大興十三街152巷27號2樓,24.154350,120.729674,門牌
台中市太平區光華里環太東路331號1樓,24.153405,120.726648,門牌
台中市太平區光華里環太東路331號2樓,24.153405,120.726648,門牌
台中市太平區光華里長安路322巷3號1樓,24.155096,120.727919,門牌
台中市太平區光隆里光德路390巷17號,24.104745,120.714802,路名
台中市太平區光隆里光興路507號,24.104967,120.728944,門牌
台中市太平區光隆里光興路699巷90號,24.113457,120.732257,路名
台中市太平區光隆里光興路926巷21號1樓,24.109438,120.730748,門牌
台中市太平區光隆里東光街90號1樓,24.108215,120.731555,門牌
台中市太平區光隆里興隆路一段76巷51弄30號1樓,24.112454,120.731922,路名
台中市太平區合利街13號1樓,24.124108,120.706707,門牌
台中市太平區合利街24巷13號,24.123750,120.706918,路名
台中市太平區合利街33巷15號1樓,24.123609,120.707699,門牌
台中市太平區合利街33巷28號1樓,24.123450,120.707948,門牌
台中市太平區坪林路21之2號1樓,24.145407,120.735930,門牌
台中市太平區坪林里中山路一段162巷51之1號,24.224180,120.663068,路名
台中市太平區坪林里中山路一段402巷21號1樓,24.224180,120.663068,路名
台中市太平區坪林里中山路一段402巷7弄3號1樓,24.224180,120.663068,路名
台中市太平區坪林里中山路二段129巷20弄63號1樓,24.224180,120.663068,路名
台中市太平區坪林里坪林路42之7號2樓,24.145568,120.736520,門牌
台中市太平區大源三街5號1樓,24.144544,120.725594,門牌
台中市太平區大興里10鄰大興路782號,24.158723,120.744350,門牌
台中市太平區大興里大興十六街69號1樓,24.152769,120.738409,門牌
台中市太平區大興里大興路732號,24.157923,120.743961,門牌
台中市太平區大興里大興路770號1樓,24.158542,120.744273,門牌
台中市太平區太平二十街53巷7弄2號1樓,24.124458,120.718100,門牌
台中市太平區太平路676號,24.127906,120.710953,門牌
台中市太平區太平里合利街15巷1號,24.124097,120.707087,門牌
台中市太平區太平里合利街2號,24.124372,120.706494,門牌
台中市太平區太平里合利街34號,24.123010,120.706699,門牌
台中市太平區太平里新仁路一段176號1樓,24.117323,120.688753,路名
台中市太平區太平里新仁路一段44巷18號,24.117323,120.688753,路名
台中市太平區太平里永平路三段132巷95號,24.129066,120.704591,路名
台中市太平區太平里永義路235巷42號,24.125256,120.711217,門牌
台中市太平區太平里永豐路145號1樓,24.121842,120.710001,門牌
台中市太平區太平里永豐路350巷2弄6號,24.120003,120.708606,路名
台中市太平區太平里甲堤路608號,24.125340,120.705284,門牌
台中市太平區太順路265號1樓,24.159437,120.722043,路名
台中市太平區宜佳街8巷30號,24.140863,120.714299,門牌
台中市太平區宜佳里宜佳街8巷30號,24.140863,120.714299,門牌
台中市太平區宜佳里宜佳街8巷30號2樓,24.140863,120.714299,門牌
台中市太平區宜佳里新平路二段255巷1號1樓,24.144493,120.719466,路名
台中市太平區宜佳里新平路二段337號1樓,24.144493,120.719466,路名
台中市太平區宜佳里溪洲西路56號1樓,24.141377,120.713289,門牌
台中市太平區宜昌東路162號,24.144768,120.719990,門牌
台中市太平區宜昌里宜昌路465巷11號2樓,24.146408,120.714380,門牌
台中市太平區宜昌里宜欣路52巷16號1樓,24.147654,120.715875,門牌
台中市太平區宜欣二街35號1樓,24.145998,120.717755,門牌
台中市太平區宜欣五街25號2樓,24.144882,120.717401,門牌
台中市太平區宜欣里仁和街1巷23號1樓,24.137416,120.716786,門牌
台中市太平區宜欣里宜昌東路3巷8號,24.140315,120.717864,路名
台中市太平區宜欣里宜欣一路151號1樓,24.142263,120.715689,門牌
台中市太平區宜欣里富宜路190巷2號,24.146798,120.719423,門牌
台中市太平區宜欣里溪洲路87巷7號,24.142469,120.718095,門牌
台中市太平區宜欣里祥順路一段83號3樓之5,24.164864,120.727521,路名
台中市太平區工業二十路83之1號,24.107919,120.719132,門牌
台中市太平區工業十七路9號1樓,24.104746,120.717639,門牌
台中市太平區工業十九路2號,24.106820,120.719982,門牌
台中市太平區工業十八路9號,24.105628,120.718759,路名
台中市太平區建國里建興路158號,24.173335,120.690366,路名
台中市太平區建國里鵬儀路296巷6弄36號,24.121999,120.726492,門牌
台中市太平區建國里鵬儀路312巷6號,24.124855,120.728060,門牌
台中市太平區建興里鵬儀路459號1樓,24.128927,120.731264,門牌
台中市太平區德利路88號1樓、2樓,24.095329,120.730738,門牌
台中市太平區德隆里光德路42號,24.100760,120.721145,門牌
台中市太平區德隆里工業二十路65號,24.106712,120.716885,門牌
台中市太平區德隆里工業十七路10號,24.104955,120.717747,門牌
台中市太平區德隆里工業十七路28號1樓,24.106513,120.716247,門牌
台中市太平區德隆里工業十五路36號,24.104189,120.715020,門牌
台中市太平區德隆里工業十五路43號壹樓,24.104253,120.713866,門牌
台中市太平區德隆里德明路137巷13弄18號1樓,24.098355,120.725032,門牌
台中市太平區德隆里德興街136巷86號,24.106364,120.721156,門牌
台中市太平區德隆里華安街124號1樓,24.106185,120.713645,門牌
台中市太平區成功東路42巷28號1樓,24.126444,120.720051,門牌
台中市太平區成功里成功東路228號1樓,24.129499,120.722830,門牌
台中市太平區成功里成功路430巷42號1樓,24.131221,120.725442,門牌
台中市太平區成功里永平南路39號1樓,24.129496,120.721814,門牌
台中市太平區新仁路一段44巷8弄24號1樓,24.117323,120.688753,路名
台中市太平區新光里振德街59號1樓,24.156448,120.707510,門牌
台中市太平區新光里振武路142號1樓,24.154083,120.705715,門牌
台中市太平區新光里振福路361巷20弄17號1樓,24.153097,120.707944,門牌
台中市太平區新光里振福路499巷10弄1號1Ｆ,24.152040,120.707450,路名
台中市太平區新光里振英街23巷21號1樓,24.153589,120.705957,門牌
台中市太平區新光里新福路1062號1樓,24.157437,120.706376,門牌
台中市太平區新光里新高路120巷10號,24.152436,120.710123,門牌
台中市太平區新光里樹德一街136巷9弄36號,24.151474,120.706176,門牌
台中市太平區新光里樹德一街48巷13弄22號1樓,24.151927,120.709001,門牌
台中市太平區新吉里新平路三段210巷18號1樓,24.144493,120.719466,路名
台中市太平區新吉里新民路26巷2號4樓之3,24.150357,120.721607,門牌
台中市太平區新坪里育仁路129號1樓,24.154374,120.722394,門牌
台中市太平區新坪里育英街59號1樓,24.156107,120.723701,門牌
台中市太平區新城里樹孝路107之7號,24.152334,120.716957,門牌
台中市太平區新城里樹孝路107之8號3樓,24.152372,120.716980,門牌
台中市太平區新城里樹孝路39之5號1樓,24.150137,120.716194,門牌
台中市太平區新城里樹孝路67巷11號1樓,24.151609,120.716092,門牌
台中市太平區新城里樹孝路67巷2弄10號六樓,24.152081,120.716871,門牌
台中市太平區新平路一段150號10樓之1,24.144493,120.719466,路名
台中市太平區新平路三段346巷13弄30號,24.144493,120.719466,路名
台中市太平區新平路二段108巷15號1樓,24.144493,120.719466,路名
台中市太平區新平路二段130巷57號2樓,24.144493,120.719466,路名
台中市太平區新明街59巷40號1樓,24.150068,120.717566,門牌
台中市太平區新福里中山路四段96巷4號,24.224180,120.663068,路名
台中市太平區新福里振福路300巷16號1樓,24.149766,120.706587,門牌
台中市太平區新福里振福路37號2樓,24.146437,120.702501,門牌
台中市太平區新福里旱溪西路二段247號8樓之2,24.156776,120.703664,路名
台中市太平區新興二街29號1樓,24.161785,120.706443,門牌
台中市太平區新興二街33號1樓,24.161782,120.706330,門牌
台中市太平區新興路16號3樓之1,24.098451,120.677261,門牌
台中市太平區新興里太文路71巷49號1樓,24.160659,120.708297,門牌
台中市太平區新興里樹德九街97號1樓,24.156880,120.710124,門牌
台中市太平區新高里15鄰中山路四段28巷13號1樓,24.224180,120.663068,路名
台中市太平區新高里環中東路三段276號2樓,24.136943,120.703750,路名
台中市太平區新高里立功路110號1樓,24.155479,120.714644,路名
台中市太平區新高里立功路323號1樓,24.156846,120.715032,門牌
台中市太平區新高里立功路97號11樓,24.152863,120.714135,門牌
台中市太平區旱溪東路二段308巷2之1號1樓,24.147819,120.703533,路名
台中市太平區東平路741巷2弄15號,24.133954,120.723181,路名
台中市太平區東平路741巷8號1樓,24.132843,120.712034,門牌
台中市太平區東平里中和街326號1樓,24.136112,120.725923,門牌
台中市太平區東平里中和街338號1樓,24.135905,120.725926,門牌
台中市太平區東平里東村三街22巷20號一樓,24.137291,120.723387,門牌
台中市太平區東平里東村三街22巷45號2樓,24.137858,120.723749,門牌
台中市太平區樹孝路105號12樓,24.152213,120.717223,門牌
台中市太平區樹孝路274巷51號2樓,24.153229,120.719814,門牌
台中市太平區樹德路317號,24.159815,120.713100,門牌
台中市太平區永平南路29號2樓,24.129723,120.721658,門牌
台中市太平區永平路三段230巷1號1樓,24.129066,120.704591,路名
台中市太平區永平路二段476巷93號,24.129066,120.704591,路名
台中市太平區永平里大仁街5號8樓之1,24.130738,120.718835,門牌
台中市太平區永成路126號,24.115875,120.711438,門牌
台中市太平區永成里太平七街35號5樓,24.121049,120.718632,門牌
台中市太平區永成里太平五街176號1樓,24.118981,120.717841,門牌
台中市太平區永成里永成北路10之3號1樓,24.117752,120.715665,路名
台中市太平區永義二街20號,24.130711,120.712382,門牌
台中市太平區永義五街15號,24.130256,120.713791,門牌
台中市太平區永義路235巷58號1樓,24.125199,120.711595,門牌
台中市太平區永豐路108巷12弄45號,24.123291,120.708652,門牌
台中市太平區永豐路108巷29號,24.120003,120.708606,路名
台中市太平區永豐路157巷15號,24.121225,120.710145,門牌
台中市太平區永豐路327巷2號1樓,24.113206,120.704452,門牌
台中市太平區永豐路85巷10號1樓,24.122677,120.712010,門牌
台中市太平區永隆里光興路530巷46號1樓,24.103262,120.730075,門牌
台中市太平區環中東路四段601號1樓,24.136943,120.703750,路名
台中市太平區祥順路一段116號,24.164864,120.727521,路名
台中市太平區立功路279號1樓,24.156254,120.715121,門牌
台中市太平區立德街64之1號,24.152907,120.713114,門牌
台中市太平區立文街199號,24.158993,120.715835,路名
台中市太平區立智街6號6樓之1,24.158108,120.716083,門牌
台中市太平區精美路362號2樓,24.124860,120.725895,門牌
台中市太平區精美路392號1樓,24.125166,120.726370,門牌
台中市太平區聖和里長龍路一段598號,24.118339,120.757250,路名
台中市太平區育德路25巷2號,24.156729,120.722327,門牌
台中市太平區興隆里光興路1165巷46號1樓,24.119650,120.732654,門牌
台中市太平區興隆里光興路1352巷37號,24.116366,120.733327,門牌
台中市太平區興隆里光興路1352巷42號1樓,24.116416,120.733614,門牌
台中市太平區興隆里光興路1432巷98號一樓,24.117841,120.735583,門牌
台中市太平區興隆里光興路1480巷18號1樓,24.113457,120.732257,路名
台中市太平區豐年里大源一街2號1樓,24.144841,120.725442,門牌
台中市太平區長億一街45巷6號1樓,24.119780,120.719865,門牌
台中市太平區長億九街125號1樓,24.112805,120.717569,路名
台中市太平區長億二街36號,24.119012,120.719852,門牌
台中市太平區長億六街7號1樓,24.114310,120.720634,門牌
台中市太平區長億路56之2號1樓,24.117962,120.719209,門牌
台中市太平區長億里長億六街7號1樓,24.114310,120.720634,門牌
台中市太平區長億里長億東三街70巷42號1樓,24.115629,120.720701,門牌
台中市太平區長安六街80號1樓,24.156990,120.731575,門牌
台中市太平區長龍路一段169巷39號,24.118339,120.757250,路名
台中市太平區長龍路二段352號,24.118339,120.757250,路名
台中市太平區鵬儀路296巷6弄78號,24.121223,120.726054,門牌
台中市太平區鵬儀路305巷2號,24.125497,120.727172,門牌
台中市太平區鵬儀路461巷14號,24.128721,120.730752,門牌
台中市太平區鵬儀路475號3樓,24.129664,120.730976,門牌
台中市新社區中和街4段142號,24.242494,120.807484,門牌
台中市新社區中和街5段33巷61之1號,24.216838,120.757316,路名
台中市新社區中興里中興嶺169-15號1樓,24.207167,120.796419,路名
台中市新社區興安路108號1樓,24.347240,120.604023,門牌
台中市新社區興隆街123巷5號1樓,24.195898,120.805689,門牌
台中市東勢區下城里東關路六段39號1樓,24.167424,120.862298,門牌
台中市東勢區北興里公園路130號1樓,24.260295,120.824057,門牌
台中市東勢區北興里文化街368號1樓,24.259963,120.826268,門牌
台中市東勢區延平里本街36號1樓,24.252354,120.829222,門牌
台中市東勢區慶東里東關路五段528號1樓,24.232890,120.831431,門牌
台中市東勢區慶福里東關路四段1221號,24.208162,120.871656,路名
台中市東勢區文新街123號,24.261899,120.828746,門牌
台中市東勢區新盛里新盛街111號,24.246910,120.830476,門牌
台中市東勢區新盛里新盛街138之5號4樓,24.247159,120.829887,門牌
台中市東勢區新盛里新盛街302號1樓,24.244691,120.831691,門牌
台中市東勢區新盛里新盛街350巷11號,24.242456,120.831767,路名
台中市東勢區新盛里東關路613－20號1樓,24.208162,120.871656,路名
台中市東勢區新盛里東關路六段1071號1樓,24.208162,120.871656,路名
台中市東勢區新盛里東關路六段627號1樓,24.242251,120.833409,門牌
台中市東勢區東新里文新街278巷17號六樓,24.265034,120.828645,門牌
台中市東勢區泰昌里東崎路五段179巷1號1樓,24.274081,120.875365,路名
台中市東勢區粵寧里豐勢路584號1樓,24.260316,120.826665,門牌
台中市東勢區興隆里東蘭路156之5號1樓,24.283523,120.809355,門牌
台中市東區六順路112號2樓,24.125522,120.699803,路名
台中市東區十甲東路95巷14號1樓,24.128527,120.702297,門牌
台中市東區十甲里十甲北一街70號,24.145843,120.701745,門牌
台中市東區十甲里十甲路273號1樓,24.144719,120.705147,門牌
台中市東區十甲里東英七街28號,24.140948,120.704015,門牌
台中市東區十甲里東英九街52號一樓,24.142032,120.704242,門牌
台中市東區合作里力行路200巷15號4樓之3,24.152211,120.692946,門牌
台中市東區大智路406號,24.127909,120.689972,門牌
台中市東區天乙街108號1樓,24.125808,120.696282,門牌
台中市東區富仁里自由路三段3號2樓,24.044930,120.695366,門牌
台中市東區復興路四段186號,24.250735,120.716278,門牌
台中市東區復興路四段186號9樓,24.250735,120.716278,門牌
台中市東區振興路338號2樓,24.130718,120.703205,門牌
台中市東區振興路375巷28號,24.132081,120.703498,門牌
台中市東區振興里立德街145號1樓,24.131850,120.688002,門牌
台中市東區旱溪五街49號1樓,24.143737,120.697946,門牌
台中市東區旱溪西路一段260巷15號1樓,24.156776,120.703664,路名
台中市東區旱溪里旱溪五街11之1號,24.143202,120.698443,路名
台中市東區東信里一心街291號1樓,24.136277,120.702146,門牌
台中市東區東信里振興路254之7號1樓,24.131867,120.700799,門牌
台中市東區東信里振興路412巷71號1樓,24.127634,120.704092,門牌
台中市東區東信里振興路443巷4弄7號1樓,24.130567,120.706291,門牌
台中市東區東信里東富街122號1樓,24.129151,120.702539,門牌
台中市東區東信里東英路265號2樓,24.135903,120.704824,門牌
台中市東區東信里東英路32號1樓,24.131983,120.704284,門牌
台中市東區東信里長福東街48號1樓,24.137154,120.704817,門牌
台中市東區東信里長福路196號1樓,24.137167,120.704136,門牌
台中市東區東光園路280巷5號1樓,24.130731,120.697501,門牌
台中市東區東光園路66號1樓,24.125437,120.692337,門牌
台中市東區東南街94號1樓,24.147206,120.695670,門牌
台中市東區東南里旱溪西路一段538號B1,24.156776,120.703664,路名
台中市東區東南里東光路178之2號1樓,24.159950,120.699970,路名
台中市東區東橋里大振街150號1樓,24.126092,120.691517,門牌
台中市東區東橋里大智路471巷12號1樓,24.125593,120.690859,門牌
台中市東區東橋里大興街91號1樓,24.128840,120.693316,門牌
台中市東區東福路112號,24.126416,120.698245,路名
台中市東區東福路77號1樓,24.128727,120.698777,門牌
台中市東區東興里建德街87號1樓,24.225616,120.649291,門牌
台中市東區東英五街62之2號2樓,24.136235,120.703673,門牌
台中市東區東英十七街59號6樓之2,24.148271,120.710073,路名
台中市東區東英路380號,24.138485,120.705727,門牌
台中市東區東英路618號,24.152576,120.683356,路名
台中市東區東英里三賢街19號1樓,24.137925,120.705910,門牌
台中市東區東英里十全街50巷18號2樓,24.143004,120.710416,門牌
台中市東區東英里十全街50巷18號3樓,24.143004,120.710416,門牌
台中市東區東英里旱溪街400號7樓之2,24.140222,120.699879,路名
台中市東區東門里六順路131巷7號1樓,24.125702,120.700488,門牌
台中市東區東門里振興路162巷16弄5號1樓,24.131019,120.695029,門牌
台中市東區東門里振興路280巷73號,24.129592,120.701544,門牌
台中市東區東門里旱溪西路一段202號1樓,24.156776,120.703664,路名
台中市東區東門里東光園路131巷6號1樓,24.128142,120.694428,門牌
台中市東區東門里東光園路153號1樓,24.128246,120.694862,門牌
台中市東區東門里東光園路64巷81號2樓,24.124180,120.692339,門牌
台中市東區東門里東福一街69巷11號1樓,24.125809,120.699090,門牌
台中市東區東門里東門南街29號2樓,24.125978,120.699738,門牌
台中市東區樂成里旱溪西路一段268號2樓,24.156776,120.703664,路名
台中市東區泉源里建成路422之3號,24.135980,120.696278,門牌
台中市東區立德街123號,24.132614,120.687701,門牌
台中市東區精武路134巷5號1樓,24.148502,120.693006,門牌
台中市東區自由路三段238號1樓,24.149749,120.549626,門牌
台中市東區自由路四段160號1樓,24.147277,120.549286,門牌
台中市東區進化路100號,24.144449,120.694645,門牌
台中市東區進化路100號1樓,24.144449,120.694645,門牌
台中市梧棲區中和街269巷1號1樓,24.259193,120.533340,門牌
台中市梧棲區中正里中和街170巷11號1樓,24.257029,120.532824,門牌
台中市梧棲區中正里仁美街169巷95號4樓,24.256441,120.536465,門牌
台中市梧棲區中正里仁美街67巷46號,24.254345,120.536054,門牌
台中市梧棲區中華路1段1080號,24.241267,120.550820,門牌
台中市梧棲區中華路一段979巷160弄18號,24.173464,120.617601,路名
台中市梧棲區中華路二段353號1樓,24.111482,120.638009,門牌
台中市梧棲區南簡里大智路1段992巷10號1樓,24.257426,120.542293,門牌
台中市梧棲區南簡里大智路一段1002號1樓,24.169365,120.641522,路名
台中市梧棲區南簡里港埠路二段320之24巷27號1樓,24.253382,120.537448,路名
台中市梧棲區南簡里長春路165巷30弄19號1樓,24.256240,120.557021,門牌
台中市梧棲區博愛北路185號1樓,24.255571,120.554401,路名
台中市梧棲區台灣大道十段1號,24.185347,120.617995,路名
台中市梧棲區和平街112巷49號1樓,24.176984,120.660273,路名
台中市梧棲區四維中路331號2樓,24.261008,120.535396,路名
台中市梧棲區大同路339巷1號1樓,24.087817,120.661268,路名
台中市梧棲區大庄里中央路一段683巷26弄8號1樓,24.234136,120.534702,路名
台中市梧棲區大庄里中央路一段683巷72號1樓,24.234136,120.534702,路名
台中市梧棲區大庄里中央路一段835巷15號1樓,24.234136,120.534702,路名
台中市梧棲區大庄里信義街102巷36號1樓,24.248596,120.546739,門牌
台中市梧棲區大庄里台灣大道八段847巷17弄16號,24.185347,120.617995,路名
台中市梧棲區大庄里民和路一段76號1樓,24.257453,120.552606,路名
台中市梧棲區大成南路3號,24.233754,120.510723,門牌
台中市梧棲區大智路二段179號1樓,24.169365,120.641522,路名
台中市梧棲區大智路二段432號,24.127182,120.690034,門牌
台中市梧棲區安仁里台灣大道九段2巷37號1樓,24.185347,120.617995,路名
台中市梧棲區安仁里港埠路二段5號、7號、9號,24.253382,120.537448,路名
台中市梧棲區建國西街69號1樓,24.248566,120.522984,門牌
台中市梧棲區建國西街69號2樓,24.248566,120.522984,門牌
台中市梧棲區文心街231巷83號1樓,24.241303,120.543275,門牌
台中市梧棲區東建路105號1樓,24.257385,120.530380,門牌
台中市梧棲區民和東街55巷8號1樓,24.254283,120.552356,路名
台中市梧棲區民和路一段261號1樓,24.257453,120.552606,路名
台中市梧棲區永安里中華路一段8之1號,24.173464,120.617601,路名
台中市梧棲區永安里向上路九段381巷12號,24.160212,120.630866,路名
台中市梧棲區永安里向上路九段385號,24.160212,120.630866,路名
台中市梧棲區永安里臨港路三段62號,24.263036,120.532102,路名
台中市梧棲區永興路2段336巷41號,24.228273,120.524714,門牌
台中市梧棲區港埠路一段229號,24.253382,120.537448,路名
台中市梧棲區福德里中央路二段277號1樓,24.234136,120.534702,路名
台中市梧棲區福德里中正路523巷23號5樓之2,24.138435,120.708847,路名
台中市梧棲區經一路18號,24.236389,120.511587,門牌
台中市梧棲區經三路1號,24.232874,120.505106,門牌
台中市梧棲區經二路57號,24.245863,120.512958,門牌
台中市梧棲區緯二路1號,24.235091,120.512841,門牌
台中市梧棲區臨港路三段960號,24.263036,120.532102,路名
台中市梧棲區自強路175號,24.071334,120.710939,門牌
台中市梧棲區自立二街122號,24.232261,120.525120,門牌
台中市梧棲區自立路385號1樓,24.182620,120.594395,路名
台中市梧棲區興農里中央路1段316號,24.231746,120.537547,門牌
台中市梧棲區興農里中華路一段826巷32號1樓,24.173464,120.617601,路名
台中市梧棲區草湳里13鄰經二路27號,24.238067,120.508566,門牌
台中市梧棲區草湳里南環路22號,24.232278,120.503835,門牌
台中市梧棲區草湳里大成路18號,24.236454,120.508226,門牌
台中市梧棲區草湳里大通路7號,24.240089,120.513369,門牌
台中市梧棲區草湳里建國南街15巷6號1樓,24.245717,120.530527,路名
台中市梧棲區草湳里永興路二段336巷15號,24.170277,120.617055,路名
台中市梧棲區草湳里經三路25號,24.238166,120.507678,門牌
台中市梧棲區草湳里經三路47號,24.242506,120.509673,門牌
台中市梧棲區草湳里經二路55號,24.245285,120.512760,門牌
台中市梧棲區草湳里緯一路2號,24.232031,120.511732,門牌
台中市梧棲區草湳里緯六路15號,24.244203,120.511533,門牌
台中市梧棲區草湳里自強二街96巷42號,24.242173,120.529880,門牌
台中市梧棲區草湳里自強二街96巷56號1樓,24.242412,120.529975,門牌
台中市梧棲區草湳里自立二街392號,24.239809,120.528628,門牌
台中市梧棲區頂寮里6鄰四維中路226號2樓,24.261072,120.535380,門牌
台中市梧棲區頂寮里中橫十路146號,24.270649,120.526922,門牌
台中市梧棲區頂寮里四維中路258號11樓之2,24.261008,120.535396,路名
台中市梧棲區頂寮里四維中路258號15樓之2,24.261008,120.535396,路名
台中市梧棲區頂寮里四維中路337號10樓之1,24.261955,120.532367,門牌
台中市梧棲區頂寮里四維東路164號,24.261213,120.539262,門牌
台中市梧棲區頂寮里四維西路22之1號1樓,24.260208,120.534609,門牌
台中市梧棲區頂寮里四維路106巷29號9樓之5,24.261635,120.536857,路名
台中市梧棲區頂寮里大仁路二段353巷8號8樓之1,24.260276,120.542120,路名
台中市梧棲區頂寮里大智路2段398巷60號1樓,24.261353,120.533856,門牌
台中市梧棲區頂寮里大智路二段350號,24.169365,120.641522,路名
台中市梧棲區頂寮里大智路二段398巷36號1樓,24.169365,120.641522,路名
台中市沙鹿區三鹿里中樂街65號1樓,24.199147,120.570251,門牌
台中市沙鹿區三鹿里中樂街65號2樓,24.199147,120.570251,門牌
台中市沙鹿區三鹿里保定路198號1樓,24.210093,120.564530,路名
台中市沙鹿區三鹿里保成路138號4樓,24.212421,120.565808,路名
台中市沙鹿區三鹿里向上路七段301號,24.160212,120.630866,路名
台中市沙鹿區三鹿里向上路七段52號6樓,24.160212,120.630866,路名
台中市沙鹿區三鹿里自強路105巷57號1樓,24.166991,120.604427,路名
台中市沙鹿區三鹿里自強路175巷110弄23號1樓,24.205703,120.562198,門牌
台中市沙鹿區三鹿里自強路698號1樓,24.206835,120.561237,門牌
台中市沙鹿區三鹿里自立路12號1樓,24.101826,120.698526,門牌
台中市沙鹿區公明里中清路六段161號1樓,24.205857,120.646741,路名
台中市沙鹿區公明里中清路六段261巷289號1樓,24.205857,120.646741,路名
台中市沙鹿區公明里忠貞路45巷14號,24.245021,120.606202,門牌
台中市沙鹿區公明里忠貞路45巷19號1樓,24.244941,120.606389,門牌
台中市沙鹿區六路里六合路131巷7號1樓,24.218372,120.574817,門牌
台中市沙鹿區六路里六路十九街17號1樓,24.215364,120.571738,門牌
台中市沙鹿區六路里平等一街52號1樓,24.218629,120.570755,門牌
台中市沙鹿區六路里平等七街11之1號1樓,24.218121,120.574436,門牌
台中市沙鹿區六路里平等十二街31號,24.217761,120.576657,門牌
台中市沙鹿區六路里平等路152巷196號1樓,24.218126,120.578354,門牌
台中市沙鹿區六路里平等路175巷7號1樓,24.218915,120.577317,門牌
台中市沙鹿區北勢東路615巷2弄16號1樓,24.229349,120.573172,門牌
台中市沙鹿區北勢里東晉八街191號1樓,24.224900,120.572292,路名
台中市沙鹿區南勢里南斗路77巷88號,24.216905,120.564620,路名
台中市沙鹿區南勢里南昌路28巷7號3樓,24.216525,120.561084,門牌
台中市沙鹿區南斗路112巷11號,24.217128,120.566225,門牌
台中市沙鹿區向上路六段840號2樓,24.160212,120.630866,路名
台中市沙鹿區四平街53之1號,24.233808,120.560359,路名
台中市沙鹿區四平街53號,24.233910,120.560114,門牌
台中市沙鹿區埔子里北勢東路139號,24.208361,120.580577,門牌
台中市沙鹿區埔子里台灣大道六段226號,24.185347,120.617995,路名
台中市沙鹿區埔子里正德路191巷9號1樓,24.202338,120.573057,門牌
台中市沙鹿區埔子里正義路220巷4號1樓,24.204430,120.574107,門牌
台中市沙鹿區埔子里正順路21巷56號1樓,24.204990,120.570658,門牌
台中市沙鹿區埔子里正順路21巷65號,24.204602,120.570668,門牌
台中市沙鹿區埔子里鎮南路一段410號1樓,24.222326,120.568088,路名
台中市沙鹿區成功東街71號1樓,24.242214,120.563283,門牌
台中市沙鹿區成功東街93號2樓,24.242051,120.564117,門牌
台中市沙鹿區斗抵里斗潭路253號,24.227822,120.555028,門牌
台中市沙鹿區星河路445之2號,24.256316,120.571817,路名
台中市沙鹿區晉江里東晉東路122號1樓,24.221655,120.580385,門牌
台中市沙鹿區東晉東路122號,24.221655,120.580385,門牌
台中市沙鹿區正義路220巷4號1樓,24.204430,120.574107,門牌
台中市沙鹿區正英九街18號1樓,24.210225,120.577285,門牌
台中市沙鹿區正英二街56號1樓,24.210125,120.570654,門牌
台中市沙鹿區正英二街58號1樓,24.210098,120.570693,門牌
台中市沙鹿區沙田路45號,24.231511,120.558302,門牌
台中市沙鹿區洛泉里光華路243號1樓,24.237784,120.564257,門牌
台中市沙鹿區清泉路142巷27號1樓,24.239493,120.615890,門牌
台中市沙鹿區清泉里清泉路1之10號,24.237316,120.619633,門牌
台中市沙鹿區犁份里中山路19巷12號1至2樓及16號1樓,24.244299,120.591811,門牌
台中市沙鹿區犁分里七賢南路60之3號1樓,24.241939,120.574595,路名
台中市沙鹿區犁分里中山路22之23號,24.224180,120.663068,路名
台中市沙鹿區福安街54號1樓,24.242959,120.562673,門牌
台中市沙鹿區福安街54號3樓,24.242959,120.562673,門牌
台中市沙鹿區福興里東晉路143號1樓,24.222327,120.572763,門牌
台中市沙鹿區福興里福幼街27巷51號1樓,24.229268,120.566054,門牌
台中市沙鹿區福興里福至路180巷1號1樓,24.224358,120.561915,門牌
台中市沙鹿區竹林里中山路47號之6,24.205971,120.644223,門牌
台中市沙鹿區竹林里中山路53巷32之69號1樓,24.237011,120.574310,門牌
台中市沙鹿區竹林里福田北街2號,24.242854,120.571006,門牌
台中市沙鹿區自強路255巷43號4樓,24.166991,120.604427,路名
台中市沙鹿區自立路198巷37號1樓,24.200249,120.566820,門牌
台中市沙鹿區興安路65號,24.229347,120.551602,門牌
台中市沙鹿區興安路81號,24.228392,120.549465,門牌
台中市沙鹿區西勢里中山路4之72號,24.247302,120.590284,門牌
台中市沙鹿區西勢里中航路一段163號1樓,24.258790,120.597792,路名
台中市沙鹿區西勢里中航路一段645巷16號,24.258790,120.597792,路名
台中市沙鹿區錦華街15號1樓,24.248850,120.563828,門牌
台中市沙鹿區長春路200之3號1樓,24.256634,120.560084,門牌
台中市沙鹿區鹿寮里福鹿街253號1樓,24.247114,120.566492,門牌
台中市沙鹿區鹿峰里中山路618之5號1樓,24.224180,120.663068,路名
台中市沙鹿區鹿峰里中山路673巷10號1樓,24.257367,120.569320,門牌
台中市沙鹿區鹿峰里中山路673巷12號1樓,24.257373,120.569277,門牌
台中市沙鹿區鹿峰里中山路780號,24.248985,120.679696,門牌
台中市沙鹿區鹿峰里星河路391號1樓,24.257741,120.572724,門牌
台中市沙鹿區鹿峰里星河路445之1號,24.256316,120.571817,路名
台中市沙鹿區鹿峰里福德路177號2樓,24.304074,120.718492,門牌
台中市沙鹿區鹿峰里錦衣街143號1樓,24.251648,120.564628,門牌
台中市清水區下湳里三田路1之3號,24.288235,120.584536,門牌
台中市清水區下湳里菁埔路198號,24.285452,120.581378,門牌
台中市清水區下湳里高美路38號1樓,24.293365,120.567548,路名
台中市清水區中央路38巷75號1樓,24.267777,120.551043,門牌
台中市清水區中山路525之3號,24.282641,120.581195,門牌
台中市清水區中山路539之10號,24.286574,120.584454,門牌
台中市清水區中社里15鄰中社路97之55號1樓,24.272882,120.548685,門牌
台中市清水區中華路151之2號8樓,24.264441,120.562786,門牌
台中市清水區中華路81號2樓,24.110812,120.641430,門牌
台中市清水區仁愛路120號,24.096828,120.703886,門牌
台中市清水區北五路10號,24.289602,120.530379,門牌
台中市清水區南寧里29鄰中清路八段633號,24.205857,120.646741,路名
台中市清水區南寧里中清路八段715號,24.205857,120.646741,路名
台中市清水區南社里中正北街97巷1號,24.264884,120.570100,門牌
台中市清水區南社里仁愛路11巷30號1樓,24.260598,120.552751,門牌
台中市清水區南社里信義二街73號一樓,24.262859,120.550886,門牌
台中市清水區南社里信義路33號1樓,24.042979,120.696592,門牌
台中市清水區南社里南社路183號,24.262422,120.564053,門牌
台中市清水區南社里南社路301巷69之6號,24.263851,120.559230,門牌
台中市清水區南社里忠孝西路75號1樓,24.262520,120.557560,路名
台中市清水區南社里民族路二段322號,24.145545,120.673025,門牌
台中市清水區南社里鰲新路143巷16號1樓,24.267012,120.553830,門牌
台中市清水區南社里鰲新路145巷45號1樓,24.267634,120.553524,門牌
台中市清水區吳厝里吳厝六街37巷13號1樓,24.269271,120.606112,門牌
台中市清水區吳厝里和睦路三段12號,24.279361,120.644296,路名
台中市清水區和睦路一段1005巷89號,24.279361,120.644296,路名
台中市清水區國姓里三美路108之10號,24.297358,120.577204,門牌
台中市清水區國姓里三美路156巷53-1號,24.301779,120.574140,路名
台中市清水區東山里神清路87號,24.263562,120.658182,門牌
台中市清水區東山里神清路9之23號,24.275381,120.635331,門牌
台中市清水區楊厝里頂三庄路142號,24.292489,120.614079,路名
台中市清水區槺榔里忠誠路181巷6弄12號1樓,24.271635,120.546815,門牌
台中市清水區槺榔里忠誠路183號1樓,24.271936,120.546471,門牌
台中市清水區槺榔里槺榔二街56號,24.264266,120.547361,門牌
台中市清水區槺榔里民族路三段356巷36號2樓,24.207097,120.644939,路名
台中市清水區槺榔里港新五路217號4樓之1,24.269966,120.536927,路名
台中市清水區槺榔里臨港路五段182巷2弄16號,24.263036,120.532102,路名
台中市清水區槺榔里臨港路五段182巷2弄9號1樓,24.263036,120.532102,路名
台中市清水區槺榔里鰲新二街32號1樓,24.268484,120.553202,門牌
台中市清水區橋頭里中華路538巷8號1樓,24.275504,120.572233,門牌
台中市清水區橋頭里五權東路99號,24.274806,120.573391,門牌
台中市清水區橋頭里五權路155號1樓,24.276803,120.565563,門牌
台中市清水區橋頭里五權路48之1號1樓,24.276564,120.569781,門牌
台中市清水區橋頭里鎮新五街55號1樓,24.273874,120.571129,門牌
台中市清水區橋頭里高美路299巷80之6號,24.286238,120.569118,門牌
台中市清水區武鹿里中清路九段535巷8弄16號1樓,24.205857,120.646741,路名
台中市清水區武鹿里公正路159之7號1樓,24.280795,120.556683,門牌
台中市清水區武鹿里公正路87之2號1樓,24.280275,120.558219,門牌
台中市清水區武鹿里莊敬路50號1樓,24.279298,120.546629,門牌
台中市清水區武鹿里華江南街二段20號,24.279180,120.562206,路名
台中市清水區海濱里中清路九段1298號,24.205857,120.646741,路名
台中市清水區海濱里八德路四段156號,24.256831,120.638617,路名
台中市清水區海濱里北堤路35號,24.291191,120.526300,門牌
台中市清水區海濱里北橫七路7號,24.290337,120.530491,門牌
台中市清水區海濱里文興路199號1樓,24.285178,120.539706,路名
台中市清水區海濱里臨港路五段538巷15號1樓,24.263036,120.532102,路名
台中市清水區海濱里莊敬路150巷15號1樓,24.280020,120.545301,門牌
台中市清水區海風里海風一街368巷21號1樓,24.298189,120.620712,路名
台中市清水區港埠路三段211號15樓之5,24.253382,120.537448,路名
台中市清水區田寮里中華路699巷50號2樓,24.280489,120.577397,門牌
台中市清水區秀水里中社路48之51號,24.266946,120.553182,路名
台中市清水區秀水里五權路236號1樓,24.198068,120.651960,路名
台中市清水區秀水里民享一街42號1樓,24.275353,120.562558,門牌
台中市清水區秀水里民享路337號1樓,24.274365,120.560192,門牌
台中市清水區秀水里海濱路217之12號（限一樓）,24.279386,120.558285,路名
台中市清水區西社里中清路九段91巷30弄22號,24.205857,120.646741,路名
台中市清水區西社里中清路九段91巷30弄22號1樓,24.205857,120.646741,路名
台中市清水區西社里中華路319號,24.268672,120.566478,門牌
台中市清水區西社里海濱路51巷12號1樓,24.271183,120.570339,門牌
台中市清水區鎮南街104號2樓,24.268644,120.571618,門牌
台中市清水區高北里海口北路104號,24.318731,120.556765,門牌
台中市清水區高北里海口北路49號之1(1樓),24.317665,120.558832,門牌
台中市清水區高北里海口北路78之7號,24.318673,120.557854,門牌
台中市清水區高東里三美路254-11號,24.301779,120.574140,路名
台中市清水區高美里護岸路1之6號,24.310785,120.562624,門牌
台中市清水區高美里高美路606之21之1號1樓,24.293365,120.567548,路名
台中市清水區高美里高美路607之3號1樓,24.293365,120.567548,路名
台中市清水區高西里高美路721巷31-8號,24.293365,120.567548,路名
台中市清水區高西里高美路721巷31之8號,24.293365,120.567548,路名
台中市潭子區中山路3段305巷54號,24.229488,120.705252,門牌
台中市潭子區中山路一段36號1樓,24.329774,120.652543,門牌
台中市潭子區中山路三段305巷70號,24.224180,120.663068,路名
台中市潭子區中山路二段23號1樓,24.082906,120.696524,門牌
台中市潭子區中山路二段241巷50號1樓,24.224180,120.663068,路名
台中市潭子區中山路二段351巷5號1樓,24.224180,120.663068,路名
台中市潭子區中興北路113號1樓,24.193865,120.704505,門牌
台中市潭子區勝利六街31號,24.209532,120.700176,門牌
台中市潭子區南二路28號,24.217554,120.700485,門牌
台中市潭子區嘉仁里嘉豐路1巷2弄5號1樓,24.218407,120.714341,門牌
台中市潭子區嘉仁里嘉豐路318巷11號,24.225895,120.715229,門牌
台中市潭子區嘉仁里嘉豐路349號1樓,24.227510,120.715047,門牌
台中市潭子區嘉仁里嘉豐路60號1樓,24.219241,120.714974,門牌
台中市潭子區大富里大富路三段165巷29號1樓,24.222999,120.685039,路名
台中市潭子區大富里民族路二段1巷2弄9號1樓,24.207097,120.644939,路名
台中市潭子區大豐路二段151巷27號1樓,24.221077,120.692619,路名
台中市潭子區大豐里大豐路三段123號,24.221077,120.692619,路名
台中市潭子區大豐里大豐路三段48號,24.221077,120.692619,路名
台中市潭子區大豐里潭富二街59巷6號11樓之1,24.220872,120.692498,門牌
台中市潭子區大豐里潭富路2段163之3號1樓,24.224380,120.695118,門牌
台中市潭子區大豐里潭富路二段194巷61號1樓,24.223784,120.695733,路名
台中市潭子區大豐里雅豐街160巷25號1樓,24.219861,120.694723,門牌
台中市潭子區大豐里雅豐街197巷21號1樓,24.221880,120.693700,門牌
台中市潭子區家福里大通街151號1樓,24.192318,120.697751,門牌
台中市潭子區家福里榮興街83巷4號,24.189583,120.701558,門牌
台中市潭子區家興里榮興街83巷31號4樓,24.189394,120.700905,門牌
台中市潭子區建國路18號,24.045130,120.694911,門牌
台中市潭子區建國路24號,24.143699,120.673091,路名
台中市潭子區復興路二段50巷4弄13號,24.147942,120.695919,路名
台中市潭子區新田里豐興路二段113之7號1樓,24.205850,120.723985,路名
台中市潭子區新田里豐興路二段202之2號,24.205850,120.723985,路名
台中市潭子區昌平路三段168巷25號1樓,24.203648,120.681606,路名
台中市潭子區東寶里大富路一段2巷21弄8號1樓,24.222999,120.685039,路名
台中市潭子區東寶里大德北路41號1樓,24.205543,120.676661,門牌
台中市潭子區東寶里大明一路101號1樓,24.205053,120.675591,門牌
台中市潭子區東寶里大明一路106巷2號1樓,24.204870,120.675965,門牌
台中市潭子區東寶里大豐一路56號,24.209726,120.687967,路名
台中市潭子區東寶里崇德路五段37號,24.180494,120.685819,路名
台中市潭子區東寶里雅潭路2段202巷13號2樓,24.216524,120.692555,門牌
台中市潭子區東寶里雅潭路2段24巷18號1樓,24.217369,120.697142,門牌
台中市潭子區栗林里2鄰豐栗路63巷22號,24.230837,120.706732,門牌
台中市潭子區栗林里中山路三段169號,24.328532,120.656382,門牌
台中市潭子區栗林里中山路三段201、203號,24.224180,120.663068,路名
台中市潭子區栗林里中山路三段287巷9弄154號,24.224180,120.663068,路名
台中市潭子區栗林里民生街131巷8號,24.231152,120.710509,門牌
台中市潭子區栗林里民生街25號1樓,24.154393,120.713332,門牌
台中市潭子區栗林里豐栗路133巷29號,24.230470,120.704443,門牌
台中市潭子區栗林里豐栗路133巷3號,24.230948,120.704721,門牌
台中市潭子區栗林里豐栗路57號,24.231385,120.706328,路名
台中市潭子區栗林里豐栗路63巷73號,24.229484,120.706771,門牌
台中市潭子區潭富路二段6之1號1樓,24.223784,120.695733,路名
台中市潭子區潭富路二段81巷42號1樓,24.223784,120.695733,路名
台中市潭子區潭秀里南環路19號,24.225541,120.586150,路名
台中市潭子區潭秀里建國路33-1號,24.143699,120.673091,路名
台中市潭子區潭興路一段17巷11之6號,24.206872,120.714757,路名
台中市潭子區潭興路一段17巷13之146號,24.206872,120.714757,路名
台中市潭子區潭興路二段36巷83號2樓,24.206872,120.714757,路名
台中市潭子區潭陽里中山路二段351巷7號13樓之1,24.224180,120.663068,路名
台中市潭子區潭陽里大智街18號1樓,24.130363,120.718568,門牌
台中市潭子區潭陽里復興路二段43號1樓,24.346151,120.620559,門牌
台中市潭子區潭陽里潭子街一段6巷1號1樓,24.212971,120.706743,路名
台中市潭子區潭陽里潭興路三段6號14樓之2,24.206872,120.714757,路名
台中市潭子區潭陽里甘水路一段58號1樓,24.206396,120.700100,路名
台中市潭子區甘蔗里勝利九街33號2樓之2,24.211252,120.699695,門牌
台中市潭子區甘蔗里勝利十一街12號,24.212700,120.700989,門牌
台中市潭子區甘蔗里勝利十三街15號地下層,24.214088,120.699929,門牌
台中市潭子區甘蔗里勝利十街78號1樓,24.212906,120.701750,門牌
台中市潭子區甘蔗里興華一路521號（限一樓）,24.214069,120.700921,門牌
台中市潭子區祥和路33號,24.229865,120.711818,路名
台中市潭子區祥和路47號5樓,24.229315,120.713808,門牌
台中市潭子區福仁里12鄰圓通南路23巷8之1號1樓,24.206130,120.709036,門牌
台中市潭子區福仁里合作街8巷8號1樓,24.203992,120.709353,門牌
台中市潭子區福仁里大新路40巷9號一樓,24.202638,120.708080,門牌
台中市潭子區福仁里大新路80巷25號2樓,24.203183,120.706624,門牌
台中市潭子區福仁里復興路一段223號1樓,24.147942,120.695919,路名
台中市潭子區聚興里興豐山莊300號1樓,24.201379,120.725755,路名
台中市潭子區聚興里豐興路一段577巷45號1樓,24.205850,120.723985,路名
台中市潭子區興華一路181號1樓,24.207626,120.703139,門牌
台中市潭子區豐栗路27巷23號1樓,24.230600,120.707534,門牌
台中市潭子區豐興路一段437巷2弄10號2樓,24.205850,120.723985,路名
台中市潭子區頭家東里中山路一段142號3樓之2,24.327724,120.655037,門牌
台中市潭子區頭家東里中山路一段96號1樓,24.328443,120.654023,門牌
台中市潭子區頭家里中山路一段203號1樓,24.212292,120.646370,門牌
台中市潭子區頭家里得天街16號1樓,24.194912,120.701288,門牌
台中市潭子區頭家里得天街37號1樓,24.195729,120.701039,門牌
台中市烏日區三和路68號4樓之1,24.237834,120.707548,門牌
台中市烏日區三和里三和路68號,24.237834,120.707548,門牌
台中市烏日區三和里三榮路一段383號1樓,24.106756,120.602872,路名
台中市烏日區三和里三榮路一段403號13樓之3,24.106756,120.602872,路名
台中市烏日區三和里三榮路一段486號8樓之1,24.106756,120.602872,路名
台中市烏日區三和里三榮路一段98號,24.106756,120.602872,路名
台中市烏日區三和里中山路三段336號,24.240346,120.560647,門牌
台中市烏日區三和里環河路四段260號,24.121089,120.641004,路名
台中市烏日區三和里高鐵路二段146號19樓之13,24.106586,120.602074,路名
台中市烏日區三榮七路162號2樓,24.107573,120.604787,門牌
台中市烏日區三榮路二段446號1樓,24.106756,120.602872,路名
台中市烏日區三民街70號1樓,24.104478,120.621846,門牌
台中市烏日區中山路一段229巷18號,24.224180,120.663068,路名
台中市烏日區中山路三段1337號,24.258711,120.661516,門牌
台中市烏日區九德里中山路一段678號,24.247519,120.681339,門牌
台中市烏日區九德里中華路231巷18號4樓,24.111473,120.638849,門牌
台中市烏日區九德里中華路286號1樓,24.112251,120.638849,門牌
台中市烏日區九德里中華路286號一樓,24.112251,120.638849,門牌
台中市烏日區九德里自強街4號1樓,24.109125,120.635498,門牌
台中市烏日區九德里長春街105號,24.110059,120.642167,門牌
台中市烏日區九德里長春街458號2樓,24.108283,120.633675,門牌
台中市烏日區九德里長春街583巷48號1樓,24.107540,120.632756,門牌
台中市烏日區五光路805巷18號,24.097819,120.632894,門牌
台中市烏日區五光路805巷9號,24.098631,120.640121,路名
台中市烏日區五光路930巷17弄19號1樓,24.102178,120.629317,門牌
台中市烏日區五光里五光路189巷78號4樓,24.098631,120.640121,路名
台中市烏日區五光里環河路一段1036巷20號,24.121089,120.641004,路名
台中市烏日區仁德里中山路一段369巷12號1樓,24.224180,120.663068,路名
台中市烏日區仁德里中山路一段525號11樓之1,24.283047,120.581900,門牌
台中市烏日區仁德里仁德街92號3樓,24.104197,120.640559,門牌
台中市烏日區仁德里麻園東三街32巷2號1樓,24.104838,120.632641,門牌
台中市烏日區仁德里麻園溪東路102號,24.104470,120.632276,門牌
台中市烏日區光明路157巷68弄7號1樓,24.163640,120.654907,路名
台中市烏日區光明路385巷21號2樓,24.163640,120.654907,路名
台中市烏日區光明里五光路598號1樓,24.093437,120.644828,門牌
台中市烏日區光明里五光路607巷16號1、2樓,24.096869,120.635625,門牌
台中市烏日區光明里五光路931巷28之15號,24.098631,120.640121,路名
台中市烏日區前竹里光明路162巷33號,24.100088,120.650400,門牌
台中市烏日區太明路53巷20號1樓,24.058156,120.660297,門牌
台中市烏日區學田路300號1樓,24.116086,120.608792,門牌
台中市烏日區學田里學田路342號,24.118203,120.608109,門牌
台中市烏日區學田里學田路563巷5號1樓,24.122785,120.606741,門牌
台中市烏日區學田里學田路658巷32號1樓,24.124026,120.607615,門牌
台中市烏日區弘德街18巷16號1樓,24.103657,120.641534,門牌
台中市烏日區明德街67號1樓,24.108432,120.634996,門牌
台中市烏日區東園里溪南路1段18巷610弄82號,24.071081,120.642841,路名
台中市烏日區東園里溪南路一段238巷243弄6號1樓,24.071081,120.642841,路名
台中市烏日區榮泉里中山路三段1335巷57之1號,24.224180,120.663068,路名
台中市烏日區榮泉里中山路三段1335巷57號1樓,24.224180,120.663068,路名
台中市烏日區榮泉里健行北一路156號8樓之3,24.112310,120.593342,路名
台中市烏日區榮泉里長壽路49號,24.421678,120.637980,門牌
台中市烏日區民權街49巷13號1樓,24.109854,120.627174,門牌
台中市烏日區湖日里17鄰榮泰街99號1樓,24.104697,120.616410,門牌
台中市烏日區溪南路一段405號1樓,24.071081,120.642841,路名
台中市烏日區溪南路一段553巷30號1樓,24.071081,120.642841,路名
台中市烏日區溪南路一段680巷315弄88號1樓,24.071081,120.642841,路名
台中市烏日區溪南路三段852號1樓,24.071081,120.642841,路名
台中市烏日區溪埧里溪南路1段575巷28號,24.075122,120.643807,門牌
台中市烏日區溪埧里溪南路一段126巷91弄69號,24.071081,120.642841,路名
台中市烏日區溪埧里溪南路一段186號1樓,24.071081,120.642841,路名
台中市烏日區溪埧里溪南路一段277巷23弄1號,24.071081,120.642841,路名
台中市烏日區溪埧里溪南路一段460巷135弄36號1樓,24.071081,120.642841,路名
台中市烏日區溪埧里溪南路一段506巷66號,24.071081,120.642841,路名
台中市烏日區溪埧里溪福路128巷32號,24.073717,120.649249,門牌
台中市烏日區溪埧里溪福路1巷110弄132號,24.072535,120.646635,路名
台中市烏日區溪埧里溪福路313號,24.072771,120.644135,門牌
台中市烏日區溪壩里環中路八段588巷19弄1號,24.156081,120.655271,路名
台中市烏日區烏日里五光路1109號一樓,24.105598,120.626131,門牌
台中市烏日區烏日里五光路930巷17弄8號﹝限一樓﹞,24.102052,120.629675,門牌
台中市烏日區烏日里五光路930巷31號,24.102295,120.630005,門牌
台中市烏日區烏日里五光路930巷37弄50號1樓,24.103325,120.629590,門牌
台中市烏日區烏日里公園路333巷6弄2號1樓,24.102404,120.623437,門牌
台中市烏日區烏日里公園路436號1樓,24.134526,120.666434,路名
台中市烏日區烏日里公園路77號9樓之7,24.101549,120.626640,門牌
台中市烏日區烏日里大同路18號1樓,24.110256,120.626142,門牌
台中市烏日區烏日里大同路23號,24.061837,120.699876,門牌
台中市烏日區環中路八段680巷36弄38號,24.156081,120.655271,路名
台中市烏日區環河北路248號,24.101834,120.623816,門牌
台中市烏日區環河北路286號,24.102346,120.622772,門牌
台中市烏日區環河路二段336號,24.121089,120.641004,路名
台中市烏日區環河路四段178號,24.163670,120.630293,門牌
台中市烏日區興德街7巷10號1樓,24.111166,120.637977,門牌
台中市烏日區螺潭里慶光路103之2號1樓,24.063133,120.633832,路名
台中市烏日區螺潭里慶光路112之36號,24.086182,120.626171,門牌
台中市烏日區螺潭里慶光路79之7號,24.063133,120.633832,路名
台中市烏日區螺潭里溪南路二段169巷46號1樓,24.071081,120.642841,路名
台中市烏日區螺潭里溪南路二段68巷250弄41號,24.071081,120.642841,路名
台中市烏日區長春街176號5樓之2,24.109940,120.639943,門牌
台中市烏日區長春街223號6樓,24.109403,120.639195,門牌
台中市烏日區高鐵路一段1號,24.106586,120.602074,路名
台中市烏日區麻園溪東路106號1樓,24.104752,120.632209,門牌
台中市石岡區九房里明德路35號,24.274261,120.781414,門牌
台中市石岡區和盛里豐勢路1巷60號1樓,24.265233,120.785435,路名
台中市石岡區石岡里石岡街112號一樓,24.276469,120.774847,門牌
台中市石岡區萬安里忠孝街114號1樓,24.275317,120.777749,門牌
台中市神岡區三社路209巷26號,24.240198,120.687675,路名
台中市神岡區三社路269號,24.241093,120.686762,門牌
台中市神岡區三角里三社路143巷1號1樓,24.237741,120.691781,門牌
台中市神岡區三角里三社路241巷52號1樓,24.239020,120.686792,門牌
台中市神岡區三角里大富路210巷43號1樓,24.233070,120.684000,門牌
台中市神岡區三角里大富路98巷19號,24.246069,120.693260,門牌
台中市神岡區中山路1029之38號,24.224180,120.663068,路名
台中市神岡區中山路1029號,24.224180,120.663068,路名
台中市神岡區中山路1538號1樓,24.259016,120.659012,門牌
台中市神岡區中山路360巷6號,24.248863,120.689572,門牌
台中市神岡區中山路667巷23號,24.247533,120.679210,門牌
台中市神岡區五權路110號1樓,24.256998,120.712113,門牌
台中市神岡區北庄里中山路1242之1號1樓,24.257363,120.668393,門牌
台中市神岡區北庄里中山路1302號,24.258004,120.666045,門牌
台中市神岡區北庄里中山路893巷9之2號,24.224180,120.663068,路名
台中市神岡區北庄里中山路897號1樓,24.224180,120.663068,路名
台中市神岡區北庄里中山路989巷11之5號,24.252252,120.671508,門牌
台中市神岡區和睦路一段506巷5號1樓,24.279361,120.644296,路名
台中市神岡區和睦路一段537巷26號,24.279361,120.644296,路名
台中市神岡區圳前里中山路1720巷15弄5號,24.261391,120.650790,門牌
台中市神岡區圳前里圳岸路5號,24.259459,120.653575,門牌
台中市神岡區圳堵里和睦路一段212巷36號,24.279361,120.644296,路名
台中市神岡區圳堵里福成路84－5號,24.236783,120.590710,路名
台中市神岡區圳堵里福成路90之6號1樓,24.236783,120.590710,路名
台中市神岡區大富路20巷45之1號,24.247509,120.694872,門牌
台中市神岡區大富路20巷71號,24.246992,120.693012,門牌
台中市神岡區大社里大洲路217巷97之2號1樓,24.255407,120.700739,門牌
台中市神岡區大社里大漢街143之1號1樓,24.253364,120.698940,路名
台中市神岡區大社里大漢街161巷27號1樓,24.253308,120.700816,門牌
台中市神岡區大社里大漢街46號13樓,24.253040,120.697969,門牌
台中市神岡區大社里大漢街53巷17號4樓,24.253900,120.698257,門牌
台中市神岡區大社里大漢街63巷28號,24.253833,120.698653,門牌
台中市神岡區大社里大裡街100巷23號1樓,24.251917,120.698468,門牌
台中市神岡區大社里豐社路37號1樓,24.251121,120.700751,門牌
台中市神岡區山皮里光復路115巷35號1樓,24.253229,120.650887,門牌
台中市神岡區山皮里光復路517巷23號,24.243865,120.643213,門牌
台中市神岡區岸裡里中山路150巷89號1樓,24.253907,120.691805,門牌
台中市神岡區岸裡里中山路36號1樓,24.329774,120.652543,門牌
台中市神岡區岸裡里大圳路15之7號,24.255307,120.693644,門牌
台中市神岡區岸裡里大圳路19之1號1樓,24.254793,120.692898,門牌
台中市神岡區岸裡里大富路20巷58號,24.247595,120.694195,門牌
台中市神岡區岸裡里大富路61巷55號,24.246668,120.696296,門牌
台中市神岡區岸裡里大洲路482號1樓,24.248946,120.695927,門牌
台中市神岡區岸裡里大豐路五段295巷84號,24.221077,120.692619,路名
台中市神岡區庄前路35之6號,24.249230,120.664670,路名
台中市神岡區庄前里神林路12巷31號1樓,24.256746,120.660615,門牌
台中市神岡區庄前里神林路47巷45號1樓,24.242402,120.658084,路名
台中市神岡區庄後里厚生路57號,24.258640,120.672723,門牌
台中市神岡區庄後里厚生路70號,24.261935,120.674307,門牌
台中市神岡區庄後里大圳路48號,24.260418,120.679274,門牌
台中市神岡區成功路23號,24.085096,120.698737,門牌
台中市神岡區文昌街369號1樓,24.250429,120.680407,門牌
台中市神岡區新庄里中平路215號1樓,24.125131,120.717238,門牌
台中市神岡區新庄里和睦路一段888號,24.279361,120.644296,路名
台中市神岡區新庄里新興路40之1號1樓,24.181048,120.588365,門牌
台中市神岡區新庄里新興路51巷5號,24.180899,120.587036,門牌
台中市神岡區新庄里溪頭路326號,24.290625,120.644870,門牌
台中市神岡區新庄里溪頭路66號,24.282454,120.655373,門牌
台中市神岡區昌平路五段90號,24.203648,120.681606,路名
台中市神岡區民權二街65巷5號,24.251461,120.685567,門牌
台中市神岡區民生路12之1號1樓,24.246255,120.682329,門牌
台中市神岡區溪洲里溪洲路502號,24.195158,120.658966,路名
台中市神岡區溪洲里溪洲路71號1樓,24.273270,120.691817,門牌
台中市神岡區溪洲里神洲路701巷90號,24.271136,120.688418,門牌
台中市神岡區溪洲里神洲路716巷36號,24.273817,120.689668,門牌
台中市神岡區溪洲里福民路11巷7號,24.269187,120.681340,門牌
台中市神岡區溪洲里豐洲路1096號,24.268742,120.685556,門牌
台中市神岡區社南里中山路397號,24.247391,120.689213,門牌
台中市神岡區社南里中山路667巷26弄17號,24.248882,120.675791,門牌
台中市神岡區社南里中山路667巷26弄25號1樓,24.249231,120.675181,門牌
台中市神岡區社南里中山路667巷26弄32號,24.224180,120.663068,路名
台中市神岡區社南里中山路667巷32弄6號1樓,24.247710,120.676953,門牌
台中市神岡區社南里中山路851巷28弄14號,24.252021,120.672927,門牌
台中市神岡區社南里中山路851巷43號,24.251057,120.672814,門牌
台中市神岡區社南里社南街5巷15弄17號,24.246322,120.688466,門牌
台中市神岡區社口里8鄰文政街15號,24.248279,120.681094,門牌
台中市神岡區社口里中山路606號1樓,24.246846,120.682717,門牌
台中市神岡區社口里民權一街133號2樓,24.249970,120.684600,門牌
台中市神岡區社口里社口街42巷26之2號,24.248782,120.688026,門牌
台中市神岡區社口里社口街499巷22號1樓,24.250091,120.679112,門牌
台中市神岡區社口里社口街61巷8號1樓,24.248966,120.686433,門牌
台中市神岡區神圳路25之5號1樓,24.260375,120.661636,門牌
台中市神岡區神岡里中山路1365巷7號,24.258218,120.655772,門牌
台中市神岡區神岡里中山路1448號,24.259433,120.661975,門牌
台中市神岡區神岡里中正南街37巷22號,24.257130,120.657571,門牌
台中市神岡區神林路70巷3號,24.253552,120.659993,門牌
台中市神岡區神林路90巷19之16號1樓,24.247428,120.665251,門牌
台中市神岡區神洲路716巷71號1樓,24.275091,120.689655,門牌
台中市神岡區神洲里堤南路35號,24.279079,120.700630,門牌
台中市神岡區神洲里大明路191巷42號,24.270755,120.697154,門牌
台中市神岡區神洲里神洲路619號,24.272487,120.694592,門牌
台中市神岡區豐洲路265號1樓,24.259874,120.707956,門牌
台中市神岡區豐洲里五權路110號1樓,24.256998,120.712113,門牌
台中市神岡區豐洲里五權路88巷68號,24.257130,120.710353,門牌
台中市神岡區豐洲里國豐路一段149號,24.273802,120.731856,路名
台中市神岡區豐洲里大明路2巷41號,24.263533,120.701914,門牌
台中市神岡區豐洲里東洲路193號,24.270397,120.709505,門牌
台中市神岡區豐洲里豐工中路16號,24.278211,120.709189,門牌
台中市神岡區豐洲里豐工路806號,24.277035,120.705316,門牌
台中市神岡區豐洲里豐洲路180巷48號,24.259363,120.711101,門牌
台中市西區三民里公舘路104號1樓,24.133992,120.670331,門牌
台中市西區中興街183號4樓之1,24.163458,120.824856,門牌
台中市西區中興里中興八巷2號1樓,24.150099,120.662606,門牌
台中市西區五權七街112巷6號5樓,24.135566,120.661259,門牌
台中市西區五權五街58號1樓,24.136493,120.657828,路名
台中市西區五權西路一段257號10樓之4,24.145121,120.636090,路名
台中市西區五權路1-67號9樓之3,24.198068,120.651960,路名
台中市西區五權路29之2號2樓,24.144276,120.669728,門牌
台中市西區公平里精誠路39之7號3樓,24.153749,120.655262,門牌
台中市西區公德里大忠街7號1樓,24.143806,120.656591,門牌
台中市西區公德里精誠二十九街18號12樓之2,24.143089,120.655875,門牌
台中市西區公正里公益路383號6樓,24.150637,120.653505,門牌
台中市西區公正里向上路一段486號1樓,24.160212,120.630866,路名
台中市西區公正里大同街250號1樓,24.148560,120.654067,門牌
台中市西區公正里大進街114號1樓,24.145344,120.651397,門牌
台中市西區公正里大進街206號1樓,24.145907,120.651402,門牌
台中市西區公正里精忠街48號1樓,24.152461,120.653567,門牌
台中市西區公民里忠仁街104號1樓,24.141738,120.669621,門牌
台中市西區公民里貴和街151號2樓之1,24.138574,120.667549,門牌
台中市西區公益路130號11樓,24.151052,120.660409,門牌
台中市西區公益路161號10樓之9,24.150673,120.662600,門牌
台中市西區公益路161號13樓之2,24.150673,120.662600,門牌
台中市西區公益路161號6樓之2,24.150673,120.662600,門牌
台中市西區公益路367號13樓之2,24.150533,120.654165,門牌
台中市西區公益路367號3樓之2,24.150533,120.654165,門牌
台中市西區公益路367號7樓之1,24.150533,120.654165,門牌
台中市西區公益里忠明南路237號5樓之2,24.147664,120.657584,門牌
台中市西區公舘里三民西路135號2樓,24.130073,120.664353,門牌
台中市西區公舘里南屯路一段31巷15之1號,24.137505,120.647118,路名
台中市西區公館里柳川東路2段76巷8號3樓,24.133708,120.665664,門牌
台中市西區南屯路一段140號1樓,24.137505,120.647118,路名
台中市西區博館路117號3樓之1,24.156396,120.665126,門牌
台中市西區双龍里模範街21巷15號5樓,24.148711,120.665629,門牌
台中市西區双龍里模範街34巷9號,24.149141,120.667161,門牌
台中市西區台灣大道二段101號5樓,24.185347,120.617995,路名
台中市西區台灣大道二段218號29樓,24.185347,120.617995,路名
台中市西區台灣大道二段285號20樓,24.185347,120.617995,路名
台中市西區台灣大道二段2號18樓之1,24.185347,120.617995,路名
台中市西區台灣大道二段300號7樓之5,24.185347,120.617995,路名
台中市西區台灣大道二段307號13樓之1,24.185347,120.617995,路名
台中市西區台灣大道二段307號6樓之1,24.185347,120.617995,路名
台中市西區台灣大道二段341號1樓,24.185347,120.617995,路名
台中市西區台灣大道二段406號8樓之3,24.185347,120.617995,路名
台中市西區台灣大道二段408號2樓,24.185347,120.617995,路名
台中市西區台灣大道二段489號27樓之1,24.185347,120.617995,路名
台中市西區台灣大道二段489號27樓之2,24.185347,120.617995,路名
台中市西區台灣大道二段501號10樓之2,24.185347,120.617995,路名
台中市西區台灣大道二段501號19樓之2,24.185347,120.617995,路名
台中市西區台灣大道二段501號21樓之1,24.185347,120.617995,路名
台中市西區吉龍里五權七街112巷6號5樓,24.135566,120.661259,門牌
台中市西區吉龍里五權五街118號1樓,24.136722,120.660351,門牌
台中市西區吉龍里五權西二街48號1樓,24.138366,120.663685,門牌
台中市西區吉龍里美村路一段771巷1號3樓之2,24.138025,120.662228,路名
台中市西區向上南路一段223號三樓之1,24.145061,120.653520,路名
台中市西區向上路一段79巷6號9樓,24.160212,120.630866,路名
台中市西區和龍里博館二街230號5樓,24.149949,120.671850,門牌
台中市西區和龍里台灣大道二段2號19樓之7,24.185347,120.617995,路名
台中市西區和龍里日新街63號,24.150819,120.673130,門牌
台中市西區土庫里華美街51巷10號1樓,24.142268,120.658283,門牌
台中市西區大和路24號7樓之1,24.150424,120.668515,門牌
台中市西區大墩十街19號1樓,24.147597,120.654439,門牌
台中市西區大忠南街132號1樓,24.135275,120.655261,門牌
台中市西區大忠里五權西六街20巷66號4樓,24.139099,120.656117,門牌
台中市西區大忠里五權西路一段257號14樓之1,24.145121,120.636090,路名
台中市西區大忠里五權西路一段257號17樓,24.145121,120.636090,路名
台中市西區大忠里大忠南街117號,24.135890,120.655255,門牌
台中市西區大忠里大忠南街25號9樓之7,24.142061,120.656078,門牌
台中市西區大忠里大忠南街33號2樓,24.141911,120.656065,門牌
台中市西區大忠里忠明南路230號,24.131039,120.662793,路名
台中市西區大業北路29號,24.154967,120.654125,門牌
台中市西區大隆路20號11樓之9,24.155392,120.655069,門牌
台中市西區大隆路20號13樓之6,24.155392,120.655069,門牌
台中市西區大隆路20號14樓之4,24.155392,120.655069,門牌
台中市西區大隆路20號14樓之8,24.155392,120.655069,門牌
台中市西區大隆路20號4樓之5,24.155392,120.655069,門牌
台中市西區大隆路20號6樓之8,24.155392,120.655069,門牌
台中市西區太原路一段184之6號1樓,24.164430,120.686065,路名
台中市西區安龍里五權路29之4號2樓,24.144346,120.669779,門牌
台中市西區安龍里梅川西路一段23號5樓,24.160069,120.675003,路名
台中市西區安龍里梅川西路一段23號7樓,24.160069,120.675003,路名
台中市西區安龍里自治街176號四樓之4,24.141752,120.667785,門牌
台中市西區建國路63號,24.135694,120.681493,門牌
台中市西區後龍里梅川東路一段79號1樓,24.164803,120.677646,路名
台中市西區後龍里梅川東路一段79號3樓,24.164803,120.677646,路名
台中市西區後龍里民權路213巷8號1樓,24.147475,120.668827,門牌
台中市西區後龍里民權路219號2樓,24.148027,120.669639,門牌
台中市西區忠明南路16號3樓之2,24.156116,120.658704,門牌
台中市西區忠明南路497號1樓,24.135790,120.657687,門牌
台中市西區忠明里中美街371號1樓,24.151623,120.660067,門牌
台中市西區忠明里博館路117號8樓之2,24.156396,120.665126,門牌
台中市西區忠誠里公益路174巷183號2樓,24.153809,120.658032,門牌
台中市西區忠誠里台灣大道2段536號5樓之1,24.157285,120.660623,門牌
台中市西區忠誠里台灣大道二段501號25樓之1,24.185347,120.617995,路名
台中市西區忠誠里台灣大道二段536號6樓,24.185347,120.617995,路名
台中市西區忠誠里台灣大道二段573號5樓,24.185347,120.617995,路名
台中市西區忠誠里大隆路20號6樓之5,24.155392,120.655069,門牌
台中市西區忠誠里忠明南路100號,24.153811,120.657181,門牌
台中市西區忠誠里忠明南路16號6樓之6,24.156116,120.658704,門牌
台中市西區忠誠里忠明南路72號1樓,24.154608,120.657791,門牌
台中市西區忠誠里華美西街一段36號8樓之2,24.167942,120.665092,路名
台中市西區昇平里中興街38號1樓,24.306043,120.726016,門牌
台中市西區昇平里福人街76號2樓,24.243080,120.564015,門牌
台中市西區昇平里福人街80號1樓,24.143049,120.659417,門牌
台中市西區昇平里華美街103巷2號6樓之2,24.143890,120.658594,門牌
台中市西區昇平里華美街103巷2號六樓之2,24.143890,120.658594,門牌
台中市西區東興路三段152號2樓,24.129116,120.661009,路名
台中市西區梅川西路一段23號5樓,24.160069,120.675003,路名
台中市西區模範街21巷15號5樓,24.148711,120.665629,門牌
台中市西區民權路213巷8號1樓,24.147475,120.668827,門牌
台中市西區民權路233巷5之1號1樓,24.149419,120.669185,門牌
台中市西區民權路235號,24.149887,120.669606,門牌
台中市西區民權路314巷11號3樓,24.149135,120.670539,門牌
台中市西區民生北路126號地下層,24.149222,120.668258,門牌
台中市西區民生里建國路63號2樓,24.135694,120.681493,門牌
台中市西區民龍里台灣大道二段145號13樓,24.185347,120.617995,路名
台中市西區民龍里台灣大道二段181號4樓之1,24.185347,120.617995,路名
台中市西區民龍里台灣大道二段186號14樓之1,24.185347,120.617995,路名
台中市西區民龍里台灣大道二段186號19樓之1,24.185347,120.617995,路名
台中市西區民龍里台灣大道二段218號29樓,24.185347,120.617995,路名
台中市西區民龍里台灣大道二段218號6樓之2,24.185347,120.617995,路名
台中市西區民龍里台灣大道二段220號12樓,24.185347,120.617995,路名
台中市西區民龍里台灣大道二段220號36樓,24.185347,120.617995,路名
台中市西區民龍里台灣大道二段239號4樓,24.185347,120.617995,路名
台中市西區民龍里台灣大道二段285號20樓,24.185347,120.617995,路名
台中市西區民龍里台灣大道二段307號6樓之1,24.185347,120.617995,路名
台中市西區民龍里台灣大道二段309號6樓之1,24.185347,120.617995,路名
台中市西區民龍里模範街31巷9之2號地下室,24.149682,120.665716,門牌
台中市西區福人街121巷9號1樓,24.142417,120.657748,門牌
台中市西區精誠十八街37號2樓,24.149391,120.656502,門牌
台中市西區精誠路225號1樓,24.147454,120.655293,門牌
台中市西區自治街192號,24.142424,120.667048,門牌
台中市西區英才路449號2樓,24.149726,120.665454,門牌
台中市西區英才路449號3樓,24.149726,120.665454,門牌
台中市西區英才路501號3樓,24.148393,120.665533,門牌
台中市西區華美西街一段186號1樓,24.167942,120.665092,路名
台中市西區藍興里建國北路三段36號1樓,24.128138,120.663854,路名
台中市西屯區上安里上安路42之2號2樓,24.170358,120.641351,門牌
台中市西屯區上安里上安路60號6樓之2,24.170725,120.640887,門牌
台中市西屯區上安里上安路86號1樓,24.171045,120.640422,門牌
台中市西屯區上安里上明三街12號,24.170689,120.642138,門牌
台中市西屯區上安里台灣大道三段556巷27號1樓,24.185347,120.617995,路名
台中市西屯區上德里上石路28號2樓,24.167524,120.643485,門牌
台中市西屯區上德里杏林路33號1樓,24.167762,120.642165,門牌
台中市西屯區上德里青海路二段207之1號1樓,24.168442,120.648203,路名
台中市西屯區上石里至善路122號5樓之3,24.094009,120.700128,門牌
台中市西屯區上石里西屯路二段251之15號1樓,24.174702,120.641338,路名
台中市西屯區上石里西屯路二段285號8樓之21,24.174702,120.641338,路名
台中市西屯區中工二路190號9樓,24.176559,120.615515,門牌
台中市西屯區何仁里天水西二街18-22號1樓,24.166478,120.654624,路名
台中市西屯區何仁里天水西街2之3號,24.167824,120.654886,門牌
台中市西屯區何仁里永昌一街17號14樓之2,24.170271,120.658955,門牌
台中市西屯區何仁里重慶路119號1樓,24.165985,120.656060,門牌
台中市西屯區何南里台灣大道二段751號1樓,24.185347,120.617995,路名
台中市西屯區何南里大墩二十街118號5樓之1,24.159557,120.653303,門牌
台中市西屯區何南里大聖街491號1樓,24.158399,120.652518,門牌
台中市西屯區何厝東二街23號9樓之3,24.161045,120.655928,門牌
台中市西屯區何厝里何厝東二街23號9樓之3,24.161045,120.655928,門牌
台中市西屯區何厝里何厝東二街91號1樓,24.162647,120.656451,門牌
台中市西屯區何厝里何厝街88之2號1樓,24.162732,120.655639,門牌
台中市西屯區何安里台灣大道二段910號11樓之5,24.185347,120.617995,路名
台中市西屯區何安里台灣大道二段910號11樓之7,24.185347,120.617995,路名
台中市西屯區何安里台灣大道二段910號12樓之1,24.185347,120.617995,路名
台中市西屯區何安里台灣大道二段910號6樓之5,24.185347,120.617995,路名
台中市西屯區何安里台灣大道二段910號9樓之5,24.185347,120.617995,路名
台中市西屯區何安里四川三街65號1樓,24.164306,120.652818,門牌
台中市西屯區何安里四川路36號1樓,24.163364,120.652140,門牌
台中市西屯區何安里文心路三段6號3樓之17,24.164039,120.664623,路名
台中市西屯區何安里重慶路99號5樓之3,24.164180,120.654810,門牌
台中市西屯區何安里青海路一段84之2號,24.168442,120.648203,路名
台中市西屯區何德里大信街50號8樓之1,24.165370,120.661407,門牌
台中市西屯區何德里寧夏西一街14號1樓,24.166613,120.659414,門牌
台中市西屯區何德里甘州五街29巷10號1樓,24.165352,120.657874,門牌
台中市西屯區何成里大墩十七街110號4樓之2,24.155730,120.647360,門牌
台中市西屯區何成里大墩十九街142之1號1樓,24.158869,120.651158,門牌
台中市西屯區何成里大墩十九街168號1樓,24.159235,120.650564,門牌
台中市西屯區何成里大墩十八街195號3樓之1,24.157855,120.647474,門牌
台中市西屯區何成里大容東街66號4樓,24.156736,120.647978,門牌
台中市西屯區何成里大容東街66號9樓,24.156736,120.647978,門牌
台中市西屯區何成里大容東街90號10樓之1,24.157647,120.648756,門牌
台中市西屯區何成里大祥街10號2樓,24.158453,120.647948,門牌
台中市西屯區何成里大祥街132之6號2樓,24.160424,120.649312,門牌
台中市西屯區何成里大隆路167號2樓,24.158203,120.649139,門牌
台中市西屯區何明里大弘三街74號3樓之3,24.162211,120.659924,門牌
台中市西屯區何源里內江街106號2樓,24.170817,120.662186,門牌
台中市西屯區何源里內江街106號3樓,24.170817,120.662186,門牌
台中市西屯區何源里成都路312號,24.171266,120.664706,門牌
台中市西屯區何源里漢成五街28號7樓之1,24.170920,120.665274,門牌
台中市西屯區何源里漢成五街3號,24.170467,120.665492,門牌
台中市西屯區何源里華美西街二段311號7樓之1,24.167942,120.665092,路名
台中市西屯區何源里華美西街二段373之1號1樓,24.167942,120.665092,路名
台中市西屯區何福里成都路139號2樓,24.167622,120.663040,門牌
台中市西屯區何福里漢口路二段140號7樓,24.165919,120.672564,路名
台中市西屯區協和南巷3-1號,24.164145,120.614504,路名
台中市西屯區協和里安和一街89號2樓,24.174526,120.623166,路名
台中市西屯區協和里安和一街89號5樓,24.174526,120.623166,路名
台中市西屯區協和里安和二街63號,24.176400,120.622047,路名
台中市西屯區協和里工業區七路29號,24.165645,120.603974,門牌
台中市西屯區協和里工業區三十三路39號,24.165143,120.593901,門牌
台中市西屯區協和里工業區九路26號,24.169636,120.600618,門牌
台中市西屯區協和里工業區二路3號,24.170713,120.613679,門牌
台中市西屯區協和里工業區五路3號,24.168319,120.608768,門牌
台中市西屯區協和里工業區五路4號,24.168198,120.607591,門牌
台中市西屯區協和里工業區十一路8號,24.176403,120.599404,門牌
台中市西屯區台灣大道2段910號4樓之6,24.161972,120.651738,門牌
台中市西屯區台灣大道三段592號12樓之3,24.185347,120.617995,路名
台中市西屯區台灣大道三段689號18樓之1,24.185347,120.617995,路名
台中市西屯區台灣大道三段789號14樓之2,24.185347,120.617995,路名
台中市西屯區台灣大道三段789號7樓之1,24.185347,120.617995,路名
台中市西屯區台灣大道二段833巷9號1樓,24.185347,120.617995,路名
台中市西屯區台灣大道二段910號13樓之1,24.185347,120.617995,路名
台中市西屯區台灣大道二段910號6樓之5,24.185347,120.617995,路名
台中市西屯區台灣大道四段600號6樓之1,24.185347,120.617995,路名
台中市西屯區台灣大道四段767號12樓之3,24.185347,120.617995,路名
台中市西屯區台灣大道四段767號13樓之1,24.185347,120.617995,路名
台中市西屯區台灣大道四段839號18樓,24.185347,120.617995,路名
台中市西屯區台灣大道四段839號6樓,24.185347,120.617995,路名
台中市西屯區台灣大道四段927號3樓,24.185347,120.617995,路名
台中市西屯區四川東街20號,24.164835,120.652309,門牌
台中市西屯區大信街50號5樓之1,24.165370,120.661407,門牌
台中市西屯區大信街52號5樓之1,24.165452,120.661567,門牌
台中市西屯區大墩二十街88-8號5樓之2,24.159789,120.652297,路名
台中市西屯區大墩二十街99號4樓,24.159166,120.653049,門牌
台中市西屯區大墩路1008號1樓,24.159336,120.652432,門牌
台中市西屯區大容東街66號6樓,24.156736,120.647978,門牌
台中市西屯區大容東街90號12樓,24.157647,120.648756,門牌
台中市西屯區大容西街51號3樓之2,24.156671,120.647383,門牌
台中市西屯區大容西街57號2樓之2,24.157140,120.647578,門牌
台中市西屯區大河里永輝路98號,24.173887,120.657508,門牌
台中市西屯區大河里河南路二段50號一樓,24.164429,120.647172,路名
台中市西屯區大河里河南路二段7號、9號,24.164429,120.647172,路名
台中市西屯區大河里甘河路81之1號1樓,24.174352,120.658293,門牌
台中市西屯區大河里福上巷181弄10號,24.175192,120.657008,門牌
台中市西屯區大洲街111號,24.159796,120.651499,門牌
台中市西屯區大福里長安路二段246號1樓,24.185414,120.676008,路名
台中市西屯區大鵬里中平路226號,24.124947,120.716065,門牌
台中市西屯區大鵬里文心路三段221號5樓之2,24.164039,120.664623,路名
台中市西屯區大鵬里長安路二段153之5號6樓之3,24.185414,120.676008,路名
台中市西屯區大鵬里長安路二段35巷158號1樓,24.185414,120.676008,路名
台中市西屯區大鵬里長安路二段71巷9弄48號1樓,24.185414,120.676008,路名
台中市西屯區天水中街36號,24.167350,120.655845,門牌
台中市西屯區安和路118之8號2樓,24.185018,120.636474,路名
台中市西屯區安和路168號11樓之1,24.180509,120.625112,門牌
台中市西屯區安林路2之12號,24.186585,120.625461,門牌
台中市西屯區工業區一路116號2樓,24.175413,120.603975,門牌
台中市西屯區工業區一路2巷3號7樓之2,24.182361,120.614258,門牌
台中市西屯區工業區一路90之10號,24.177488,120.613401,路名
台中市西屯區工業區七路27號,24.168639,120.605077,門牌
台中市西屯區工業區三十一路13號,24.164697,120.596263,門牌
台中市西屯區工業區三十五路37號1樓,24.175007,120.593123,門牌
台中市西屯區工業區三十四路35號,24.166805,120.592773,門牌
台中市西屯區工業區三路14號,24.165171,120.608651,門牌
台中市西屯區工業區三路3號,24.165984,120.610092,門牌
台中市西屯區工業區九路10號,24.171772,120.602204,門牌
台中市西屯區工業區二十八路463號1樓,24.172361,120.583499,門牌
台中市西屯區工業區二路6號,24.167897,120.611282,門牌
台中市西屯區工業區五路13號,24.165220,120.607986,門牌
台中市西屯區工業區五路15號,24.164199,120.607529,門牌
台中市西屯區工業區八路17號,24.169835,120.603461,門牌
台中市西屯區工業區四十一路17之1號,24.172914,120.585728,門牌
台中市西屯區市政北一路66號14樓,24.159061,120.643786,門牌
台中市西屯區市政北一路77號8樓之11,24.158030,120.643585,門牌
台中市西屯區市政北七路186號12樓之9,24.164769,120.641253,路名
台中市西屯區市政北七路186號16樓,24.164769,120.641253,路名
台中市西屯區市政北七路186號25樓,24.164769,120.641253,路名
台中市西屯區市政北七路186號3樓之3,24.164769,120.641253,路名
台中市西屯區市政北二路236號15樓之2,24.163423,120.637634,門牌
台中市西屯區市政北二路238號15樓之3,24.163563,120.637339,門牌
台中市西屯區市政北二路238號25樓之1,24.163563,120.637339,門牌
台中市西屯區市政北二路238號8樓之2,24.163563,120.637339,門牌
台中市西屯區市政北二路282號15樓之9,24.163954,120.635590,路名
台中市西屯區市政北二路282號16樓之8,24.163954,120.635590,路名
台中市西屯區市政北二路282號21樓之9,24.163954,120.635590,路名
台中市西屯區市政北二路282號5樓之8,24.163954,120.635590,路名
台中市西屯區市政北二路282號8樓之5,24.163954,120.635590,路名
台中市西屯區市政路109號1樓,24.157657,120.640172,門牌
台中市西屯區市政路386號19樓之6,24.158809,120.640228,門牌
台中市西屯區市政路386號25樓之8,24.158809,120.640228,門牌
台中市西屯區市政路386號8樓之7,24.158809,120.640228,門牌
台中市西屯區市政路402號10樓之6,24.159131,120.639556,門牌
台中市西屯區市政路402號11樓之6,24.159131,120.639556,門牌
台中市西屯區市政路402號18樓之5,24.159131,120.639556,門牌
台中市西屯區市政路402號19樓之1,24.159131,120.639556,門牌
台中市西屯區市政路402號21樓之1,24.159131,120.639556,門牌
台中市西屯區市政路402號25樓之2,24.159131,120.639556,門牌
台中市西屯區市政路402號25樓之5,24.159131,120.639556,門牌
台中市西屯區廣福路352巷70號2樓,24.202599,120.647852,門牌
台中市西屯區廣福里中清路三段411號,24.205857,120.646741,路名
台中市西屯區廣福里中科路1727號,24.200766,120.645195,門牌
台中市西屯區廣福里廣福路352巷76號,24.202587,120.648479,門牌
台中市西屯區廣福里廣福路352巷82號,24.202532,120.648762,門牌
台中市西屯區弘孝路99號6樓之1,24.168785,120.646412,門牌
台中市西屯區惠中路一段133號3樓之6,24.159719,120.644449,路名
台中市西屯區惠中路一段88號25樓,24.166324,120.647207,門牌
台中市西屯區惠來路三段212號1樓,24.165750,120.645391,路名
台中市西屯區惠來里市政北一路1號5樓,24.156745,120.646351,門牌
台中市西屯區惠來里市政北一路77號8樓之16,24.158030,120.643585,門牌
台中市西屯區惠來里市政北七路186號12樓之9,24.164769,120.641253,路名
台中市西屯區惠來里市政北七路186號13樓之1,24.164769,120.641253,路名
台中市西屯區惠來里市政北七路186號16樓,24.164769,120.641253,路名
台中市西屯區惠來里市政北七路186號19樓之2,24.164769,120.641253,路名
台中市西屯區惠來里市政北七路186號6樓之8,24.164769,120.641253,路名
台中市西屯區惠來里市政南二路30號1樓,24.155964,120.639790,門牌
台中市西屯區惠來里市政路161號,24.159051,120.638016,門牌
台中市西屯區惠來里市政路402號35樓之6,24.159131,120.639556,門牌
台中市西屯區惠來里市政路500號13樓之1,24.160186,120.637935,門牌
台中市西屯區惠來里市政路500號23樓之6,24.160186,120.637935,門牌
台中市西屯區惠來里市政路500號6樓之6,24.160186,120.637935,門牌
台中市西屯區惠來里市政路53號8樓之3,24.156162,120.642759,門牌
台中市西屯區惠來里惠中一街30號3樓之1,24.162316,120.644203,門牌
台中市西屯區惠來里惠中路8之18號1樓,24.168330,120.648377,門牌
台中市西屯區惠來里惠中路二段38號3樓之1,24.167588,120.647993,門牌
台中市西屯區惠來里文心路二段201號15樓之6,24.164039,120.664623,路名
台中市西屯區惠來里洛陽路125巷45號6樓之2,24.168308,120.650640,門牌
台中市西屯區惠民路89號5樓,24.162838,120.639254,路名
台中市西屯區成都路139號2樓,24.167622,120.663040,門牌
台中市西屯區政和路200號1樓,24.157651,120.638863,門牌
台中市西屯區文心路2段201號4樓之1、4樓之2,24.159601,120.647283,門牌
台中市西屯區文心路三段137號,24.164039,120.664623,路名
台中市西屯區文心路三段241號12樓之2,24.164039,120.664623,路名
台中市西屯區文心路三段241號20樓之3,24.164039,120.664623,路名
台中市西屯區文心路三段296號10樓,24.164039,120.664623,路名
台中市西屯區文心路三段296號9樓,24.164039,120.664623,路名
台中市西屯區文心路二段201號19樓之1,24.164039,120.664623,路名
台中市西屯區文心路二段201號21樓之8,24.164039,120.664623,路名
台中市西屯區文心路二段201號5樓之3,24.164039,120.664623,路名
台中市西屯區文心路二段598號13樓之1、14樓,24.164039,120.664623,路名
台中市西屯區文心路二段636號,24.164039,120.664623,路名
台中市西屯區文華路121-3號1樓,24.179532,120.646202,路名
台中市西屯區朝富路213號11樓之9,24.162373,120.635820,門牌
台中市西屯區朝富路213號17樓之5,24.162373,120.635820,門牌
台中市西屯區朝富路213號22樓之10,24.162373,120.635820,門牌
台中市西屯區朝富路213號23樓之9,24.162373,120.635820,門牌
台中市西屯區朝富路213號27樓之2,24.162373,120.635820,門牌
台中市西屯區朝富路213號3樓之8,24.162373,120.635820,門牌
台中市西屯區朝富路248號,24.163564,120.635376,門牌
台中市西屯區朝富路99號,24.165358,120.637151,門牌
台中市西屯區朝貴路29號1樓,24.163094,120.632310,門牌
台中市西屯區林厝里安林路45之9號1樓,24.199810,120.624268,門牌
台中市西屯區林厝里福雅路321巷26號,24.194391,120.622074,門牌
台中市西屯區林厝里福雅路555號,24.200178,120.626555,門牌
台中市西屯區林厝里西林巷55之21號,24.201009,120.630812,門牌
台中市西屯區永安里國安一路231巷3號10樓之2,24.192484,120.609290,門牌
台中市西屯區永安里東大路一段680號9樓之5,24.226947,120.612542,路名
台中市西屯區永安里福林路393號1樓,24.190035,120.615673,門牌
台中市西屯區永昌街92號,24.169994,120.658591,門牌
台中市西屯區河南路2段520號1樓,24.168998,120.641745,門牌
台中市西屯區河南路一段99號1樓,24.164429,120.647172,路名
台中市西屯區河南路二段117號6樓,24.164429,120.647172,路名
台中市西屯區河南路二段147號2樓,24.164429,120.647172,路名
台中市西屯區河南路二段256號,24.164429,120.647172,路名
台中市西屯區河南路二段262號11樓之6,24.164429,120.647172,路名
台中市西屯區河南路二段262號5樓之9,24.164429,120.647172,路名
台中市西屯區河南路二段270號2樓,24.164429,120.647172,路名
台中市西屯區河南路二段319號4樓之1,24.164429,120.647172,路名
台中市西屯區港尾里中康二街3之1號2樓,24.197661,120.659933,門牌
台中市西屯區港尾里中清路二段1250巷130弄12號2樓,24.205857,120.646741,路名
台中市西屯區港尾里同志巷38之6號,24.200441,120.660389,門牌
台中市西屯區港尾里環中路二段27號,24.156081,120.655271,路名
台中市西屯區漢口路二段138號6樓,24.165919,120.672564,路名
台中市西屯區潮洋里市政北二路236號13樓之2,24.163423,120.637634,門牌
台中市西屯區潮洋里市政北二路236號16樓之5,24.163423,120.637634,門牌
台中市西屯區潮洋里市政北二路236號19樓之1,24.163423,120.637634,門牌
台中市西屯區潮洋里市政北二路236號21樓之1,24.163423,120.637634,門牌
台中市西屯區潮洋里市政北二路238號27樓之1,24.163563,120.637339,門牌
台中市西屯區潮洋里市政北二路282號16樓之6,24.163954,120.635590,路名
台中市西屯區潮洋里市政北二路282號22樓之7,24.163954,120.635590,路名
台中市西屯區潮洋里市政北二路282號29樓,24.163954,120.635590,路名
台中市西屯區潮洋里市政路604巷39號1樓,24.162379,120.632896,門牌
台中市西屯區潮洋里朝富路213號10樓之9,24.162373,120.635820,門牌
台中市西屯區潮洋里朝富路213號23樓之1,24.162373,120.635820,門牌
台中市西屯區潮洋里朝富路213號24樓之7,24.162373,120.635820,門牌
台中市西屯區潮洋里朝富路213號5樓之7,24.162373,120.635820,門牌
台中市西屯區潮洋里朝富路296號至298號,24.161936,120.634701,門牌
台中市西屯區潮洋里朝富路40之7號1樓,24.166480,120.637071,門牌
台中市西屯區潮洋里朝貴一街116號,24.170594,120.634732,門牌
台中市西屯區潮洋里朝貴路12號,24.162464,120.632515,門牌
台中市西屯區潮洋里朝馬五街15號1樓,24.165898,120.635544,門牌
台中市西屯區潮洋里黎明路二段923號1樓,24.149597,120.633691,路名
台中市西屯區烈美街107巷6號1樓,24.180068,120.642274,門牌
台中市西屯區烈美街188號1樓,24.181217,120.642710,門牌
台中市西屯區烈美街190號1樓,24.181254,120.642708,門牌
台中市西屯區環中路二段1035號3樓,24.156081,120.655271,路名
台中市西屯區環中路二段1482號1樓,24.156081,120.655271,路名
台中市西屯區福中二街16巷17號,24.182053,120.616196,門牌
台中市西屯區福中八街9巷3號1樓,24.178236,120.615764,門牌
台中市西屯區福中里中工二路188號8樓,24.176833,120.615555,門牌
台中市西屯區福中里福中七街33巷17號1樓,24.178933,120.615456,門牌
台中市西屯區福和里中工三路200號1樓,24.176100,120.617702,門牌
台中市西屯區福和里福安七街13號1樓,24.177186,120.617471,路名
台中市西屯區福和里福安五街11巷32之1號,24.178313,120.617911,門牌
台中市西屯區福和里福玄路82號2樓,24.176662,120.623681,路名
台中市西屯區福安三街19之1號1樓,24.179371,120.618391,門牌
台中市西屯區福安里福安路55巷3號22樓之5,24.180899,120.622490,門牌
台中市西屯區福安里福科路111號1樓,24.180174,120.630556,門牌
台中市西屯區福安里福裕路175號1樓,24.183305,120.627521,門牌
台中市西屯區福安里福順路78號3樓,24.184290,120.614393,路名
台中市西屯區福安里西屯路三段95之2號1樓,24.174702,120.641338,路名
台中市西屯區福恩里工業區一路66號14樓之2,24.177836,120.614234,門牌
台中市西屯區福恩里工業區一路72巷36號3樓之2,24.180284,120.614165,門牌
台中市西屯區福星北路18號1樓,24.183080,120.645034,門牌
台中市西屯區福星路189號1樓,24.182440,120.643031,門牌
台中市西屯區福瑞里福瑞街43號1樓,24.187722,120.606096,門牌
台中市西屯區福瑞里福科路776、778號,24.185308,120.615899,路名
台中市西屯區福科路535巷16號1樓,24.184716,120.617708,門牌
台中市西屯區福科路882號,24.187479,120.607529,門牌
台中市西屯區福聯里福聯街26號9樓之3,24.185098,120.607844,門牌
台中市西屯區福聯里福順路861號1樓,24.185870,120.608130,門牌
台中市西屯區福雅里福祥街5號7樓之5,24.183818,120.622784,門牌
台中市西屯區福雅里福順路250巷7號1樓,24.182578,120.621132,門牌
台中市西屯區福雅里西屯路三段153號,24.174702,120.641338,路名
台中市西屯區福順路325號2樓,24.183594,120.617727,門牌
台中市西屯區至善里台灣大道三段658號4樓之2,24.185347,120.617995,路名
台中市西屯區至善里台灣大道三段686之1號2樓,24.185347,120.617995,路名
台中市西屯區至善里逢甲路225巷21號2樓,24.176241,120.641715,門牌
台中市西屯區華美西街二段205號1樓,24.167942,120.665092,路名
台中市西屯區華美西街二段311號13樓之1,24.167942,120.665092,路名
台中市西屯區華美西街二段311號13樓之2,24.167942,120.665092,路名
台中市西屯區華美西街二段311號3樓之3,24.167942,120.665092,路名
台中市西屯區華美西街二段333號7樓之7,24.167942,120.665092,路名
台中市西屯區西墩里光明路57之25之1號1樓,24.163640,120.654907,路名
台中市西屯區西墩里環中路2段1036巷59號1樓,24.187545,120.636051,門牌
台中市西屯區西墩里逢明街169號1樓,24.177394,120.637676,門牌
台中市西屯區西墩里黎明路三段133號9樓之1,24.149597,120.633691,路名
台中市西屯區西墩里黎明路三段220巷1號4樓,24.149597,120.633691,路名
台中市西屯區西墩里黎明路三段333號1樓,24.149597,120.633691,路名
台中市西屯區西墩里黎明路三段348號10樓,24.149597,120.633691,路名
台中市西屯區西墩里黎明路三段375巷6號5樓之2,24.149597,120.633691,路名
台中市西屯區西安里漢翔路242號1樓,24.185275,120.641030,門牌
台中市西屯區西安里福吉街15號1樓,24.182613,120.640232,門牌
台中市西屯區西安里西安街47巷16號1樓,24.181952,120.641594,門牌
台中市西屯區西安里西屯路二段297之8巷12弄34號,24.174702,120.641338,路名
台中市西屯區西安里逢明街29巷42號1樓,24.175729,120.639467,門牌
台中市西屯區西安里青海路二段400號1樓,24.168442,120.648203,路名
台中市西屯區西屯路二段20號1樓,24.174702,120.641338,路名
台中市西屯區西屯路二段256巷6號10樓之8,24.174702,120.641338,路名
台中市西屯區西屯路二段256巷6號11樓之6,24.174702,120.641338,路名
台中市西屯區西屯路二段256巷6號18樓之8,24.174702,120.641338,路名
台中市西屯區西屯路二段256巷6號7樓之2,24.174702,120.641338,路名
台中市西屯區西屯路二段284巷43號1樓,24.174702,120.641338,路名
台中市西屯區西平里24鄰漢翔路1號,24.184808,120.646580,門牌
台中市西屯區西平里文華路162巷3號1樓,24.183517,120.646372,門牌
台中市西屯區西平里西安街96號1樓,24.248896,120.710111,門牌
台中市西屯區西林巷41之1號,24.193167,120.633549,路名
台中市西屯區逢明街29巷36號4樓之1,24.175912,120.639490,門牌
台中市西屯區逢甲里寶慶街9號4樓之3,24.170417,120.648063,門牌
台中市西屯區逢甲里福上巷235弄7號1樓,24.174552,120.652323,門牌
台中市西屯區逢甲里西屯路二段256巷6號17樓之3,24.174702,120.641338,路名
台中市西屯區逢甲里西屯路二段256巷6號2樓之6,24.174702,120.641338,路名
台中市西屯區逢甲里西屯路二段256巷6號7樓之1,24.174702,120.641338,路名
台中市西屯區逢甲里西屯路二段256巷6號7樓之8,24.174702,120.641338,路名
台中市西屯區逢福里福上巷253-3號,24.175139,120.650671,路名
台中市西屯區重慶路99號5樓之3,24.164180,120.654810,門牌
台中市西屯區重慶路99號7樓之1,24.164180,120.654810,門牌
台中市西屯區青海路二段188號20樓之5,24.168442,120.648203,路名
台中市西屯區順和一街97號1樓,24.177243,120.590358,門牌
台中市西屯區黎明路三段232號,24.149597,120.633691,路名
台中市西屯區黎明路三段348號10樓,24.149597,120.633691,路名
台中市西屯區黎明路三段368號2樓之1,24.149597,120.633691,路名
台中市西屯區黎明路二段899號4樓,24.149597,120.633691,路名
台中市西屯區黎明路二段931號1樓,24.149597,120.633691,路名
台中市西屯區黎明路二段972巷15號,24.149597,120.633691,路名
台中市西屯區龍潭里環中路3段998之1號,24.158470,120.625859,門牌
台中市西屯區龍潭里環中路三段998-1號,24.156081,120.655271,路名
台中市西屯區龍潭里龍德路二段396之5號2樓,24.150151,120.625133,路名
台中市豐原區三和路348號,24.232174,120.704499,門牌
台中市豐原區三民路8之3號,24.254529,120.721935,門牌
台中市豐原區中山路220之5號2樓之2,24.241073,120.712697,門牌
台中市豐原區中正路300號1至2樓,24.037781,120.693472,門牌
台中市豐原區中正路654巷10之5號2樓,24.250171,120.705794,門牌
台中市豐原區中興里大明路236巷9號1樓,24.243772,120.708043,門牌
台中市豐原區中陽里同安街27巷12號,24.249404,120.722663,門牌
台中市豐原區中陽里向陽路142號4樓,24.252151,120.724729,門牌
台中市豐原區中陽里愛國街243號2樓,24.251965,120.728002,門牌
台中市豐原區北湳里圓環北路二段143號14樓之2,24.259275,120.722981,路名
台中市豐原區北湳里圓環北路二段257巷37號1樓,24.259275,120.722981,路名
台中市豐原區北湳里角潭路一段119號,24.264996,120.728457,路名
台中市豐原區北陽一街160號1樓,24.252203,120.733171,門牌
台中市豐原區北陽里北陽路212巷41號,24.250403,120.734988,門牌
台中市豐原區北陽里南陽路國民新村183號1樓,24.246871,120.727845,門牌
台中市豐原區北陽里圓環東路488號,24.246892,120.726460,門牌
台中市豐原區北陽里豐原大道四段500號1樓,24.247923,120.719940,路名
台中市豐原區南嵩里水源路147號,24.255459,120.740983,門牌
台中市豐原區南嵩里水源路215巷26之3號,24.288383,120.699135,路名
台中市豐原區南田里南田街103號,24.259598,120.738418,門牌
台中市豐原區南田里南田街297號,24.258208,120.743749,門牌
台中市豐原區南陽路215巷65號1樓,24.239470,120.711607,路名
台中市豐原區南陽里南陽路239號,24.244634,120.727957,門牌
台中市豐原區南陽里南陽路59巷22之8號,24.238581,120.731533,門牌
台中市豐原區南陽里安康路20巷64號,24.242904,120.723518,門牌
台中市豐原區南陽里永康路213巷55弄30號2樓,24.239158,120.725792,門牌
台中市豐原區合作街118巷67弄4號1樓,24.241411,120.707220,門牌
台中市豐原區合作街80號1樓,24.106118,120.701492,門牌
台中市豐原區圓環南路193號12樓,24.248625,120.709258,門牌
台中市豐原區圓環南路199巷38號,24.248239,120.708267,門牌
台中市豐原區圓環東路145巷6弄2號,24.246380,120.722900,路名
台中市豐原區大明路229之21號2樓,24.242375,120.707173,門牌
台中市豐原區建成路18號1樓,24.252071,120.708197,門牌
台中市豐原區朴子里朴子街262巷29弄1號,24.275435,120.743118,門牌
台中市豐原區朴子里朴子街296巷3號,24.274507,120.741829,門牌
台中市豐原區朴子里萬順一街19巷7號1樓,24.277683,120.758466,路名
台中市豐原區東勢里民生街72號1樓,24.247244,120.716708,門牌
台中市豐原區東勢里田心路一段132巷19號1樓,24.240141,120.721481,路名
台中市豐原區東湳里三豐路二段138巷59弄10號,24.279149,120.721434,路名
台中市豐原區東湳里三豐路二段20巷48號1樓,24.279149,120.721434,路名
台中市豐原區東湳里三豐路二段396巷122號,24.279149,120.721434,路名
台中市豐原區東湳里三豐路二段396巷22弄56號1樓,24.279149,120.721434,路名
台中市豐原區東湳里豐原大道六段655巷172號1樓,24.247923,120.719940,路名
台中市豐原區榮春街310號,24.253210,120.711237,門牌
台中市豐原區田心里育英路100巷12號11樓,24.242169,120.715233,門牌
台中市豐原區田心里育英路134巷16弄31號1樓,24.241893,120.714850,門牌
台中市豐原區社皮路123巷11弄6號2樓,24.244385,120.700311,門牌
台中市豐原區社皮路69號1樓,24.245472,120.700654,門牌
台中市豐原區社皮里一心路191巷3號1樓,24.246472,120.701870,門牌
台中市豐原區社皮里中正路749巷22弄16號3樓之2,24.248261,120.700230,門牌
台中市豐原區社皮里大社街39號3樓,24.251687,120.701335,路名
台中市豐原區社皮里大豐路五段258號1樓,24.221077,120.692619,路名
台中市豐原區翁子里豐勢路一段414號,24.255257,120.829232,門牌
台中市豐原區翁子里豐勢路二段357號,24.265822,120.807245,門牌
台中市豐原區翁子里豐勢路二段480巷47弄3號1樓,24.265233,120.785435,路名
台中市豐原區西勢里中山路273巷15號1樓,24.224180,120.663068,路名
台中市豐原區西勢里瑞安街26號1樓,24.248353,120.712871,門牌
台中市豐原區西安里中正路353巷8弄18號2樓,24.250432,120.713503,門牌
台中市豐原區西安里西勢路114巷50號1樓,24.245450,120.706844,門牌
台中市豐原區西安里西安街97巷6號1樓,24.248726,120.711968,門牌
台中市豐原區西湳里三豐路一段375巷39號1樓,24.279149,120.721434,路名
台中市豐原區西湳里三豐路二段17巷35號1樓,24.279149,120.721434,路名
台中市豐原區西湳里三豐路二段549巷456號,24.279149,120.721434,路名
台中市豐原區西湳里三豐路二段89巷136弄5號1樓,24.279149,120.721434,路名
台中市豐原區西湳里文昌街95巷22號1樓,24.259715,120.715973,門牌
台中市豐原區西湳里豐北街375號1樓,24.259580,120.714632,門牌
台中市豐原區西湳里豐原大道七段1號1樓,24.247923,120.719940,路名
台中市豐原區豐勢路1段415號1樓,24.265233,120.785435,路名
台中市豐原區豐勢路2段184巷13號,24.262298,120.741905,門牌
台中市豐原區豐勢路一段530號,24.269748,120.799030,門牌
台中市豐原區豐南街2號10樓,24.239560,120.711757,門牌
台中市豐原區豐原大道一段620號,24.247923,120.719940,路名
台中市豐原區豐圳里成功路479巷15號1樓,24.251600,120.705347,門牌
台中市豐原區豐東路168巷12號,24.248533,120.730982,門牌
台中市豐原區豐榮里信義街189號9樓之6,24.253871,120.718622,門牌
台中市豐原區豐田里南陽路59巷66號1樓,24.236346,120.733492,門牌
台中市豐原區豐田里田心路二段247巷23弄3號1樓,24.240141,120.721481,路名
台中市豐原區豐田里豐南街224巷10號,24.237855,120.718060,門牌
台中市豐原區豐田里豐南街240巷105弄10號2樓,24.235922,120.718465,門牌
台中市豐原區豐田里豐南街240巷283弄15號,24.236784,120.715838,路名
台中市豐原區豐田里豐南街92巷82號1樓,24.237626,120.714248,門牌
台中市豐原區豐田里豐原大道三段286巷58弄49號,24.247923,120.719940,路名
台中市豐原區豐田里豐原大道三段286巷90號,24.247923,120.719940,路名
台中市豐原區豐田里豐田路2號,24.240471,120.720053,門牌
台中市豐原區豐田里豐田路42號1樓,24.239642,120.719518,門牌
台中市豐原區豐社路57巷12之3號1樓,24.251754,120.710470,門牌
台中市豐原區豐西街77號,24.251392,120.711889,門牌
台中市豐原區豐西里中山路534號,24.246665,120.684622,門牌
台中市豐原區豐西里豐西街88之3號1樓,24.251359,120.710903,路名
台中市豐原區豐陽路138號5樓,24.253247,120.724231,門牌
台中市豐原區頂街里向陽路48號9樓之9,24.251432,120.722154,門牌
台中市霧峰區丁台里丁台路336號,24.053875,120.674730,門牌
台中市霧峰區丁台里丁台路377之3號一樓,24.052276,120.675611,門牌
台中市霧峰區丁台里丁台路516號,24.045709,120.671763,門牌
台中市霧峰區丁台里丁台路526之6號1樓,24.046329,120.671889,門牌
台中市霧峰區丁台里丁台路557巷28號,24.040897,120.671777,門牌
台中市霧峰區中投東路二段450號,24.063755,120.667637,路名
台中市霧峰區中投西路二段86號,24.072928,120.666346,路名
台中市霧峰區中正路1224巷17弄12號1樓,24.074347,120.701129,門牌
台中市霧峰區中正路1265巷12弄3號1樓,24.138435,120.708847,路名
台中市霧峰區中正路557巷21號,24.138435,120.708847,路名
台中市霧峰區中正路561號,24.045312,120.691411,門牌
台中市霧峰區五福路798號,24.086590,120.651111,門牌
台中市霧峰區五福里五福西路97號,24.071745,120.658515,門牌
台中市霧峰區五福里五福路389號1樓,24.073146,120.661539,門牌
台中市霧峰區五福里五福路466號,24.074589,120.661903,路名
台中市霧峰區五福里五福路483號1樓,24.080513,120.656989,門牌
台中市霧峰區五福里峰堤路798號1樓,24.087184,120.650802,門牌
台中市霧峰區五福里新埔路250巷157號,24.077104,120.664709,門牌
台中市霧峰區五福里環中路八段39號,24.156081,120.655271,路名
台中市霧峰區六股里中正路329號1樓,24.037850,120.693055,門牌
台中市霧峰區北柳里四德路272巷44號1樓,24.066656,120.685818,門牌
台中市霧峰區北柳里四德路299之13號,24.065342,120.688221,門牌
台中市霧峰區北柳里國中路220號,24.096223,120.681309,門牌
台中市霧峰區北柳里柳豐路109號1樓,24.062319,120.679720,門牌
台中市霧峰區北柳里霧工一路62號,24.061560,120.679521,門牌
台中市霧峰區南勢里丁台路685號1樓,24.035809,120.665792,門牌
台中市霧峰區南勢里峰北路666號,24.026566,120.671139,門牌
台中市霧峰區南勢里豐正路401號,24.032131,120.675232,門牌
台中市霧峰區南柳里8鄰霧工二路18號,24.059348,120.678516,門牌
台中市霧峰區南柳里柳豐二街15號1樓,24.043395,120.687743,門牌
台中市霧峰區南柳里福新路189號1樓,24.055329,120.688183,門牌
台中市霧峰區南柳里霧工一路68號,24.059261,120.679798,門牌
台中市霧峰區南柳里霧工七路1號,24.059483,120.678145,門牌
台中市霧峰區吉峰西路19巷13號1樓,24.077742,120.712522,門牌
台中市霧峰區吉峰西路74巷66號1樓,24.079368,120.710938,門牌
台中市霧峰區吉峰里吉峰東路55巷5號1樓,24.074559,120.715360,門牌
台中市霧峰區吉峰里吉峰路114號,24.076592,120.708882,門牌
台中市霧峰區吉峰里吉峰路128之5號,24.076858,120.710947,門牌
台中市霧峰區吉峰里吉峰路130之22號1樓,24.076354,120.710022,門牌
台中市霧峰區吉峰里吉峰路155之16巷1號1樓,24.076383,120.708549,路名
台中市霧峰區吉峰里吉峰路31號,24.076278,120.702461,門牌
台中市霧峰區吉峰里吉峰路61號1樓,24.076575,120.703415,門牌
台中市霧峰區吉峰里民生路270巷5號1樓,24.075974,120.715323,門牌
台中市霧峰區吉峰里民生路296巷2之2號1樓,24.168809,120.688549,路名
台中市霧峰區吉峰里錦州路401巷10號1樓,24.078372,120.708515,門牌
台中市霧峰區四德路443之11號2樓,24.064494,120.677960,門牌
台中市霧峰區四德里中投東路二段250巷6號1樓,24.063755,120.667637,路名
台中市霧峰區四德里四德路499號,24.062462,120.672158,門牌
台中市霧峰區四德里新埔路90號,24.069538,120.674466,門牌
台中市霧峰區坑口里復興六街63巷17號,24.035060,120.727990,門牌
台中市霧峰區峰谷路47號1樓,24.038456,120.711175,路名
台中市霧峰區峰谷路668號,24.036323,120.753306,門牌
台中市霧峰區峰谷里峰谷路218巷21號1樓,24.040893,120.706920,門牌
台中市霧峰區峰谷里峰谷路225號1樓,24.041218,120.707572,門牌
台中市霧峰區新埔路236號11樓之3,24.072466,120.672578,路名
台中市霧峰區本堂里大同路129號1樓,24.061213,120.701478,門牌
台中市霧峰區本堂里林森路724號2樓,24.064156,120.695912,門牌
台中市霧峰區本鄉里振興街76號1樓,24.067275,120.697374,門牌
台中市霧峰區本鄉里林森路891巷2號1樓,24.069069,120.696166,門牌
台中市霧峰區柳豐二街15號,24.043395,120.687743,門牌
台中市霧峰區柳豐六街7號1樓,24.044430,120.687869,門牌
台中市霧峰區桐林里民生路462之2號1樓,24.168809,120.688549,路名
台中市霧峰區民生路198巷31號3樓,24.072191,120.710835,門牌
台中市霧峰區甲寅里自強路97之7號1樓,24.166991,120.604427,路名
台中市霧峰區舊正里象鼻路1-26號1樓,24.014390,120.708954,路名
台中市霧峰區舊正里象鼻路1之26號1樓,24.014390,120.708954,路名
台中市霧峰區草湖路129號,24.077580,120.691564,門牌
台中市霧峰區草湖路135巷57號,24.072039,120.694536,門牌
台中市霧峰區萊園里萊園路75巷7之1號1樓,24.062707,120.702398,門牌
台中市霧峰區萬豐里中正路264巷29號1樓,24.032972,120.697304,門牌
台中市龍井區三德里中厝路50巷60弄3號1樓,24.205840,120.526181,路名
台中市龍井區三德里工業路173巷11號,24.211469,120.518762,門牌
台中市龍井區中厝路51巷9-6號1樓,24.205840,120.526181,路名
台中市龍井區中央路三段60號1樓,24.234136,120.534702,路名
台中市龍井區中沙路1巷36弄8號1樓,24.179089,120.574927,門牌
台中市龍井區中華路三段1號2樓,24.045939,120.693878,門牌
台中市龍井區台灣大道五段103號1樓,24.185347,120.617995,路名
台中市龍井區台灣大道五段109巷20弄18號2樓,24.185347,120.617995,路名
台中市龍井區向上路六段386號1樓,24.160212,120.630866,路名
台中市龍井區山腳里中山一路一段62巷8弄48號1樓,24.214041,120.557482,路名
台中市龍井區山腳里龍山街151巷17號2樓,24.211551,120.549971,門牌
台中市龍井區忠和里14鄰海尾路306巷12號,24.219828,120.514104,門牌
台中市龍井區忠和里中央路三段213巷27弄11號1樓,24.234136,120.534702,路名
台中市龍井區忠和里中央路三段270號,24.234136,120.534702,路名
台中市龍井區忠和里中央路三段77巷58號1樓,24.234136,120.534702,路名
台中市龍井區忠和里台西南路228巷13弄10號,24.222800,120.516444,門牌
台中市龍井區忠和里台西南路251巷1號,24.222325,120.512182,門牌
台中市龍井區忠和里台西南路256巷32弄2之2號,24.221927,120.518440,路名
台中市龍井區忠和里工業路182巷17號,24.150785,120.628972,路名
台中市龍井區忠和里工業路182巷39號,24.217098,120.519426,門牌
台中市龍井區忠和里海尾路306巷12號,24.219828,120.514104,門牌
台中市龍井區忠和里臨港路二段38號,24.263036,120.532102,路名
台中市龍井區忠和里臨港路二段58號1樓,24.263036,120.532102,路名
台中市龍井區忠和里臨港路二段74之1號,24.263036,120.532102,路名
台中市龍井區忠和里臨港路二段74號,24.263036,120.532102,路名
台中市龍井區忠和里蚵寮路255巷54弄12號,24.209835,120.510106,門牌
台中市龍井區忠和里高園路118巷23弄29號2樓,24.213943,120.529837,路名
台中市龍井區忠和里龍昌路18巷146號,24.212337,120.501407,路名
台中市龍井區忠和里龍昌路26巷200號,24.218793,120.502174,門牌
台中市龍井區新庄街一段96巷96弄85號5樓,24.182951,120.579275,路名
台中市龍井區新庄里新仁路22巷8號1樓,24.184045,120.579267,門牌
台中市龍井區新東里新興路25巷1弄6號1樓,24.179567,120.589707,門牌
台中市龍井區新東里遊園南路143巷1弄3號1樓,24.182800,120.584995,門牌
台中市龍井區新興路25巷1弄5號1樓,24.179355,120.589462,門牌
台中市龍井區東海里東海街93巷11號1樓,24.188815,120.588769,門牌
台中市龍井區東海里遊園北路24巷17號,24.187048,120.586733,門牌
台中市龍井區東海里遠東街143巷57號2樓,24.190217,120.594576,門牌
台中市龍井區東海里遠東街30之4號6樓,24.190621,120.587809,門牌
台中市龍井區東海里遠東街81巷1之55號9樓,24.190785,120.592561,門牌
台中市龍井區沙田路5段龍目井116巷17號1樓,24.160274,120.553849,路名
台中市龍井區沙田路六段223號1樓,24.160274,120.553849,路名
台中市龍井區海尾路278巷31弄6號,24.217565,120.520847,路名
台中市龍井區海尾路278巷9號,24.218971,120.515752,門牌
台中市龍井區海尾路46巷117號,24.217886,120.525190,門牌
台中市龍井區田中里龍北路290號,24.188226,120.529849,門牌
台中市龍井區田中里龍北路391巷145弄5號1樓,24.188161,120.531112,門牌
台中市龍井區田中里龍北路60巷16號1樓,24.193349,120.530387,門牌
台中市龍井區竹坑里中華路一段221巷30弄13之1號1樓,24.173464,120.617601,路名
台中市龍井區竹坑里沙田路四段238號,24.160274,120.553849,路名
台中市龍井區臨港路二段90號,24.263036,120.532102,路名
台中市龍井區西濱路三段286號,24.210766,120.519425,路名
台中市龍井區麗水里南堤路10號,24.195238,120.522049,門牌
台中市龍井區麗水里南堤路1號,24.259185,120.499741,路名
台中市龍井區麗水里龍港路501巷28弄6號1樓,24.202609,120.501921,路名
台中市龍井區龍北路391巷152號1樓,24.187363,120.531125,門牌
台中市龍井區龍山街128號6樓,24.212426,120.549191,門牌
台中市龍井區龍崗里沙田路四段614號1樓,24.160274,120.553849,路名
台中市龍井區龍崗里祥瑞街11巷12號,24.190192,120.549182,門牌
台中市龍井區龍崗里竹師路2段6巷13號1樓,24.186085,120.549010,門牌
台中市龍井區龍崗里竹師路二段16巷16之3號1樓,24.184321,120.548084,路名
台中市龍井區龍崗里竹師路二段6巷13號1樓,24.184321,120.548084,路名
台中市龍井區龍昌路100號,24.212337,120.501407,路名
台中市龍井區龍東里文昌路412巷33號1樓,24.177532,120.531275,門牌
台中市龍井區龍東里茄投路一段241巷2弄6號1樓,24.180023,120.529549,路名
台中市龍井區龍東里茄投路一段241巷2弄8號一樓,24.180023,120.529549,路名
台中市龍井區龍東里茄投路一段245號1樓,24.180023,120.529549,路名
台中市龍井區龍泉里龍新路153巷12弄36號,24.197011,120.548106,門牌
台中市龍井區龍泉里龍社七街18巷6弄32號1樓,24.196958,120.563512,門牌
台中市龍井區龍津里三港路326巷11號,24.206363,120.514667,門牌
台中市龍井區龍津里三港路430號2樓,24.206004,120.512542,門牌
台中市龍井區龍津里三港路500巷7號,24.202767,120.506832,路名
台中市龍井區龍津里中央路一段212巷21號1樓,24.234136,120.534702,路名
台中市龍井區龍津里蚵寮路251巷309號,24.208714,120.507436,門牌
台中市龍井區龍津里蚵寮路255巷54弄11號1樓,24.209911,120.509840,門牌
台中市龍井區龍津里龍津街27巷16號1樓,24.200655,120.520755,路名
台中市龍井區龍西里茄投路147號,24.179949,120.524434,門牌
台中市龍井區龍西里龍門路120號1樓,24.185069,120.525748,門牌
台北市中山區中原街103號,25.061306,121.529060,門牌
台北市中山區中原里吉林路100號,25.053137,121.529992,門牌
台北市中山區中吉里002鄰松江路136號10樓,25.053107,121.532826,門牌
台北市中山區中央里南京東路二段125號10樓,25.052333,121.556981,路名
台北市中山區中山北路1段11號11樓之1,25.048462,121.521171,門牌
台北市中山區中山北路1段121巷27號至27之1號2樓、27號至27之1號2樓之1,25.051025,121.524294,門牌
台北市中山區中山北路1段145號9樓,25.051980,121.522704,門牌
台北市中山區中山北路1段27號11樓之1,25.048740,121.521315,門牌
台北市中山區中山北路1段27號14樓~16樓,25.048740,121.521315,門牌
台北市中山區中山北路1段27號7樓,25.048740,121.521315,門牌
台北市中山區中山北路1段83巷20號5樓之6,25.049988,121.523674,門牌
台北市中山區中山北路1段92號2樓,25.049348,121.521133,門牌
台北市中山區中山北路2段111號3樓,25.060121,121.523168,門牌
台北市中山區中山北路2段111號6樓,25.060121,121.523168,門牌
台北市中山區中山北路2段112號10樓,25.060680,121.522741,門牌
台北市中山區中山北路2段112號11樓,25.060680,121.522741,門牌
台北市中山區中山北路2段112號12樓之2,25.060680,121.522741,門牌
台北市中山區中山北路2段112號3樓A室,25.060680,121.522741,門牌
台北市中山區中山北路2段112號7樓,25.060680,121.522741,門牌
台北市中山區中山北路2段112號7樓之5,25.060680,121.522741,門牌
台北市中山區中山北路2段115巷3弄12號1樓,25.061377,121.523859,門牌
台北市中山區中山北路2段115巷43號3樓之6,25.060960,121.524635,門牌
台北市中山區中山北路2段128巷9號5樓之1,25.061837,121.521529,門牌
台北市中山區中山北路2段129號5樓之3,25.061454,121.523176,門牌
台北市中山區中山北路2段170號8樓,25.063510,121.522231,門牌
台北市中山區中山北路2段20巷15號3樓,25.053651,121.521105,門牌
台北市中山區中山北路2段37之1號,25.053723,121.522850,門牌
台北市中山區中山北路2段44號16樓,25.055200,121.522507,門牌
台北市中山區中山北路2段46號7樓,25.055548,121.522523,門牌
台北市中山區中山北路2段52號5樓之1,25.056267,121.522552,門牌
台北市中山區中山北路2段52號6樓,25.056267,121.522552,門牌
台北市中山區中山北路2段59巷45號5樓之5,25.055970,121.524535,門牌
台北市中山區中山北路2段60號1、2、3、4、5、6、7、11、12樓,25.056572,121.522561,門牌
台北市中山區中山北路2段61號3樓,25.056093,121.522970,門牌
台北市中山區中山北路2段65巷2弄19號1樓,25.056740,121.524673,門牌
台北市中山區中山北路2段65巷2弄9號,25.056741,121.524093,門牌
台北市中山區中山北路2段77巷12之5號7樓,25.057386,121.524253,門牌
台北市中山區中山北路2段77巷21號3樓,25.057576,121.524184,門牌
台北市中山區中山北路2段79號6樓,25.058203,121.523094,門牌
台北市中山區中山北路2段93巷8號6樓之3,25.059261,121.523656,門牌
台北市中山區中山北路2段93巷9之4號3樓,25.059411,121.524080,門牌
台北市中山區中山北路2段96號,25.059488,121.522663,門牌
台北市中山區中山北路2段96號13樓,25.059488,121.522663,門牌
台北市中山區中山北路2段96號9樓,25.059488,121.522663,門牌
台北市中山區中山北路3段22號,25.064469,121.521730,門牌
台北市中山區中山北路3段25號10樓之3,25.065325,121.522463,門牌
台北市中山區中山北路3段26號11樓之2,25.065141,121.522038,門牌
台北市中山區中山北路3段26號5樓之2,25.065141,121.522038,門牌
台北市中山區中山北路3段26號6樓之2,25.065141,121.522038,門牌
台北市中山區中山北路3段27號8樓之2,25.065387,121.522464,門牌
台北市中山區中山北路3段28號12樓,25.065237,121.522033,門牌
台北市中山區中山北路3段28號7樓之5,25.065237,121.522033,門牌
台北市中山區中山北路3段29號7樓之2,25.065580,121.522468,門牌
台北市中山區中山北路3段32號6樓607室,25.065451,121.522041,門牌
台北市中山區中山北路3段47號8樓,25.066533,121.522596,門牌
台北市中山區中山北路3段49號2樓之1,25.066944,121.522685,門牌
台北市中山區中山北路3段55巷2號、4號1樓,25.067881,121.523355,門牌
台北市中山區中山北路3段58號7樓,25.068291,121.522544,門牌
台北市中山區中山北路三段22號,25.092097,121.527084,路名
台北市中山區中山北路二段113號,25.092097,121.527084,路名
台北市中山區中山北路二段113號11樓,25.092097,121.527084,路名
台北市中山區中山北路二段21號5樓,25.092097,121.527084,路名
台北市中山區中山北路二段39巷3號1至20樓,25.092097,121.527084,路名
台北市中山區中山北路二段44號11樓、12樓、15樓,25.092097,121.527084,路名
台北市中山區中山北路二段50號1、2、3、5、8、12樓,25.092097,121.527084,路名
台北市中山區中山北路二段61號7樓,25.092097,121.527084,路名
台北市中山區中山北路二段65巷9號2樓,25.092097,121.527084,路名
台北市中山區中山北路二段96號8樓,25.092097,121.527084,路名
台北市中山區伊通街32號1樓,25.050919,121.534660,門牌
台北市中山區伊通街52巷18號2樓,25.051340,121.534039,門牌
台北市中山區伊通街66巷13號1樓,25.052609,121.533910,門牌
台北市中山區伊通街8之1號1樓,25.049634,121.534659,門牌
台北市中山區八德路2段174巷15弄11號1樓,25.045107,121.538838,門牌
台北市中山區八德路2段232號10樓,25.046418,121.540333,門牌
台北市中山區八德路2段260號3樓,25.046683,121.540899,門牌
台北市中山區八德路2段260號5樓,25.046683,121.540899,門牌
台北市中山區八德路2段260號7樓,25.046683,121.540899,門牌
台北市中山區八德路2段308號11樓之1,25.046880,121.542560,門牌
台北市中山區八德路二段308號10樓,25.047817,121.555327,路名
台北市中山區八德路二段308號13樓之1,25.047817,121.555327,路名
台北市中山區北安路458巷21號4樓,25.079018,121.544631,門牌
台北市中山區北安路538巷1弄3號1樓,25.079839,121.548086,門牌
台北市中山區北安路588巷9號1樓,25.081150,121.549413,門牌
台北市中山區北安路630巷19號地下1樓,25.082966,121.550167,門牌
台北市中山區北安路821巷3弄7號,25.085453,121.556826,門牌
台北市中山區北安路829號2樓,25.084811,121.556951,門牌
台北市中山區南京東路1段1巷5號2樓之6,25.053402,121.523135,門牌
台北市中山區南京東路1段25號10樓之3,25.052357,121.524242,門牌
台北市中山區南京東路1段34號7樓,25.051986,121.523843,門牌
台北市中山區南京東路1段62之1號8樓,25.051935,121.525000,門牌
台北市中山區南京東路1段92號2樓,25.051912,121.526012,門牌
台北市中山區南京東路1段92號8樓之1,25.051912,121.526012,門牌
台北市中山區南京東路2段101號5樓,25.052241,121.532637,門牌
台北市中山區南京東路2段101號9樓,25.052241,121.532637,門牌
台北市中山區南京東路2段124號5樓,25.051840,121.533325,門牌
台北市中山區南京東路2段124號7樓,25.051840,121.533325,門牌
台北市中山區南京東路2段125號11樓,25.052222,121.534574,門牌
台北市中山區南京東路2段137號11樓,25.052217,121.535110,門牌
台北市中山區南京東路2段137號14樓,25.052217,121.535110,門牌
台北市中山區南京東路2段150號2樓,25.051834,121.534199,門牌
台北市中山區南京東路2段160號3樓,25.051833,121.534396,門牌
台北市中山區南京東路2段160號9樓,25.051833,121.534396,門牌
台北市中山區南京東路2段174號11樓,25.051830,121.534917,門牌
台北市中山區南京東路2段174號12樓,25.051830,121.534917,門牌
台北市中山區南京東路2段174號5樓,25.051830,121.534917,門牌
台北市中山區南京東路2段20號11樓之4,25.051887,121.528645,門牌
台北市中山區南京東路2段2號5樓,25.051888,121.528181,門牌
台北市中山區南京東路2段2號8樓,25.051888,121.528181,門牌
台北市中山區南京東路2段3號1至10樓,25.052292,121.528132,門牌
台北市中山區南京東路2段62號8樓,25.051764,121.530190,門牌
台北市中山區南京東路2段71號3樓,25.052253,121.530837,門牌
台北市中山區南京東路2段71號5樓,25.052253,121.530837,門牌
台北市中山區南京東路2段71號8樓之3,25.052253,121.530837,門牌
台北市中山區南京東路2段76號4樓,25.051864,121.530797,門牌
台北市中山區南京東路2段76號9樓,25.051864,121.530797,門牌
台北市中山區南京東路2段85、87號4樓,25.052333,121.556981,路名
台北市中山區南京東路2段85號3樓,25.052251,121.531804,門牌
台北市中山區南京東路2段88號20樓之2,25.051761,121.531037,門牌
台北市中山區南京東路2段8號11樓,25.051890,121.528369,門牌
台北市中山區南京東路2段8號12樓,25.051890,121.528369,門牌
台北市中山區南京東路2段8號4樓之1,25.051890,121.528369,門牌
台北市中山區南京東路2段8號5樓,25.051890,121.528369,門牌
台北市中山區南京東路2段8號9樓之1,25.051890,121.528369,門牌
台北市中山區南京東路2段90號3樓,25.051760,121.531123,門牌
台北市中山區南京東路2段90號4樓,25.051760,121.531123,門牌
台北市中山區南京東路2段90號4樓之1,25.051760,121.531123,門牌
台北市中山區南京東路2段96號7樓,25.051863,121.531287,門牌
台北市中山區南京東路2段97號10樓,25.052245,121.532338,門牌
台北市中山區南京東路2段98號8樓,25.051859,121.531699,門牌
台北市中山區南京東路3段189號10樓,25.052087,121.542231,門牌
台北市中山區南京東路3段189號8樓,25.052087,121.542231,門牌
台北市中山區南京東路3段201號3樓,25.052091,121.542521,門牌
台北市中山區南京東路3段201號9樓,25.052091,121.542521,門牌
台北市中山區南京東路3段217號6樓,25.052070,121.542919,門牌
台北市中山區南京東路3段219號8樓,25.052067,121.543104,門牌
台北市中山區南京東路3段21號11樓,25.052181,121.537774,門牌
台北市中山區南京東路3段26號7樓,25.051784,121.537848,門牌
台北市中山區南京東路3段68號14樓,25.051753,121.538782,門牌
台北市中山區南京東路3段68號6樓及70號6樓,25.051753,121.538782,門牌
台北市中山區南京東路3段68號9樓,25.051753,121.538782,門牌
台北市中山區南京東路3段89巷15弄7號1樓,25.053333,121.538708,門牌
台北市中山區南京東路3段9號8樓之2,25.052187,121.537370,門牌
台北市中山區南京東路三段101號7樓,25.052333,121.556981,路名
台北市中山區南京東路三段168號13樓,25.052333,121.556981,路名
台北市中山區南京東路二段167號11樓,25.052333,121.556981,路名
台北市中山區南京東路二段172號1、2、3樓,25.052333,121.556981,路名
台北市中山區南京東路二段172號3樓,25.052333,121.556981,路名
台北市中山區南京東路二段206號6樓,25.052333,121.556981,路名
台北市中山區南京東路二段88號13樓,25.052333,121.556981,路名
台北市中山區南京西路10號10樓,25.052272,121.521541,門牌
台北市中山區南京西路1之1號10樓,25.052535,121.521814,門牌
台北市中山區南京西路1之1號6樓,25.052535,121.521814,門牌
台北市中山區南京西路1之1號7樓,25.052535,121.521814,門牌
台北市中山區南京西路5之1號9樓,25.052604,121.521374,門牌
台北市中山區合江街70巷19號,25.057018,121.538498,門牌
台北市中山區吉林路10巷28號,25.049677,121.529118,門牌
台北市中山區吉林路10巷28號1樓,25.049677,121.529118,門牌
台北市中山區吉林路12之3號2樓之1,25.050270,121.529935,門牌
台北市中山區吉林路12巷33號,25.050166,121.528753,門牌
台北市中山區吉林路168巷4號1樓,25.056746,121.529712,門牌
台北市中山區吉林路218巷14號,25.058868,121.529551,門牌
台北市中山區吉林路24號3樓之5,25.051331,121.529954,門牌
台北市中山區吉林路286號1樓,25.060918,121.530147,門牌
台北市中山區吉林路312號2樓,25.061930,121.530169,門牌
台北市中山區吉林路343巷46號1樓,25.064192,121.532418,門牌
台北市中山區吉林路345號1樓,25.064517,121.530468,門牌
台北市中山區吉林路369號6樓之1,25.065061,121.530484,門牌
台北市中山區吉林路394號1樓,25.065240,121.530259,門牌
台北市中山區吉林路433巷22號,25.066873,121.531943,門牌
台北市中山區吉林路71號2樓,25.054280,121.530240,門牌
台北市中山區吉林路89號2樓,25.055567,121.530265,門牌
台北市中山區吉林路97號7樓,25.055817,121.530278,門牌
台北市中山區吉林路98巷3號1樓,25.052660,121.529616,門牌
台北市中山區吉林路99號3樓,25.055869,121.530278,門牌
台北市中山區吉林路99號4樓,25.055869,121.530278,門牌
台北市中山區吉林路99號6樓,25.055869,121.530278,門牌
台北市中山區吉林路99號7樓,25.055869,121.530278,門牌
台北市中山區埤頭里八德路2段260號8樓,25.046683,121.540899,門牌
台北市中山區堤頂大道2段500號3樓之6,25.083033,121.561116,門牌
台北市中山區堤頂大道2段500號8樓之9,25.083033,121.561116,門牌
台北市中山區大直街20巷26號1樓,25.081167,121.545019,門牌
台北市中山區大直街33巷9號1樓,25.082212,121.546853,門牌
台北市中山區安東街3之1號,25.046143,121.541977,門牌
台北市中山區市民大道3段209號5樓,25.045394,121.542991,門牌
台北市中山區建國北路1段132號,25.050826,121.536389,門牌
台北市中山區建國北路1段150號1樓,25.051441,121.536352,門牌
台北市中山區建國北路1段156號4樓,25.051632,121.536405,門牌
台北市中山區建國北路1段15號8樓,25.046889,121.537132,門牌
台北市中山區建國北路1段21號5樓,25.047165,121.537051,門牌
台北市中山區建國北路1段21號7樓,25.047165,121.537051,門牌
台北市中山區建國北路1段58號7樓,25.048625,121.536356,門牌
台北市中山區建國北路1段69號10樓,25.051063,121.537160,門牌
台北市中山區建國北路1段69號9樓,25.051063,121.537160,門牌
台北市中山區建國北路1段78巷18號,25.049251,121.535568,門牌
台北市中山區建國北路1段80號4樓,25.049542,121.536282,門牌
台北市中山區建國北路1段80號5樓,25.049542,121.536282,門牌
台北市中山區建國北路1段80號6樓,25.049542,121.536282,門牌
台北市中山區建國北路1段88巷10號地下,25.049626,121.535736,門牌
台北市中山區建國北路1段96號10樓,25.050356,121.536302,門牌
台北市中山區建國北路1段96號9樓,25.050356,121.536302,門牌
台北市中山區建國北路2段127號9樓,25.059954,121.537331,門牌
台北市中山區建國北路2段135、137號地下1樓,25.056798,121.536786,路名
台北市中山區建國北路2段137號9樓,25.060499,121.537478,門牌
台北市中山區建國北路2段145號地下1樓及1之18樓,25.061258,121.537374,門牌
台北市中山區建國北路2段147號10樓,25.061583,121.537369,門牌
台北市中山區建國北路2段147號13樓之1,25.061583,121.537369,門牌
台北市中山區建國北路2段147號3樓之1,25.061583,121.537369,門牌
台北市中山區建國北路2段147號4樓之4,25.061583,121.537369,門牌
台北市中山區建國北路2段147號5樓之1,25.061583,121.537369,門牌
台北市中山區建國北路2段147號6樓,25.061583,121.537369,門牌
台北市中山區建國北路2段186巷6號,25.059478,121.535874,門牌
台北市中山區建國北路2段190號7樓之1,25.059730,121.536327,門牌
台北市中山區建國北路2段262號2樓,25.061952,121.536642,門牌
台北市中山區建國北路2段262號6樓,25.061952,121.536642,門牌
台北市中山區建國北路2段33號13樓之1,25.055046,121.537232,門牌
台北市中山區建國北路2段33號9樓之2,25.055046,121.537232,門牌
台北市中山區建國北路2段3巷15號5樓,25.052578,121.537665,門牌
台北市中山區建國北路2段66號10樓之1,25.054426,121.536462,門牌
台北市中山區建國北路2段66號4樓之3,25.054426,121.536462,門牌
台北市中山區建國北路2段86號11樓,25.056040,121.536511,門牌
台北市中山區建國北路2段86號12樓,25.056040,121.536511,門牌
台北市中山區建國北路2段86號7樓,25.056040,121.536511,門牌
台北市中山區建國北路2段87號9樓,25.058464,121.537305,門牌
台北市中山區建國北路2段87號9樓之1,25.058464,121.537305,門牌
台北市中山區建國北路2段88號8樓,25.056198,121.536512,門牌
台北市中山區建國北路2段94號9樓,25.057139,121.536543,門牌
台北市中山區建國北路2段96號9樓,25.057224,121.536545,門牌
台北市中山區建國北路3段113巷19弄1號1樓,25.067307,121.536101,門牌
台北市中山區建國北路3段169號,25.067838,121.534086,門牌
台北市中山區建國北路3段79號,25.065370,121.537022,門牌
台北市中山區建國北路3段81巷17號4樓,25.065647,121.537967,門牌
台北市中山區建國北路3段85號,25.065536,121.536905,門牌
台北市中山區建國北路3段92之1號7樓,25.066738,121.534386,門牌
台北市中山區建國北路3段92號7樓,25.066683,121.534468,門牌
台北市中山區建國北路一段126號地下1樓,25.056798,121.536786,路名
台北市中山區建國北路一段69號11、12樓及71號11樓,25.056798,121.536786,路名
台北市中山區建國北路一段96號10樓,25.056798,121.536786,路名
台北市中山區建國北路二段114號,25.056798,121.536786,路名
台北市中山區建國北路二段135號15樓,25.056798,121.536786,路名
台北市中山區建國北路二段145號5樓,25.056798,121.536786,路名
台北市中山區復興北路150號14樓之5,25.052783,121.543839,門牌
台北市中山區復興北路154號6樓,25.053180,121.543822,門牌
台北市中山區復興北路156號8樓,25.053229,121.543824,門牌
台北市中山區復興北路174號6樓,25.053955,121.543870,門牌
台北市中山區復興北路178號13樓之5,25.054241,121.543875,門牌
台北市中山區復興北路274號2樓,25.058542,121.543949,門牌
台北市中山區復興北路280巷2號,25.058649,121.543507,門牌
台北市中山區復興北路2號12樓之9,25.047768,121.543715,門牌
台北市中山區復興北路2號2樓之3,25.047768,121.543715,門牌
台北市中山區復興北路2號4樓之8,25.047768,121.543715,門牌
台北市中山區復興北路2號5樓之11,25.047768,121.543715,門牌
台北市中山區復興北路2號5樓之7,25.047768,121.543715,門牌
台北市中山區復興北路2號6樓之3,25.047768,121.543715,門牌
台北市中山區復興北路2號8樓之8,25.047768,121.543715,門牌
台北市中山區復興北路344號3樓之1,25.059780,121.543954,門牌
台北市中山區復興北路350號3樓之1,25.060070,121.543930,門牌
台北市中山區復興北路356之1號12樓,25.060357,121.543976,門牌
台北市中山區復興北路378號11樓,25.060860,121.543884,門牌
台北市中山區復興北路386號地下1樓、地上1、2、3、4樓,25.061204,121.543991,門牌
台北市中山區復興北路38號12樓,25.049255,121.543753,門牌
台北市中山區復興北路400號10樓之4,25.061685,121.543965,門牌
台北市中山區復興北路40號5樓,25.049343,121.543755,門牌
台北市中山區復興北路420號13樓,25.062616,121.543836,門牌
台北市中山區復興北路430巷38號1樓,25.063284,121.542163,門牌
台北市中山區復興北路476號3樓,25.064822,121.544117,門牌
台北市中山區復興北路488巷1弄3號,25.065308,121.543826,門牌
台北市中山區復興北路48號10樓之1,25.049537,121.543760,門牌
台北市中山區復興北路502號4樓之2、4樓之3,25.065576,121.544127,門牌
台北市中山區復興北路514巷28號,25.065887,121.542892,門牌
台北市中山區復興北路58號5樓,25.050143,121.543776,門牌
台北市中山區復興北路58號8樓之1,25.050143,121.543776,門牌
台北市中山區復興北路60號7樓之1,25.050296,121.543781,門牌
台北市中山區復興北路66號10樓之6,25.050588,121.543789,門牌
台北市中山區復興南路1段36之1號2樓,25.046176,121.543677,門牌
台北市中山區復興南路一段36之9號3樓,25.033287,121.543774,路名
台北市中山區復華里南京東路三段61號7樓,25.052333,121.556981,路名
台北市中山區德惠街152號1樓,25.066470,121.531084,門牌
台北市中山區德惠街15號10樓,25.066750,121.526097,門牌
台北市中山區德惠街16-5號10樓,25.066700,121.529138,路名
台北市中山區德惠街16-5號7樓,25.066700,121.529138,路名
台北市中山區德惠街16之5號7樓,25.066622,121.524585,門牌
台北市中山區德惠街16號6樓,25.066628,121.524027,門牌
台北市中山區德惠街193巷23號1樓,25.067570,121.532774,門牌
台北市中山區德惠街193巷6號,25.066889,121.532620,門牌
台北市中山區德惠街198巷15號1樓,25.065899,121.532730,門牌
台北市中山區德惠街32號10樓,25.066592,121.526060,門牌
台北市中山區德惠街34號11樓,25.066587,121.526186,門牌
台北市中山區德惠街9號5樓之6,25.066799,121.524640,門牌
台北市中山區德惠街9號6樓,25.066799,121.524640,門牌
台北市中山區撫順街33號2樓之1,25.063546,121.519997,門牌
台北市中山區撫順街33號4樓之1,25.063546,121.519997,門牌
台北市中山區敬業一路128巷1號3樓,25.083471,121.552767,門牌
台北市中山區敬業一路128巷39號5樓,25.083427,121.553502,門牌
台北市中山區敬業一路128巷51號2樓之7,25.083407,121.554004,門牌
台北市中山區敬業一路139號5樓之7,25.084023,121.551998,門牌
台北市中山區敬業一路169號,25.082933,121.553054,路名
台北市中山區敬業一路180號6樓,25.083900,121.553776,門牌
台北市中山區敬業一路19號7樓,25.082933,121.553054,路名
台北市中山區敬業三路180號1樓,25.078493,121.556754,門牌
台北市中山區敬業四路168號,25.084286,121.558745,門牌
台北市中山區敬業四路33號15樓,25.081043,121.558003,門牌
台北市中山區敬業四路33號8樓,25.081043,121.558003,門牌
台北市中山區新生北路1段108之3號7樓之5,25.049926,121.528151,門牌
台北市中山區新生北路1段51號3樓,25.048068,121.530115,門牌
台北市中山區新生北路1段64號2樓,25.046830,121.530700,門牌
台北市中山區新生北路1段88號10樓,25.047674,121.529740,門牌
台北市中山區新生北路2段117號1樓,25.058646,121.527882,門牌
台北市中山區新生北路2段119巷2號1樓,25.058892,121.527912,門牌
台北市中山區新生北路2段120號1樓,25.061025,121.527267,門牌
台北市中山區新生北路2段127巷22號,25.059719,121.529271,門牌
台北市中山區新生北路2段127巷42號2樓,25.059701,121.529807,門牌
台北市中山區新生北路2段28巷1號11樓之5,25.053891,121.527004,門牌
台北市中山區新生北路2段28巷3號10樓之2,25.053907,121.526665,門牌
台北市中山區新生北路2段31之1號11樓之2,25.054220,121.527784,門牌
台北市中山區新生北路2段31之1號11樓之6,25.054220,121.527784,門牌
台北市中山區新生北路2段31之1號9樓之7,25.054220,121.527784,門牌
台北市中山區新生北路2段62巷8號,25.056022,121.527043,門牌
台北市中山區新生北路2段62巷8號1樓,25.056022,121.527043,門牌
台北市中山區新生北路2段66號3樓22室,25.056114,121.527210,門牌
台北市中山區新生北路2段68巷9號13樓之3,25.056499,121.526794,門牌
台北市中山區新生北路2段70號1樓、2樓、地下1樓,25.056713,121.527230,門牌
台北市中山區新生北路2段77巷1之1號1樓,25.056902,121.528109,門牌
台北市中山區新生北路3段21號,25.064162,121.528015,門牌
台北市中山區新生北路3段26號4樓之1,25.063722,121.527398,門牌
台北市中山區新生北路3段27號1樓,25.064522,121.528017,門牌
台北市中山區新生北路3段61號3樓之18,25.065942,121.528055,門牌
台北市中山區新生北路3段82巷29號,25.067146,121.526481,門牌
台北市中山區新生北路一段66號8樓,25.059897,121.528232,路名
台北市中山區明水路397巷7弄25號,25.078102,121.549478,門牌
台北市中山區明水路397巷7弄59號1樓,25.078535,121.550820,門牌
台北市中山區明水路557巷12號地下之1,25.079203,121.550689,門牌
台北市中山區明水路593號地下1樓,25.081219,121.551425,門牌
台北市中山區明水路602號3樓,25.081582,121.551752,門牌
台北市中山區明水路606巷18號3樓,25.081865,121.552311,門牌
台北市中山區明水路636號3樓之18,25.082842,121.551346,門牌
台北市中山區朱園里松江路111號12樓,25.051392,121.533227,門牌
台北市中山區朱園里松江路87號17樓,25.050449,121.533204,門牌
台北市中山區朱崙街15號1樓,25.050208,121.537857,門牌
台北市中山區松江路100巷17號,25.051092,121.530808,門牌
台北市中山區松江路111號3樓之2,25.051392,121.533227,門牌
台北市中山區松江路121號10樓,25.052659,121.533250,門牌
台北市中山區松江路121號15樓,25.052659,121.533250,門牌
台北市中山區松江路122號11樓,25.052326,121.532814,門牌
台北市中山區松江路125號,25.053024,121.533257,門牌
台北市中山區松江路125號6樓,25.053024,121.533257,門牌
台北市中山區松江路126號15樓,25.052709,121.532765,門牌
台北市中山區松江路127之1號8樓,25.053576,121.533354,門牌
台北市中山區松江路128號1樓及2樓,25.052511,121.532780,門牌
台北市中山區松江路139號3樓,25.055092,121.533289,門牌
台北市中山區松江路139號3樓之1,25.055092,121.533289,門牌
台北市中山區松江路139號6樓,25.055092,121.533289,門牌
台北市中山區松江路139號9樓之1,25.055092,121.533289,門牌
台北市中山區松江路146號12樓,25.053476,121.532825,門牌
台北市中山區松江路146號8樓之2,25.053476,121.532825,門牌
台北市中山區松江路148號9樓,25.053830,121.532839,門牌
台北市中山區松江路152號10樓之3,25.054190,121.532850,門牌
台北市中山區松江路152號10樓之4,25.054190,121.532850,門牌
台北市中山區松江路152號10樓之6,25.054190,121.532850,門牌
台北市中山區松江路152號8樓之7,25.054190,121.532850,門牌
台北市中山區松江路152號9樓之13,25.054190,121.532850,門牌
台北市中山區松江路156巷31號1樓,25.054457,121.530598,門牌
台北市中山區松江路158號10樓之4,25.054978,121.532862,門牌
台北市中山區松江路158號11樓,25.054978,121.532862,門牌
台北市中山區松江路162號11樓,25.055377,121.532870,門牌
台北市中山區松江路162號6樓,25.055377,121.532870,門牌
台北市中山區松江路162號8樓,25.055377,121.532870,門牌
台北市中山區松江路162號之1三樓,25.055377,121.532870,門牌
台北市中山區松江路168號10樓,25.055792,121.532874,門牌
台北市中山區松江路168號12樓,25.055792,121.532874,門牌
台北市中山區松江路168號8樓,25.055792,121.532874,門牌
台北市中山區松江路182號7樓之1,25.056298,121.532882,門牌
台北市中山區松江路185號10樓之5,25.056470,121.533318,門牌
台北市中山區松江路185號6樓,25.056470,121.533318,門牌
台北市中山區松江路185號6樓之3,25.056470,121.533318,門牌
台北市中山區松江路188巷2號1樓,25.056728,121.532553,門牌
台北市中山區松江路190號10樓,25.056859,121.532880,門牌
台北市中山區松江路194巷36號,25.057076,121.531175,門牌
台北市中山區松江路223號10樓,25.058540,121.533399,門牌
台北市中山區松江路223號6樓,25.058540,121.533399,門牌
台北市中山區松江路223號8樓,25.058540,121.533399,門牌
台北市中山區松江路226巷12之2號1樓,25.058363,121.532316,門牌
台北市中山區松江路235巷26號,25.058731,121.534325,門牌
台北市中山區松江路237號12樓之1,25.058984,121.533454,門牌
台北市中山區松江路261號12樓,25.059716,121.533372,門牌
台北市中山區松江路261號3樓,25.059716,121.533372,門牌
台北市中山區松江路266號10樓,25.059324,121.532940,門牌
台北市中山區松江路26巷32號11樓,25.047042,121.531569,門牌
台北市中山區松江路283號6樓之2,25.060245,121.533385,門牌
台北市中山區松江路28號7樓之5,25.047210,121.532724,門牌
台北市中山區松江路293之1005號10樓,25.060893,121.533594,門牌
台北市中山區松江路293之805號,25.060625,121.533511,門牌
台北市中山區松江路293之901號9樓,25.060837,121.533553,門牌
台北市中山區松江路297巷14號1樓,25.061027,121.534457,門牌
台北市中山區松江路301號7樓,25.061174,121.533402,門牌
台北市中山區松江路317號11樓,25.062141,121.533416,門牌
台北市中山區松江路318號6樓及6樓之1,25.060672,121.532888,門牌
台北市中山區松江路31號11樓之2,25.047404,121.533156,門牌
台北市中山區松江路31號4樓,25.047404,121.533156,門牌
台北市中山區松江路32-1號4樓,25.056845,121.532778,路名
台北市中山區松江路328號9樓之1,25.060987,121.532969,門牌
台北市中山區松江路330巷11號,25.061224,121.532330,門牌
台北市中山區松江路362巷33號,25.062033,121.531968,門牌
台北市中山區松江路362巷46號1樓,25.061901,121.531501,門牌
台北市中山區松江路362巷82號3樓,25.061930,121.530603,門牌
台北市中山區松江路363號11樓,25.063826,121.533458,門牌
台北市中山區松江路363號12樓,25.063826,121.533458,門牌
台北市中山區松江路369號3樓,25.064869,121.533502,門牌
台北市中山區松江路369號4樓,25.064869,121.533502,門牌
台北市中山區松江路369號6樓,25.064869,121.533502,門牌
台北市中山區松江路402巷8弄3號,25.063746,121.532707,門牌
台北市中山區松江路42號10樓,25.047737,121.532735,門牌
台北市中山區松江路534號6樓,25.067123,121.533065,門牌
台北市中山區松江路54號6樓之2,25.048681,121.532752,門牌
台北市中山區松江路65號6樓,25.049084,121.533183,門牌
台北市中山區松江路70巷8號1樓,25.049244,121.532088,門牌
台北市中山區松江路72號9樓,25.049499,121.532767,門牌
台北市中山區松江路75之1號7樓,25.049685,121.533192,門牌
台北市中山區松江路82號11樓之2,25.050016,121.532773,門牌
台北市中山區松江路82號12樓,25.050016,121.532773,門牌
台北市中山區松江路87號17樓,25.050449,121.533204,門牌
台北市中山區松江路87號7樓,25.050449,121.533204,門牌
台北市中山區松江路97巷16號,25.050941,121.534224,門牌
台北市中山區林森北路100號4樓之1,25.050484,121.524821,門牌
台北市中山區林森北路107巷18號4樓,25.050064,121.525712,門牌
台北市中山區林森北路131號6樓之1,25.051019,121.525206,門牌
台北市中山區林森北路133巷9號1樓,25.051025,121.525717,門牌
台北市中山區林森北路259巷11之1號,25.054520,121.526405,門牌
台北市中山區林森北路259巷13之2號1樓,25.054569,121.526340,門牌
台北市中山區林森北路356號8樓,25.057208,121.525347,門牌
台北市中山區林森北路359號1樓,25.057257,121.525682,門牌
台北市中山區林森北路372號10樓,25.057734,121.525394,門牌
台北市中山區林森北路372號5樓,25.057734,121.525394,門牌
台北市中山區林森北路409號6樓之28,25.059582,121.525684,門牌
台北市中山區林森北路426號2樓,25.059897,121.525445,門牌
台北市中山區林森北路483號11樓之8,25.061144,121.525741,門牌
台北市中山區林森北路50號11樓之7,25.048344,121.524201,門牌
台北市中山區林森北路50號12樓,25.048344,121.524201,門牌
台北市中山區林森北路50號5樓之2,25.048344,121.524201,門牌
台北市中山區林森北路554號5樓,25.064179,121.525539,門牌
台北市中山區林森北路575號9樓之3,25.065090,121.525797,門牌
台北市中山區林森北路587號9樓之3,25.066038,121.525904,門牌
台北市中山區林森北路615號10樓,25.066544,121.525825,門牌
台北市中山區林森北路627號6樓之1,25.067034,121.525859,門牌
台北市中山區林森北路627號7樓,25.067034,121.525859,門牌
台北市中山區林森北路627號7樓之1,25.067034,121.525859,門牌
台北市中山區林森北路627號7樓之2,25.067034,121.525859,門牌
台北市中山區林森北路67巷62號,25.048176,121.526417,門牌
台北市中山區植福路286巷36號3樓,25.081109,121.559308,門牌
台北市中山區植福路308號3樓之8,25.080875,121.561351,門牌
台北市中山區植福路8號,25.083767,121.554774,門牌
台北市中山區樂群三路57號7樓,25.082812,121.552903,門牌
台北市中山區樂群二路187號3樓之2,25.080143,121.558187,門牌
台北市中山區樂群二路199號,25.080489,121.558943,門牌
台北市中山區樂群二路267號10樓,25.080122,121.560319,門牌
台北市中山區樂群二路267號3樓,25.080122,121.560319,門牌
台北市中山區樂群二路267號5樓之1,25.080122,121.560319,門牌
台北市中山區樂群二路267號6樓,25.080122,121.560319,門牌
台北市中山區樂群二路267號8樓,25.080122,121.560319,門牌
台北市中山區樂群二路267號8樓之10,25.080122,121.560319,門牌
台北市中山區樂群二路267號9樓,25.080122,121.560319,門牌
台北市中山區樂群二路277號,25.080113,121.560566,門牌
台北市中山區樂群二路299號3樓之5,25.080126,121.561344,門牌
台北市中山區民安里15鄰中山北路二段48巷7號1、2、4、5、6、7樓,25.092097,121.527084,路名
台北市中山區民族東路206號,25.068143,121.531097,門牌
台北市中山區民族東路270號1樓,25.068028,121.535365,門牌
台北市中山區民族東路336號,25.067923,121.537341,門牌
台北市中山區民族東路490號2樓,25.067947,121.541405,門牌
台北市中山區民族東路70號1樓,25.068232,121.526340,門牌
台北市中山區民權東路1段45號7樓之1,25.062910,121.524727,門牌
台北市中山區民權東路1段55號4樓,25.062906,121.524884,門牌
台北市中山區民權東路1段67號10樓,25.062890,121.525405,門牌
台北市中山區民權東路1段76號7樓,25.062498,121.525360,門牌
台北市中山區民權東路2段135巷29弄21號1樓,25.064253,121.536099,門牌
台北市中山區民權東路2段148號3樓,25.062232,121.534426,門牌
台北市中山區民權東路2段26號10樓,25.062409,121.528863,門牌
台北市中山區民權東路2段26號6樓之6,25.062409,121.528863,門牌
台北市中山區民權東路2段26號9樓,25.062409,121.528863,門牌
台北市中山區民權東路2段40號5樓,25.062348,121.529593,門牌
台北市中山區民權東路2段42號4樓,25.062388,121.529732,門牌
台北市中山區民權東路2段46號7樓之1,25.062348,121.530082,門牌
台北市中山區民權東路3段10號4樓之1,25.062177,121.539543,門牌
台北市中山區民權東路3段2號11樓,25.062146,121.537766,門牌
台北市中山區民權東路3段2號13樓,25.062146,121.537766,門牌
台北市中山區民權東路3段2號7樓,25.062146,121.537766,門牌
台北市中山區民權東路3段33號3樓,25.062586,121.542063,門牌
台北市中山區民權東路3段46號6樓,25.062166,121.541665,門牌
台北市中山區民權東路3段4、6號11樓,25.065950,121.572598,路名
台北市中山區民權東路3段4號18樓,25.062120,121.538609,門牌
台北市中山區民權東路3段57號3樓,25.062545,121.543150,門牌
台北市中山區民權東路3段58號8樓,25.062161,121.542268,門牌
台北市中山區民權東路3段60巷13弄1號,25.060741,121.542722,門牌
台北市中山區民權東路三段2號12樓,25.065950,121.572598,路名
台北市中山區民權東路三段4號地下一層,25.065950,121.572598,路名
台北市中山區民權東路三段65號1樓,25.065950,121.572598,路名
台北市中山區民權東路二段150號1樓,25.065950,121.572598,路名
台北市中山區民權東路二段41號,25.065950,121.572598,路名
台北市中山區民權西路20號11樓之7,25.062601,121.521801,門牌
台北市中山區民權西路20號8樓之3,25.062601,121.521801,門牌
台北市中山區民權西路20號8樓之6,25.062601,121.521801,門牌
台北市中山區民權西路27號3樓之2,25.062993,121.521446,門牌
台北市中山區民權西路35號10樓,25.063000,121.521201,門牌
台北市中山區民權西路35號7樓及7樓之1,25.063000,121.521201,門牌
台北市中山區民權西路40號、42號5樓,25.062621,121.521136,門牌
台北市中山區民權西路42之2號,25.062565,121.521030,門牌
台北市中山區民權西路53號15樓,25.063051,121.520494,門牌
台北市中山區民權西路70號11樓,25.062658,121.519850,門牌
台北市中山區民生東路1段13號6樓,25.058210,121.523887,門牌
台北市中山區民生東路1段25號10樓之19,25.058200,121.524317,門牌
台北市中山區民生東路1段25號4樓之6,25.058200,121.524317,門牌
台北市中山區民生東路1段54號12樓,25.057935,121.524901,門牌
台北市中山區民生東路1段78號9樓,25.057918,121.526627,門牌
台北市中山區民生東路2段143號8樓,25.058151,121.534548,門牌
台北市中山區民生東路2段174號2樓,25.057707,121.535690,門牌
台北市中山區民生東路2段176號10樓,25.057705,121.535815,門牌
台北市中山區民生東路2段176號2樓,25.057705,121.535815,門牌
台北市中山區民生東路2段176號7樓,25.057705,121.535815,門牌
台北市中山區民生東路3段119號2樓,25.057961,121.546919,門牌
台北市中山區民生東路3段21號10樓之1,25.058058,121.538571,門牌
台北市中山區民生東路3段29號5樓,25.058050,121.538974,門牌
台北市中山區民生東路3段2號3樓之1,25.058495,121.549708,路名
台北市中山區民生東路3段2號8樓,25.058495,121.549708,路名
台北市中山區民生東路3段9巷23號,25.060067,121.537729,門牌
台北市中山區民生東路三段51號11樓,25.058495,121.549708,路名
台北市中山區民生東路二段166號1至4樓,25.058495,121.549708,路名
台北市中山區民生東路二段170號2樓,25.058495,121.549708,路名
台北市中山區民生西路66巷25弄1號,25.056481,121.520834,門牌
台北市中山區江寧里民權東路三段2之1號12樓,25.065950,121.572598,路名
台北市中山區渭水路3巷22號1樓,25.046336,121.533507,門牌
台北市中山區聚盛里中山北路二段79號5樓,25.092097,121.527084,路名
台北市中山區興亞里18鄰南京東路二段96號8樓,25.052333,121.556981,路名
台北市中山區興安街155號1樓,25.056291,121.545402,門牌
台北市中山區農安街200號2樓,25.064555,121.535866,門牌
台北市中山區農安街200號3樓,25.064555,121.535866,門牌
台北市中山區農安街210號11樓,25.064704,121.536474,門牌
台北市中山區農安街26號8樓之1,25.064830,121.525935,門牌
台北市中山區農安街271巷9號,25.065237,121.535764,門牌
台北市中山區農安街2巷18號2樓,25.064117,121.522977,門牌
台北市中山區農安街2巷18號3樓之1,25.064117,121.522977,門牌
台北市中山區農安街32號8樓之10,25.064815,121.526673,門牌
台北市中山區農安街57號2樓之6,25.064977,121.527089,門牌
台北市中山區農安街6號8樓之5,25.064785,121.523267,門牌
台北市中山區通北街111號2樓,25.083912,121.538108,門牌
台北市中山區遼寧街134號,25.053528,121.541990,門牌
台北市中山區遼寧街177號1樓及179號3~6樓、18樓,25.051552,121.542376,路名
台北市中山區遼寧街185巷21號1樓,25.053399,121.543393,門牌
台北市中山區遼寧街45巷29號1樓,25.048822,121.543212,門牌
台北市中山區錦州街159號2樓之5,25.060440,121.529867,門牌
台北市中山區錦州街350號1樓,25.060173,121.539539,門牌
台北市中山區錦州街46號12樓之3,25.060174,121.525783,門牌
台北市中山區錦州街46號9樓之5,25.060174,121.525783,門牌
台北市中山區長安東路1段15號4樓,25.049683,121.522748,門牌
台北市中山區長安東路1段16號5樓之7,25.049313,121.523401,門牌
台北市中山區長安東路1段18號11樓,25.049246,121.523675,門牌
台北市中山區長安東路1段23號11樓之3,25.049447,121.523775,門牌
台北市中山區長安東路1段42號5樓,25.048437,121.527067,門牌
台北市中山區長安東路1段48號7樓,25.048344,121.527621,門牌
台北市中山區長安東路1段53巷1之1號2樓,25.048995,121.526508,門牌
台北市中山區長安東路1段73號4樓,25.048511,121.527810,門牌
台北市中山區長安東路1段9號6樓,25.049788,121.522434,門牌
台北市中山區長安東路1段9號9樓,25.049788,121.522434,門牌
台北市中山區長安東路2段100號11樓,25.048317,121.534867,門牌
台北市中山區長安東路2段100號4樓,25.048317,121.534867,門牌
台北市中山區長安東路2段108號4樓之6,25.048317,121.535280,門牌
台北市中山區長安東路2段110號10樓,25.048312,121.535519,門牌
台北市中山區長安東路2段110號10樓之1,25.048312,121.535519,門牌
台北市中山區長安東路2段110號11樓之2,25.048312,121.535519,門牌
台北市中山區長安東路2段112號11樓,25.048309,121.535660,門牌
台北市中山區長安東路2段112號4樓之3,25.048309,121.535660,門牌
台北市中山區長安東路2段118之5號3樓,25.048260,121.536320,門牌
台北市中山區長安東路2段118之5號6樓,25.048260,121.536320,門牌
台北市中山區長安東路2段162號2樓,25.048240,121.539353,門牌
台北市中山區長安東路2段162號4樓之1,25.048240,121.539353,門牌
台北市中山區長安東路2段162號7樓,25.048240,121.539353,門牌
台北市中山區長安東路2段169號2樓之1,25.048422,121.540730,門牌
台北市中山區長安東路2段169號2樓之2,25.048422,121.540730,門牌
台北市中山區長安東路2段170號3樓,25.048181,121.539938,門牌
台北市中山區長安東路2段173號7樓,25.048415,121.542232,門牌
台北市中山區長安東路2段184號9樓之5,25.048205,121.541360,門牌
台北市中山區長安東路2段230號5樓之9,25.048180,121.542809,門牌
台北市中山區長安東路2段31號4樓之6,25.048588,121.531219,門牌
台北市中山區長安東路2段65號6樓,25.048541,121.533807,門牌
台北市中山區長安東路2段80號4樓,25.048335,121.534107,門牌
台北市中山區長安東路2段88號6樓,25.048328,121.534398,門牌
台北市中山區長安東路一段23號5樓之6,25.048367,121.532568,路名
台北市中山區長安東路一段9號6樓,25.048367,121.532568,路名
台北市中山區長安東路二段117號8樓,25.048367,121.532568,路名
台北市中山區長安東路二段99號3樓,25.048367,121.532568,路名
台北市中山區長安東路二段99號5樓,25.048367,121.532568,路名
台北市中山區長春路16號、16號地下室,25.054860,121.523669,門牌
台北市中山區長春路172號8樓之11,25.054692,121.533850,門牌
台北市中山區長春路172號地下1樓,25.054692,121.533850,門牌
台北市中山區長春路184號10樓之3,25.054676,121.534627,門牌
台北市中山區長春路19號9樓,25.055058,121.524058,門牌
台北市中山區長春路263號3樓,25.054765,121.541152,門牌
台北市中山區長春路267號3樓,25.054759,121.541274,門牌
台北市中山區長春路328號3樓,25.054536,121.540854,門牌
台北市中山區長春路328號4樓之3,25.054536,121.540854,門牌
台北市中山區長春路366號2樓之1,25.054472,121.542608,門牌
台北市中山區長春路378號6樓,25.054459,121.543190,門牌
台北市中山區長春路380號7樓,25.054457,121.543291,門牌
台北市中山區長春路408號12樓,25.054476,121.543657,門牌
台北市中山區長春路40號11樓之5,25.054842,121.524999,門牌
台北市中山區長春路78號6樓,25.054816,121.526670,門牌
台北市中山區集英里21鄰中山北路三段22號,25.092097,121.527084,路名
台北市中山區集英里24鄰中山北路三段58號4樓、58號5樓之2,25.092097,121.527084,路名
台北市中山區雙城街13巷11號3樓之2,25.064181,121.524921,門牌
台北市中山區雙城街25巷2號3樓之1,25.066180,121.524500,門牌
台北市中山區雙城街34之1之2號、34之1號2樓、34之1號地下1樓,25.065343,121.524250,路名
台北市中山區龍江路128號2樓,25.059726,121.540717,路名
台北市中山區龍江路155巷1號3樓,25.054299,121.540684,門牌
台北市中山區龍江路155巷9號,25.054341,121.540936,門牌
台北市中山區龍江路172之2號,25.055348,121.540415,門牌
台北市中山區龍江路243巷11號1樓,25.058530,121.541476,門牌
台北市中山區龍江路281巷8號1樓,25.059735,121.541369,門牌
台北市中山區龍江路286巷13號1樓,25.061139,121.539941,門牌
台北市中山區龍江路328巷5之1號1樓,25.065240,121.540484,門牌
台北市中山區龍江路328巷6號4樓,25.065089,121.540510,門牌
台北市中山區龍江路356巷80號2樓,25.065935,121.537626,門牌
台北市中山區龍江路370巷24號1樓,25.066362,121.539942,門牌
台北市中山區龍江路377巷1號5樓,25.064857,121.541207,門牌
台北市中山區龍江路377巷23號2樓,25.064842,121.542282,門牌
台北市中山區龍江路397巷48號2樓,25.065455,121.543620,門牌
台北市中山區龍江路416號2樓,25.067714,121.540910,門牌
台北市中山區龍江路457巷23號,25.067558,121.541743,門牌
台北市中山區龍江路461號1樓,25.067709,121.541092,門牌
台北市中山區龍江路59號,25.049857,121.540548,門牌
台北市中山區龍江路96號9樓,25.052335,121.540348,門牌
台北市中正區三元街192號1樓,25.027674,121.511873,門牌
台北市中正區三元街80巷10號2樓,25.028536,121.509571,門牌
台北市中正區中山北路1段2號10樓,25.046046,121.519469,門牌
台北市中正區中山北路1段2號4樓之3,25.046046,121.519469,門牌
台北市中正區中山北路1段2號7樓,25.046046,121.519469,門牌
台北市中正區中華路1段59號8樓,25.041335,121.508530,門牌
台北市中正區中華路1段59號9樓,25.041335,121.508530,門牌
台北市中正區中華路1段95巷2號4樓,25.037582,121.507697,門牌
台北市中正區中華路2段1號,25.036456,121.506865,門牌
台北市中正區中華路2段315巷51號1樓,25.028794,121.507290,門牌
台北市中正區中華路2段441巷2弄5號2樓,25.025404,121.509523,門牌
台北市中正區仁愛路1段23巷15號,25.039676,121.523345,門牌
台北市中正區仁愛路1段51巷1號5樓,25.038729,121.524460,門牌
台北市中正區仁愛路1段59號5樓之3,25.038541,121.525095,門牌
台北市中正區仁愛路2段11號3樓,25.038475,121.526519,門牌
台北市中正區仁愛路2段2號10樓,25.038104,121.525367,門牌
台北市中正區仁愛路2段2號7樓,25.038104,121.525367,門牌
台北市中正區仁愛路2段34號4樓、4樓之1、4樓之2,25.038075,121.527137,門牌
台北市中正區仁愛路2段6之1號,25.038065,121.525585,門牌
台北市中正區仁愛路2段71號12樓之5,25.038400,121.530976,門牌
台北市中正區仁愛路2段71號5樓之6,25.038400,121.530976,門牌
台北市中正區仁愛路2段71號6樓之2,25.038400,121.530976,門牌
台北市中正區仁愛路2段99號14樓,25.038406,121.532350,門牌
台北市中正區仁愛路二段91巷1號1樓,25.038058,121.542740,路名
台北市中正區信義路1段21之3號,25.036419,121.523003,門牌
台北市中正區信義路2段101號8樓之3,25.034221,121.527681,門牌
台北市中正區信義路2段17巷2弄5號,25.035584,121.525314,門牌
台北市中正區信義路2段213號9樓,25.033845,121.530537,門牌
台北市中正區信義路2段261號,25.032030,121.552131,路名
台北市中正區八德路1段42號1樓,25.043721,121.530665,門牌
台北市中正區八德路1段46號9樓,25.043779,121.530905,門牌
台北市中正區公園路32號12樓,25.044101,121.516754,門牌
台北市中正區北平東路20號11樓之1,25.046000,121.524804,門牌
台北市中正區北平東路30之1號5樓,25.045637,121.526303,門牌
台北市中正區北平東路30號11樓之1,25.045719,121.525975,門牌
台北市中正區南昌路1段153號3樓,25.029353,121.518719,門牌
台北市中正區南昌路1段155號3樓,25.029294,121.518762,門牌
台北市中正區南昌路1段31巷18號,25.032293,121.517752,門牌
台北市中正區南昌路1段52號1樓,25.031475,121.516928,門牌
台北市中正區南昌路1段53號9樓,25.031283,121.517293,門牌
台北市中正區南昌路1段54巷8號1樓,25.031203,121.516689,門牌
台北市中正區南昌路2段53號7樓,25.027631,121.520249,門牌
台北市中正區南昌路一段4號1樓,25.028891,121.519265,路名
台北市中正區南海路105之7號,25.027713,121.507377,門牌
台北市中正區南海路20號4樓,25.032493,121.517011,門牌
台北市中正區博愛路38號7樓,25.045884,121.511226,門牌
台北市中正區博愛路60號7樓,25.045568,121.511260,門牌
台北市中正區博愛路80號11樓,25.044545,121.511375,門牌
台北市中正區和平西路1段143號10樓之1,25.027573,121.515496,門牌
台北市中正區和平西路2段12號1樓,25.027979,121.513755,門牌
台北市中正區和平西路2段133號2樓,25.033043,121.506012,門牌
台北市中正區和平西路2段141號3樓之3,25.033384,121.505738,門牌
台北市中正區和平西路2段141號4樓之8,25.033384,121.505738,門牌
台北市中正區和平西路2段56號,25.028779,121.512238,門牌
台北市中正區寧波西街69號6樓,25.030511,121.517049,門牌
台北市中正區寧波西街77之1號1樓,25.030382,121.516837,門牌
台北市中正區寧波西街87之2號1樓,25.029975,121.515716,門牌
台北市中正區寶慶路37號5樓,25.041657,121.510201,門牌
台北市中正區寶慶路37號7樓,25.041657,121.510201,門牌
台北市中正區延平南路258巷2號,25.032827,121.507154,門牌
台北市中正區延平南路48號7樓,25.045667,121.510542,門牌
台北市中正區延平南路61號9樓之3,25.044658,121.510415,門牌
台北市中正區建國里重慶南路1段120號,25.041468,121.512912,門牌
台北市中正區忠孝東路1段13號4樓,25.044841,121.524056,門牌
台北市中正區忠孝東路1段152號10樓之3,25.043981,121.525920,門牌
台北市中正區忠孝東路1段152號10樓之6,25.043981,121.525920,門牌
台北市中正區忠孝東路1段152號12樓之5,25.043981,121.525920,門牌
台北市中正區忠孝東路1段55號3樓,25.044327,121.526194,門牌
台北市中正區忠孝東路1段55號4樓,25.044327,121.526194,門牌
台北市中正區忠孝東路1段76號12樓之1,25.044456,121.523975,門牌
台北市中正區忠孝東路1段76號7樓之2,25.044456,121.523975,門牌
台北市中正區忠孝東路1段83號15樓,25.044318,121.526363,門牌
台北市中正區忠孝東路1段83號19樓,25.044318,121.526363,門牌
台北市中正區忠孝東路1段85號16樓,25.044200,121.526727,門牌
台北市中正區忠孝東路2段120號4樓,25.042502,121.531417,門牌
台北市中正區忠孝東路2段130號6樓之1,25.042399,121.531804,門牌
台北市中正區忠孝東路2段134巷3號,25.041551,121.531692,門牌
台北市中正區忠孝東路2段19號4樓,25.043952,121.527641,門牌
台北市中正區忠孝東路2段39巷2弄2號1樓,25.044160,121.528019,門牌
台北市中正區忠孝東路2段74號3樓,25.043208,121.528844,門牌
台北市中正區忠孝東路2段88號11樓,25.043041,121.529450,門牌
台北市中正區忠孝東路2段88號17樓,25.043041,121.529450,門牌
台北市中正區忠孝東路2段88號6樓,25.043041,121.529450,門牌
台北市中正區忠孝東路2段94號5樓,25.042866,121.530088,門牌
台北市中正區忠孝東路一段12號,25.043293,121.562666,路名
台北市中正區忠孝東路二段130號2樓之3,25.043293,121.562666,路名
台北市中正區忠孝西路1段100號11樓,25.047139,121.512757,門牌
台北市中正區忠孝西路1段27號4樓,25.046051,121.518853,門牌
台北市中正區忠孝西路1段38號,25.046240,121.516407,門牌
台北市中正區忠孝西路1段41號6樓之13,25.046172,121.518384,門牌
台北市中正區忠孝西路1段4號8樓,25.045734,121.518506,門牌
台北市中正區忠孝西路1段66號18樓,25.046226,121.515302,門牌
台北市中正區忠孝西路1段66號28樓,25.046226,121.515302,門牌
台北市中正區忠孝西路1段66號31~43樓,25.046226,121.515302,門牌
台北市中正區忠孝西路1段7號5樓之1,25.045971,121.519195,門牌
台北市中正區忠孝西路1段80號17樓,25.046854,121.514334,路名
台北市中正區忠孝西路一段50號11樓之3,25.046854,121.514334,路名
台北市中正區忠孝西路一段66號21樓,25.046854,121.514334,路名
台北市中正區忠孝西路一段66號24樓,25.046854,121.514334,路名
台北市中正區懷寧街35號6樓,25.044900,121.514212,門牌
台北市中正區懷寧街76號,25.043141,121.513988,門牌
台北市中正區懷寧街82號1樓,25.043012,121.513989,門牌
台北市中正區新生南路1段116號3樓,25.039121,121.532548,門牌
台北市中正區新生南路1段148號5樓,25.035275,121.532466,門牌
台北市中正區新生南路1段160巷11號2樓,25.034699,121.530968,門牌
台北市中正區新生南路一段50號10樓,25.033354,121.533844,路名
台北市中正區新生南路一段50號11樓,25.033354,121.533844,路名
台北市中正區新生南路一段50號14樓,25.033354,121.533844,路名
台北市中正區新生南路一段56號11樓,25.033354,121.533844,路名
台北市中正區杭州北路26號14樓,25.044874,121.526932,路名
台北市中正區杭州北路26號2樓,25.044874,121.526932,路名
台北市中正區杭州南路1段111巷20號1樓,25.036861,121.525775,門牌
台北市中正區杭州南路1段23號9樓之5,25.042256,121.526463,門牌
台北市中正區杭州南路1段6巷26號1樓,25.043647,121.525191,門牌
台北市中正區林森北路27號,25.047125,121.524250,門牌
台北市中正區林森北路9巷21號5樓,25.045596,121.524892,門牌
台北市中正區林森南路137號11樓,25.033155,121.518546,門牌
台北市中正區林森南路1號3樓,25.044426,121.523358,門牌
台北市中正區林森南路43號4樓,25.040607,121.522245,門牌
台北市中正區林森南路4號7樓之1,25.044100,121.523013,門牌
台北市中正區汀州路1段169號,25.027248,121.510720,門牌
台北市中正區汀州路1段180號1樓,25.028407,121.508895,門牌
台北市中正區汀州路1段316號5樓,25.026593,121.512064,門牌
台北市中正區汀州路3段184號,25.012970,121.534887,門牌
台北市中正區汀州路3段184號1樓,25.012970,121.534887,門牌
台北市中正區汀州路3段54號1樓,25.015812,121.530887,門牌
台北市中正區汀州路三段50號1樓,25.020686,121.521419,路名
台北市中正區漢口街1段110號4樓之7,25.045092,121.511000,門牌
台北市中正區漢口街1段85號7樓之8,25.045272,121.511164,門牌
台北市中正區漢口街一段82號8樓,25.045554,121.508097,路名
台北市中正區濟南路1段15號1樓,25.042597,121.522366,門牌
台北市中正區濟南路1段15號2樓,25.042597,121.522366,門牌
台北市中正區濟南路1段15號9樓,25.042597,121.522366,門牌
台北市中正區濟南路1段7之4號,25.042794,121.521911,門牌
台北市中正區濟南路2段15號3樓之1,25.041298,121.527651,門牌
台北市中正區濟南路2段62巷2之4號,25.039967,121.532088,門牌
台北市中正區濟南路二段29號,25.040610,121.531088,路名
台北市中正區牯嶺街146號3樓之1,25.021494,121.518921,門牌
台北市中正區牯嶺街161號1樓,25.022011,121.519099,門牌
台北市中正區牯嶺街93號12樓,25.026181,121.519052,門牌
台北市中正區福州街57、59號2樓,25.028130,121.517198,路名
台北市中正區紹興北街5號3樓,25.044802,121.525313,門牌
台北市中正區紹興北街8號7樓,25.045220,121.525269,門牌
台北市中正區紹興南街5號,25.043665,121.524985,門牌
台北市中正區羅斯福路1段24號11樓,25.031633,121.518822,門牌
台北市中正區羅斯福路1段7號11樓,25.033483,121.517984,門牌
台北市中正區羅斯福路2段10號8樓,25.028855,121.520858,門牌
台北市中正區羅斯福路2段126號10樓之1,25.026227,121.522800,門牌
台北市中正區羅斯福路2段12號3樓,25.028818,121.520886,門牌
台北市中正區羅斯福路2段136號12樓,25.026023,121.522948,門牌
台北市中正區羅斯福路2段140號11樓之5,25.025886,121.523045,門牌
台北市中正區羅斯福路2段14號2樓,25.028739,121.520944,門牌
台北市中正區羅斯福路2段44號4樓,25.027962,121.521521,門牌
台北市中正區羅斯福路2段9號6樓,25.028901,121.521338,門牌
台北市中正區羅斯福路3段100之93號,25.021131,121.527140,門牌
台北市中正區羅斯福路3段100號9樓之8,25.021431,121.527017,門牌
台北市中正區羅斯福路3段126號1樓,25.020582,121.527948,門牌
台北市中正區羅斯福路3段136號5樓,25.013024,121.532677,路名
台北市中正區羅斯福路3段152號4樓,25.020114,121.528531,門牌
台北市中正區羅斯福路3段230號1樓,25.018474,121.530195,門牌
台北市中正區羅斯福路3段26號,25.023159,121.525099,門牌
台北市中正區羅斯福路3段76號2樓之2,25.022058,121.526280,門牌
台北市中正區羅斯福路4段162號12樓之1,25.012439,121.536200,門牌
台北市中正區羅斯福路4段68號7樓之12,25.014504,121.534274,門牌
台北市中正區羅斯福路4段68號9樓之13,25.014504,121.534274,門牌
台北市中正區羅斯福路4段6號2樓,25.015862,121.532875,門牌
台北市中正區羅斯福路一段6號8樓之1,25.013024,121.532677,路名
台北市中正區羅斯福路三段230號,25.013024,121.532677,路名
台北市中正區羅斯福路三段242號,25.013024,121.532677,路名
台北市中正區臨沂街19巷17號,25.041872,121.531202,門牌
台北市中正區臨沂街24巷7號,25.040428,121.529337,門牌
台北市中正區衡陽路10號13樓,25.042228,121.513623,門牌
台北市中正區衡陽路10號7樓,25.042228,121.513623,門牌
台北市中正區衡陽路26號2樓之2,25.042207,121.512863,門牌
台北市中正區衡陽路51號3樓,25.042381,121.512184,門牌
台北市中正區衡陽路51號3樓之2,25.042381,121.512184,門牌
台北市中正區衡陽路51號5樓之10,25.042381,121.512184,門牌
台北市中正區衡陽路51號5樓之11,25.042381,121.512184,門牌
台北市中正區衡陽路51號9樓之1,25.042381,121.512184,門牌
台北市中正區衡陽路51號地下1層,25.042381,121.512184,門牌
台北市中正區襄陽路23號,25.043497,121.515252,門牌
台北市中正區西藏路62巷5號1樓,25.030877,121.505876,門牌
台北市中正區許昌街42之1號10樓,25.045450,121.515434,門牌
台北市中正區詔安街124號,25.025774,121.510752,門牌
台北市中正區重慶南路1段10號8樓之15,25.046588,121.513136,門牌
台北市中正區重慶南路1段121號5樓之14,25.042224,121.513373,門牌
台北市中正區重慶南路1段59號,25.044575,121.513342,門牌
台北市中正區重慶南路1段63號8樓之6,25.044447,121.513344,門牌
台北市中正區重慶南路1段63號9樓之5,25.044447,121.513344,門牌
台北市中正區重慶南路1段99號8樓之8,25.043044,121.513333,門牌
台北市中正區重慶南路1段99號9樓,25.043044,121.513333,門牌
台北市中正區重慶南路2段21號6樓之4,25.032402,121.514291,門牌
台北市中正區重慶南路2段51號11樓,25.031221,121.514933,門牌
台北市中正區重慶南路2段51號16樓,25.031221,121.514933,門牌
台北市中正區重慶南路2段59號3樓,25.030789,121.515047,門牌
台北市中正區重慶南路3段129號6樓之6,25.023881,121.517010,門牌
台北市中正區重慶南路3段132巷12號,25.024391,121.516009,門牌
台北市中正區重慶南路3段1號12樓之2,25.029743,121.515473,門牌
台北市中正區重慶南路一段57號9樓之3,25.031828,121.514896,路名
台北市中正區重慶南路二段51號10樓,25.031828,121.514896,路名
台北市中正區重慶南路二段51號16樓,25.031828,121.514896,路名
台北市中正區金山南路1段134號,25.034808,121.527201,門牌
台北市中正區金山南路1段56號,25.041249,121.529140,門牌
台北市中正區金山南路1段97號,25.036545,121.527989,門牌
台北市中正區金門街12巷6之1號1樓,25.022172,121.523034,門牌
台北市中正區開封街1段66號5樓,25.045919,121.511595,門牌
台北市中正區青島東路3之3號2樓,25.044009,121.521778,門牌
台北市中正區青島東路3之3號3樓,25.044009,121.521778,門牌
台北市中正區館前路20號5樓,25.045270,121.514903,門牌
台北市中正區館前路20號9樓,25.045270,121.514903,門牌
台北市中正區館前路34號11樓,25.044666,121.514908,門牌
台北市中正區館前路49號4樓,25.044962,121.515124,門牌
台北市中正區館前路59號3樓,25.044805,121.515128,門牌
台北市中正區黎明里003鄰北平西路3號,25.047176,121.517058,門牌
台北市中正區齊東街60號,25.041897,121.528165,門牌
台北市信義區中坡南路150號1樓,25.040063,121.584426,門牌
台北市信義區中坡南路180號2樓,25.038788,121.584015,門牌
台北市信義區中坡南路215巷1號1樓,25.041091,121.585494,門牌
台北市信義區中興里2鄰信義路四段456號8樓,25.032030,121.552131,路名
台北市信義區仁愛路4段452巷17號,25.036535,121.559314,門牌
台北市信義區仁愛路4段506號,25.037274,121.561023,門牌
台北市信義區信安街95巷5號3樓,25.025548,121.557300,門牌
台北市信義區信義路4段375號4樓之5,25.033283,121.557734,門牌
台北市信義區信義路4段375號6樓之5,25.033283,121.557734,門牌
台北市信義區信義路4段375號8樓之6,25.033283,121.557734,門牌
台北市信義區信義路4段375號9樓之8,25.033283,121.557734,門牌
台北市信義區信義路4段395巷6弄10號5樓之5,25.033532,121.558880,門牌
台北市信義區信義路4段401號7樓,25.033259,121.558726,門牌
台北市信義區信義路4段413號3樓之2,25.033405,121.559098,門牌
台北市信義區信義路4段415號12樓,25.033304,121.559235,門牌
台北市信義區信義路4段415號4樓之2,25.033304,121.559235,門牌
台北市信義區信義路4段460號18樓,25.032823,121.558797,門牌
台北市信義區信義路5段150巷13弄6號1樓,25.027499,121.568693,門牌
台北市信義區信義路5段150巷16弄6號1樓,25.028115,121.569368,門牌
台北市信義區信義路5段150巷2號8樓之5,25.028160,121.570922,門牌
台北市信義區信義路5段150巷2號9樓之7,25.028160,121.570922,門牌
台北市信義區信義路5段150巷315弄2號2樓,25.027111,121.569179,門牌
台北市信義區信義路5段150巷401弄3號,25.024723,121.570768,門牌
台北市信義區信義路5段150巷42號,25.025528,121.571461,門牌
台北市信義區信義路5段150巷479-1號,25.032030,121.552131,路名
台北市信義區信義路5段2號4樓,25.032821,121.559880,門牌
台北市信義區信義路5段2號6樓,25.032821,121.559880,門牌
台北市信義區信義路5段5號,25.033152,121.562340,門牌
台北市信義區信義路5段5號4樓,25.033152,121.562340,門牌
台北市信義區信義路5段5號5樓,25.033152,121.562340,門牌
台北市信義區信義路5段8巷19號2樓,25.032313,121.560530,門牌
台北市信義區信義路5段8號16樓,25.032831,121.560614,門牌
台北市信義區信義路5段8號9樓,25.032831,121.560614,門牌
台北市信義區信義路6段1號2樓,25.033914,121.574771,門牌
台北市信義區信義路6段76巷2弄85號1樓,25.033043,121.576041,門牌
台北市信義區信義路五段150巷2號4樓之3,25.032030,121.552131,路名
台北市信義區信義路五段2號10樓,25.032030,121.552131,路名
台北市信義區信義路五段2號7樓,25.032030,121.552131,路名
台北市信義區信義路四段456號10樓之1,25.032030,121.552131,路名
台北市信義區光復南路417號2樓之3,25.036771,121.557722,門牌
台北市信義區光復南路419號5樓之1,25.036443,121.557719,門牌
台北市信義區光復南路475號6樓之3,25.033608,121.557662,門牌
台北市信義區光復南路495號,25.032460,121.557885,門牌
台北市信義區光復南路495號11樓之4,25.032460,121.557885,門牌
台北市信義區光復南路495號2樓之1,25.032460,121.557885,門牌
台北市信義區光復南路495號4樓,25.032460,121.557885,門牌
台北市信義區光復南路505號6樓之4,25.031997,121.557621,門牌
台北市信義區光復南路547號14樓,25.031579,121.557609,門牌
台北市信義區吳興街118巷26弄12號,25.029902,121.560260,門牌
台北市信義區吳興街156巷25弄7號,25.028389,121.561236,門牌
台北市信義區吳興街156巷29弄1號,25.028443,121.560785,門牌
台北市信義區吳興街156巷29弄3號,25.028398,121.560821,門牌
台北市信義區吳興街220巷71號2樓,25.026228,121.561068,門牌
台北市信義區吳興街284巷17之6號2樓,25.024029,121.563614,門牌
台北市信義區吳興街284巷28弄22號3樓,25.023430,121.562658,門牌
台北市信義區吳興街354號1樓,25.025619,121.566469,門牌
台北市信義區吳興街475號4樓,25.023706,121.569326,門牌
台北市信義區吳興街516號,25.024512,121.565600,路名
台北市信義區吳興街600巷118號,25.018196,121.572000,門牌
台北市信義區和平東路3段319號9樓,25.021295,121.556080,門牌
台北市信義區和平東路3段391巷20弄72號地下1層之1,25.021441,121.560633,門牌
台北市信義區和平東路3段509巷4號,25.017223,121.560363,門牌
台北市信義區和平東路3段509巷4號1樓,25.017223,121.560363,門牌
台北市信義區和平東路3段517號1樓,25.016947,121.560333,門牌
台北市信義區嘉興街175巷2弄16號1樓,25.027282,121.557306,門牌
台北市信義區嘉興街304號1樓,25.023581,121.554780,門牌
台北市信義區基隆路1段101巷19號,25.044854,121.568186,門牌
台北市信義區基隆路1段111號10樓,25.045064,121.567056,門牌
台北市信義區基隆路1段127號4樓,25.044540,121.566748,門牌
台北市信義區基隆路1段135號12樓之3,25.043738,121.566378,門牌
台北市信義區基隆路1段141號13樓之3,25.042983,121.565843,門牌
台北市信義區基隆路1段141號9樓之10,25.042983,121.565843,門牌
台北市信義區基隆路1段143號11樓之3,25.042902,121.565797,門牌
台北市信義區基隆路1段143號4樓之8,25.042902,121.565797,門牌
台北市信義區基隆路1段143號5樓之8,25.042902,121.565797,門牌
台北市信義區基隆路1段143號9樓之3,25.042902,121.565797,門牌
台北市信義區基隆路1段147巷5弄36號1樓,25.031124,121.557833,路名
台北市信義區基隆路1段149號3樓之7,25.042561,121.565550,門牌
台北市信義區基隆路1段149號4樓之1,25.042561,121.565550,門牌
台北市信義區基隆路1段149號5樓之4,25.042561,121.565550,門牌
台北市信義區基隆路1段155號11樓之5,25.042216,121.565336,門牌
台北市信義區基隆路1段155號12樓,25.042216,121.565336,門牌
台北市信義區基隆路1段155號13樓之5,25.042216,121.565336,門牌
台北市信義區基隆路1段155號5樓之7,25.042216,121.565336,門牌
台北市信義區基隆路1段155號5樓之8,25.042216,121.565336,門牌
台北市信義區基隆路1段155號5樓之9,25.042216,121.565336,門牌
台北市信義區基隆路1段155號8樓之8,25.042216,121.565336,門牌
台北市信義區基隆路1段159號13樓,25.041960,121.565183,門牌
台北市信義區基隆路1段159號14樓,25.041960,121.565183,門牌
台北市信義區基隆路1段186號9樓之4,25.042092,121.564787,門牌
台北市信義區基隆路1段19號7樓之2,25.048448,121.569279,門牌
台北市信義區基隆路1段200號8樓,25.040272,121.563547,門牌
台北市信義區基隆路1段333號4樓,25.034254,121.561112,門牌
台北市信義區基隆路1段35巷7弄10號1樓,25.047889,121.570710,門牌
台北市信義區基隆路1段35巷7弄45號1樓,25.048004,121.571716,門牌
台北市信義區基隆路1段400號12樓之3,25.034171,121.560017,門牌
台北市信義區基隆路1段400號13樓,25.034171,121.560017,門牌
台北市信義區基隆路1段420號8樓,25.034057,121.559951,門牌
台北市信義區基隆路1段432號15樓之5,25.033714,121.559739,門牌
台北市信義區基隆路1段432號5樓之5,25.033714,121.559739,門牌
台北市信義區基隆路1段432號7樓之5,25.033714,121.559739,門牌
台北市信義區基隆路1段432號7樓之7,25.033714,121.559739,門牌
台北市信義區基隆路2段109號6樓之2,25.028875,121.557259,門牌
台北市信義區基隆路2段115號11樓,25.028634,121.557114,門牌
台北市信義區基隆路2段125號5樓,25.028420,121.556987,門牌
台北市信義區基隆路2段125號7樓之3,25.028420,121.556987,門牌
台北市信義區基隆路2段13號11樓,25.032251,121.559300,門牌
台北市信義區基隆路2段145號11樓,25.026973,121.555742,門牌
台北市信義區基隆路2段149-49號2樓,25.031124,121.557833,路名
台北市信義區基隆路2段149之16號11樓,25.026744,121.555483,門牌
台北市信義區基隆路2段15之1號4樓,25.032164,121.559248,門牌
台北市信義區基隆路2段189號7樓之5,25.024799,121.553269,門牌
台北市信義區基隆路2段189號9樓之1,25.024799,121.553269,門牌
台北市信義區基隆路2段22號6樓之6,25.031923,121.558715,門牌
台北市信義區基隆路2段23號9樓之5,25.031759,121.559001,門牌
台北市信義區基隆路2段39巷26號1樓,25.030472,121.559549,門牌
台北市信義區基隆路2段48號10樓之2,25.031507,121.558467,門牌
台北市信義區基隆路2段48號8樓,25.031507,121.558467,門牌
台北市信義區基隆路2段51號14樓,25.030983,121.558531,門牌
台北市信義區基隆路2段51號17樓之2,25.030983,121.558531,門牌
台北市信義區基隆路2段51號6樓之9,25.030983,121.558531,門牌
台北市信義區基隆路2段51號8樓,25.030983,121.558531,門牌
台北市信義區基隆路2段77號3樓,25.030337,121.558140,門牌
台北市信義區基隆路2段77號4樓之6,25.030337,121.558140,門牌
台北市信義區基隆路2段77號5樓之2,25.030337,121.558140,門牌
台北市信義區基隆路2段79巷1號6樓,25.030108,121.558533,門牌
台北市信義區基隆路一段159號13樓,25.031124,121.557833,路名
台北市信義區基隆路一段200號10樓,25.031124,121.557833,路名
台北市信義區基隆路一段200號15樓,25.031124,121.557833,路名
台北市信義區基隆路一段200號6樓之1,25.031124,121.557833,路名
台北市信義區基隆路一段420號10樓,25.031124,121.557833,路名
台北市信義區基隆路一段420號4樓之1,25.031124,121.557833,路名
台北市信義區富陽街21巷1之1號2樓,25.023224,121.556538,門牌
台北市信義區富陽街21巷6弄7號2樓,25.022753,121.556866,門牌
台北市信義區富陽街44巷2號1樓,25.022386,121.556078,門牌
台北市信義區富陽街59號,25.022094,121.556507,門牌
台北市信義區富陽街78號12樓,25.021481,121.556361,門牌
台北市信義區富陽街80號12樓,25.021410,121.556370,門牌
台北市信義區崇德街116號5樓,25.023862,121.555823,門牌
台北市信義區崇德街31巷11弄6號2樓,25.024925,121.554225,門牌
台北市信義區崇德街61號,25.024328,121.554783,門牌
台北市信義區市府路45號B1-5F、B1之1、4F之1及6F之1、信義路五段7號59-60樓、89樓、101樓,25.034026,121.563904,門牌
台北市信義區市民大道6段288號8樓之8,25.049215,121.579137,門牌
台北市信義區忠孝東路4段500號2樓之1,25.040967,121.561700,門牌
台北市信義區忠孝東路4段512號9樓之1,25.041024,121.562370,門牌
台北市信義區忠孝東路4段525號11樓,25.043293,121.562666,路名
台北市信義區忠孝東路4段553巷16弄1之2號3樓,25.042856,121.563057,門牌
台北市信義區忠孝東路4段553巷34號1樓,25.043783,121.562908,門牌
台北市信義區忠孝東路4段553巷46弄7號,25.044289,121.563251,門牌
台北市信義區忠孝東路4段557之1號16樓,25.043293,121.562666,路名
台北市信義區忠孝東路4段557號11樓,25.043293,121.562666,路名
台北市信義區忠孝東路4段560號10樓之2,25.040984,121.563891,門牌
台北市信義區忠孝東路4段560號7樓,25.040984,121.563891,門牌
台北市信義區忠孝東路4段560號9樓,25.040984,121.563891,門牌
台北市信義區忠孝東路4段563號11樓,25.041455,121.564019,門牌
台北市信義區忠孝東路5段1-10號3樓,25.043293,121.562666,路名
台北市信義區忠孝東路5段165巷3弄34號2樓,25.043293,121.562666,路名
台北市信義區忠孝東路5段1之1號13樓,25.041413,121.564864,門牌
台北市信義區忠孝東路5段1之1號8樓,25.041413,121.564864,門牌
台北市信義區忠孝東路5段1之1號9樓,25.041413,121.564864,門牌
台北市信義區忠孝東路5段1之2號5樓,25.041299,121.564964,門牌
台北市信義區忠孝東路5段1之3號14樓,25.041481,121.564906,門牌
台北市信義區忠孝東路5段1之7號7樓,25.041596,121.564973,門牌
台北市信義區忠孝東路5段1之7號8樓,25.041596,121.564973,門牌
台北市信義區忠孝東路5段1之7號9樓,25.041596,121.564973,門牌
台北市信義區忠孝東路5段1之8號2樓,25.041293,121.565176,門牌
台北市信義區忠孝東路5段236巷3弄19號3樓,25.040485,121.573098,門牌
台北市信義區忠孝東路5段236巷3弄21號2樓,25.040486,121.573217,門牌
台北市信義區忠孝東路5段236巷3弄33號2樓,25.040485,121.573813,門牌
台北市信義區忠孝東路5段270號11樓之11,25.040771,121.573350,門牌
台北市信義區忠孝東路5段295巷35號1樓,25.043182,121.572557,門牌
台北市信義區忠孝東路5段360號14樓,25.040762,121.573611,門牌
台北市信義區忠孝東路5段372巷27弄23號,25.039772,121.574688,門牌
台北市信義區忠孝東路5段372巷27弄31號1樓,25.039897,121.574836,門牌
台北市信義區忠孝東路5段372巷27弄76號1樓,25.039360,121.575527,門牌
台北市信義區忠孝東路5段410號16樓,25.040712,121.575128,門牌
台北市信義區忠孝東路5段423巷6弄21號1樓,25.041895,121.576254,門牌
台北市信義區忠孝東路5段461號8樓之6,25.041045,121.576771,門牌
台北市信義區忠孝東路5段474號11樓,25.040664,121.577164,門牌
台北市信義區忠孝東路5段482號14樓之4,25.040598,121.577998,門牌
台北市信義區忠孝東路5段482號15樓之4,25.040598,121.577998,門牌
台北市信義區忠孝東路5段489號4樓,25.041180,121.578211,門牌
台北市信義區忠孝東路5段508號11樓之3,25.041116,121.578755,門牌
台北市信義區忠孝東路5段508號19樓之3,25.041116,121.578755,門牌
台北市信義區忠孝東路5段510號23樓之2、23樓之3,25.041151,121.578820,門牌
台北市信義區忠孝東路5段510號26樓,25.041151,121.578820,門牌
台北市信義區忠孝東路5段510號4樓,25.041151,121.578820,門牌
台北市信義區忠孝東路5段524巷3弄24號1樓,25.041114,121.580562,門牌
台北市信義區忠孝東路5段552號8樓,25.041889,121.580036,門牌
台北市信義區忠孝東路5段689號7樓,25.042237,121.579912,門牌
台北市信義區忠孝東路5段68號10樓,25.040648,121.566694,門牌
台北市信義區忠孝東路5段68號23樓,25.040648,121.566694,門牌
台北市信義區忠孝東路5段790巷15號5樓,25.043079,121.582039,門牌
台北市信義區忠孝東路五段10號,25.043293,121.562666,路名
台北市信義區忠孝東路五段293號4樓,25.043293,121.562666,路名
台北市信義區忠孝東路五段293號5樓,25.043293,121.562666,路名
台北市信義區忠孝東路五段510號13樓,25.043293,121.562666,路名
台北市信義區忠孝東路四段515號,25.043293,121.562666,路名
台北市信義區忠孝東路四段523號12樓,25.043293,121.562666,路名
台北市信義區忠孝東路四段550號8樓,25.043293,121.562666,路名
台北市信義區忠孝東路四段555號14樓,25.043293,121.562666,路名
台北市信義區忠孝東路四段560號2樓、2樓之1、2樓之2、2樓之3,25.043293,121.562666,路名
台北市信義區文昌街316號2樓,25.032108,121.557955,門牌
台北市信義區東興路45號11樓,25.047726,121.566362,門牌
台北市信義區東興路69號6樓,25.047037,121.567177,門牌
台北市信義區松仁路123號,25.034519,121.568781,門牌
台北市信義區松仁路202巷2弄32號,25.028321,121.567922,門牌
台北市信義區松仁路228巷7弄2號1樓,25.025129,121.568555,門牌
台北市信義區松仁路277號18樓,25.024290,121.569844,門牌
台北市信義區松仁路89號12樓之4,25.037224,121.568750,門牌
台北市信義區松仁路89號16樓,25.037224,121.568750,門牌
台北市信義區松仁路99號1樓,25.036022,121.568694,門牌
台北市信義區松信路28號1樓,25.048348,121.572076,門牌
台北市信義區松壽路12號,25.035668,121.566021,門牌
台北市信義區松壽路12號9樓,25.035668,121.566021,門牌
台北市信義區松壽路18號2樓之附屬地下層,25.035636,121.567111,門牌
台北市信義區松壽路20號,25.035641,121.567405,門牌
台北市信義區松山路204巷2號2樓,25.045121,121.577272,門牌
台北市信義區松山路421號8樓之1,25.040496,121.578005,門牌
台北市信義區松山路465巷2弄5號4樓,25.039252,121.578474,門牌
台北市信義區松山路479號,25.039214,121.578012,門牌
台北市信義區松山路540巷3弄19號,25.037333,121.577749,門牌
台北市信義區松山路717號1樓,25.032472,121.581460,門牌
台北市信義區松平路135之2號1樓,25.030611,121.569351,門牌
台北市信義區松德路12號3樓,25.039733,121.577377,門牌
台北市信義區松德路12號7樓,25.039733,121.577377,門牌
台北市信義區松德路159號4樓之3,25.036489,121.574841,門牌
台北市信義區松德路161號11樓之2,25.036395,121.574837,門牌
台北市信義區松德路161號2樓之1,25.036395,121.574837,門牌
台北市信義區松德路170之7號1樓,25.036226,121.573687,門牌
台北市信義區松德路171號15樓之3,25.035860,121.574802,門牌
台北市信義區松德路171號16樓之2,25.035860,121.574802,門牌
台北市信義區松德路171號18樓之5,25.035860,121.574802,門牌
台北市信義區松德路171號3樓之3,25.035860,121.574802,門牌
台北市信義區松德路171號3樓之5,25.035860,121.574802,門牌
台北市信義區松德路18號6樓,25.039373,121.577248,門牌
台北市信義區松德路196號B1、B1-1至B1-6,25.034897,121.574145,門牌
台北市信義區松德路196號地下1層,25.034897,121.574145,門牌
台北市信義區松德路25巷23之1號,25.038214,121.577643,門牌
台北市信義區松德路301號1樓,25.031706,121.574720,門牌
台北市信義區松德路36號3樓,25.039068,121.576833,門牌
台北市信義區松德路60號2樓,25.038719,121.576361,門牌
台北市信義區松德路65號11樓之1,25.038528,121.576649,門牌
台北市信義區松德路65號3樓,25.038528,121.576649,門牌
台北市信義區松德路65號6樓,25.038528,121.576649,門牌
台北市信義區松德路6號8樓,25.039575,121.577480,門牌
台北市信義區松智路1號12、13、14、15、16樓,25.038775,121.566082,門牌
台北市信義區松智路1號25樓,25.038775,121.566082,門牌
台北市信義區松智路1號5樓,25.038775,121.566082,門牌
台北市信義區松隆路102號13樓之1,25.045885,121.571031,門牌
台北市信義區松隆路102號16樓之1,25.045885,121.571031,門牌
台北市信義區松隆路102號19樓,25.045885,121.571031,門牌
台北市信義區松隆路125號7樓之10,25.046985,121.571874,門牌
台北市信義區松隆路125號7樓之9,25.046985,121.571874,門牌
台北市信義區松隆路62號1樓,25.044047,121.568461,門牌
台北市信義區松高路19號7、8、9樓,25.039359,121.566667,門牌
台北市信義區松高路9號11樓,25.039514,121.565073,門牌
台北市信義區林口街222號2樓,25.042126,121.581181,門牌
台北市信義區林口街38巷25號3樓,25.038332,121.580323,門牌
台北市信義區林口街93號1樓,25.039839,121.579559,門牌
台北市信義區永吉路120巷59號,25.043739,121.570335,門牌
台北市信義區永吉路168號4樓,25.045469,121.571022,門牌
台北市信義區永吉路180巷66弄35號1樓,25.043582,121.570529,門牌
台北市信義區永吉路181號6樓之1,25.045767,121.571934,門牌
台北市信義區永吉路200巷11弄6號,25.044943,121.572895,門牌
台北市信義區永吉路200巷11弄6號1樓,25.044943,121.572895,門牌
台北市信義區永吉路228號12樓,25.045399,121.573507,門牌
台北市信義區永吉路278巷42弄16號4樓,25.044146,121.573533,門牌
台北市信義區永吉路30巷101弄4號1樓,25.043470,121.569105,門牌
台北市信義區永吉路30巷118弄3號1樓,25.043108,121.568226,門牌
台北市信義區永吉路30巷119弄40號2樓,25.043026,121.569947,門牌
台北市信義區永吉路327號1樓,25.045672,121.575671,門牌
台北市信義區永吉路352號6樓之3,25.045021,121.576551,門牌
台北市信義區永吉路443巷13弄29號5樓,25.047056,121.579602,門牌
台北市信義區永吉里市民大道6段288號9樓,25.049215,121.579137,門牌
台北市信義區福德街221巷24號,25.035098,121.585302,門牌
台北市信義區福德街300巷3號4樓,25.039411,121.586946,門牌
台北市信義區福德街300巷43弄14之1號1樓,25.040870,121.585825,門牌
台北市信義區福德街46號1樓,25.036772,121.580185,門牌
台北市信義區福德街68號1樓,25.037014,121.580818,門牌
台北市信義區莊敬路168號,25.031771,121.561095,門牌
台北市信義區莊敬路197巷16號4樓,25.030547,121.561952,門牌
台北市信義區莊敬路322號7樓,25.028042,121.563375,門牌
台北市信義區莊敬路325巷29號,25.028737,121.564283,門牌
台北市信義區莊敬路408號2樓,25.027215,121.566041,門牌
台北市信義區莊敬路423巷1弄1號1樓,25.027561,121.566589,門牌
台北市信義區莊敬路423巷7弄23號1樓,25.028459,121.566233,門牌
台北市信義區莊敬路478號2樓之2,25.026506,121.568136,門牌
台北市信義區菸廠路88號12樓,25.044737,121.561111,門牌
台北市信義區菸廠路88號7樓及7樓之1,25.044737,121.561111,門牌
台北市信義區虎林街119巷23號房屋地下層,25.042158,121.577561,門牌
台北市信義區虎林街141巷15弄10號3樓,25.039943,121.577311,門牌
台北市信義區虎林街164巷60弄26號,25.038635,121.574023,門牌
台北市信義區虎林街205號1樓,25.037973,121.577061,門牌
台北市信義區虎林街212巷35號1樓,25.037067,121.576222,門牌
台北市信義區虎林街232巷42號,25.036342,121.576503,門牌
台北市信義區虎林街247號1樓,25.037113,121.577390,門牌
台北市信義區虎林街70巷33號5樓,25.044275,121.575911,門牌
台北市內湖區五分街60號5樓,25.067209,121.615802,門牌
台北市內湖區內湖路1段109號2樓,25.084342,121.561820,門牌
台北市內湖區內湖路1段120巷13號6樓之1,25.082444,121.562718,門牌
台北市內湖區內湖路1段120巷18號2樓,25.082589,121.562565,門牌
台北市內湖區內湖路1段120巷21號5樓,25.082129,121.562350,門牌
台北市內湖區內湖路1段120巷21號6樓,25.082129,121.562350,門牌
台北市內湖區內湖路1段246號3樓,25.082021,121.566295,門牌
台北市內湖區內湖路1段250號10樓,25.081961,121.566732,門牌
台北市內湖區內湖路1段250號12樓,25.081961,121.566732,門牌
台北市內湖區內湖路1段285巷27弄4號,25.083371,121.567189,門牌
台北市內湖區內湖路1段285巷68弄19號3樓,25.085888,121.567240,門牌
台北市內湖區內湖路1段306號7樓,25.081648,121.569244,門牌
台北市內湖區內湖路1段320號9樓,25.081562,121.570124,門牌
台北市內湖區內湖路1段323巷14弄4號1樓,25.083266,121.567767,門牌
台北市內湖區內湖路1段323巷4弄3號1樓,25.082831,121.567798,門牌
台北市內湖區內湖路1段360巷15號3樓,25.080924,121.570742,門牌
台北市內湖區內湖路1段360巷15號6樓,25.080924,121.570742,門牌
台北市內湖區內湖路1段360巷15號7樓,25.080924,121.570742,門牌
台北市內湖區內湖路1段360巷8號8樓,25.080743,121.570331,門牌
台北市內湖區內湖路1段388號3樓,25.080801,121.572451,門牌
台北市內湖區內湖路1段388號8樓,25.080801,121.572451,門牌
台北市內湖區內湖路1段392號4樓,25.080646,121.572899,門牌
台北市內湖區內湖路1段392號、396號10樓、396號10樓之1,25.080646,121.572899,門牌
台北市內湖區內湖路1段396號12樓,25.080527,121.573212,門牌
台北市內湖區內湖路1段512號3樓,25.080381,121.573851,門牌
台北市內湖區內湖路1段516號5樓,25.080339,121.573966,門牌
台北市內湖區內湖路1段66號3樓,25.083666,121.562303,門牌
台北市內湖區內湖路1段715巷22號2樓,25.080195,121.578032,門牌
台北市內湖區內湖路1段75號2樓,25.084854,121.560570,門牌
台北市內湖區內湖路1段91巷102弄16號1樓,25.087581,121.563881,門牌
台北市內湖區內湖路1段91巷17號4樓,25.085852,121.561958,門牌
台北市內湖區內湖路1段91巷23弄1號,25.086468,121.562473,門牌
台北市內湖區內湖路1段91巷24弄25號1樓,25.084622,121.563195,門牌
台北市內湖區內湖路1段91巷35弄26之1號,25.087190,121.561648,門牌
台北市內湖區內湖路1段91巷90號3樓,25.086823,121.562940,門牌
台北市內湖區內湖路1段91巷92弄48號1樓,25.087335,121.563940,門牌
台北市內湖區內湖路2段103巷46號1樓,25.082020,121.580599,門牌
台北市內湖區內湖路2段114號2樓,25.079462,121.581983,門牌
台北市內湖區內湖路2段128號,25.079496,121.582323,門牌
台北市內湖區內湖路2段317號,25.082813,121.591189,門牌
台北市內湖區內湖路2段352號10樓之5,25.082007,121.590452,門牌
台北市內湖區內湖路2段355巷5號18樓,25.083988,121.592169,門牌
台北市內湖區內湖路2段367號6樓,25.083811,121.592352,門牌
台北市內湖區內湖路2段381號7樓,25.083879,121.592540,門牌
台北市內湖區內湖路2段458號1樓,25.083748,121.592687,門牌
台北市內湖區內湖路3段115巷1弄20號,25.086087,121.590896,門牌
台北市內湖區內湖路3段308號1樓,25.089281,121.584401,門牌
台北市內湖區內湖路3段59巷18號,25.085515,121.591867,門牌
台北市內湖區內湖路一段120巷17號5樓,25.084538,121.577248,路名
台北市內湖區內湖路一段306號13樓,25.084538,121.577248,路名
台北市內湖區內湖路一段516號10樓,25.084538,121.577248,路名
台北市內湖區南京東路6段348號11樓之1,25.058551,121.585237,門牌
台北市內湖區南京東路6段348號12樓,25.058551,121.585237,門牌
台北市內湖區南京東路6段350之2號12樓,25.058542,121.586166,門牌
台北市內湖區南京東路6段386號3樓,25.059154,121.587854,門牌
台北市內湖區南京東路6段388號9樓之1,25.059481,121.588164,門牌
台北市內湖區南京東路6段461號2樓之3,25.060865,121.587385,門牌
台北市內湖區南京東路6段497號11樓,25.052333,121.556981,路名
台北市內湖區基湖路10巷1號8樓,25.078756,121.564094,路名
台北市內湖區基湖路10巷46號1樓,25.082074,121.563660,門牌
台北市內湖區基湖路10巷50號8樓,25.082062,121.563458,門牌
台北市內湖區基湖路18號10樓,25.081117,121.564802,門牌
台北市內湖區基湖路1號4樓之1,25.081682,121.565570,門牌
台北市內湖區基湖路1號5樓,25.081682,121.565570,門牌
台北市內湖區基湖路35巷13號7樓之1,25.079757,121.565585,門牌
台北市內湖區基湖路35巷16號2樓,25.079266,121.566220,門牌
台北市內湖區基湖路35巷6號5樓,25.079508,121.565664,門牌
台北市內湖區基湖路37號12樓,25.079561,121.564880,門牌
台北市內湖區基湖路39號8樓,25.079341,121.564737,門牌
台北市內湖區基湖路3巷47號8樓,25.080764,121.567165,門牌
台北市內湖區堤頂大道2段15號8樓之2,25.075592,121.571957,門牌
台北市內湖區堤頂大道2段283號2樓,25.078555,121.565678,門牌
台北市內湖區堤頂大道2段285號5樓,25.078565,121.565534,門牌
台北市內湖區堤頂大道2段285號7樓,25.078565,121.565534,門牌
台北市內湖區堤頂大道2段407巷20弄1、3、5、7號10樓，及407巷22、24、26號10樓及407巷22號10樓之1,25.076563,121.566077,路名
台北市內湖區堤頂大道2段407巷20弄35號5樓,25.081668,121.562869,門牌
台北市內湖區堤頂大道2段407巷20弄39號3樓,25.081795,121.562788,門牌
台北市內湖區堤頂大道2段483號2樓,25.082313,121.562081,門牌
台北市內湖區堤頂大道2段501號9樓,25.083019,121.561681,門牌
台北市內湖區堤頂大道一段331號3樓,25.076563,121.566077,路名
台北市內湖區堤頂大道二段187號10樓,25.076563,121.566077,路名
台北市內湖區大湖山莊街164號4樓,25.086758,121.601394,門牌
台北市內湖區大湖山莊街205號1樓,25.088419,121.600278,門牌
台北市內湖區大湖山莊街215號,25.088420,121.599989,門牌
台北市內湖區安康路106巷59號1樓,25.060415,121.599411,門牌
台北市內湖區安康路121號1樓,25.063064,121.599384,門牌
台北市內湖區安康路142號1樓,25.062915,121.600115,門牌
台北市內湖區安康路144之1號1樓,25.062954,121.600303,門牌
台北市內湖區安康路191之1號4樓,25.066214,121.611493,門牌
台北市內湖區安康路228巷11號2樓,25.062726,121.603243,門牌
台北市內湖區安康路28號5樓,25.062427,121.593731,門牌
台北市內湖區安康路434巷17之1號,25.066620,121.615270,門牌
台北市內湖區安康路46號,25.062104,121.596611,門牌
台北市內湖區安康路51-1號,25.064785,121.608154,路名
台北市內湖區安泰街18號3樓,25.073350,121.618938,門牌
台北市內湖區康寧路1段156巷32弄11號1樓,25.077550,121.594107,門牌
台北市內湖區康寧路3段12號11樓之2,25.072827,121.606529,門牌
台北市內湖區康寧路3段12號5樓之5,25.072827,121.606529,門牌
台北市內湖區康寧路3段189巷78之1號,25.072197,121.612640,門牌
台北市內湖區康寧路3段189巷80弄32號,25.071336,121.613353,門牌
台北市內湖區康寧路3段54之5號3樓之1,25.071657,121.609184,門牌
台北市內湖區康寧路3段99巷12弄3號2樓,25.072522,121.610761,門牌
台北市內湖區康寧路3段99巷17弄28號,25.072800,121.609796,門牌
台北市內湖區康樂街116號4樓之3,25.071071,121.619057,門牌
台北市內湖區康樂街12號4樓,25.068113,121.617785,門牌
台北市內湖區康樂街136巷3弄18號3樓之2,25.072490,121.618927,門牌
台北市內湖區康樂街186巷24號1樓,25.076684,121.620125,門牌
台北市內湖區康樂街186巷33號地下之4,25.076925,121.620476,門牌
台北市內湖區康樂街204之1號5樓,25.076433,121.621760,門牌
台北市內湖區康樂街61巷78號5樓,25.070806,121.619780,門牌
台北市內湖區康樂街72巷17弄19之1號,25.070668,121.617691,門牌
台北市內湖區康樂街72巷17弄28號,25.070248,121.617593,門牌
台北市內湖區康樂街72巷17弄88號,25.070584,121.616377,門牌
台北市內湖區成功路2段237號4樓,25.067807,121.590920,門牌
台北市內湖區成功路2段250巷40號1樓,25.066184,121.588691,門牌
台北市內湖區成功路2段250巷5號,25.066164,121.590036,門牌
台北市內湖區成功路2段272號2樓,25.066638,121.590417,門牌
台北市內湖區成功路2段320巷50號1樓,25.067547,121.588389,門牌
台北市內湖區成功路2段426巷56號,25.070259,121.588227,門牌
台北市內湖區成功路2段498巷7號1樓,25.073661,121.589230,門牌
台北市內湖區成功路2段510巷10號3樓,25.073912,121.589168,門牌
台北市內湖區成功路3段168號5樓,25.080457,121.590371,門牌
台北市內湖區成功路3段187巷29號1樓,25.079649,121.591914,門牌
台北市內湖區成功路3段89號5樓,25.078420,121.589984,門牌
台北市內湖區成功路4段182巷6弄17號,25.083785,121.593443,門牌
台北市內湖區成功路4段182巷6弄43號3樓之1,25.083466,121.592764,門牌
台北市內湖區成功路4段188號11樓之18,25.084081,121.594547,門牌
台北市內湖區成功路4段30巷10號11樓之1,25.082068,121.591302,門牌
台北市內湖區成功路4段30巷26號2樓之1,25.082514,121.591819,門牌
台北市內湖區成功路4段324巷2弄11號,25.085290,121.598313,門牌
台北市內湖區成功路4段40號6樓,25.081938,121.591896,門牌
台北市內湖區成功路4段70號5樓,25.082857,121.593048,門牌
台北市內湖區成功路4段70號7樓之3,25.082857,121.593048,門牌
台北市內湖區成功路5段420巷28號1樓,25.075639,121.608802,門牌
台北市內湖區成功路5段456號7樓,25.074248,121.606734,門牌
台北市內湖區成功路5段460號10樓之1,25.073990,121.606528,門牌
台北市內湖區成功路5段460號16樓,25.073990,121.606528,門牌
台北市內湖區成功路5段460號7樓,25.073990,121.606528,門牌
台北市內湖區成功路5段83號3樓,25.073862,121.605318,門牌
台北市內湖區文德路207巷9號4樓,25.079098,121.587558,門牌
台北市內湖區文德路210巷8號7樓之4,25.078298,121.583946,門牌
台北市內湖區文德路90巷34號7樓之2,25.076966,121.582810,門牌
台北市內湖區文湖街10號4樓,25.086055,121.560846,門牌
台北市內湖區文湖街1號1樓,25.085170,121.559749,門牌
台北市內湖區文湖街21巷84號2樓,25.089059,121.560247,門牌
台北市內湖區文湖街21巷98弄1號,25.090485,121.559858,門牌
台北市內湖區文湖街42號13樓、13樓之1,25.088616,121.561120,路名
台北市內湖區新富街59號9樓,25.059294,121.584072,門牌
台北市內湖區新明路138號7樓,25.057958,121.586679,門牌
台北市內湖區新明路159號10樓,25.059094,121.589215,門牌
台北市內湖區新明路174巷6弄2、4號,25.055931,121.582474,路名
台北市內湖區新明路179號5樓之1,25.058659,121.588767,門牌
台北市內湖區新明路273巷1號1樓,25.057176,121.586504,門牌
台北市內湖區新明路273巷6號3樓,25.056953,121.586394,門牌
台北市內湖區新明路298巷10號6樓,25.056403,121.582240,門牌
台北市內湖區新明路355號10樓之5,25.055733,121.582733,門牌
台北市內湖區新明路380巷1-1號1樓,25.055931,121.582474,路名
台北市內湖區新明路426巷7號,25.055322,121.579347,門牌
台北市內湖區新明路87號,25.060030,121.590618,門牌
台北市內湖區新湖一路133號,25.058427,121.576790,門牌
台北市內湖區新湖一路151號4樓,25.058594,121.577332,門牌
台北市內湖區新湖一路157號5樓,25.058693,121.577582,門牌
台北市內湖區新湖一路185號5樓,25.059571,121.577503,路名
台北市內湖區新湖一路218號1樓,25.059571,121.577503,路名
台北市內湖區新湖一路218號3樓,25.059571,121.577503,路名
台北市內湖區新湖一路36巷18號1~7樓,25.058819,121.574487,門牌
台北市內湖區新湖一路370號3樓,25.063017,121.583366,門牌
台北市內湖區新湖一路398號6樓,25.059571,121.577503,路名
台北市內湖區新湖一路406號,25.059571,121.577503,路名
台北市內湖區新湖一路85號6樓,25.058445,121.575673,門牌
台北市內湖區新湖一路8號5樓,25.058437,121.574434,門牌
台北市內湖區新湖一路8號7樓,25.058437,121.574434,門牌
台北市內湖區新湖三路126號1樓,25.064205,121.577714,門牌
台北市內湖區新湖三路128號6樓,25.064234,121.577774,門牌
台北市內湖區新湖三路132號5樓,25.064290,121.577891,門牌
台北市內湖區新湖三路196號,25.064831,121.579031,門牌
台北市內湖區新湖三路237號4樓,25.065551,121.581218,門牌
台北市內湖區新湖三路237號6樓,25.065551,121.581218,門牌
台北市內湖區新湖三路23號1、2、5樓,25.062187,121.574203,門牌
台北市內湖區新湖三路23號5樓,25.062187,121.574203,門牌
台北市內湖區新湖三路275號2樓,25.066023,121.582660,門牌
台北市內湖區新湖二路128號6樓之1,25.062491,121.578846,門牌
台北市內湖區新湖二路180號5樓,25.063329,121.580324,門牌
台北市內湖區新湖二路219號1樓,25.062875,121.580243,門牌
台北市內湖區新湖二路257號2樓,25.063778,121.581800,門牌
台北市內湖區新湖二路257號4樓之1,25.063778,121.581800,門牌
台北市內湖區新湖二路257號6樓,25.063778,121.581800,門牌
台北市內湖區新湖二路258號,25.064911,121.583157,門牌
台北市內湖區新湖二路26號2樓,25.060813,121.575205,門牌
台北市內湖區星雲街160號1樓,25.080105,121.596463,門牌
台北市內湖區星雲街168巷7號2樓之1,25.080667,121.596738,門牌
台北市內湖區東湖路106巷9弄9號2樓,25.067821,121.614446,門牌
台北市內湖區東湖路113巷81號1樓,25.071536,121.615565,門牌
台北市內湖區東湖路119巷32號2樓,25.069252,121.616868,門牌
台北市內湖區民善街3號1樓,25.057593,121.577086,門牌
台北市內湖區民善街83號7樓,25.060072,121.575832,門牌
台北市內湖區民善街89號,25.060332,121.575777,門牌
台北市內湖區民善街89號2樓,25.060332,121.575777,門牌
台北市內湖區民權東路6段109號10樓之3,25.069149,121.591589,門牌
台北市內湖區民權東路6段109號3樓之2,25.069149,121.591589,門牌
台北市內湖區民權東路6段109號5樓之3,25.069149,121.591589,門牌
台北市內湖區民權東路6段109號9樓之1,25.069149,121.591589,門牌
台北市內湖區民權東路6段11巷25號,25.067747,121.577811,門牌
台北市內湖區民權東路6段11巷27號5樓,25.065950,121.572598,路名
台北市內湖區民權東路6段11巷41之1號2樓,25.067822,121.577075,門牌
台北市內湖區民權東路6段123巷20弄7號2樓,25.069764,121.592404,門牌
台北市內湖區民權東路6段123巷28號4樓之1,25.070098,121.592816,門牌
台北市內湖區民權東路6段136巷2號1樓,25.068732,121.587698,門牌
台北市內湖區民權東路6段136巷33弄4號3樓,25.067373,121.587987,門牌
台北市內湖區民權東路6段136巷33弄8號1樓,25.067367,121.588147,門牌
台北市內湖區民權東路6段136巷42號3樓,25.066906,121.587620,門牌
台北市內湖區民權東路6段136巷46弄6號1樓,25.066756,121.587392,門牌
台北市內湖區民權東路6段136巷50號1樓,25.066512,121.587627,門牌
台北市內湖區民權東路6段13之22號6樓,25.067476,121.580052,門牌
台北市內湖區民權東路6段151之1號1樓,25.069059,121.594715,門牌
台北市內湖區民權東路6段15巷12號1樓,25.065950,121.572598,路名
台北市內湖區民權東路6段15巷27、29、31、33、35號3樓,25.065950,121.572598,路名
台北市內湖區民權東路6段160號10樓,25.068679,121.591874,門牌
台北市內湖區民權東路6段160號10樓之2,25.068679,121.591874,門牌
台北市內湖區民權東路6段160號10樓之4,25.068679,121.591874,門牌
台北市內湖區民權東路6段160號13樓,25.068679,121.591874,門牌
台北市內湖區民權東路6段160號13樓之1,25.068679,121.591874,門牌
台北市內湖區民權東路6段160號3樓之3,25.068679,121.591874,門牌
台北市內湖區民權東路6段160號6樓之3,25.068679,121.591874,門牌
台北市內湖區民權東路6段160號7樓,25.068679,121.591874,門牌
台北市內湖區民權東路6段17號,25.067683,121.580616,門牌
台北市內湖區民權東路6段180巷42弄10之8號,25.066749,121.592255,門牌
台北市內湖區民權東路6段180巷42弄15號7樓之1,25.065950,121.572598,路名
台北市內湖區民權東路6段180巷6號5樓之3,25.068196,121.592649,門牌
台北市內湖區民權東路6段180巷6號6樓之5,25.068196,121.592649,門牌
台北市內湖區民權東路6段180巷6號8樓之16,25.068196,121.592649,門牌
台北市內湖區民權東路6段180巷6號9樓,25.068196,121.592649,門牌
台北市內湖區民權東路6段21巷31號4樓,25.069105,121.581188,門牌
台北市內湖區民權東路6段21巷31號5樓,25.069105,121.581188,門牌
台北市內湖區民權東路6段21巷33、35號3樓,25.065950,121.572598,路名
台北市內湖區民權東路6段280巷69弄42之1號,25.069334,121.606919,門牌
台北市內湖區民權東路6段280巷69弄70號,25.069014,121.606386,門牌
台北市內湖區民權東路6段296巷121號地下1樓,25.069753,121.609200,門牌
台北市內湖區民權東路6段322號3樓,25.072621,121.606016,門牌
台北市內湖區民權東路6段328號12樓,25.072635,121.605608,門牌
台北市內湖區民權東路6段47巷10弄10號2樓,25.069448,121.587218,門牌
台北市內湖區民權東路6段47巷10弄6號1樓,25.069392,121.587090,門牌
台北市內湖區民權東路6段47巷18弄2號(1樓),25.070143,121.587101,門牌
台北市內湖區民權東路6段56巷25弄11號5樓,25.067400,121.585947,門牌
台北市內湖區民權東路6段70號5樓,25.068724,121.585107,門牌
台北市內湖區民權東路6段90巷25弄41號,25.067424,121.586655,門牌
台北市內湖區民權東路6段90巷5弄15號,25.068536,121.586729,門牌
台北市內湖區民權東路6段90巷6弄10號3樓,25.068442,121.585581,門牌
台北市內湖區民權東路6段90巷6弄12號1樓,25.068548,121.585415,門牌
台北市內湖區民權東路6段90巷6弄9號1樓,25.068245,121.585501,門牌
台北市內湖區民權東路六段11巷37之1號4樓,25.065950,121.572598,路名
台北市內湖區民權東路六段15巷33號、35號2樓,25.065950,121.572598,路名
台北市內湖區民權東路六段160號11樓,25.065950,121.572598,路名
台北市內湖區江南街65巷10號6樓,25.077210,121.578311,門牌
台北市內湖區洲子街114號2樓,25.080510,121.569501,門牌
台北市內湖區洲子街178號4樓,25.080020,121.570946,路名
台北市內湖區洲子街183號1樓,25.081508,121.567253,門牌
台北市內湖區洲子街46號7樓,25.078815,121.573212,門牌
台北市內湖區洲子街65號3樓,25.079917,121.572937,門牌
台北市內湖區洲子街67號,25.079803,121.572759,門牌
台北市內湖區洲子街68號4樓,25.079495,121.572094,門牌
台北市內湖區洲子街71號5樓之1,25.079762,121.572004,門牌
台北市內湖區洲子街77號4樓之1,25.080239,121.571740,門牌
台北市內湖區洲子街77號6樓之1,25.080239,121.571740,門牌
台北市內湖區洲子街79之1號5樓,25.080292,121.571559,門牌
台北市內湖區洲子街79之1號5樓之1,25.080292,121.571559,門牌
台北市內湖區洲子街79之1號6樓,25.080292,121.571559,門牌
台北市內湖區洲子街79號12樓,25.080160,121.571481,門牌
台北市內湖區洲子街85號3樓之1,25.080417,121.570650,門牌
台北市內湖區洲子街96號4樓,25.079854,121.570963,門牌
台北市內湖區洲子街98號12樓,25.079895,121.570842,門牌
台北市內湖區港墘路127巷5號1樓,25.077869,121.576359,門牌
台北市內湖區港墘路187號8樓,25.075868,121.574855,門牌
台北市內湖區港墘路200號2樓之1,25.075977,121.574365,門牌
台北市內湖區港墘路220號10樓,25.075534,121.574061,門牌
台北市內湖區港墘路221巷33號7樓,25.073864,121.574672,門牌
台北市內湖區港墘路3號1樓,25.083670,121.578369,門牌
台北市內湖區港墘路94號,25.080359,121.577380,門牌
台北市內湖區港華街17之1號1樓,25.082634,121.577193,門牌
台北市內湖區港華街51巷3弄2號1樓,25.083325,121.575744,門牌
台北市內湖區港華街51巷8弄7號,25.083586,121.575351,門牌
台北市內湖區湖元里陽光街323號,25.073299,121.578352,門牌
台北市內湖區潭美街533號21樓,25.057845,121.590230,路名
台北市內湖區潭美街539號21樓,25.057845,121.590230,路名
台北市內湖區潭美街539號23樓,25.057845,121.590230,路名
台北市內湖區潭美街551號3樓,25.060952,121.600775,門牌
台北市內湖區潭美街588號9樓,25.060546,121.599404,門牌
台北市內湖區潭美街590號5樓,25.060563,121.599548,門牌
台北市內湖區瑞光路108號3樓,25.071914,121.580870,門牌
台北市內湖區瑞光路112巷3號3樓,25.071828,121.580607,門牌
台北市內湖區瑞光路112巷56弄31號1樓,25.070694,121.579589,門牌
台北市內湖區瑞光路168號9樓,25.073910,121.578651,門牌
台北市內湖區瑞光路206號9樓,25.075109,121.576408,門牌
台北市內湖區瑞光路208號11樓,25.075160,121.576358,門牌
台北市內湖區瑞光路208號4樓,25.075160,121.576358,門牌
台北市內湖區瑞光路210號5樓,25.075200,121.576318,門牌
台北市內湖區瑞光路221號3樓,25.074226,121.578837,門牌
台北市內湖區瑞光路258巷2號2樓,25.075101,121.575456,門牌
台北市內湖區瑞光路258巷2號4樓之3,25.075101,121.575456,門牌
台北市內湖區瑞光路258巷2號7樓之1,25.075101,121.575456,門牌
台北市內湖區瑞光路258巷2號9樓,25.075101,121.575456,門牌
台北市內湖區瑞光路258巷37、39號2樓,25.073853,121.576726,路名
台北市內湖區瑞光路258巷50號2樓之1,25.074653,121.574905,門牌
台北市內湖區瑞光路258巷50號4樓,25.074653,121.574905,門牌
台北市內湖區瑞光路258巷55號4樓,25.074584,121.574451,門牌
台北市內湖區瑞光路258巷55號6樓,25.074584,121.574451,門牌
台北市內湖區瑞光路258巷56號3樓,25.074344,121.574542,門牌
台北市內湖區瑞光路268號11樓,25.075779,121.575503,門牌
台北市內湖區瑞光路26巷20弄25號3樓,25.069820,121.582033,門牌
台北市內湖區瑞光路26巷36弄2號6樓,25.068986,121.582215,門牌
台北市內湖區瑞光路26巷36弄6號2樓,25.069239,121.581767,門牌
台北市內湖區瑞光路26巷36弄8號5樓,25.073853,121.576726,路名
台北市內湖區瑞光路298號6樓之1,25.076389,121.574611,門牌
台北市內湖區瑞光路302號8樓,25.076495,121.574279,門牌
台北市內湖區瑞光路333號7樓,25.073853,121.576726,路名
台北市內湖區瑞光路358巷38弄30號2樓、32號2樓,25.075795,121.572703,門牌
台北市內湖區瑞光路360號6樓,25.077245,121.572397,門牌
台北市內湖區瑞光路362號8樓,25.077282,121.572347,門牌
台北市內湖區瑞光路362號8樓至12樓,25.077282,121.572347,門牌
台北市內湖區瑞光路392號18樓,25.077801,121.571259,門牌
台北市內湖區瑞光路392號6樓,25.077801,121.571259,門牌
台北市內湖區瑞光路399號7樓,25.077659,121.572638,門牌
台北市內湖區瑞光路405號15樓,25.078126,121.571726,門牌
台北市內湖區瑞光路451號11樓,25.078402,121.570904,門牌
台北市內湖區瑞光路468號5樓,25.078342,121.569943,門牌
台北市內湖區瑞光路468號6樓,25.078342,121.569943,門牌
台北市內湖區瑞光路478巷18弄20號5樓,25.078418,121.568398,門牌
台北市內湖區瑞光路478巷20號6樓之1,25.078198,121.568944,門牌
台北市內湖區瑞光路478巷22號5樓,25.078128,121.568912,門牌
台北市內湖區瑞光路480號12樓,25.078809,121.569145,門牌
台北市內湖區瑞光路502號3樓,25.079247,121.568149,門牌
台北市內湖區瑞光路502號4樓,25.079247,121.568149,門牌
台北市內湖區瑞光路513巷22弄5號4樓之3,25.079928,121.569094,門牌
台北市內湖區瑞光路513巷26號7樓之1,25.079712,121.569752,門牌
台北市內湖區瑞光路513巷26號8樓之2,25.079712,121.569752,門牌
台北市內湖區瑞光路513巷39號5樓,25.080066,121.570286,門牌
台北市內湖區瑞光路550號7樓,25.079707,121.567124,門牌
台北市內湖區瑞光路581號及581之1號,25.079737,121.567908,門牌
台北市內湖區瑞光路607號6樓,25.080183,121.566840,門牌
台北市內湖區瑞光路607號7樓,25.080183,121.566840,門牌
台北市內湖區瑞光路610號10樓,25.080364,121.565708,門牌
台北市內湖區瑞光路618號5樓,25.080525,121.565436,門牌
台北市內湖區瑞光路631號10樓,25.080403,121.566445,門牌
台北市內湖區瑞光路66巷36號,25.070035,121.581298,門牌
台北市內湖區瑞光路6之1號3樓,25.069387,121.583416,門牌
台北市內湖區瑞光路76巷18號3樓,25.071153,121.581081,門牌
台北市內湖區瑞光路76巷49號3樓,25.070382,121.580530,門牌
台北市內湖區瑞湖街178巷15號5樓,25.070792,121.575794,門牌
台北市內湖區瑞湖街178巷17號5樓,25.070859,121.575687,門牌
台北市內湖區瑞湖街182號,25.069493,121.576344,門牌
台北市內湖區瑞湖街39號2樓,25.074440,121.575968,門牌
台北市內湖區環山路1段28巷15號,25.085614,121.564118,門牌
台北市內湖區環山路1段59巷10弄20號,25.085999,121.568897,門牌
台北市內湖區環山路1段59巷10弄20號1樓,25.085999,121.568897,門牌
台北市內湖區環山路1段60巷6號1樓,25.086899,121.566535,門牌
台北市內湖區環山路2段62號1樓,25.085432,121.574320,門牌
台北市內湖區石潭路145號1樓,25.064048,121.589139,門牌
台北市內湖區石潭路58號1樓,25.063365,121.588137,路名
台北市內湖區石潭路65號6樓,25.062813,121.587239,門牌
台北市內湖區石潭里南京東路六段380號9樓之1,25.052333,121.556981,路名
台北市內湖區石潭里南京東路六段388號6樓,25.052333,121.556981,路名
台北市內湖區石潭里南京東路六段390號7樓,25.052333,121.556981,路名
台北市內湖區石潭里金莊路129號,25.064435,121.587973,門牌
台北市內湖區舊宗路1段128號,25.060963,121.578320,門牌
台北市內湖區舊宗路1段159號1樓,25.061390,121.578652,門牌
台北市內湖區舊宗路1段46號2樓之8,25.058401,121.580357,門牌
台北市內湖區舊宗路2段121巷22號,25.069001,121.575477,門牌
台北市內湖區舊宗路2段121巷9號,25.069350,121.575383,門牌
台北市內湖區舊宗路2段189號5樓,25.072029,121.574604,門牌
台北市內湖區舊宗路一段159號5樓,25.066477,121.576427,路名
台北市內湖區行善路168巷15號4樓,25.058851,121.578742,門牌
台北市內湖區行善路385號11樓之3,25.063913,121.585603,門牌
台北市內湖區行善路397號6樓,25.064600,121.585816,門牌
台北市內湖區行善路397號7樓,25.064600,121.585816,門牌
台北市內湖區行善路398號1樓,25.063074,121.584575,門牌
台北市內湖區行善路450號7樓,25.058316,121.579178,路名
台北市內湖區行善路467號7樓,25.065785,121.586381,門牌
台北市內湖區行善路48巷15號7樓,25.058316,121.579178,路名
台北市內湖區行忠路178巷2號,25.066547,121.581851,門牌
台北市內湖區行忠路42號6樓,25.065333,121.577781,門牌
台北市內湖區行愛路100號6樓,25.063121,121.580599,門牌
台北市內湖區行愛路128號,25.063840,121.580050,門牌
台北市內湖區行愛路140巷21號2樓,25.063771,121.579569,門牌
台北市內湖區行愛路140巷27號6樓,25.063546,121.579273,門牌
台北市內湖區行愛路141巷28號3樓,25.064773,121.580934,門牌
台北市內湖區行愛路51號6樓,25.062059,121.581822,門牌
台北市內湖區行愛路53號6樓,25.062109,121.581775,門牌
台北市內湖區行愛路69號4樓,25.062505,121.581478,門牌
台北市內湖區行愛路77巷16號4樓,25.063035,121.581738,門牌
台北市內湖區西湖里堤頂大道二段295號9樓,25.076563,121.566077,路名
台北市內湖區金湖路28號1樓,25.082936,121.596338,門牌
台北市內湖區金湖路347巷62號,25.074175,121.599989,門牌
台北市內湖區金莊路26號11樓,25.062341,121.587578,門牌
台北市內湖區金莊路26號5樓之2,25.062341,121.587578,門牌
台北市內湖區金豐街12號,25.065812,121.586557,門牌
台北市內湖區金龍路47巷27號,25.085849,121.594194,門牌
台北市內湖區金龍路81號3樓,25.085242,121.592135,門牌
台北市內湖區陽光街321巷10號5樓,25.072852,121.578510,門牌
台北市內湖區陽光街321巷18號7樓之1,25.072569,121.578755,門牌
台北市內湖區陽光街321巷36號,25.072000,121.578407,門牌
台北市內湖區陽光街321巷60號3樓,25.071703,121.577108,門牌
台北市內湖區陽光街345巷14號4樓,25.072251,121.577946,門牌
台北市內湖區陽光街349號6樓,25.073065,121.577597,門牌
台北市內湖區陽光街351號2樓之2,25.073029,121.577426,門牌
台北市內湖區陽光街351號6樓之1,25.073029,121.577426,門牌
台北市內湖區陽光街365巷24號,25.072249,121.577029,門牌
台北市內湖區陽光街381號6樓,25.072765,121.576477,門牌
台北市內湖區陽光街68巷61號,25.076585,121.586021,門牌
台北市內湖區陽光街68巷69號1樓,25.076577,121.585428,門牌
台北市內湖區麗山街105巷1號12樓,25.082291,121.579739,門牌
台北市內湖區麗山街328巷2號,25.083083,121.573388,門牌
台北市內湖區麗山街348巷10弄11號,25.082195,121.573856,門牌
台北市內湖區麗山街348巷3號,25.082096,121.573104,門牌
台北市北投區一德街10巷9號3樓,25.129140,121.468877,門牌
台北市北投區中和街20巷6號,25.138033,121.503747,門牌
台北市北投區中和街493巷5弄16號4樓,25.144147,121.495610,門牌
台北市北投區中和街493巷7弄20號4樓,25.143816,121.495323,門牌
台北市北投區中和街502巷5弄14號,25.146252,121.493995,門牌
台北市北投區中和街525巷6弄23號1樓,25.145087,121.492900,門牌
台北市北投區中央北路1段177號3樓,25.135635,121.497983,門牌
台北市北投區中央北路2段139號1樓,25.137400,121.493935,門牌
台北市北投區中央北路2段265號1樓,25.138411,121.490872,門牌
台北市北投區中央北路2段273巷4號,25.138185,121.490643,門牌
台北市北投區中央北路2段418號2樓,25.138446,121.487099,門牌
台北市北投區中央北路3段272號2樓,25.135675,121.479145,門牌
台北市北投區中央北路3段40巷2弄13號2樓,25.138865,121.485837,門牌
台北市北投區中央北路4段208號,25.132501,121.474591,門牌
台北市北投區中央南路2段12之13號7樓,25.126903,121.499459,門牌
台北市北投區中央南路2段12之5號3樓,25.126871,121.499816,門牌
台北市北投區中央南路2段22號,25.125782,121.499955,門牌
台北市北投區中央南路2段5號,25.126023,121.500558,門牌
台北市北投區中央南路二段37號2樓,25.128291,121.500769,路名
台北市北投區中山路3號,25.137030,121.505176,門牌
台北市北投區光明路188號4樓之1,25.135734,121.503402,門牌
台北市北投區光明路200號12樓之16,25.135764,121.503454,門牌
台北市北投區光明路200號8樓,25.135764,121.503454,門牌
台北市北投區光明路223號9樓之1,25.136487,121.504044,門牌
台北市北投區光明路224號,25.136177,121.505040,門牌
台北市北投區光明路246號4樓之5,25.136490,121.508211,門牌
台北市北投區光明路283號,25.136952,121.511042,門牌
台北市北投區八仙里大業路2號8樓,25.121893,121.499895,門牌
台北市北投區大同街188巷6號2樓,25.136641,121.499442,門牌
台北市北投區大同街202之5號1樓,25.137994,121.499260,門牌
台北市北投區大同街232號1樓,25.139761,121.499651,門牌
台北市北投區大同里15鄰北投路二段13號4樓之1,25.128539,121.499699,路名
台北市北投區大度路3段188號,25.121422,121.470995,路名
台北市北投區大度路3段296巷24號2樓,25.124304,121.466896,門牌
台北市北投區大度路3段301巷23之1號,25.122479,121.466360,門牌
台北市北投區大業路260號1、2、4樓,25.126450,121.498679,門牌
台北市北投區大業路516巷12號,25.132479,121.497118,門牌
台北市北投區大業路527巷29號,25.130651,121.497062,路名
台北市北投區大業路545號1樓,25.135563,121.496588,門牌
台北市北投區大興街55號,25.130562,121.500316,門牌
台北市北投區尊賢街222號3樓,25.115898,121.507872,門牌
台北市北投區尊賢街240巷3號1樓,25.116581,121.507661,門牌
台北市北投區尊賢街243巷34號1樓,25.116633,121.505603,門牌
台北市北投區崇仁路1段46號,25.127131,121.501289,門牌
台北市北投區崇仁路1段56巷2號2樓,25.126921,121.501140,門牌
台北市北投區承德路6段335之1號,25.104352,121.511564,門牌
台北市北投區承德路7段108號2樓,25.112154,121.510037,門牌
台北市北投區承德路7段110號,25.112250,121.509929,門牌
台北市北投區承德路7段168巷9號1樓,25.114017,121.508457,門牌
台北市北投區承德路7段220巷8號1樓,25.115327,121.507155,門牌
台北市北投區承德路7段342之2號5樓,25.117473,121.504257,門牌
台北市北投區文化三路158號1樓,25.140176,121.498686,門牌
台北市北投區文林北路214號8樓,25.107968,121.514612,門牌
台北市北投區文林北路220號2樓,25.108177,121.514367,門牌
台北市北投區文林北路236號4樓,25.108602,121.513861,門牌
台北市北投區文林北路272巷10號2樓,25.109432,121.513642,門牌
台北市北投區新民路79號1樓,25.141275,121.513052,門牌
台北市北投區明德路280號8樓,25.114864,121.522540,門牌
台北市北投區明德路335巷2號1樓,25.116546,121.520165,門牌
台北市北投區杏林二路49號,25.142230,121.497311,門牌
台北市北投區東華街1段400巷11號1樓,25.111126,121.518954,門牌
台北市北投區東華街1段404號1樓,25.110951,121.518421,門牌
台北市北投區東華街1段42號1樓,25.108385,121.520127,門牌
台北市北投區東華街2段18巷2之1號,25.116368,121.514711,門牌
台北市北投區東華街2段220號1樓,25.120542,121.509356,門牌
台北市北投區東華街2段78巷1號1樓,25.117462,121.513898,門牌
台北市北投區榮華二路21號1樓,25.113405,121.523330,門牌
台北市北投區永興路2段35號6樓,25.140162,121.501946,門牌
台北市北投區泉源路12號5樓之4,25.137081,121.504360,門牌
台北市北投區清江路113巷31號2樓,25.129666,121.502968,門牌
台北市北投區清江路25巷5號2樓之1,25.131577,121.502189,門牌
台北市北投區清江路25巷64號,25.131662,121.503370,門牌
台北市北投區清江路39號,25.131095,121.502082,門牌
台北市北投區溫泉路34巷9弄5號1樓,25.133351,121.503915,門牌
台北市北投區溫泉路68巷6弄15之1號2樓,25.133685,121.505532,門牌
台北市北投區知行路1巷17之2號,25.118384,121.465460,門牌
台北市北投區知行路1巷17之2號2樓,25.118384,121.465460,門牌
台北市北投區知行路201巷11弄5號3樓,25.119620,121.465872,門牌
台北市北投區知行路202巷10號4樓,25.119125,121.466947,門牌
台北市北投區知行路214巷1號,25.120313,121.467345,門牌
台北市北投區石牌路1段38號1樓,25.113016,121.510442,門牌
台北市北投區石牌路2段89之1號4樓,25.117168,121.516297,門牌
台北市北投區石牌路2段90巷32號1樓,25.116983,121.518261,門牌
台北市北投區磺港路142號6樓,25.129404,121.502958,路名
台北市北投區立功街76號5樓,25.124642,121.469135,門牌
台北市北投區立功街96號5樓,25.125393,121.471147,門牌
台北市北投區立德路120巷11號2樓,25.126740,121.472411,門牌
台北市北投區立德路120巷15號1-4樓,25.126765,121.472557,門牌
台北市北投區立德路120巷27號,25.126708,121.473353,門牌
台北市北投區立德路120巷27號1樓,25.126708,121.473353,門牌
台北市北投區立德路157號2樓,25.128509,121.472574,門牌
台北市北投區立德路15號1樓,25.124942,121.471438,門牌
台北市北投區立農街2段273巷3弄2號1樓,25.119105,121.514988,門牌
台北市北投區義方街37號2樓,25.141219,121.501068,門牌
台北市北投區自強街25號,25.110285,121.512797,門牌
台北市北投區自強街57號,25.110523,121.513781,門牌
台北市北投區致遠一路1段52號,25.108657,121.516276,門牌
台北市北投區致遠一路2段2號4樓之3,25.110810,121.514672,門牌
台北市北投區致遠一路2段2號6樓之1,25.110810,121.514672,門牌
台北市北投區致遠三路55巷46號1樓,25.121069,121.510075,門牌
台北市北投區裕民六路132號5樓,25.114925,121.517719,門牌
台北市北投區西安街1段281巷15號4樓,25.111531,121.516332,門牌
台北市北投區豐年路2段104號,25.136491,121.494800,門牌
台北市北投區豐年里豐年路2段78號5樓,25.136006,121.495590,門牌
台北市南港區三重路19-11號12樓,25.058928,121.613666,路名
台北市南港區三重路19-9號5樓,25.058928,121.613666,路名
台北市南港區三重路19之2號9樓,25.056523,121.613590,門牌
台北市南港區三重路19之5號2樓,25.057037,121.613624,門牌
台北市南港區三重路19之5號6樓,25.057037,121.613624,門牌
台北市南港區三重路19之6號10樓,25.057126,121.612944,門牌
台北市南港區三重路19之8號7樓,25.057544,121.613659,門牌
台北市南港區三重路19之9號5樓,25.057623,121.613068,門牌
台北市南港區三重路41巷22號1樓,25.059809,121.612661,門牌
台北市南港區三重路66號4樓,25.057258,121.614402,門牌
台北市南港區三重路66號7樓之1,25.057258,121.614402,門牌
台北市南港區三重路95號1樓,25.061639,121.612974,門牌
台北市南港區三重里園區街3-1號8樓,25.059218,121.612435,路名
台北市南港區中南街74巷26號、28號,25.053336,121.614164,門牌
台北市南港區八德路4段768巷7號1樓,25.049821,121.580636,門牌
台北市南港區八德路4段923號1樓,25.051323,121.581651,門牌
台北市南港區八德路四段778號7樓,25.047817,121.555327,路名
台北市南港區南港路1段200號,25.055215,121.611009,門牌
台北市南港區南港路1段209號6樓,25.055045,121.611418,門牌
台北市南港區南港路1段209號8樓,25.055045,121.611418,門牌
台北市南港區南港路1段263號,25.054721,121.609663,門牌
台北市南港區南港路2段130號2樓,25.053561,121.601617,門牌
台北市南港區南港路2段99之3號,25.053380,121.597422,門牌
台北市南港區南港路2段99之6號1樓,25.053276,121.597270,門牌
台北市南港區南港路3段50巷12號1樓,25.055484,121.590985,門牌
台北市南港區南港路3段50巷12號5樓,25.055484,121.590985,門牌
台北市南港區南港路3段50巷19號3樓,25.055981,121.590945,門牌
台北市南港區南港路3段67巷3之2號1樓,25.052307,121.588641,門牌
台北市南港區南港路3段80巷44號3樓,25.055831,121.590306,門牌
台北市南港區南港路一段209號10樓,25.054057,121.597940,路名
台北市南港區南港路一段209號8樓,25.054057,121.597940,路名
台北市南港區南港路一段209號A棟9樓,25.054057,121.597940,路名
台北市南港區合順街8巷5弄39號,25.042310,121.619549,門牌
台北市南港區向陽路206號1樓,25.056074,121.595487,路名
台北市南港區園區街3-1號3樓,25.059218,121.612435,路名
台北市南港區園區街3-2號6樓,25.059218,121.612435,路名
台北市南港區園區街3之1號12樓,25.057765,121.611839,門牌
台北市南港區園區街3之2號6樓之3,25.056912,121.611919,門牌
台北市南港區園區街3之2號7樓,25.056912,121.611919,門牌
台北市南港區園區街3號13樓,25.058478,121.611987,門牌
台北市南港區園區街3號16樓,25.058478,121.611987,門牌
台北市南港區園區街3號2樓之2,25.058478,121.611987,門牌
台北市南港區園區街3號8樓,25.058478,121.611987,門牌
台北市南港區園區街58巷1號3樓,25.059277,121.611862,門牌
台北市南港區富康街1巷16弄32號1樓,25.053195,121.617848,門牌
台北市南港區市民大道7段8號13樓之2,25.049177,121.580626,門牌
台北市南港區市民大道7段8號14樓之1,25.049177,121.580626,門牌
台北市南港區市民大道八段205號27樓,25.047367,121.560786,路名
台北市南港區忠孝東路5段815號7樓,25.044917,121.582211,門牌
台北市南港區忠孝東路5段996號1樓,25.045041,121.582826,門牌
台北市南港區忠孝東路6段100號1樓,25.047145,121.584394,門牌
台北市南港區忠孝東路6段185巷2弄6號,25.049497,121.587380,門牌
台北市南港區忠孝東路6段185巷4弄12號1樓,25.049870,121.587535,門牌
台北市南港區忠孝東路6段21號10樓,25.046904,121.582615,門牌
台北市南港區忠孝東路6段21號13樓之7,25.046904,121.582615,門牌
台北市南港區忠孝東路6段21號14樓之3,25.046904,121.582615,門牌
台北市南港區忠孝東路6段21號9樓,25.046904,121.582615,門牌
台北市南港區忠孝東路6段278巷35弄9號,25.048294,121.590152,門牌
台北市南港區忠孝東路6段374號3樓,25.049749,121.591786,門牌
台北市南港區忠孝東路6段439號1樓,25.050704,121.593513,門牌
台北市南港區忠孝東路6段66號,25.046320,121.583722,門牌
台北市南港區忠孝東路6段6號6樓之5,25.045256,121.583306,門牌
台北市南港區忠孝東路6段70巷4號1樓,25.046284,121.584065,門牌
台北市南港區忠孝東路6段7號7樓,25.045763,121.582813,門牌
台北市南港區忠孝東路7段299號11、12、13、14樓,25.052364,121.604792,門牌
台北市南港區成功路1段32號4樓之3,25.055551,121.592582,門牌
台北市南港區成功路1段38號2樓,25.055838,121.592740,門牌
台北市南港區成福路171巷26號1樓,25.041437,121.588972,門牌
台北市南港區成福路178巷2號,25.041654,121.587494,門牌
台北市南港區成福路186號1樓,25.041213,121.587965,門牌
台北市南港區成福路206巷5弄12號1樓,25.040360,121.587797,門牌
台北市南港區成福路85號2樓,25.042975,121.586938,門牌
台北市南港區成福路93號,25.042741,121.587048,門牌
台北市南港區新民街80號1.2.3.4樓,25.055751,121.611017,門牌
台北市南港區昆陽街156之1號,25.048720,121.593925,門牌
台北市南港區東新街170巷11號3樓,25.045048,121.592750,門牌
台北市南港區東明街127號地下,25.054894,121.599797,門牌
台北市南港區松河街410號4樓,25.055478,121.589544,門牌
台北市南港區玉成街140巷9之1號,25.044587,121.583101,門牌
台北市南港區玉成街166巷13號2樓,25.044334,121.583448,門牌
台北市南港區玉成街166巷4號,25.044528,121.583944,門牌
台北市南港區玉成街176巷14號,25.043951,121.584004,門牌
台北市南港區玉成街18之3號1樓,25.050245,121.581684,門牌
台北市南港區玉成街201巷4弄19號,25.043927,121.585631,門牌
台北市南港區玉成街225巷11號2樓,25.043915,121.585800,門牌
台北市南港區研究院路1段130巷99號C棟5樓,25.040845,121.613965,路名
台北市南港區研究院路1段187號1樓,25.049493,121.615908,門牌
台北市南港區研究院路1段59號及57號,25.053052,121.616419,門牌
台北市南港區研究院路2段134巷6號1樓,25.038830,121.616660,門牌
台北市南港區研究院路2段70巷10弄10號3樓,25.045262,121.614878,門牌
台北市南港區研究院路2段70巷13號1樓,25.045724,121.614626,門牌
台北市南港區研究院路3段16巷5號1樓,25.035383,121.615763,門牌
台北市南港區福德街373巷63號11樓,25.039594,121.592031,門牌
台北市南港區經貿一路170號11樓之2,25.057702,121.619741,路名
台北市南港區經貿一路170號12樓之3,25.057702,121.619741,路名
台北市南港區經貿一路170號17樓,25.057702,121.619741,路名
台北市南港區經貿二路135號10樓,25.061169,121.615496,路名
台北市南港區經貿二路135號8樓,25.061169,121.615496,路名
台北市南港區經貿二路189號8樓,25.061169,121.615496,路名
台北市南港區經貿二路197號7樓,25.061169,121.615496,路名
台北市南港區經貿二路198號3樓至5樓,25.061169,121.615496,路名
台北市南港區經貿二路66號13~15樓,25.057142,121.616199,門牌
台北市南港區興中路28巷28號3樓之3,25.055357,121.606457,門牌
台北市南港區興南街36號2樓,25.057055,121.603913,門牌
台北市南港區興南街60巷9之1號2樓,25.056319,121.603422,門牌
台北市南港區興南街7號1樓,25.056883,121.602991,門牌
台北市南港區舊莊街1段145巷6弄46號,25.039219,121.622279,門牌
台北市南港區舊莊街2段70巷4號,25.036373,121.628548,門牌
台北市南港區西新里南港路三段50巷16號4樓,25.054057,121.597940,路名
台北市南港區重陽路118號,25.056182,121.598649,門牌
台北市南港區重陽路120號,25.056549,121.599481,門牌
台北市南港區重陽路166巷11號1樓,25.056540,121.601558,門牌
台北市南港區重陽路166巷9號,25.056605,121.601512,門牌
台北市南港區重陽路200號2樓,25.057430,121.603031,門牌
台北市南港區重陽路218之1號,25.057354,121.603344,門牌
台北市南港區重陽路263巷5號3樓,25.058349,121.603188,門牌
台北市南港區重陽路455號7樓,25.059738,121.610275,門牌
台北市士林區中山北路5段433號,25.090946,121.527170,門牌
台北市士林區中山北路5段478號6樓,25.092586,121.528877,門牌
台北市士林區中山北路5段518號10樓,25.093226,121.528299,門牌
台北市士林區中山北路5段527號4樓,25.094081,121.527846,門牌
台北市士林區中山北路5段530號7樓,25.093575,121.528635,門牌
台北市士林區中山北路5段547號、547之1號,25.094615,121.527898,門牌
台北市士林區中山北路5段570號,25.095592,121.528262,門牌
台北市士林區中山北路5段695號11樓,25.097587,121.527180,門牌
台北市士林區中山北路5段718號3樓,25.092097,121.527084,路名
台北市士林區中山北路5段736號1樓,25.098927,121.527285,門牌
台北市士林區中山北路6段444號3樓,25.114142,121.527408,門牌
台北市士林區中山北路6段711號1樓,25.114933,121.527498,門牌
台北市士林區中山北路6段89號,25.105811,121.524159,門牌
台北市士林區中山北路6段89號10樓,25.105811,121.524159,門牌
台北市士林區中山北路6段90號12樓,25.105083,121.524987,門牌
台北市士林區中山北路7段124巷2號1樓,25.122364,121.532160,門牌
台北市士林區中山北路7段52號,25.120562,121.531336,門牌
台北市士林區中山北路六段89號10樓,25.092097,121.527084,路名
台北市士林區中正路499號,25.091848,121.518266,門牌
台北市士林區中正路499號1樓,25.091848,121.518266,門牌
台北市士林區中正路694號5樓之3,25.086057,121.505994,門牌
台北市士林區中正路696號6樓,25.085996,121.505690,門牌
台北市士林區前街105號1樓,25.098643,121.525847,門牌
台北市士林區劍潭路12號2樓,25.083905,121.524054,門牌
台北市士林區劍潭路6號10樓之5,25.083908,121.524357,門牌
台北市士林區基河路128號9樓之6,25.088676,121.523136,門牌
台北市士林區士商路72號2樓,25.090947,121.519727,門牌
台北市士林區士東路266巷5弄30號1樓,25.112526,121.538034,門牌
台北市士林區士東路286巷39號3樓,25.111686,121.537651,門牌
台北市士林區士東路91巷53號1樓,25.113906,121.529817,門牌
台北市士林區大南路317號4樓,25.088879,121.518022,門牌
台北市士林區大東路120號2樓,25.091564,121.525597,門牌
台北市士林區大東路86之2號1樓,25.091209,121.525702,門牌
台北市士林區天母東路36之4號1樓,25.117792,121.532600,門牌
台北市士林區天母東路38之2號2樓,25.117866,121.532916,門牌
台北市士林區天母西路11之2號7樓,25.118548,121.528640,門牌
台北市士林區天母西路12號2樓之4,25.118330,121.528186,門牌
台北市士林區天母西路18-9號1樓,25.118828,121.526458,路名
台北市士林區天母西路3號6樓之2,25.118981,121.529271,門牌
台北市士林區天母西路3號7樓之20,25.118981,121.529271,門牌
台北市士林區延平北路5段123號1樓,25.081805,121.510275,門牌
台北市士林區延平北路5段136巷27弄21號1樓,25.082647,121.511277,門牌
台北市士林區延平北路5段180號1樓,25.083089,121.510267,門牌
台北市士林區延平北路5段257巷27號,25.084533,121.508701,門牌
台北市士林區延平北路5段258號3樓,25.084917,121.509900,門牌
台北市士林區延平北路6段368巷33號1樓,25.091659,121.501549,門牌
台北市士林區延平北路6段472號1樓,25.093436,121.498578,門牌
台北市士林區延平北路6段477號12樓,25.092338,121.498814,門牌
台北市士林區延平北路6段477號13樓,25.092338,121.498814,門牌
台北市士林區延平北路6段477號4樓,25.092338,121.498814,門牌
台北市士林區延平北路7段27巷17號1樓,25.095059,121.495896,門牌
台北市士林區延平北路7段40號,25.095495,121.496486,門牌
台北市士林區延平北路7段7號,25.094611,121.497053,門牌
台北市士林區延平北路8段157巷28號,25.104070,121.481551,門牌
台北市士林區延平北路8段2巷61弄9號1樓,25.106230,121.486563,門牌
台北市士林區延平北路8段7號1樓,25.103494,121.486689,門牌
台北市士林區建業路11巷6號2樓,25.135730,121.547618,門牌
台北市士林區後港街116號1樓,25.086339,121.521524,門牌
台北市士林區後港街116號6樓,25.086339,121.521524,門牌
台北市士林區後港街135號5樓,25.086708,121.521935,門牌
台北市士林區後港街143號1樓,25.086969,121.521578,門牌
台北市士林區後港街161號7樓,25.087277,121.521556,門牌
台北市士林區後港街66號,25.085530,121.522208,門牌
台北市士林區德行東路203巷4號,25.109337,121.532107,門牌
台北市士林區德行東路240巷5號1樓,25.109183,121.533680,門牌
台北市士林區德行東路266巷8號2樓,25.109412,121.534979,門牌
台北市士林區德行東路81巷6號1樓,25.107718,121.527505,門牌
台北市士林區德行西路114號2樓,25.103765,121.520621,門牌
台北市士林區德行西路33號11樓,25.106169,121.523736,門牌
台北市士林區德行西路35號5樓,25.106112,121.523639,門牌
台北市士林區德行西路37號9樓,25.106031,121.523481,門牌
台北市士林區德行西路47之2號3樓,25.105723,121.522801,門牌
台北市士林區德行西路7號10樓,25.104758,121.521702,路名
台北市士林區德行西路93巷7號5樓,25.104873,121.520885,門牌
台北市士林區忠義街105號1樓,25.106617,121.532550,門牌
台北市士林區忠誠路1段115號2樓,25.105155,121.528839,門牌
台北市士林區忠誠路1段171巷10弄8號,25.106781,121.530581,門牌
台北市士林區忠誠路1段188之1號1樓,25.107871,121.529626,門牌
台北市士林區忠誠路1段56號10樓,25.104701,121.527012,門牌
台北市士林區忠誠路1段77號,25.104354,121.528148,門牌
台北市士林區忠誠路1段98號1樓,25.105253,121.528045,門牌
台北市士林區忠誠路2段150號4樓,25.114898,121.532611,門牌
台北市士林區忠誠路2段166巷28弄3-1號,25.110605,121.530407,路名
台北市士林區忠誠路2段166巷41號1樓,25.116129,121.531792,門牌
台北市士林區忠誠路2段48之1號4樓,25.110625,121.530377,門牌
台北市士林區忠誠路2段50巷16號,25.110605,121.530407,路名
台北市士林區忠誠路2段55號1樓、1樓之1、2樓、2樓之1、3樓、3樓之1、4樓、4樓之1及地下1樓、地下1樓之1,25.111811,121.531438,門牌
台北市士林區忠誠里19鄰中山北路六段88號16樓,25.092097,121.527084,路名
台北市士林區承德路4段116號6樓之4,25.083286,121.523023,門牌
台北市士林區承德路4段152號9樓,25.085165,121.523112,門牌
台北市士林區承德路4段179巷7號地下,25.087895,121.523315,門牌
台北市士林區承德路4段1巷9號,25.078467,121.521760,門牌
台北市士林區承德路4段218號3樓,25.088214,121.521672,門牌
台北市士林區承德路4段220號4樓,25.088384,121.521541,門牌
台北市士林區承德路4段233號10樓之1,25.088413,121.522133,門牌
台北市士林區承德路4段233號1樓,25.088413,121.522133,門牌
台北市士林區承德路4段242號10樓,25.088961,121.520892,門牌
台北市士林區承德路4段246號5樓,25.089038,121.520757,門牌
台北市士林區承德路4段246號7樓,25.089038,121.520757,門牌
台北市士林區承德路4段274號,25.089431,121.519714,門牌
台北市士林區承德路4段277巷35號9樓,25.090409,121.519518,門牌
台北市士林區承德路4段277巷35號9樓之1,25.090409,121.519518,門牌
台北市士林區承德路4段317號12樓,25.090208,121.518001,門牌
台北市士林區承德路4段331號2樓,25.090546,121.517497,門牌
台北市士林區承德路4段33巷10號2樓,25.080550,121.523148,門牌
台北市士林區承德路4段3巷20號,25.078657,121.522132,門牌
台北市士林區承德路4段6巷48號1樓,25.079722,121.519720,門牌
台北市士林區承德路4段73號2樓,25.081858,121.523256,門牌
台北市士林區承德路4段80巷53號1樓,25.082868,121.521706,門牌
台北市士林區承德路4段83號5樓之1,25.082777,121.523627,門牌
台北市士林區承德路4段83號7樓之1,25.082777,121.523627,門牌
台北市士林區文林路667號,25.100799,121.522304,門牌
台北市士林區文林路669號,25.100857,121.522183,門牌
台北市士林區文林路66號一樓,25.086885,121.525763,門牌
台北市士林區文林路740巷11號1樓,25.103343,121.520884,門牌
台北市士林區文林路740巷7號,25.103181,121.520595,門牌
台北市士林區永平街80巷20號1樓,25.091475,121.505771,門牌
台北市士林區社中街286號1樓,25.092185,121.506047,門牌
台北市士林區社中街287號5樓,25.091989,121.505991,門牌
台北市士林區社中街330號1樓,25.092348,121.504924,門牌
台北市士林區社中街408號,25.092071,121.502907,門牌
台北市士林區社中街76號1樓,25.088551,121.510661,門牌
台北市士林區社中街76號2樓,25.088551,121.510661,門牌
台北市士林區社子街112巷17弄9號1樓,25.087133,121.505199,門牌
台北市士林區社子街22巷52號7樓,25.086698,121.507040,門牌
台北市士林區社子街26號4樓,25.087492,121.507937,門牌
台北市士林區社子街52巷3號,25.087159,121.507198,門牌
台北市士林區社子街63巷16號1樓,25.088024,121.506809,門牌
台北市士林區社正路45巷4弄6號3樓,25.089438,121.509989,門牌
台北市士林區社正路64巷1弄1號1樓,25.088663,121.510979,門牌
台北市士林區福國路95之25號1樓,25.101450,121.522335,門牌
台北市士林區福國路95號5樓之19,25.101401,121.522141,門牌
台北市士林區福德路31號,25.091758,121.524004,門牌
台北市士林區福林路199號2樓,25.097209,121.532959,門牌
台北市士林區福林路254巷2號9樓之1,25.097825,121.534733,門牌
台北市士林區福港街154號1樓,25.087475,121.517820,門牌
台北市士林區福港街22號1樓,25.090959,121.518144,門牌
台北市士林區福港街259巷16號2樓,25.083904,121.518398,門牌
台北市士林區福港街37巷8號1樓,25.090707,121.518559,門牌
台北市士林區福華路139號1樓,25.102784,121.522185,門牌
台北市士林區美崙街62巷32號,25.097540,121.522249,門牌
台北市士林區美崙街62巷32號1樓,25.097540,121.522249,門牌
台北市士林區至善路1段138巷104號,25.095934,121.543497,門牌
台北市士林區至善路2段221號,25.100370,121.549500,門牌
台北市士林區至善路2段390號1樓,25.105129,121.557407,門牌
台北市士林區菁山路131巷18號,25.145311,121.569227,門牌
台北市士林區華齡街175號2樓,25.087059,121.519388,門牌
台北市士林區華齡街60號2樓,25.084277,121.519757,門牌
台北市士林區華齡街73號2樓,25.084904,121.519264,門牌
台北市士林區葫蘆街143號1樓,25.083845,121.508737,門牌
台北市士林區葫蘆街61巷9號2樓,25.079736,121.508910,門牌
台北市士林區通河東街1段114號4樓,25.085858,121.516077,門牌
台北市士林區通河東街1段136巷16號3樓,25.087202,121.516545,門牌
台北市士林區通河東街2段1號2樓,25.090723,121.515271,門牌
台北市士林區通河街325巷2之1號,25.081507,121.517772,門牌
台北市士林區通河街49號2樓,25.080205,121.522581,門牌
台北市士林區通河街85號2樓,25.080602,121.521884,門牌
台北市士林區通河西街1段85號,25.084422,121.512502,門牌
台北市士林區通河西街232之4號1樓、2樓,25.090339,121.508387,路名
台北市士林區通河西街2段145號3樓,25.093124,121.505425,門牌
台北市士林區通河西街2段27號,25.089470,121.511502,門牌
台北市士林區重慶北路4段151號1樓,25.083242,121.511860,門牌
台北市士林區重慶北路4段28號,25.080756,121.513589,門牌
台北市士林區重慶北路4段79號2樓之9,25.081617,121.512500,門牌
台北市士林區重慶北路4段81之10號1樓,25.081338,121.512197,門牌
台北市士林區雨聲街79號3樓,25.104102,121.528748,門牌
台北市大同區伊寧街55之2號,25.064702,121.511629,門牌
台北市大同區伊寧街9巷21號1樓,25.065454,121.513079,門牌
台北市大同區保安街72巷17之2號,25.058405,121.512259,門牌
台北市大同區保安街72巷3號,25.058749,121.512244,門牌
台北市大同區保安里承德路三段244號13樓,25.080338,121.516161,路名
台北市大同區南京西路163號2樓之29,25.054146,121.513127,門牌
台北市大同區南京西路163號2樓之46,25.054146,121.513127,門牌
台北市大同區南京西路163號2樓之82,25.054146,121.513127,門牌
台北市大同區南京西路163號2樓之86,25.054146,121.513127,門牌
台北市大同區南京西路163號2樓之97,25.054146,121.513127,門牌
台北市大同區南京西路169號,25.054052,121.512728,門牌
台北市大同區南京西路22號11樓,25.052578,121.519993,門牌
台北市大同區南京西路36號7樓之5,25.052675,121.519576,門牌
台北市大同區南京西路41號8樓,25.052924,121.519765,門牌
台北市大同區南京西路436號11樓之1,25.053280,121.508813,門牌
台北市大同區南京西路62號11樓,25.052752,121.519042,門牌
台北市大同區哈密街159號1樓,25.072942,121.512823,門牌
台北市大同區哈密街23巷1之3號1樓,25.074300,121.518914,門牌
台北市大同區哈密街59巷2弄15號,25.074133,121.515304,門牌
台北市大同區哈密街59巷53弄10號1樓,25.075335,121.516140,門牌
台北市大同區哈密街70巷1弄10號,25.073086,121.517661,門牌
台北市大同區塔城街66號3樓,25.053117,121.510211,門牌
台北市大同區大龍街164號1樓,25.068133,121.515810,門牌
台北市大同區大龍街259巷11號,25.071571,121.516450,門牌
台北市大同區大龍街94號5樓之4,25.066159,121.515909,門牌
台北市大同區天水路31號,25.052957,121.512939,路名
台北市大同區太原路11之3號1樓,25.049835,121.515156,門牌
台北市大同區太原路136號1樓,25.053350,121.515938,門牌
台北市大同區太原路77號1樓,25.051793,121.515701,門牌
台北市大同區太原路79巷38號,25.051549,121.516840,門牌
台北市大同區太原路7之4號1樓,25.049453,121.515284,門牌
台北市大同區安西街116號,25.061396,121.509778,門牌
台北市大同區寧夏路101號1樓,25.059772,121.514784,門牌
台北市大同區寧夏路146號,25.060667,121.514296,門牌
台北市大同區寧夏路155號4樓,25.061330,121.514280,門牌
台北市大同區寧夏路165號2樓,25.061601,121.514208,門牌
台北市大同區寧夏路54號1樓,25.056563,121.515333,門牌
台北市大同區市民大道1段209號13樓,25.048893,121.518350,門牌
台北市大同區市民大道1段209號14樓,25.048893,121.518350,門牌
台北市大同區市民大道一段209號10樓,25.047367,121.560786,路名
台北市大同區庫倫街13巷3弄23號,25.072272,121.517748,路名
台北市大同區庫倫街8號1樓,25.071865,121.516904,門牌
台北市大同區延平北路1段104號10樓,25.052669,121.511746,門牌
台北市大同區延平北路1段104號5樓,25.052669,121.511746,門牌
台北市大同區延平北路2段199號1樓,25.059390,121.511529,門牌
台北市大同區延平北路2段202號10樓之1,25.059035,121.511296,門牌
台北市大同區延平北路2段202號17樓之2,25.059035,121.511296,門牌
台北市大同區延平北路2段202號18樓之3,25.059035,121.511296,門牌
台北市大同區延平北路2段202號5樓之2,25.059035,121.511296,門牌
台北市大同區延平北路2段202號7樓,25.059035,121.511296,門牌
台北市大同區延平北路2段202號7樓之1,25.059035,121.511296,門牌
台北市大同區延平北路2段29號2樓,25.054764,121.511803,門牌
台北市大同區延平北路2段36巷11號13號,25.054898,121.511252,門牌
台北市大同區延平北路2段60巷21號,25.055420,121.510991,門牌
台北市大同區延平北路2段82號3樓,25.055979,121.511534,門牌
台北市大同區延平北路3段116之3號,25.067136,121.510833,門牌
台北市大同區延平北路3段4號5樓之1,25.063437,121.511050,門牌
台北市大同區延平北路3段61巷24號1樓,25.065567,121.511842,門牌
台北市大同區延平北路3段71之2號2樓,25.066562,121.511088,門牌
台北市大同區延平北路4段179巷12號1樓,25.073554,121.511947,門牌
台北市大同區延平北路二段31號1樓,25.086128,121.500753,路名
台北市大同區延平北路二段83號10樓,25.086128,121.500753,路名
台北市大同區建泰里承德路1段46號3樓,25.051421,121.516971,門牌
台北市大同區承德路1段105號9樓之6,25.052848,121.517810,門牌
台北市大同區承德路1段17號18樓,25.050153,121.517065,門牌
台北市大同區承德路1段17號6樓之1,25.050153,121.517065,門牌
台北市大同區承德路1段17號7樓之8,25.050153,121.517065,門牌
台北市大同區承德路1段35號10樓之2,25.051094,121.517316,門牌
台北市大同區承德路1段35號8樓之1,25.051094,121.517316,門牌
台北市大同區承德路1段40號12樓,25.051149,121.516894,門牌
台北市大同區承德路1段46號10樓,25.051421,121.516971,門牌
台北市大同區承德路1段70之1號8樓,25.052269,121.517211,門牌
台北市大同區承德路1段70之1號9樓之1,25.052269,121.517211,門牌
台北市大同區承德路2段137號12樓之4,25.057632,121.518387,門牌
台北市大同區承德路2段142號3樓,25.059554,121.518004,門牌
台北市大同區承德路2段193號6樓之1,25.059303,121.518423,門牌
台北市大同區承德路2段1巷20號1樓,25.053539,121.518606,門牌
台北市大同區承德路2段215號4樓之4,25.059764,121.518430,門牌
台北市大同區承德路2段215號9樓之3,25.059764,121.518430,門牌
台北市大同區承德路2段46號12樓,25.056191,121.517966,門牌
台北市大同區承德路2段81號10樓,25.056016,121.518392,門牌
台北市大同區承德路3段106號1樓,25.066768,121.518146,門牌
台北市大同區承德路3段10號2樓,25.063800,121.518079,門牌
台北市大同區承德路3段127號2樓,25.067225,121.518594,門牌
台北市大同區承德路3段157號1樓,25.068016,121.518605,門牌
台北市大同區承德路3段176巷12號,25.069085,121.517784,門牌
台北市大同區承德路3段178號5樓,25.069195,121.518206,門牌
台北市大同區承德路3段186號3樓,25.080338,121.516161,路名
台北市大同區承德路3段214巷31號地下1層,25.071559,121.516731,門牌
台北市大同區承德路3段230號12樓,25.072373,121.518493,門牌
台北市大同區承德路3段230號7樓,25.072373,121.518493,門牌
台北市大同區承德路3段232號6樓,25.072406,121.518509,門牌
台北市大同區承德路3段235號8樓之3,25.070813,121.518675,門牌
台北市大同區承德路3段244號12樓,25.072763,121.518668,門牌
台北市大同區承德路3段287之2號3樓,25.074686,121.520710,門牌
台北市大同區承德路3段307號4樓,25.076189,121.520717,門牌
台北市大同區承德路3段318號7樓,25.074749,121.519745,門牌
台北市大同區承德路3段32號2樓,25.064472,121.518100,門牌
台北市大同區承德路3段40號6樓,25.064699,121.518104,門牌
台北市大同區承德路3段51巷19號1樓,25.065654,121.519020,門牌
台北市大同區承德路3段52號4樓,25.065000,121.518109,門牌
台北市大同區承德路3段58號6樓之3,25.065201,121.518094,門牌
台北市大同區承德路3段66號,25.065576,121.518120,門牌
台北市大同區承德路二段81號3樓,25.080338,121.516161,路名
台北市大同區承德路二段81號4樓之1,25.080338,121.516161,路名
台北市大同區敦煌路124號1樓,25.076101,121.516141,門牌
台北市大同區昌吉街50巷1號,25.065732,121.516661,門牌
台北市大同區歸綏街209號3樓之1,25.058239,121.511878,門牌
台北市大同區民族西路183號,25.068727,121.515045,門牌
台北市大同區民族西路201、203號,25.068801,121.514775,路名
台北市大同區民族西路76巷11號,25.068040,121.517817,門牌
台北市大同區民族西路76巷11號1樓,25.068040,121.517817,門牌
台北市大同區民族西路84號1樓,25.068371,121.517293,門牌
台北市大同區民權西路106號,25.062722,121.517319,門牌
台北市大同區民權西路108號1樓,25.062729,121.517126,門牌
台北市大同區民權西路118巷2號11樓,25.062597,121.516820,門牌
台北市大同區民權西路160巷18弄19號,25.062265,121.515066,門牌
台北市大同區民權西路160巷30弄10號1樓,25.061240,121.515687,門牌
台北市大同區民權西路286號3樓,25.062764,121.510697,門牌
台北市大同區民生西路288號8樓,25.056893,121.512820,門牌
台北市大同區民生西路288號9樓之1,25.056893,121.512820,門牌
台北市大同區民生西路290號6樓,25.056892,121.512753,門牌
台北市大同區玉泉里9鄰塔城街30號,25.051170,121.510288,門牌
台北市大同區玉泉里環河北路1段73號5樓之5,25.052830,121.507450,門牌
台北市大同區環河北路1段191號1樓,25.055880,121.508310,門牌
台北市大同區環河北路2段115號8樓,25.066581,121.509082,門牌
台北市大同區環河北路2段155號2樓,25.067498,121.509134,門牌
台北市大同區環河北路2段215號1樓,25.069765,121.509409,門牌
台北市大同區環河北路2段69巷1號1樓,25.065356,121.509047,門牌
台北市大同區甘谷街26號5樓,25.052772,121.510877,門牌
台北市大同區甘谷街35號3樓之1,25.053011,121.510775,門牌
台北市大同區甘谷街35號6樓之3,25.053011,121.510775,門牌
台北市大同區興城街35號1樓,25.058561,121.517677,門牌
台北市大同區華陰街33號3樓之2,25.049356,121.519409,門牌
台北市大同區萬全街58號3樓,25.058524,121.519478,門牌
台北市大同區蘭州街98號,25.065032,121.515445,門牌
台北市大同區西寧北路37號2樓,25.053726,121.508844,門牌
台北市大同區西寧北路37號8樓,25.053726,121.508844,門牌
台北市大同區西寧北路62之5號5樓之1,25.053015,121.508529,門牌
台北市大同區西寧北路62之5號6樓,25.053015,121.508529,門牌
台北市大同區西寧北路62之5號7樓,25.053015,121.508529,門牌
台北市大同區西寧北路62之5號9樓,25.053015,121.508529,門牌
台北市大同區西寧北路62號8樓之6,25.052639,121.508479,門牌
台北市大同區西寧北路62號8樓之9,25.052639,121.508479,門牌
台北市大同區西寧北路70-1號8樓,25.054542,121.508813,路名
台北市大同區西寧北路70號7樓,25.053840,121.508636,門牌
台北市大同區西寧北路72號3樓,25.054084,121.508664,門牌
台北市大同區西寧北路78之16號8樓,25.054430,121.508688,門牌
台北市大同區西寧北路78之18號,25.054430,121.508688,門牌
台北市大同區西寧北路83號11樓之1,25.056026,121.509075,門牌
台北市大同區貴德街15之2號,25.052871,121.508142,門牌
台北市大同區貴德街15之2號2樓,25.052871,121.508142,門牌
台北市大同區赤峰街27號3樓,25.054105,121.519354,門牌
台北市大同區迪化街1段136號1樓,25.057363,121.509711,門牌
台北市大同區迪化街1段32巷10號2樓,25.054515,121.509712,門牌
台北市大同區迪化街1段72巷11之1號,25.055661,121.509548,門牌
台北市大同區迪化街1段96號1樓,25.056151,121.509871,門牌
台北市大同區迪化街2段172巷20號,25.067119,121.509415,門牌
台北市大同區迪化街2段270之3號,25.070686,121.511306,門牌
台北市大同區迪化街一段148號,25.063919,121.510264,路名
台北市大同區鄭州路101號5樓,25.050198,121.511590,門牌
台北市大同區鄭州路87號12樓之2,25.050031,121.512277,門牌
台北市大同區酒泉街214號,25.072051,121.510266,門牌
台北市大同區酒泉街230號,25.072059,121.509922,門牌
台北市大同區重慶北路1段22號11樓,25.050471,121.513447,門牌
台北市大同區重慶北路1段30號3樓,25.050861,121.513555,門牌
台北市大同區重慶北路1段83巷24號3樓,25.052800,121.515171,門牌
台北市大同區重慶北路1段83巷4弄2號2樓,25.051973,121.514423,門牌
台北市大同區重慶北路2段185號12樓之1,25.059992,121.513732,門牌
台北市大同區重慶北路2段185號2樓之1,25.059992,121.513732,門牌
台北市大同區重慶北路2段188號9樓,25.062320,121.513286,門牌
台北市大同區重慶北路2段207號11樓之1,25.060688,121.513706,門牌
台北市大同區重慶北路2段243號(6樓),25.062518,121.513747,門牌
台北市大同區重慶北路2段74號8樓,25.056351,121.513686,門牌
台北市大同區重慶北路3段113巷24之1號,25.067146,121.514714,門牌
台北市大同區重慶北路3段139號10樓之1,25.068108,121.513957,門牌
台北市大同區重慶北路3段139號7樓之2,25.068108,121.513957,門牌
台北市大同區重慶北路3段139號8樓,25.068108,121.513957,門牌
台北市大同區重慶北路3段199號3樓,25.069587,121.513961,門牌
台北市大同區重慶北路3段19號2樓,25.064621,121.513882,門牌
台北市大同區重慶北路3段236巷48號,25.070495,121.512034,門牌
台北市大同區重慶北路3段276號4樓,25.072239,121.513593,門牌
台北市大同區重慶北路3段296巷9號1樓,25.073629,121.512962,門牌
台北市大同區重慶北路3段31號2樓,25.065046,121.513892,門牌
台北市大同區重慶北路3段338號3樓,25.076069,121.513653,門牌
台北市大同區重慶北路3段80號2樓,25.066220,121.513445,門牌
台北市大同區重慶北路3段9巷31號,25.064214,121.514877,門牌
台北市大同區重慶北路三段338號4樓,25.068321,121.513449,路名
台北市大同區重慶北路二段243號4樓、5樓,25.068321,121.513449,路名
台北市大同區長安西路106號11樓之2,25.050440,121.518580,門牌
台北市大同區長安西路114號,25.050487,121.518381,門牌
台北市大同區長安西路121號4樓,25.051288,121.515698,門牌
台北市大同區長安西路180號8樓,25.051073,121.515873,門牌
台北市大同區長安西路286號4樓,25.051788,121.512773,門牌
台北市大同區長安西路287號8樓之6,25.052107,121.509474,門牌
台北市大同區長安西路289號10樓之4,25.052099,121.509314,門牌
台北市大同區長安西路292號1樓,25.051791,121.512636,門牌
台北市大同區長安西路56號5樓,25.050145,121.519860,門牌
台北市大同區長安西路78巷3弄6-1號2樓,25.051007,121.516713,路名
台北市大同區長安西路82號3樓之2,25.050303,121.519183,門牌
台北市大同區雙連街53巷27號,25.059369,121.519878,門牌
台北市大安區仁愛路3段108號7樓,25.037559,121.539584,門牌
台北市大安區仁愛路3段127號11樓,25.038288,121.542247,門牌
台北市大安區仁愛路3段136號5樓,25.037512,121.541420,門牌
台北市大安區仁愛路3段160號,25.037695,121.543092,門牌
台北市大安區仁愛路3段23號10樓,25.038560,121.534263,門牌
台北市大安區仁愛路3段25號2樓之1,25.038576,121.534329,門牌
台北市大安區仁愛路3段26號11樓之6、之7,25.037649,121.535746,門牌
台北市大安區仁愛路3段26號5樓,25.037649,121.535746,門牌
台北市大安區仁愛路3段31巷3弄19號1樓,25.039409,121.535542,門牌
台北市大安區仁愛路3段43號7樓,25.038623,121.535427,門牌
台北市大安區仁愛路3段80之1號,25.037570,121.538844,門牌
台北市大安區仁愛路4段101號5樓之2,25.038708,121.548413,門牌
台北市大安區仁愛路4段122巷61號10樓,25.033650,121.550503,門牌
台北市大安區仁愛路4段147號9樓,25.038095,121.551682,門牌
台北市大安區仁愛路4段25之1號11樓,25.038231,121.544882,門牌
台北市大安區仁愛路4段25之2號10樓,25.038227,121.545017,門牌
台北市大安區仁愛路4段28號4樓,25.037630,121.546442,門牌
台北市大安區仁愛路4段296號1樓,25.037405,121.553569,門牌
台北市大安區仁愛路4段2號11樓,25.037673,121.544060,門牌
台北市大安區仁愛路4段31號7樓之2,25.038210,121.545659,門牌
台北市大安區仁愛路4段376號5樓之4,25.037406,121.555759,門牌
台北市大安區仁愛路4段376號9樓,25.037406,121.555759,門牌
台北市大安區仁愛路4段412號2樓,25.037410,121.557100,門牌
台北市大安區仁愛路4段64號6樓,25.037597,121.547682,門牌
台北市大安區仁愛路4段64號7樓,25.037597,121.547682,門牌
台北市大安區仁愛路三段136號6樓608室,25.038058,121.542740,路名
台北市大安區仁愛路三段141號5樓,25.038058,121.542740,路名
台北市大安區仁愛路四段25之1號11樓,25.038058,121.542740,路名
台北市大安區仁愛路四段25號7樓,25.038058,121.542740,路名
台北市大安區仁愛路四段296號,25.038058,121.542740,路名
台北市大安區仁愛路四段85號4樓,25.038058,121.542740,路名
台北市大安區仁愛路四段99號3樓,25.038058,121.542740,路名
台北市大安區信義路2段192號2至4樓、194號1至4樓,25.033511,121.530076,門牌
台北市大安區信義路2段72號12樓之1,25.034229,121.526375,門牌
台北市大安區信義路3段106號9樓之4,25.033281,121.538305,門牌
台北市大安區信義路3段132號10樓,25.033251,121.539340,門牌
台北市大安區信義路3段132號4樓,25.033251,121.539340,門牌
台北市大安區信義路3段147巷17弄15-8號(1樓),25.032030,121.552131,路名
台北市大安區信義路3段147巷36弄2號2樓,25.037129,121.541804,門牌
台北市大安區信義路3段147巷5弄3之4號5樓,25.034113,121.542162,門牌
台北市大安區信義路3段149號7樓,25.033623,121.542145,門牌
台北市大安區信義路3段155號4樓之2,25.032030,121.552131,路名
台北市大安區信義路3段158號地下室,25.033218,121.541061,門牌
台北市大安區信義路3段162之42號(10樓),25.033060,121.541288,門牌
台北市大安區信義路3段41號2樓,25.033755,121.534903,門牌
台北市大安區信義路4段138號10樓,25.033057,121.549913,門牌
台北市大安區信義路4段152號,25.033047,121.550329,門牌
台北市大安區信義路4段188號2樓之6,25.032946,121.551698,門牌
台北市大安區信義路4段1之41號4樓,25.032030,121.552131,路名
台北市大安區信義路4段1號12樓之5,25.033563,121.544063,門牌
台北市大安區信義路4段1號2樓,25.033563,121.544063,門牌
台北市大安區信義路4段214號5樓之1,25.033000,121.552032,門牌
台北市大安區信義路4段235號10樓之2,25.033379,121.553197,門牌
台北市大安區信義路4段24號4樓之6,25.033167,121.544381,門牌
台北市大安區信義路4段24號6樓之1,25.033167,121.544381,門牌
台北市大安區信義路4段24號7樓之3,25.033167,121.544381,門牌
台北市大安區信義路4段24號7樓之5,25.033167,121.544381,門牌
台北市大安區信義路4段251號17樓,25.032030,121.552131,路名
台北市大安區信義路4段265巷18號,25.034404,121.554477,門牌
台北市大安區信義路4段265巷31弄7號6樓之4,25.034487,121.555376,門牌
台北市大安區信義路4段279號6樓之1,25.033344,121.554714,門牌
台北市大安區信義路4段281號8樓,25.033343,121.554798,門牌
台北市大安區信義路4段295號1樓至11樓,25.033330,121.555260,門牌
台北市大安區信義路4段296號15樓,25.032949,121.554592,門牌
台北市大安區信義路4段306號6樓,25.032943,121.554864,門牌
台北市大安區信義路4段306號8樓之2,25.032943,121.554864,門牌
台北市大安區信義路4段311號6樓,25.033319,121.555770,門牌
台北市大安區信義路4段400巷6弄4號,25.032547,121.556446,門牌
台北市大安區信義路4段45號10樓之1,25.033546,121.544854,門牌
台北市大安區信義路4段61號4樓,25.033776,121.545370,門牌
台北市大安區信義路4段69號5樓,25.033528,121.545611,門牌
台北市大安區信義路4段88號8樓,25.033026,121.547503,門牌
台北市大安區信義路4段98號12樓之2,25.033086,121.547919,門牌
台北市大安區信義路四段236號3至5樓及7樓,25.032030,121.552131,路名
台北市大安區信義路四段296號3樓,25.032030,121.552131,路名
台北市大安區光復南路100號,25.043731,121.556898,門牌
台北市大安區光復南路102號8樓,25.043464,121.557481,門牌
台北市大安區光復南路180巷29之1號2樓,25.042266,121.556100,門牌
台北市大安區光復南路180巷8號2樓,25.042495,121.557274,門牌
台北市大安區光復南路200號,25.042151,121.557491,門牌
台北市大安區光復南路274號,25.039667,121.556915,門牌
台北市大安區光復南路290巷3號7樓,25.039237,121.557061,門牌
台北市大安區光復南路346巷58號1樓,25.038495,121.555590,門牌
台北市大安區光復南路420巷1弄41號,25.035670,121.556975,門牌
台北市大安區光復南路432之1號4樓,25.040214,121.557103,路名
台北市大安區光復南路432號4樓之1,25.036095,121.557371,門牌
台北市大安區光復南路574號5樓,25.034007,121.557327,門牌
台北市大安區光復南路626號5樓之3,25.031785,121.557275,門牌
台北市大安區和平東路1段115號2樓,25.026938,121.526997,門牌
台北市大安區和平東路1段117號2樓,25.026933,121.527066,門牌
台北市大安區和平東路1段177之1號3樓,25.026493,121.532235,門牌
台北市大安區和平東路1段198號6樓,25.026182,121.531205,門牌
台北市大安區和平東路1段238號6樓,25.026077,121.532517,門牌
台北市大安區和平東路1段59號2樓,25.027113,121.524465,門牌
台北市大安區和平東路1段77號3樓,25.027062,121.525105,門牌
台北市大安區和平東路2段100號9樓之1,25.024928,121.541533,門牌
台北市大安區和平東路2段107巷11弄15號1樓,25.025884,121.541052,門牌
台北市大安區和平東路2段107巷23之9號2樓,25.020194,121.550293,路名
台北市大安區和平東路2段107巷23弄17號1樓,25.026200,121.541645,門牌
台北市大安區和平東路2段201號2樓之4,25.025217,121.542381,門牌
台北市大安區和平東路2段203號11樓之2,25.025208,121.542445,門牌
台北市大安區和平東路2段203號5樓之1,25.025208,121.542445,門牌
台北市大安區和平東路3段131號8樓,25.024691,121.552121,門牌
台北市大安區和平東路3段228巷33號,25.020932,121.553751,門牌
台北市大安區和平東路3段258號11樓,25.021496,121.555344,門牌
台北市大安區和平東路3段258號地下之2,25.021496,121.555344,門牌
台北市大安區和平東路3段308巷39弄2號1樓,25.019059,121.555282,門牌
台北市大安區和平東路3段396號1樓,25.018827,121.558178,門牌
台北市大安區和平東路3段588號,25.014285,121.562204,門牌
台北市大安區和平東路3段63號5樓之8,25.024704,121.549188,門牌
台北市大安區嘉興街319號1樓,25.022584,121.553517,門牌
台北市大安區四維路134巷7號,25.031504,121.547632,門牌
台北市大安區四維路170巷36號2樓之1,25.028196,121.546338,門牌
台北市大安區四維路198巷29號2樓之3,25.027395,121.546022,門牌
台北市大安區基隆路2段112號6樓,25.029174,121.557050,門牌
台北市大安區基隆路2段136號6樓之2,25.028495,121.556652,門牌
台北市大安區基隆路2段136號9樓,25.028495,121.556652,門牌
台北市大安區基隆路2段234號1樓,25.023191,121.550976,門牌
台北市大安區基隆路3段22巷5弄5號1樓,25.020267,121.547130,門牌
台北市大安區基隆路3段4巷1號1樓,25.020734,121.548037,門牌
台北市大安區大安路1段119巷1號1樓,25.039426,121.546373,門牌
台北市大安區大安路1段126巷8號1樓,25.039330,121.545488,門牌
台北市大安區大安路1段16巷13號2樓,25.044191,121.545687,門牌
台北市大安區大安路1段191號6樓之1,25.035769,121.546099,門牌
台北市大安區大安路2段142巷5號1樓,25.029633,121.545587,門牌
台北市大安區安和路1段102巷28號3樓,25.034238,121.550524,門牌
台北市大安區安和路1段11號4樓,25.039668,121.549840,門牌
台北市大安區安和路1段29號15樓,25.039130,121.550424,門牌
台北市大安區安和路1段41號2樓,25.038616,121.551010,門牌
台北市大安區安和路1段63號3樓,25.037339,121.551721,門牌
台北市大安區安和路2段112號5樓,25.027828,121.549593,門牌
台北市大安區安和路2段133號4樓,25.029081,121.551086,門牌
台北市大安區安和路2段211號2樓之1,25.026075,121.550200,門牌
台北市大安區安和路2段211號6樓,25.026075,121.550200,門牌
台北市大安區安和路2段213號16樓,25.025880,121.550272,門牌
台北市大安區安和路2段35巷16號3樓,25.031648,121.553096,門牌
台北市大安區安和路2段5號10樓,25.032843,121.552633,門牌
台北市大安區安和路2段5號7樓之2,25.032843,121.552633,門牌
台北市大安區安和路2段60號16樓,25.030677,121.552242,門牌
台北市大安區安和路2段63號8樓之1,25.030767,121.552571,門牌
台北市大安區安和路2段65號3樓之1,25.030627,121.552568,門牌
台北市大安區安和路2段70號3樓,25.030205,121.551757,門牌
台北市大安區安和路2段70號5樓之2,25.030205,121.551757,門牌
台北市大安區安和路2段82號13樓之3,25.029538,121.550935,門牌
台北市大安區安和路2段92號地下1樓,25.028772,121.550245,門牌
台北市大安區安居街108巷16號1樓,25.019118,121.551905,門牌
台北市大安區安居街127號1樓,25.018145,121.551820,門牌
台北市大安區安居街34巷10號1樓,25.020891,121.554054,門牌
台北市大安區安居街34巷6號6樓,25.020778,121.554189,門牌
台北市大安區安居街8巷6弄6號1樓,25.021361,121.554481,門牌
台北市大安區安東街45號7樓之5,25.043538,121.542586,門牌
台北市大安區市民大道3段138號,25.044691,121.535005,門牌
台北市大安區市民大道3段178號3樓,25.044478,121.537174,門牌
台北市大安區市民大道3段178號4樓之5,25.044478,121.537174,門牌
台北市大安區市民大道3段178號9樓之2,25.044478,121.537174,門牌
台北市大安區市民大道四段102號11樓,25.047367,121.560786,路名
台北市大安區市民大道四段102號8樓,25.047367,121.560786,路名
台北市大安區師大路53號1樓,25.024166,121.528632,門牌
台北市大安區延吉街239號3樓,25.036307,121.555706,門牌
台北市大安區延吉街242之1號,25.035708,121.555576,門牌
台北市大安區延吉街259之2號1樓,25.034311,121.556772,門牌
台北市大安區建國南路1段161號7樓之1,25.041145,121.537774,門牌
台北市大安區建國南路1段291巷2號6樓,25.035605,121.538271,門牌
台北市大安區建國南路1段291巷4號12樓,25.035604,121.538300,門牌
台北市大安區建國南路2段169號1樓,25.028250,121.538084,門牌
台北市大安區建國南路2段201號10樓,25.027007,121.538068,門牌
台北市大安區建國南路2段37號2樓,25.032149,121.538160,門牌
台北市大安區建安里敦化南路一段205號12樓之8,25.037393,121.549243,路名
台北市大安區復興南路1段107巷5弄25號2樓之1,25.044500,121.545424,門牌
台北市大安區復興南路1段107巷5弄25號2樓之2,25.044500,121.545424,門牌
台北市大安區復興南路1段107巷5弄9號,25.044159,121.544421,門牌
台北市大安區復興南路1段126巷1號2樓之26,25.043311,121.543000,門牌
台北市大安區復興南路1段129號17樓,25.042939,121.544029,門牌
台北市大安區復興南路1段140號2樓,25.042635,121.543558,門牌
台北市大安區復興南路1段146號,25.042484,121.543554,門牌
台北市大安區復興南路1段205號8樓,25.039544,121.543946,門牌
台北市大安區復興南路1段209號11樓,25.039444,121.543949,門牌
台北市大安區復興南路1段222號9樓,25.039237,121.543488,門牌
台北市大安區復興南路1段237號4樓之1,25.037398,121.543892,門牌
台北市大安區復興南路1段243號5樓之1,25.037208,121.543885,門牌
台北市大安區復興南路1段245號11樓之2,25.037131,121.543888,門牌
台北市大安區復興南路1段249號9樓,25.036918,121.543876,門牌
台北市大安區復興南路1段287號3樓之1,25.035413,121.543860,門牌
台北市大安區復興南路1段303號6樓,25.034648,121.543932,門牌
台北市大安區復興南路1段342號15樓之1,25.036010,121.543370,門牌
台北市大安區復興南路1段342號4樓之1,25.036010,121.543370,門牌
台北市大安區復興南路1段368之1號11樓,25.034898,121.543397,門牌
台北市大安區復興南路1段368號11樓,25.034936,121.543397,門牌
台北市大安區復興南路1段380號11樓之1,25.034134,121.543399,門牌
台北市大安區復興南路1段380號5樓之1,25.034134,121.543399,門牌
台北市大安區復興南路1段386號1樓,25.033960,121.543393,門牌
台北市大安區復興南路1段390號8樓之3,25.033723,121.543382,門牌
台北市大安區復興南路1段62號2樓之5,25.044549,121.543614,門牌
台北市大安區復興南路1段79巷22號1樓,25.044571,121.545300,門牌
台北市大安區復興南路1段82號2樓之3,25.043676,121.543596,門牌
台北市大安區復興南路2段111巷17弄8號1樓,25.029649,121.544741,門牌
台北市大安區復興南路2段133號4樓,25.028874,121.543713,門牌
台北市大安區復興南路2段144之1號1樓,25.028631,121.543288,門牌
台北市大安區復興南路2段151巷5號1樓,25.028484,121.543940,門牌
台北市大安區復興南路2段157號8樓,25.028123,121.543701,門牌
台北市大安區復興南路2段236號3樓之5,25.025126,121.543139,門牌
台北市大安區復興南路2段237號13樓,25.025847,121.543710,門牌
台北市大安區復興南路2段237號8樓之18,25.025847,121.543710,門牌
台北市大安區復興南路2段237號9樓之6,25.025847,121.543710,門牌
台北市大安區復興南路2段285號9樓,25.025271,121.543642,門牌
台北市大安區復興南路2段327號13樓,25.023845,121.543569,門牌
台北市大安區復興南路2段331號,25.023741,121.543567,門牌
台北市大安區復興南路2段363號1樓,25.022761,121.543553,門牌
台北市大安區復興南路2段363號4樓,25.022761,121.543553,門牌
台北市大安區復興南路2段84號10樓之1,25.030839,121.543326,門牌
台北市大安區復興南路2段84號12樓,25.030839,121.543326,門牌
台北市大安區復興南路2段84號8樓之3,25.030839,121.543326,門牌
台北市大安區復興南路一段209號11樓,25.033287,121.543774,路名
台北市大安區復興南路一段368號5樓,25.033287,121.543774,路名
台北市大安區復興南路一段368號8樓,25.033287,121.543774,路名
台北市大安區復興南路二段363號4樓,25.033287,121.543774,路名
台北市大安區忠孝東路3段100號4樓,25.041566,121.536692,門牌
台北市大安區忠孝東路3段100號9樓,25.041566,121.536692,門牌
台北市大安區忠孝東路3段10巷18號1樓,25.040952,121.533379,門牌
台北市大安區忠孝東路3段182號2樓,25.041263,121.538853,門牌
台北市大安區忠孝東路3段188號2樓,25.041456,121.539034,門牌
台北市大安區忠孝東路3段211號10樓,25.041864,121.539487,門牌
台北市大安區忠孝東路3段212號2樓,25.041451,121.539877,門牌
台北市大安區忠孝東路3段215號4樓,25.041862,121.539613,門牌
台北市大安區忠孝東路3段217巷2弄9之1號2樓,25.042422,121.540272,門牌
台北市大安區忠孝東路3段217巷5弄22號1樓,25.043408,121.538469,門牌
台北市大安區忠孝東路3段249之1號9樓,25.041846,121.541549,門牌
台北市大安區忠孝東路3段251巷5弄5號1樓,25.042707,121.541977,門牌
台北市大安區忠孝東路3段255號,25.041844,121.541818,門牌
台北市大安區忠孝東路3段305號4樓之4,25.041887,121.543542,門牌
台北市大安區忠孝東路3段305號6樓之1,25.041887,121.543542,門牌
台北市大安區忠孝東路3段96號7樓之2,25.041631,121.536238,門牌
台北市大安區忠孝東路4段142號12樓之5,25.041299,121.549373,門牌
台北市大安區忠孝東路4段142號12樓之8,25.041299,121.549373,門牌
台北市大安區忠孝東路4段142號4樓之2,25.041299,121.549373,門牌
台北市大安區忠孝東路4段148號7樓,25.041299,121.549911,門牌
台北市大安區忠孝東路4段148號8樓之5,25.041299,121.549911,門牌
台北市大安區忠孝東路4段148號9樓之1,25.041299,121.549911,門牌
台北市大安區忠孝東路4段148號9樓之5,25.041299,121.549911,門牌
台北市大安區忠孝東路4段15號11樓之7,25.041837,121.544384,門牌
台北市大安區忠孝東路4段162號10樓之2,25.041285,121.550289,門牌
台北市大安區忠孝東路4段162號2樓及166號2樓之4,25.041285,121.550289,門牌
台北市大安區忠孝東路4段162號9樓之5,25.041285,121.550289,門牌
台北市大安區忠孝東路4段166號10樓,25.041282,121.550501,門牌
台北市大安區忠孝東路4段169號11樓之1,25.041705,121.550421,門牌
台北市大安區忠孝東路4段169號11樓之4,25.041705,121.550421,門牌
台北市大安區忠孝東路4段169號12樓,25.041705,121.550421,門牌
台北市大安區忠孝東路4段169號12樓之1,25.041705,121.550421,門牌
台北市大安區忠孝東路4段169號6樓之1,25.041705,121.550421,門牌
台北市大安區忠孝東路4段170巷5弄10號1樓,25.040732,121.551247,門牌
台北市大安區忠孝東路4段183號13樓之2,25.041689,121.550902,門牌
台北市大安區忠孝東路4段191號9樓之1,25.041687,121.551166,門牌
台北市大安區忠孝東路4段205巷39號2樓,25.043860,121.552069,門牌
台北市大安區忠孝東路4段208號12樓,25.041236,121.552422,門牌
台北市大安區忠孝東路4段216巷33弄3號1樓,25.039520,121.553313,門牌
台北市大安區忠孝東路4段218之6號7樓,25.041091,121.553338,門牌
台北市大安區忠孝東路4段221號12樓,25.041662,121.552577,門牌
台北市大安區忠孝東路4段221號6樓,25.041662,121.552577,門牌
台北市大安區忠孝東路4段230號7樓,25.041204,121.553932,門牌
台北市大安區忠孝東路4段270號12樓,25.041186,121.554847,門牌
台北市大安區忠孝東路4段270號17樓,25.041186,121.554847,門牌
台北市大安區忠孝東路4段278號4樓,25.041182,121.555210,門牌
台北市大安區忠孝東路4段278號5樓,25.041182,121.555210,門牌
台北市大安區忠孝東路4段285號13樓,25.041671,121.554152,門牌
台北市大安區忠孝東路4段285號5樓,25.041671,121.554152,門牌
台北市大安區忠孝東路4段285號9樓之3,25.041671,121.554152,門牌
台北市大安區忠孝東路4段289號9樓,25.041611,121.554737,門牌
台北市大安區忠孝東路4段290號10樓,25.041162,121.555868,門牌
台北市大安區忠孝東路4段295號3樓,25.041608,121.555065,門牌
台北市大安區忠孝東路4段299號7樓之1,25.041598,121.555337,門牌
台北市大安區忠孝東路4段303號5樓之1,25.041597,121.555467,門牌
台北市大安區忠孝東路4段310號10樓,25.041138,121.557075,門牌
台北市大安區忠孝東路4段311號5樓之4,25.041594,121.555802,門牌
台北市大安區忠孝東路4段319號11樓之1,25.041591,121.556059,門牌
台北市大安區忠孝東路4段319號6樓之1,25.041591,121.556059,門牌
台北市大安區忠孝東路4段320號2樓,25.041134,121.557328,門牌
台北市大安區忠孝東路4段320號9樓,25.041134,121.557328,門牌
台北市大安區忠孝東路4段45號地下1樓至地下3樓、1樓至13樓,25.041902,121.544883,門牌
台北市大安區忠孝東路4段48號5樓,25.041395,121.544896,門牌
台北市大安區忠孝東路4段4號1樓,25.041413,121.544018,門牌
台北市大安區忠孝東路4段59號12樓之1,25.041792,121.545806,門牌
台北市大安區忠孝東路4段59號8樓之1,25.041792,121.545806,門牌
台北市大安區忠孝東路4段60號9樓之1,25.041375,121.545372,門牌
台北市大安區忠孝東路4段71-5號6樓,25.043293,121.562666,路名
台北市大安區忠孝東路4段71之5號6樓,25.042030,121.546744,門牌
台北市大安區忠孝東路4段87號10樓之7,25.041758,121.547624,門牌
台北市大安區忠孝東路四段107號6樓,25.043293,121.562666,路名
台北市大安區忠孝東路四段142號10樓,25.043293,121.562666,路名
台北市大安區忠孝東路四段219號7F、忠孝東路四段221號7F,25.043293,121.562666,路名
台北市大安區忠孝東路四段270號5樓之2,25.043293,121.562666,路名
台北市大安區忠孝東路四段289號8樓,25.043293,121.562666,路名
台北市大安區忠孝東路四段300號10樓,25.043293,121.562666,路名
台北市大安區忠孝東路四段310號12樓,25.043293,121.562666,路名
台北市大安區忠孝東路四段320號12樓,25.043293,121.562666,路名
台北市大安區敦化南路1段160巷25號1樓,25.043665,121.547418,門牌
台北市大安區敦化南路1段169巷5號,25.043320,121.549556,門牌
台北市大安區敦化南路1段181號2樓,25.042972,121.549488,門牌
台北市大安區敦化南路1段205號11樓之3,25.042007,121.549258,門牌
台北市大安區敦化南路1段205號13樓之6,25.042007,121.549258,門牌
台北市大安區敦化南路1段205號2樓之5,25.042007,121.549258,門牌
台北市大安區敦化南路1段205號5樓之6,25.042007,121.549258,門牌
台北市大安區敦化南路1段205號6樓,25.042007,121.549258,門牌
台北市大安區敦化南路1段205號7樓之5,25.042007,121.549258,門牌
台北市大安區敦化南路1段205號8樓之2,25.042007,121.549258,門牌
台北市大安區敦化南路1段294號5樓之5,25.036242,121.548437,門牌
台北市大安區敦化南路1段295巷11號1樓,25.035582,121.549959,門牌
台北市大安區敦化南路1段314號7樓,25.035455,121.548460,門牌
台北市大安區敦化南路1段337號9樓,25.033744,121.549192,門牌
台北市大安區敦化南路1段339號4樓,25.033674,121.549182,門牌
台北市大安區敦化南路1段376號12樓之2,25.033599,121.548442,門牌
台北市大安區敦化南路2段100號25樓之1,25.027857,121.548387,門牌
台北市大安區敦化南路2段105號11樓,25.028461,121.549123,門牌
台北市大安區敦化南路2段105號12樓,25.028461,121.549123,門牌
台北市大安區敦化南路2段11巷6號,25.032507,121.549892,門牌
台北市大安區敦化南路2段182號3樓,25.023562,121.548312,門牌
台北市大安區敦化南路2段198號11樓,25.023013,121.548298,門牌
台北市大安區敦化南路2段1號10樓,25.033024,121.549159,門牌
台北市大安區敦化南路2段1號12樓,25.033024,121.549159,門牌
台北市大安區敦化南路2段1號6樓,25.033024,121.549159,門牌
台北市大安區敦化南路2段200巷6號1樓,25.022749,121.548121,門牌
台北市大安區敦化南路2段207號33樓,25.026010,121.549255,門牌
台北市大安區敦化南路2段207號34樓,25.026010,121.549255,門牌
台北市大安區敦化南路2段216號2樓,25.022194,121.548091,門牌
台北市大安區敦化南路2段319號13樓,25.022888,121.549251,門牌
台北市大安區敦化南路2段333號14樓,25.022065,121.549122,門牌
台北市大安區敦化南路2段38號12樓,25.031648,121.548378,門牌
台北市大安區敦化南路2段57號18樓,25.031301,121.549193,門牌
台北市大安區敦化南路2段59號14樓之1,25.031196,121.549194,門牌
台北市大安區敦化南路2段71號7樓,25.030623,121.549146,門牌
台北市大安區敦化南路2段76號15樓,25.029105,121.548388,門牌
台北市大安區敦化南路2段76號19樓,25.029105,121.548388,門牌
台北市大安區敦化南路2段76號23樓,25.029105,121.548388,門牌
台北市大安區敦化南路2段77號17樓,25.030189,121.549317,門牌
台北市大安區敦化南路2段77號19樓之1,25.030189,121.549317,門牌
台北市大安區敦化南路2段77號19樓之5,25.030189,121.549317,門牌
台北市大安區敦化南路2段81巷39號1樓,25.030033,121.550182,門牌
台北市大安區敦化南路2段92號5樓,25.028384,121.548391,門牌
台北市大安區敦化南路2段95號3樓,25.029236,121.549310,門牌
台北市大安區敦化南路2段97號17樓,25.028913,121.549185,門牌
台北市大安區敦化南路2段99號12樓,25.028809,121.549183,門牌
台北市大安區敦化南路二段207號23樓,25.037393,121.549243,路名
台北市大安區敦化南路二段207號30、31樓,25.037393,121.549243,路名
台北市大安區敦化南路二段207號36樓,25.037393,121.549243,路名
台北市大安區敦化南路二段216號21樓,25.037393,121.549243,路名
台北市大安區敦化南路二段218號12樓,25.037393,121.549243,路名
台北市大安區敦化南路二段267號5樓,25.037393,121.549243,路名
台北市大安區敦化南路二段2號11樓,25.037393,121.549243,路名
台北市大安區敦化南路二段2號8樓,25.037393,121.549243,路名
台北市大安區敦化南路二段333號10樓,25.037393,121.549243,路名
台北市大安區敦化南路二段67號20樓,25.037393,121.549243,路名
台北市大安區敦化南路二段71號13樓,25.037393,121.549243,路名
台北市大安區敦化南路二段92號12樓,25.037393,121.549243,路名
台北市大安區敦化南路二段92號9樓,25.037393,121.549243,路名
台北市大安區敦化南路二段95號,25.037393,121.549243,路名
台北市大安區敦化南路二段95號15樓,25.037393,121.549243,路名
台北市大安區敦化南路二段99號23樓,25.037393,121.549243,路名
台北市大安區文昌街241號2樓,25.032411,121.555175,門牌
台北市大安區文昌街95號,25.032754,121.551881,門牌
台北市大安區新生南路1段103巷25號1樓,25.040717,121.535053,門牌
台北市大安區新生南路1段103巷51號,25.040784,121.536771,門牌
台北市大安區新生南路1段111號7樓,25.040378,121.533069,門牌
台北市大安區新生南路1段121號3樓,25.039151,121.533104,門牌
台北市大安區新生南路1段157巷1號之2、1樓,25.035080,121.533211,門牌
台北市大安區新生南路1段163號7樓,25.034315,121.532955,門牌
台北市大安區新生南路3段4號13樓之1,25.025575,121.534604,門牌
台北市大安區新生南路3段88號6樓之2,25.018123,121.533355,門牌
台北市大安區新生南路一段93號7樓之1,25.033354,121.533844,路名
台北市大安區新生南路三段88之4號,25.033354,121.533844,路名
台北市大安區杭州南路2段85號1樓,25.028840,121.521980,門牌
台北市大安區杭州南路2段89號1樓,25.028642,121.521950,門牌
台北市大安區樂業街151號,25.019687,121.553613,門牌
台北市大安區樂業街169巷11號1樓,25.019339,121.554662,門牌
台北市大安區民炤里仁愛路3段30號9樓,25.037603,121.536594,門牌
台北市大安區永康街14巷12號1樓,25.031316,121.528893,門牌
台北市大安區永康里金山南路2段55號,25.032315,121.527182,門牌
台北市大安區泰順街28號,25.025045,121.531414,門牌
台北市大安區潮州街144號,25.028460,121.528545,門牌
台北市大安區濟南路3段39之2號2樓,25.040278,121.536132,門牌
台北市大安區瑞安街135巷11號1樓,25.026758,121.540623,門牌
台北市大安區瑞安街162號，162-1號,25.029030,121.541680,門牌
台北市大安區瑞安街208巷53弄2號1樓,25.030270,121.540673,門牌
台北市大安區瑞安街208巷61弄14號1樓,25.030643,121.541269,門牌
台北市大安區羅斯福路2段41號7樓之3,25.027618,121.522273,門牌
台北市大安區羅斯福路3段227號12樓,25.019716,121.529811,門牌
台北市大安區羅斯福路3段253號2樓之2,25.019123,121.530162,門牌
台北市大安區羅斯福路3段253號9樓之2,25.019123,121.530162,門牌
台北市大安區羅斯福路3段253號9樓之2、9樓之3,25.019123,121.530162,門牌
台北市大安區羅斯福路3段253號9樓之3,25.019123,121.530162,門牌
台北市大安區羅斯福路3段273號12樓,25.018543,121.530747,門牌
台北市大安區羅斯福路3段277之16號,25.018213,121.531082,門牌
台北市大安區羅斯福路3段277號,25.018213,121.531082,門牌
台北市大安區羅斯福路3段29號6樓,25.023666,121.525237,門牌
台北市大安區羅斯福路3段325號2樓之3,25.017077,121.532237,門牌
台北市大安區羅斯福路3段325號8樓之6,25.017077,121.532237,門牌
台北市大安區羅斯福路3段325號8樓之8,25.017077,121.532237,門牌
台北市大安區義安里敦化南路二段77號5~6樓,25.037393,121.549243,路名
台北市大安區臥龍街203巷4號2樓,25.018216,121.552946,門牌
台北市大安區臨江里基隆路二段112號12樓,25.031124,121.557833,路名
台北市大安區辛亥路2段135號6樓,25.021711,121.539695,門牌
台北市大安區辛亥路2段43號17樓,25.022821,121.536398,門牌
台北市大安區辛亥路3段157巷22弄15號1樓,25.017369,121.549967,門牌
台北市大安區辛亥路3段157巷24弄23號1樓,25.017305,121.550350,門牌
台北市大安區辛亥路二段37號1樓,25.003004,121.553091,路名
台北市大安區通化街162巷5號(1樓),25.028673,121.553283,門牌
台北市大安區通化街19巷31之3號4樓,25.031803,121.555427,門牌
台北市大安區通化街215號1樓,25.026259,121.553178,門牌
台北市大安區通化街267巷3號1樓,25.025772,121.552466,門牌
台北市大安區通化街57巷6號6樓,25.030472,121.554710,門牌
台北市大安區金山南路2段10巷15號1樓,25.033618,121.526433,門牌
台北市大安區金山南路2段140之1號1樓,25.029400,121.526155,門牌
台北市大安區金山南路2段188號12樓之1,25.033189,121.527380,路名
台北市大安區麗水街17巷3號2樓,25.029275,121.529383,門牌
台北市文山區一壽街20巷2號,24.979852,121.555876,門牌
台北市文山區三福街61號,24.997922,121.543892,門牌
台北市文山區仙岩路22巷15號3樓,24.998941,121.549696,門牌
台北市文山區保儀路31之2號4樓,24.988035,121.569070,門牌
台北市文山區保儀路62之3號3樓,24.987572,121.567928,門牌
台北市文山區和興路104號4樓,24.985329,121.549784,門牌
台北市文山區和興路52巷7弄3號1樓,24.984672,121.547848,門牌
台北市文山區和興路6巷1弄1號,24.986082,121.545939,門牌
台北市文山區忠順街1段10巷35弄6號3樓,24.983085,121.558858,門牌
台北市文山區忠順街1段26巷12弄7號1樓,24.983252,121.558792,門牌
台北市文山區忠順街2段12號1樓,24.984525,121.562434,門牌
台北市文山區忠順街2段8號2樓,24.984488,121.562258,門牌
台北市文山區指南路2段13號1樓,24.988250,121.573412,門牌
台北市文山區指南路3段24巷3號6樓,24.983273,121.579374,門牌
台北市文山區景中街35號,24.992873,121.543625,門牌
台北市文山區景文街42號3樓,24.991716,121.541230,門牌
台北市文山區景明街3之4號1樓,25.001607,121.541314,門牌
台北市文山區景福街230巷14號1樓,24.993092,121.538751,門牌
台北市文山區景福街242巷4號1樓,24.993165,121.539496,門牌
台北市文山區景福街46號,24.999249,121.538413,門牌
台北市文山區景興路202巷14號3樓,24.992011,121.543183,門牌
台北市文山區景興路31號4樓,24.997580,121.544847,門牌
台北市文山區景興路85巷16號,24.996208,121.545816,門牌
台北市文山區景華街22巷12號,24.993925,121.542088,門牌
台北市文山區木新路2段103號,24.984441,121.570035,門牌
台北市文山區木新路2段11之1號7樓,24.987425,121.571016,門牌
台北市文山區木新路2段62號1樓,24.985839,121.570518,門牌
台北市文山區木新路3段127巷12弄5號1樓,24.981103,121.561904,門牌
台北市文山區木柵路1段184號1樓,24.987754,121.552629,門牌
台北市文山區木柵路1段331之4號,24.988685,121.556919,門牌
台北市文山區木柵路1段59巷29號5樓,24.988165,121.547145,門牌
台北市文山區木柵路1段81號2樓,24.987023,121.546834,門牌
台北市文山區木柵路2段100巷2號12樓,24.988306,121.560613,門牌
台北市文山區木柵路3段85巷8弄2之1號,24.989294,121.567387,門牌
台北市文山區木柵路4段149巷11號,24.999141,121.574656,門牌
台北市文山區木柵路4段159巷170弄2號,25.003802,121.577813,門牌
台北市文山區木柵路5段58號,24.991254,121.562212,路名
台北市文山區木柵路5段61號,24.991254,121.562212,路名
台北市文山區樟新街56巷10號,24.977704,121.555285,門牌
台北市文山區樟新街62號,24.977468,121.555753,門牌
台北市文山區汀州路4段105巷16弄5號,25.006116,121.537398,門牌
台北市文山區福興路39號,25.002997,121.550855,門牌
台北市文山區福興路63巷5號,25.003415,121.549894,門牌
台北市文山區福興路78巷2號,25.004229,121.550060,門牌
台北市文山區福興路93之1號地下樓,25.004870,121.549555,門牌
台北市文山區秀明路1段103巷3弄2號,24.991121,121.566017,門牌
台北市文山區秀明路1段221號,24.991834,121.570810,門牌
台北市文山區羅斯福路5段101號6樓之2,25.005276,121.539191,門牌
台北市文山區羅斯福路5段127號3樓,25.004726,121.539067,門牌
台北市文山區羅斯福路5段144號4樓,25.005436,121.538765,門牌
台北市文山區羅斯福路5段150巷3-2號,25.013024,121.532677,路名
台北市文山區羅斯福路5段158號4樓,25.005139,121.538706,門牌
台北市文山區羅斯福路5段168號2樓,25.004670,121.538612,門牌
台北市文山區羅斯福路5段172之1號1樓,25.004285,121.538508,門牌
台北市文山區羅斯福路5段211巷31號1樓,25.002814,121.540169,門牌
台北市文山區羅斯福路5段24號,25.009217,121.537412,門牌
台北市文山區羅斯福路6段142巷20弄14號,24.996605,121.540410,門牌
台北市文山區羅斯福路6段159巷5弄4號1樓,24.997610,121.541538,門牌
台北市文山區羅斯福路6段166巷9號,25.013024,121.532677,路名
台北市文山區羅斯福路6段234之1號6樓,24.992440,121.540429,門牌
台北市文山區羅斯福路6段264號3樓,24.991702,121.540117,門牌
台北市文山區羅斯福路6段276巷10號2樓,24.991724,121.538935,門牌
台北市文山區羅斯福路6段88號4樓,24.998345,121.540220,門牌
台北市文山區羅斯福路6段88號7樓,24.998345,121.540220,門牌
台北市文山區羅斯福路六段140號4樓,25.013024,121.532677,路名
台北市文山區興德路55之4號,25.002907,121.557052,門牌
台北市文山區興德路55之4號1樓,25.002907,121.557052,門牌
台北市文山區興隆路1段70巷11弄7號1樓,25.002593,121.540407,門牌
台北市文山區興隆路2段281號7樓,25.001657,121.552787,門牌
台北市文山區興隆路2段301巷19號,25.002297,121.553536,門牌
台北市文山區興隆路2段301巷6號1樓,25.002113,121.553611,門牌
台北市文山區興隆路3段165號,24.996658,121.560083,門牌
台北市文山區興隆路3段185巷11弄20號,24.996078,121.562574,門牌
台北市文山區興隆路3段185巷9弄12號,24.995871,121.562147,門牌
台北市文山區興隆路3段207巷16弄11號3樓,24.994339,121.562176,門牌
台北市文山區興隆路3段269巷1弄1號2樓,24.992110,121.558985,門牌
台北市文山區興隆路3段317號1樓,24.995298,121.555147,路名
台北市文山區興隆路3段32號,25.000452,121.555267,門牌
台北市文山區興隆路4段105巷29號地下,24.987975,121.561990,門牌
台北市文山區興隆路4段110號5樓,24.983096,121.562060,門牌
台北市文山區興隆路4段145巷83弄8號3樓,24.985764,121.564034,門牌
台北市文山區興隆路4段17號,24.990780,121.559257,門牌
台北市文山區興隆路4段195巷19號2樓,24.983338,121.563071,門牌
台北市文山區興隆路4段19號,24.990725,121.559294,門牌
台北市文山區興隆路4段58巷38號,24.985301,121.559526,門牌
台北市文山區興隆路4段76之1號3樓,24.983956,121.561617,門牌
台北市文山區興順街167號1樓,25.001416,121.545334,門牌
台北市文山區興順街181號,25.001505,121.545580,門牌
台北市文山區萬和街6號7樓之2,25.001933,121.567363,門牌
台北市文山區萬寧街165號10樓,25.003983,121.570699,門牌
台北市文山區萬寧街22號1樓,25.003148,121.564386,門牌
台北市文山區萬寧街23巷2號,25.003662,121.564557,門牌
台北市文山區萬盛街146巷8號2樓,25.005097,121.542098,門牌
台北市文山區萬隆街52巷5號6樓,25.001228,121.537607,門牌
台北市文山區試院路4巷11號4樓,24.989023,121.550115,門牌
台北市文山區辛亥路4段128之1號1樓,25.003004,121.553091,路名
台北市文山區辛亥路4段97號,25.006838,121.558702,門牌
台北市文山區辛亥路4段99號2樓,25.006775,121.558696,門牌
台北市文山區開元街20號,24.988991,121.569360,門牌
台北市松山區三民路102巷14號1樓,25.057398,121.564215,門牌
台北市松山區三民路27號,25.054715,121.563629,門牌
台北市松山區中正里復興北路57號3樓之1、2、7,25.050475,121.544229,門牌
台北市松山區健康路152號3樓,25.053405,121.557169,門牌
台北市松山區健康路156號2樓,25.053481,121.557439,門牌
台北市松山區健康路258號,25.053886,121.562751,門牌
台北市松山區健康路325巷24弄3號1樓,25.056577,121.567458,門牌
台北市松山區健康路325巷24弄5號,25.056623,121.567542,門牌
台北市松山區健康路86號,25.053371,121.554733,門牌
台北市松山區光復北路11巷35號11樓,25.050138,121.559905,門牌
台北市松山區光復北路11巷35號1、2、4、5、13樓,25.050138,121.559905,門牌
台北市松山區光復北路11巷35號6樓,25.050138,121.559905,門牌
台北市松山區光復北路11巷46號12樓,25.049611,121.559664,門牌
台北市松山區光復北路35號,25.049891,121.558066,門牌
台北市松山區光復北路35號5樓,25.049891,121.558066,門牌
台北市松山區光復北路5號8樓之6,25.048761,121.557999,門牌
台北市松山區光復北路68號7樓之2,25.050060,121.557696,門牌
台北市松山區光復南路13巷41號1樓,25.047940,121.559909,門牌
台北市松山區光復南路1號11樓,25.047915,121.557982,門牌
台北市松山區光復南路1號5樓,25.047915,121.557982,門牌
台北市松山區光復南路6巷27號,25.047656,121.556999,門牌
台北市松山區八德路2段374號8樓之7,25.047957,121.546041,門牌
台北市松山區八德路2段400號7樓之1,25.048043,121.546570,門牌
台北市松山區八德路2段410巷30號2樓,25.046590,121.546635,門牌
台北市松山區八德路2段431、433號(1樓及2樓),25.047817,121.555327,路名
台北市松山區八德路2段451巷1號1樓,25.048543,121.547361,門牌
台北市松山區八德路3段127號,25.048248,121.554449,門牌
台北市松山區八德路3段12巷57弄3號,25.045388,121.550864,門牌
台北市松山區八德路3段158巷20弄9號,25.047215,121.554941,門牌
台北市松山區八德路3段158巷7弄2號1樓,25.047247,121.555281,門牌
台北市松山區八德路3段199巷1弄7號1樓,25.048659,121.556548,門牌
台北市松山區八德路3段20號2樓,25.048065,121.551110,門牌
台北市松山區八德路3段210號11樓,25.047970,121.556703,門牌
台北市松山區八德路3段212號8樓,25.047976,121.556762,門牌
台北市松山區八德路3段218號7樓,25.047992,121.556907,門牌
台北市松山區八德路3段230號10樓之1,25.048025,121.557220,門牌
台北市松山區八德路3段2號8樓,25.047860,121.549295,門牌
台北市松山區八德路3段30號12樓,25.048082,121.551561,門牌
台北市松山區八德路3段32號6樓,25.048081,121.551709,門牌
台北市松山區八德路3段36號14樓,25.048080,121.552196,門牌
台北市松山區八德路3段74巷14弄14號1樓,25.047714,121.552139,門牌
台北市松山區八德路3段75號7樓,25.048311,121.553014,門牌
台北市松山區八德路4段106巷8弄12號,25.047063,121.560533,門牌
台北市松山區八德路4段106巷8弄3號,25.046986,121.560946,門牌
台北市松山區八德路4段135號5樓之2,25.048759,121.562181,門牌
台北市松山區八德路4段245巷32弄57號6樓,25.049779,121.563001,門牌
台北市松山區八德路4段274號2樓,25.048966,121.566623,門牌
台北市松山區八德路4段276號2樓,25.048972,121.566676,門牌
台北市松山區八德路4段280號1樓,25.048978,121.566745,門牌
台北市松山區八德路4段312之3號,25.049024,121.567521,門牌
台北市松山區八德路4段335號2樓,25.049314,121.567430,門牌
台北市松山區八德路4段361號,25.049417,121.568466,門牌
台北市松山區八德路4段465號6樓,25.050050,121.570948,門牌
台北市松山區八德路4段602號6樓之5,25.049803,121.572643,門牌
台北市松山區八德路4段678號4樓之10,25.049872,121.576419,門牌
台北市松山區八德路4段678號8樓之5,25.049872,121.576419,門牌
台北市松山區八德路4段709巷19之1號,25.050621,121.576681,門牌
台北市松山區八德路4段72巷12弄11號,25.046837,121.559651,門牌
台北市松山區八德路4段72巷12弄3號,25.046879,121.560025,門牌
台北市松山區八德路4段758號3樓,25.050089,121.578934,門牌
台北市松山區八德路4段760號12樓之2,25.050151,121.579153,門牌
台北市松山區八德路4段760號13樓,25.050151,121.579153,門牌
台北市松山區八德路4段760號9樓之1,25.050151,121.579153,門牌
台北市松山區八德路4段83號7樓,25.048571,121.560326,門牌
台北市松山區八德路4段91巷3弄43號1樓,25.048870,121.559574,門牌
台北市松山區八德路四段760號15-16樓,25.047817,121.555327,路名
台北市松山區南京東路3段248號13樓之2,25.051642,121.544581,門牌
台北市松山區南京東路3段258號7樓,25.051630,121.544829,門牌
台北市松山區南京東路3段259號7樓,25.052026,121.544919,門牌
台北市松山區南京東路3段259號8樓,25.052026,121.544919,門牌
台北市松山區南京東路3段262號之4,25.051628,121.544998,門牌
台北市松山區南京東路3段278號11樓,25.051618,121.545613,門牌
台北市松山區南京東路3段285號4樓,25.052008,121.545839,門牌
台北市松山區南京東路3段303巷3弄8號2樓,25.052539,121.546006,門牌
台北市松山區南京東路3段303巷6弄10號3樓,25.052342,121.547477,門牌
台北市松山區南京東路3段303巷8弄11號4樓,25.052966,121.547319,門牌
台北市松山區南京東路3段346之2號4樓,25.052333,121.556981,路名
台北市松山區南京東路3段346號3樓,25.051562,121.548091,門牌
台北市松山區南京東路3段346號7樓,25.051562,121.548091,門牌
台北市松山區南京東路4段100號3樓,25.051431,121.554258,門牌
台北市松山區南京東路4段103號10樓之1,25.051820,121.554567,門牌
台北市松山區南京東路4段120巷29弄32號1樓,25.050095,121.556279,門牌
台北市松山區南京東路4段126號10樓、10樓之1至之3,25.051404,121.555366,門牌
台北市松山區南京東路4段126號12樓,25.051404,121.555366,門牌
台北市松山區南京東路4段126號2樓,25.051404,121.555366,門牌
台北市松山區南京東路4段130號2樓之1,25.051395,121.555708,門牌
台北市松山區南京東路4段130號3樓之1,25.051395,121.555708,門牌
台北市松山區南京東路4段133巷4弄23號1樓,25.052162,121.554325,門牌
台北市松山區南京東路4段133巷5弄7號1樓,25.052132,121.555412,門牌
台北市松山區南京東路4段133巷7弄20號3樓,25.052758,121.555845,門牌
台北市松山區南京東路4段143號9樓,25.051795,121.555490,門牌
台北市松山區南京東路4段160之1號8樓,25.051251,121.556448,門牌
台北市松山區南京東路4段164號11樓之2,25.051375,121.556691,門牌
台北市松山區南京東路4段164號12樓,25.051375,121.556691,門牌
台北市松山區南京東路4段164號12樓之1,25.051375,121.556691,門牌
台北市松山區南京東路4段164號6樓,25.051375,121.556691,門牌
台北市松山區南京東路4段164號9樓之3,25.051375,121.556691,門牌
台北市松山區南京東路4段16號10樓,25.051324,121.553037,門牌
台北市松山區南京東路4段180號10樓之1,25.051368,121.557025,門牌
台北市松山區南京東路4段180號5樓之2,25.051368,121.557025,門牌
台北市松山區南京東路4段186號12樓,25.051358,121.557479,門牌
台北市松山區南京東路4段186號13樓之12,25.051358,121.557479,門牌
台北市松山區南京東路4段186號7樓,25.051358,121.557479,門牌
台北市松山區南京東路4段186號8樓之8,25.051358,121.557479,門牌
台北市松山區南京東路4段197號10樓之2,25.051758,121.556960,門牌
台北市松山區南京東路4段197號9樓之1,25.051758,121.556960,門牌
台北市松山區南京東路4段1號2樓,25.051920,121.549637,門牌
台北市松山區南京東路4段1號8樓,25.051920,121.549637,門牌
台北市松山區南京東路4段21號9樓之2,25.051907,121.550367,門牌
台北市松山區南京東路4段45號7樓之1,25.051898,121.550749,門牌
台北市松山區南京東路4段50號12樓之1,25.051447,121.553462,門牌
台北市松山區南京東路4段50號6樓之2,25.051447,121.553462,門牌
台北市松山區南京東路4段51號3樓之1,25.051894,121.550950,門牌
台北市松山區南京東路4段56號10樓之1,25.051437,121.553847,門牌
台北市松山區南京東路4段56號7樓之1,25.051437,121.553847,門牌
台北市松山區南京東路4段77號3樓,25.051831,121.553875,門牌
台北市松山區南京東路5段106號7樓,25.051249,121.561983,門牌
台北市松山區南京東路5段123巷6弄5號1樓,25.053090,121.561135,門牌
台北市松山區南京東路5段162號9樓,25.051203,121.563080,門牌
台北市松山區南京東路5段164號12樓,25.051202,121.563152,門牌
台北市松山區南京東路5段166號7樓,25.051227,121.563231,門牌
台北市松山區南京東路5段171號3樓,25.051623,121.563521,門牌
台北市松山區南京東路5段171號6樓,25.051623,121.563521,門牌
台北市松山區南京東路5段188號11樓之5,25.051213,121.563747,門牌
台北市松山區南京東路5段188號11樓之6,25.051213,121.563747,門牌
台北市松山區南京東路5段188號13樓,25.051213,121.563747,門牌
台北市松山區南京東路5段188號5樓之7,25.051213,121.563747,門牌
台北市松山區南京東路5段188號6樓之5,25.051213,121.563747,門牌
台北市松山區南京東路5段198號3樓之1,25.051204,121.564172,門牌
台北市松山區南京東路5段200號5樓之6,25.051201,121.564273,門牌
台北市松山區南京東路5段202號5樓之1,25.051191,121.564681,門牌
台北市松山區南京東路5段212號7樓,25.051182,121.565147,門牌
台北市松山區南京東路5段21之6號,25.051896,121.557914,門牌
台北市松山區南京東路5段225號7樓,25.051597,121.564542,門牌
台北市松山區南京東路5段286巷5之2號,25.049911,121.567344,門牌
台北市松山區南京東路5段291巷29弄2號3樓,25.052780,121.566461,門牌
台北市松山區南京東路5段291巷5弄27號,25.052012,121.567166,門牌
台北市松山區南京東路5段296號2樓,25.051111,121.567335,門牌
台北市松山區南京東路5段2號3樓,25.051236,121.558057,門牌
台北市松山區南京東路5段307號,25.051555,121.566618,門牌
台北市松山區南京東路5段336號7樓之4,25.051082,121.568931,門牌
台北市松山區南京東路5段33號2樓之8,25.051734,121.558320,門牌
台北市松山區南京東路5段343號8樓之2,25.051557,121.567647,門牌
台北市松山區南京東路5段37之1號1樓,25.051754,121.558617,門牌
台北市松山區南京東路5段389巷5弄3號1樓,25.051948,121.569462,門牌
台北市松山區南京東路5段40號6樓之7,25.051303,121.559659,門牌
台北市松山區南京東路5段46號11樓,25.051302,121.559787,門牌
台北市松山區南京東路5段46號6樓,25.051302,121.559787,門牌
台北市松山區南京東路5段46號8樓,25.051302,121.559787,門牌
台北市松山區南京東路5段62號4樓,25.051281,121.560561,門牌
台北市松山區南京東路5段66巷12弄10號,25.050519,121.560170,門牌
台北市松山區南京東路5段66巷2弄1之2號3樓,25.050837,121.560653,門牌
台北市松山區南京東路5段66巷3弄23號1樓,25.050927,121.561558,門牌
台北市松山區南京東路5段70號11樓之4,25.051274,121.560918,門牌
台北市松山區南京東路5段89號6樓,25.051702,121.560212,門牌
台北市松山區南京東路5段89號8樓,25.051702,121.560212,門牌
台北市松山區南京東路5段92號4樓,25.051259,121.561572,門牌
台北市松山區南京東路5段99號6樓,25.051698,121.560470,門牌
台北市松山區南京東路三段261號11樓,25.052333,121.556981,路名
台北市松山區南京東路三段261號4樓,25.052333,121.556981,路名
台北市松山區南京東路三段346號7樓,25.052333,121.556981,路名
台北市松山區南京東路五段171號14樓,25.052333,121.556981,路名
台北市松山區南京東路五段222號11樓,25.052333,121.556981,路名
台北市松山區南京東路五段99號11樓,25.052333,121.556981,路名
台北市松山區南京東路四段75號12樓,25.052333,121.556981,路名
台北市松山區基隆路1段10號3樓之1,25.050679,121.569882,門牌
台北市松山區基隆路1段8號14樓之1,25.050765,121.569933,門牌
台北市松山區基隆路1段8號16樓之1,25.050765,121.569933,門牌
台北市松山區塔悠路188巷4號,25.056696,121.569063,門牌
台北市松山區塔悠路195之2號,25.057511,121.569581,門牌
台北市松山區塔悠路19號7樓之1,25.050487,121.571898,門牌
台北市松山區塔悠路215號,25.058987,121.569305,門牌
台北市松山區塔悠路219號,25.059128,121.569278,門牌
台北市松山區塔悠路27號2樓之1,25.050621,121.571724,門牌
台北市松山區塔悠路29號,25.050648,121.571683,門牌
台北市松山區塔悠路300號,25.060407,121.568589,門牌
台北市松山區塔悠路323號,25.061438,121.568882,門牌
台北市松山區富錦街2號7樓之1,25.060301,121.550657,門牌
台北市松山區富錦街342號,25.060385,121.557197,門牌
台北市松山區富錦街359巷2弄14號1樓,25.061128,121.558745,門牌
台北市松山區寶清街31號6樓之1,25.050497,121.568808,門牌
台北市松山區寶清街45號3樓,25.050746,121.568736,門牌
台北市松山區市民大道4段179號1樓,25.044767,121.551800,門牌
台北市松山區市民大道4段207號、209號,25.044721,121.552695,門牌
台北市松山區市民大道5段171號1樓,25.048128,121.564774,門牌
台北市松山區市民大道5段69號1樓,25.046686,121.561039,門牌
台北市松山區延吉街30巷8號,25.046264,121.553055,門牌
台北市松山區延壽街330巷20弄33號1樓,25.054349,121.559161,門牌
台北市松山區延壽街330巷8弄6號,25.055961,121.559924,門牌
台北市松山區復興北路101號13樓,25.052986,121.544283,門牌
台北市松山區復興北路101號8樓,25.052986,121.544283,門牌
台北市松山區復興北路101號9樓,25.052986,121.544283,門牌
台北市松山區復興北路15號12樓之12,25.048789,121.544191,門牌
台北市松山區復興北路167號14樓,25.053898,121.544306,門牌
台北市松山區復興北路167號4樓之1,25.053898,121.544306,門牌
台北市松山區復興北路167號5樓,25.053898,121.544306,門牌
台北市松山區復興北路179號7樓之1,25.054336,121.544307,門牌
台北市松山區復興北路179號9樓之3,25.054336,121.544307,門牌
台北市松山區復興北路181號7樓之1,25.054746,121.544322,門牌
台北市松山區復興北路181號8樓之1,25.054746,121.544322,門牌
台北市松山區復興北路1號11樓之4,25.047969,121.544158,門牌
台北市松山區復興北路1號9樓之6,25.047969,121.544158,門牌
台北市松山區復興北路201號4樓之1,25.055686,121.544334,門牌
台北市松山區復興北路201號8樓之5,25.055686,121.544334,門牌
台北市松山區復興北路201號9樓之2,25.055686,121.544334,門牌
台北市松山區復興北路227號,25.056870,121.544449,門牌
台北市松山區復興北路229之1號4樓,25.056983,121.544442,門牌
台北市松山區復興北路313巷11號6樓,25.059074,121.545301,門牌
台北市松山區復興北路313巷14號1樓,25.058865,121.545367,門牌
台北市松山區復興北路421號1樓,25.063255,121.544468,門牌
台北市松山區復興北路427巷26號1樓,25.063275,121.546043,門牌
台北市松山區復興北路479巷14號1樓3,25.064749,121.545177,門牌
台北市松山區復興北路499巷5弄1號,25.065649,121.544829,門牌
台北市松山區復興北路57號13樓之1,25.050475,121.544229,門牌
台北市松山區復興北路57號15樓之4,25.050475,121.544229,門牌
台北市松山區復興北路57號16樓,25.050475,121.544229,門牌
台北市松山區復興北路99號10、11樓,25.052849,121.544280,門牌
台北市松山區復興北路99號13樓,25.052849,121.544280,門牌
台北市松山區復興北路99號14樓,25.052849,121.544280,門牌
台北市松山區復興北路99號4樓之6,25.052849,121.544280,門牌
台北市松山區復興北路99號7樓之1,25.052849,121.544280,門牌
台北市松山區復興南路1段1號10樓之1,25.047346,121.544140,門牌
台北市松山區復興南路1段1號8樓之5,25.047346,121.544140,門牌
台北市松山區復興南路1段39號,25.046129,121.544126,門牌
台北市松山區復興南路1段45號5樓,25.045575,121.544087,門牌
台北市松山區復興南路1段49號2樓,25.045457,121.544086,門牌
台北市松山區復興南路1段63號4樓之2,25.045107,121.544079,門牌
台北市松山區慈祐里八德路4段604號2樓之4,25.049803,121.572725,門牌
台北市松山區慈祐里八德路四段760號11樓之1之2、14樓,25.047817,121.555327,路名
台北市松山區撫遠街261巷32號2樓,25.061873,121.568103,門牌
台北市松山區撫遠街395巷44號1樓,25.065426,121.567653,門牌
台北市松山區撫遠街401之1號,25.065805,121.565717,門牌
台北市松山區撫遠街403巷36號,25.066153,121.567524,門牌
台北市松山區撫遠街435號,25.069611,121.567991,門牌
台北市松山區敦化北路100號,25.052802,121.548569,門牌
台北市松山區敦化北路102號11樓,25.053344,121.548441,門牌
台北市松山區敦化北路143號3樓,25.053730,121.549342,門牌
台北市松山區敦化北路153之14號,25.054172,121.549504,門牌
台北市松山區敦化北路155巷3號6樓,25.054206,121.549806,門牌
台北市松山區敦化北路155巷66弄58號,25.055193,121.551882,門牌
台北市松山區敦化北路155巷87之3號1樓,25.054183,121.551582,門牌
台北市松山區敦化北路155巷87號1樓,25.054184,121.551501,門牌
台北市松山區敦化北路155巷9號5樓,25.054216,121.550415,門牌
台北市松山區敦化北路167號11樓,25.054709,121.549434,門牌
台北市松山區敦化北路167號17樓,25.054709,121.549434,門牌
台北市松山區敦化北路167號2樓,25.054709,121.549434,門牌
台北市松山區敦化北路167號3樓,25.054709,121.549434,門牌
台北市松山區敦化北路167號5樓,25.054709,121.549434,門牌
台北市松山區敦化北路167號6樓,25.054709,121.549434,門牌
台北市松山區敦化北路167號7樓,25.054709,121.549434,門牌
台北市松山區敦化北路168號14樓,25.056304,121.548242,門牌
台北市松山區敦化北路205號2樓,25.057509,121.549507,門牌
台北市松山區敦化北路207號3樓,25.058023,121.549486,門牌
台北市松山區敦化北路207號6樓,25.058023,121.549486,門牌
台北市松山區敦化北路207號8樓之13,25.058023,121.549486,門牌
台北市松山區敦化北路238巷23號,25.060641,121.548320,門牌
台北市松山區敦化北路244巷11號1樓,25.060831,121.548892,門牌
台北市松山區敦化北路244巷30號1樓,25.060790,121.548352,門牌
台北市松山區敦化北路260號1樓,25.060948,121.550044,門牌
台北市松山區敦化北路260號7樓,25.060948,121.550044,門牌
台北市松山區敦化北路309號11樓之1,25.058677,121.549770,門牌
台北市松山區敦化北路309號4樓,25.058677,121.549770,門牌
台北市松山區敦化北路340之10號,25.055862,121.549356,路名
台北市松山區敦化北路340號機場內,25.063649,121.551905,門牌
台北市松山區敦化北路405巷123弄3號,25.055862,121.549356,路名
台北市松山區敦化北路88號11樓之2,25.051354,121.548501,門牌
台北市松山區敦化南路1段100巷25號1樓,25.046120,121.547691,門牌
台北市松山區敦化南路1段25號地下1樓,25.046330,121.549290,門牌
台北市松山區敦化南路1段2號6樓,25.047891,121.548476,門牌
台北市松山區敦化南路1段7號5樓,25.046915,121.549298,門牌
台北市松山區敦化南路1段7號9樓,25.046915,121.549298,門牌
台北市松山區新聚里東興路12號6樓,25.049925,121.565089,門牌
台北市松山區東興路12號2樓,25.049925,121.565089,門牌
台北市松山區東興路12號地下一層,25.049925,121.565089,門牌
台北市松山區東興路16號1樓,25.049442,121.565324,門牌
台北市松山區東興路21號5樓,25.049750,121.565591,門牌
台北市松山區東興路26號16樓,25.048613,121.565478,門牌
台北市松山區東興路26號6樓,25.048613,121.565478,門牌
台北市松山區東興路8號8樓,25.050121,121.564971,門牌
台北市松山區松基里15鄰敦化北路158號,25.055344,121.548394,門牌
台北市松山區松河街200號,25.051454,121.577263,門牌
台北市松山區松河街76號12樓,25.050802,121.574349,門牌
台北市松山區松河街82號8樓之1,25.054474,121.586549,路名
台北市松山區民族東路665號1樓,25.064227,121.547345,門牌
台北市松山區民族東路743號1樓,25.062688,121.549302,門牌
台北市松山區民權東路3段106巷15弄11號1樓,25.060064,121.545510,門牌
台北市松山區民權東路3段106巷15弄25號4樓,25.060057,121.546156,門牌
台北市松山區民權東路3段106巷15弄7號1樓,25.060067,121.545349,門牌
台北市松山區民權東路3段136號6樓之3,25.061870,121.546401,門牌
台北市松山區民權東路3段142號5樓之2,25.061723,121.546856,門牌
台北市松山區民權東路3段144號12樓之5,25.061857,121.547244,門牌
台北市松山區民權東路3段144號6樓之1,25.061857,121.547244,門牌
台北市松山區民權東路3段166號8樓,25.061690,121.548471,門牌
台北市松山區民權東路3段170號9樓之1,25.061615,121.548937,門牌
台北市松山區民權東路3段178號8樓,25.061461,121.549549,門牌
台北市松山區民權東路3段181號6樓,25.062164,121.548308,門牌
台北市松山區民權東路3段189號4樓之1,25.062135,121.548596,門牌
台北市松山區民權東路3段191巷111號,25.065362,121.544815,門牌
台北市松山區民權東路三段169號9樓,25.065950,121.572598,路名
台北市松山區民權東路三段178號14樓,25.065950,121.572598,路名
台北市松山區民生東路3段107巷6號4樓,25.058626,121.544751,門牌
台北市松山區民生東路3段109號12樓,25.058078,121.545180,門牌
台北市松山區民生東路3段109號18樓,25.058078,121.545180,門牌
台北市松山區民生東路3段113巷25弄41號2樓,25.059193,121.547363,門牌
台北市松山區民生東路3段113巷25弄6號2樓之3,25.059485,121.546586,門牌
台北市松山區民生東路3段128號6樓之2,25.057522,121.545997,門牌
台北市松山區民生東路3段128號9樓之4,25.057522,121.545997,門牌
台北市松山區民生東路3段129、131號9樓,25.058495,121.549708,路名
台北市松山區民生東路3段129號10樓,25.058013,121.547734,門牌
台北市松山區民生東路3段133號6樓,25.057952,121.548239,門牌
台北市松山區民生東路3段135號5樓,25.057961,121.548428,門牌
台北市松山區民生東路3段140巷13號地下樓,25.057169,121.547449,門牌
台北市松山區民生東路4段112巷3弄2號3樓,25.057300,121.554562,門牌
台北市松山區民生東路4段112巷5弄12號4樓,25.056956,121.554745,門牌
台北市松山區民生東路4段133號10樓,25.058495,121.554435,門牌
台北市松山區民生東路4段54號6樓之12,25.057734,121.550915,門牌
台北市松山區民生東路4段55巷8號1樓,25.058310,121.550365,門牌
台北市松山區民生東路4段80巷3弄4號4樓之2,25.057182,121.553256,門牌
台北市松山區民生東路5段137巷4弄15號1樓,25.059938,121.562121,門牌
台北市松山區民生東路5段137巷5弄10號1樓,25.059362,121.561195,門牌
台北市松山區民生東路5段151號5樓之5,25.059037,121.562299,門牌
台北市松山區民生東路5段151號6樓之13,25.059037,121.562299,門牌
台北市松山區民生東路5段151號6樓之9至12,25.059037,121.562299,門牌
台北市松山區民生東路5段165號4樓之4,25.059200,121.564136,門牌
台北市松山區民生東路5段167號2樓,25.059231,121.564537,門牌
台北市松山區民生東路5段167號7樓,25.059231,121.564537,門牌
台北市松山區民生東路5段223之3號1樓、223之4號1樓,25.058495,121.549708,路名
台北市松山區民生東路5段36巷6弄2號3樓,25.057485,121.559834,門牌
台北市松山區民生東路5段36巷8弄9之3號1樓,25.057344,121.559670,門牌
台北市松山區民生東路5段69巷4弄19號2樓,25.060110,121.559339,門牌
台北市松山區民生東路5段99號1樓,25.058817,121.559869,門牌
台北市松山區民生東路三段109號1、2樓,25.058495,121.549708,路名
台北市松山區民生東路三段128號10樓,25.058495,121.549708,路名
台北市松山區民生東路三段129號2樓,25.058495,121.549708,路名
台北市松山區民福里復興北路369號7樓之5,25.062448,121.544773,門牌
台北市松山區福德街82號3樓,25.037222,121.581354,門牌
台北市松山區興安街153號1樓,25.056294,121.545303,門牌
台北市松山區長安東路二段225號,25.048367,121.532568,路名
台北市萬華區中華路1段106號8樓,25.043975,121.508392,門牌
台北市萬華區中華路1段78號11樓之1,25.045570,121.508846,門牌
台北市萬華區中華路2段130巷28弄6號,25.030894,121.503392,門牌
台北市萬華區中華路2段130巷67號,25.030666,121.502329,門牌
台北市萬華區中華路2段150巷20號1樓,25.030454,121.503332,門牌
台北市萬華區中華路2段28號2樓,25.033271,121.505094,門牌
台北市萬華區中華路2段416巷13號12樓之2,25.027021,121.504194,門牌
台北市萬華區內江街101號3樓,25.041826,121.501539,門牌
台北市萬華區南寧路31號12樓之1,25.036703,121.504757,門牌
台北市萬華區南寧路45之2號8樓,25.035727,121.503755,門牌
台北市萬華區和平西路2段149號11樓之6,25.033747,121.505171,門牌
台北市萬華區和平西路3段109巷11號3樓,25.035916,121.500503,門牌
台北市萬華區和平西路3段187之4號4樓,25.035626,121.497756,門牌
台北市萬華區和平西路3段218巷3弄3號2樓,25.034856,121.496664,門牌
台北市萬華區和平西路3段300之11號1樓,25.035280,121.493327,門牌
台北市萬華區和平西路3段300號1樓,25.035270,121.493756,門牌
台北市萬華區和平西路3段309巷15弄49號,25.035958,121.491974,門牌
台北市萬華區和平西路3段394號2樓,25.035342,121.491067,門牌
台北市萬華區和平西路3段57之1號2樓,25.035356,121.502277,門牌
台北市萬華區國興路84號6樓之1,25.026672,121.506112,門牌
台北市萬華區大理街132號,25.034070,121.496664,門牌
台北市萬華區大理街132號1~7樓,25.034070,121.496664,門牌
台北市萬華區大理街132號7樓,25.034070,121.496664,門牌
台北市萬華區大理街30號7樓之3,25.034563,121.501583,門牌
台北市萬華區寶興街169號1樓,25.023452,121.495585,門牌
台北市萬華區寶興街210巷19號1樓,25.022619,121.495042,門牌
台北市萬華區寶興街222巷36號2樓,25.022307,121.494648,門牌
台北市萬華區寶興街80巷49號1樓,25.025141,121.493354,門牌
台北市萬華區康定路60號2樓之6,25.042601,121.502312,門牌
台北市萬華區廣州街114號8樓,25.036530,121.501897,門牌
台北市萬華區德昌街185巷29號1樓,25.022476,121.494336,門牌
台北市萬華區德昌街255號,25.023035,121.492320,門牌
台北市萬華區成都路104號2樓,25.043559,121.502180,門牌
台北市萬華區成都路106號7樓,25.043593,121.502042,門牌
台北市萬華區成都路135號4樓之2,25.043463,121.503417,門牌
台北市萬華區昆明街249號,25.037627,121.503839,門牌
台北市萬華區昆明街260號2樓,25.039298,121.504018,門牌
台北市萬華區東園街140巷21號,25.022931,121.495899,門牌
台北市萬華區東園街28巷50-6號1樓,25.025386,121.496461,路名
台北市萬華區東園街67巷9、11號1樓,25.025386,121.496461,路名
台北市萬華區東園街73巷35號1樓,25.026359,121.497378,門牌
台北市萬華區柳州街80號7樓,25.038179,121.505167,路名
台北市萬華區柳州街80號9樓,25.038179,121.505167,路名
台北市萬華區桂林路109號8樓之2,25.038547,121.500829,門牌
台北市萬華區桂林路1號地下1層,25.037675,121.506304,門牌
台北市萬華區桂林路242巷22號,25.037357,121.494658,門牌
台北市萬華區桂林路242巷30號,25.037197,121.494514,門牌
台北市萬華區武成街80巷51弄2號3樓,25.020433,121.494745,門牌
台北市萬華區武昌街2段68號,25.044779,121.506347,門牌
台北市萬華區民和街26之1號,25.026181,121.499371,門牌
台北市萬華區民和街28號1樓,25.026173,121.499308,門牌
台北市萬華區民和街50號,25.025930,121.498652,門牌
台北市萬華區水源路205之3號8樓,25.019525,121.503116,門牌
台北市萬華區永福街13號2樓,25.038225,121.505728,門牌
台北市萬華區洛陽街9號9樓之10,25.047386,121.508949,門牌
台北市萬華區漢中街131號6樓,25.041931,121.507494,門牌
台北市萬華區漢中街135號5樓,25.041803,121.507390,門牌
台北市萬華區漢中街147巷22號1樓,25.041104,121.507228,門牌
台北市萬華區漢口街2段125號,25.046447,121.503946,門牌
台北市萬華區環河南路1段23號6樓之2,25.046863,121.504181,門牌
台北市萬華區環河南路2段209號,25.031926,121.491445,門牌
台北市萬華區環河南路2段215號,25.031805,121.491339,門牌
台北市萬華區環河南路2段280巷9號2樓,25.032688,121.490290,門牌
台北市萬華區環河南路2段50巷15號1樓,25.037914,121.495923,門牌
台北市萬華區環河南路3段117號4樓,25.024258,121.491054,門牌
台北市萬華區環河南路3段151號1、2樓,25.023142,121.491561,門牌
台北市萬華區環河南路3段165號2樓,25.022567,121.491818,門牌
台北市萬華區環河南路3段337號,25.017583,121.494385,門牌
台北市萬華區興義街87號4樓,25.025833,121.490879,門牌
台北市萬華區莒光路178巷18號,25.031819,121.501814,門牌
台北市萬華區莒光路252號2樓,25.031306,121.499613,門牌
台北市萬華區莒光路310號5、6樓,25.031264,121.498024,門牌
台北市萬華區莒光路310號7樓,25.031264,121.498024,門牌
台北市萬華區萬大路137巷17號1樓,25.029103,121.501028,門牌
台北市萬華區萬大路186巷3號,25.027771,121.500069,門牌
台北市萬華區萬大路187巷3弄9號1樓,25.028769,121.501267,門牌
台北市萬華區萬大路305號,25.024754,121.500504,門牌
台北市萬華區萬大路84巷6號1樓,25.030706,121.499996,門牌
台北市萬華區萬青街126號,25.024376,121.501672,門牌
台北市萬華區西園路2段155號6樓,25.029163,121.496031,門牌
台北市萬華區西園路2段177號1樓,25.027874,121.495104,門牌
台北市萬華區西園路2段200巷18號,25.030173,121.495042,路名
台北市萬華區西園路2段203號4樓,25.027388,121.494533,門牌
台北市萬華區西園路2段251之1號1樓,25.025996,121.492891,門牌
台北市萬華區西園路2段261巷16號1樓,25.025315,121.492988,門牌
台北市萬華區西園路2段261巷34弄45號,25.024005,121.492817,門牌
台北市萬華區西園路2段277號3樓,25.025417,121.492230,門牌
台北市萬華區西園路2段281巷33號1樓,25.023449,121.492814,門牌
台北市萬華區西寧南路158號1樓,25.040147,121.506033,門牌
台北市萬華區西寧南路169號7樓,25.043124,121.506143,門牌
台北市萬華區西寧南路235號,25.040257,121.506167,門牌
台北市萬華區西寧南路307號2樓之2,25.038181,121.506449,門牌
台北市萬華區西寧南路4號西寧市場地下樓85號,25.047932,121.507045,門牌
台北市萬華區西昌街142號8樓之5,25.039022,121.500539,門牌
台北市萬華區西藏路125巷11號6樓之4,25.028511,121.502403,門牌
台北市萬華區西藏路218號1樓,25.029870,121.502297,門牌
台北市萬華區西藏路252號1樓,25.029779,121.501708,門牌
台北市萬華區西藏路295號2樓,25.028547,121.491849,門牌
台北市萬華區貴陽街2段120號5樓之1,25.039914,121.502608,門牌
台北市萬華區貴陽街2段130號7樓,25.039959,121.502362,門牌
台北市萬華區貴陽街2段232巷3號1樓,25.039706,121.499144,門牌
台北市萬華區貴陽街2段33號14樓之1,25.039692,121.502695,路名
台北市萬華區貴陽街2段33號4樓之5,25.039692,121.502695,路名
台北市萬華區長沙街2段151號4樓,25.040593,121.502655,門牌
台北市萬華區長沙街2段19號,25.040735,121.506691,門牌
台北市萬華區長沙街2段91號4樓,25.040553,121.504733,門牌
台北市萬華區長順街107巷22號1樓,25.033004,121.489621,門牌
台北市萬華區長順街44號,25.031982,121.489387,門牌
台北市萬華區開封街2段40號1樓,25.046330,121.507688,門牌
台北市萬華區隆昌街130號,25.041349,121.502534,門牌
台北市萬華區雙園街109號2樓,25.031899,121.491936,門牌
台北市萬華區雙園街68號,25.030169,121.493794,門牌
台北市萬華區青年路152巷2號13樓,25.021299,121.502175,門牌
台北市萬華區青年路32號9樓,25.025664,121.504683,門牌
台南市七股區七股里七股3之22號1樓,23.134191,120.130274,路名
台南市七股區永吉里永吉90號1樓,23.095876,120.123895,門牌
台南市七股區溪南里溪南5-16號,23.123550,120.120259,路名
台南市七股區竹橋里竹橋129之20號,23.103176,120.161858,路名
台南市七股區竹橋里竹橋130之60號1樓,23.103176,120.161858,路名
台南市七股區竹橋里竹港83之20號1樓,23.111551,120.170923,路名
台南市七股區竹港里竹港26之5號1樓,23.111551,120.170923,路名
台南市七股區義合里義合23之15號1樓,23.104324,120.145171,路名
台南市下營區大吉里大屯寮26之1號,23.234738,120.238194,門牌
台南市下營區大吉里大屯寮89之3號,23.234514,120.237999,路名
台南市下營區工業街2巷29號,23.231561,120.251987,門牌
台南市下營區後街里中正北路115號,23.237733,120.261334,門牌
台南市下營區後街里中正北路396號,23.243657,120.258875,門牌
台南市下營區營前里仁愛街12巷10號1樓,23.230693,120.264717,門牌
台南市下營區茅港里茅港尾58號,23.224251,120.291390,門牌
台南市下營區開化里中營238號1樓,23.214757,120.275392,門牌
台南市中西區三合里康樂街336號1樓,22.999754,120.197072,門牌
台南市中西區三民里忠義路2段158巷72號1樓,22.995629,120.205302,門牌
台南市中西區中山路166號,22.995630,120.210167,門牌
台南市中西區中山路193號,22.996433,120.210745,門牌
台南市中西區中華西路二段30號,22.988837,120.185774,路名
台南市中西區五條港里西門路2段389號8樓,22.998691,120.200356,門牌
台南市中西區保安里海安路1段188號地下1、2樓,22.991238,120.195783,門牌
台南市中西區元安里國華街二段80號,23.011972,120.247492,門牌
台南市中西區光賢里中華西路2段582、586號,22.988837,120.185774,路名
台南市中西區兌悅里協和街166號2樓,23.001591,120.192951,門牌
台南市中西區公園路56號1樓,22.994998,120.205724,門牌
台南市中西區公園路56號2樓,22.994998,120.205724,門牌
台南市中西區協和里成功路515號1樓,23.002174,120.194739,門牌
台南市中西區協和里西和路280號1樓,23.002888,120.192776,門牌
台南市中西區南廠里永華路1段174號1樓,22.988309,120.192351,門牌
台南市中西區南廠里永華路1段214-2號1樓,23.001211,120.223623,路名
台南市中西區南美里府前路1段324號1樓,22.990355,120.198608,門牌
台南市中西區南美里民生路1段100號,22.993848,120.201678,門牌
台南市中西區和緯路五段227號,23.008191,120.193851,路名
台南市中西區大埔街39號,22.986739,120.208820,門牌
台南市中西區天中里民權路二段115號,23.121906,120.460758,門牌
台南市中西區小西里永福路1段189號8樓A1~3室,22.987562,120.200122,門牌
台南市中西區忠義路2段63號,22.991709,120.202611,門牌
台南市中西區普濟里民族路三段74號地下層,23.123498,120.464274,門牌
台南市中西區民主里尊王路150巷5號1樓,22.992458,120.193446,門牌
台南市中西區民生路1段167號3樓,22.993928,120.200278,門牌
台南市中西區民生路2段128號1樓,22.995715,120.195705,門牌
台南市中西區民生路2段77號,22.994960,120.197197,門牌
台南市中西區民生路二段307號11樓之2,23.042731,120.306380,門牌
台南市中西區民生路二段307號14樓之2,23.042731,120.306380,門牌
台南市中西區民生路二段381號2樓,23.130180,120.296505,門牌
台南市中西區永福路2段171號,22.994839,120.201420,門牌
台南市中西區永華里忠義路2段54號9樓之1,22.993062,120.203209,門牌
台南市中西區法華里府連路137號壹樓,22.984266,120.210650,門牌
台南市中西區淺草里金華路3段230號3樓之1,22.995023,120.193806,門牌
台南市中西區福安里永福路2段53號2樓,22.991536,120.200516,門牌
台南市中西區藥王里民權路三段211號1樓,23.131232,120.298534,門牌
台南市中西區藥王里美麗街28號1樓,22.999750,120.189466,門牌
台南市中西區西湖里湖美一街39巷6號1樓,23.000599,120.181029,門牌
台南市中西區西湖里頂美三街121巷89號2樓,23.002801,120.184615,門牌
台南市中西區西湖里頂美三街166號11樓之1,23.003194,120.185351,路名
台南市中西區西賢一街241號2樓,23.004695,120.177371,門牌
台南市中西區西賢里民權路4段600號1樓,23.075575,120.242658,路名
台南市中西區西賢里西賢六街30號1樓,23.001260,120.171643,門牌
台南市中西區西賢里西賢六街37號1樓,23.001561,120.171434,門牌
台南市中西區赤嵌里中山路193號,22.996433,120.210745,門牌
台南市中西區赤嵌里新美街108號2樓,22.996252,120.200745,門牌
台南市中西區赤嵌里民族路2段260號1樓,22.997461,120.201085,門牌
台南市中西區郡王里南門路209巷11號1樓,22.985086,120.204853,門牌
台南市中西區郡西里郡西路78號,22.989354,120.194409,門牌
台南市中西區開山里民權路1段119號1樓,22.990539,120.208897,門牌
台南市中西區開山里開山路235巷12號2樓之2,22.986531,120.210251,門牌
台南市仁德區一甲里20鄰太乙五街52號,22.978951,120.251247,路名
台南市仁德區一甲里中正路3段98號,22.974167,120.252967,門牌
台南市仁德區一甲里太乙一街21號,22.979953,120.254342,門牌
台南市仁德區一甲里太乙七街40號,22.978949,120.249720,門牌
台南市仁德區一甲里太乙七街74號,22.977576,120.249525,門牌
台南市仁德區一甲里太乙三街33號,22.980131,120.252260,門牌
台南市仁德區一甲里太乙二街26號,22.980314,120.253649,門牌
台南市仁德區一甲里太乙五街29號,22.978805,120.251299,門牌
台南市仁德區一甲里太乙五街2號,22.980138,120.251316,門牌
台南市仁德區一甲里太乙路11號,22.981432,120.255774,門牌
台南市仁德區一甲里忠義一街31號1樓,22.977132,120.259327,門牌
台南市仁德區一甲里忠義一街37號,22.977704,120.258878,門牌
台南市仁德區一甲里忠義一街38巷13號,22.979525,120.259364,門牌
台南市仁德區一甲里忠義一街38巷19號,22.979902,120.259698,門牌
台南市仁德區一甲里忠義一街38巷1號,22.978279,120.259119,門牌
台南市仁德區一甲里忠義二街36巷7號,22.978322,120.256968,門牌
台南市仁德區一甲里忠義路170號,22.976416,120.258351,門牌
台南市仁德區一甲里忠義路228號,22.976585,120.255796,門牌
台南市仁德區一甲里忠義路287號,22.976306,120.256082,門牌
台南市仁德區一甲里忠義路80號,22.975875,120.262573,門牌
台南市仁德區一甲里正義三街53號1樓,22.974200,120.254270,門牌
台南市仁德區上崙里上崙一街62巷83號1樓,22.941881,120.256322,門牌
台南市仁德區上崙里中正路1段656巷82號,22.935031,120.249831,門牌
台南市仁德區上崙里中正路1段774巷6弄7號1樓,22.940372,120.249257,門牌
台南市仁德區上崙里崑崙路117號,22.931711,120.248809,門牌
台南市仁德區上崙里德善路353號1樓,22.945355,120.258872,門牌
台南市仁德區中山路10巷55號,22.970551,120.269629,門牌
台南市仁德區中山路642號,22.972435,120.249934,門牌
台南市仁德區中山路6號7樓,22.992788,120.205771,門牌
台南市仁德區中正西路982號1樓,22.921979,120.202388,門牌
台南市仁德區中正路2段642巷5號,22.957354,120.253722,門牌
台南市仁德區中正路3段209號,22.977522,120.254057,門牌
台南市仁德區中正路一段398號,22.994300,120.192753,門牌
台南市仁德區中正路三段231號,22.992812,120.197461,門牌
台南市仁德區二仁路1段68號1樓,22.921246,120.225132,門牌
台南市仁德區二行里15鄰行大二街11號,22.917281,120.217369,門牌
台南市仁德區二行里中正西路202巷169號,22.918672,120.216923,路名
台南市仁德區二行里中正西路202巷239號,22.920350,120.219840,門牌
台南市仁德區二行里中正西路202巷248號,22.918672,120.216923,路名
台南市仁德區二行里中正西路353巷18弄17號1樓,22.916725,120.218158,門牌
台南市仁德區二行里中正西路353巷5號1樓,22.917456,120.217910,門牌
台南市仁德區二行里中正西路353巷7號2樓,22.917438,120.217993,門牌
台南市仁德區二行里中正西路353巷9號1樓,22.917429,120.218042,門牌
台南市仁德區二行里二仁路1段193號,22.921218,120.224517,門牌
台南市仁德區二行里二仁路1段315巷57號,22.923669,120.221586,門牌
台南市仁德區二行里二仁路1段353號,22.924653,120.222712,門牌
台南市仁德區二行里二仁路1段361號1樓,22.925107,120.222460,門牌
台南市仁德區二行里二仁路1段491巷31號,22.926804,120.220419,門牌
台南市仁德區二行里二仁路一段315巷193之1號,22.922702,120.222944,路名
台南市仁德區仁和里和愛街28號,22.960254,120.224374,門牌
台南市仁德區仁德里中山路728號1樓,22.973209,120.246545,門牌
台南市仁德區仁德里仁中七街11號2樓,22.962700,120.251399,門牌
台南市仁德區仁德里仁中七街40號2樓,22.962629,120.252058,門牌
台南市仁德區仁德里文心路58巷3號1樓,22.972076,120.241196,門牌
台南市仁德區仁德里文華路3段428巷111號,22.971385,120.245761,門牌
台南市仁德區仁德里文華路三段428巷39弄15號,22.966149,120.241834,路名
台南市仁德區仁愛里大同路3段110號,22.958567,120.217056,門牌
台南市仁德區仁愛里大同路3段353號1樓,22.953504,120.218054,門牌
台南市仁德區仁愛里大同路3段390號,22.954112,120.217570,門牌
台南市仁德區仁愛里大同路3段68號,22.959319,120.216968,門牌
台南市仁德區仁愛里大同路3段810號1樓,22.947956,120.219010,門牌
台南市仁德區仁愛里大同路三段298號1樓,22.989102,120.218958,路名
台南市仁德區仁愛里機場路1008號,22.948666,120.216931,門牌
台南市仁德區仁愛里機場路1050號,22.949261,120.216953,門牌
台南市仁德區仁義里35鄰中正路2段686號,22.958760,120.253013,門牌
台南市仁德區仁義里42鄰中正路2段994巷42號1樓,22.966677,120.254278,門牌
台南市仁德區仁義里中山路10巷16號,22.971501,120.271308,門牌
台南市仁德區仁義里中山路124巷23號1樓,22.970750,120.264657,門牌
台南市仁德區仁義里中山路145號1樓,22.995954,120.210048,門牌
台南市仁德區仁義里中山路153號,22.996336,120.210362,門牌
台南市仁德區仁義里中山路182號2樓,22.996377,120.211346,門牌
台南市仁德區仁義里中山路202號,23.030866,120.256007,門牌
台南市仁德區仁義里中山路22號,22.992999,120.206128,門牌
台南市仁德區仁義里中山路30號,22.993083,120.206289,門牌
台南市仁德區仁義里中山路48巷13號,22.970879,120.266603,門牌
台南市仁德區仁義里中正路2段642巷1號1樓,22.958088,120.253250,門牌
台南市仁德區仁義里中清二街47號2樓,22.973213,120.254373,門牌
台南市仁德區仁義里中清路22號1樓,22.968918,120.255971,門牌
台南市仁德區仁義里仁義六街101號1樓,22.959092,120.256505,門牌
台南市仁德區仁義里仁義六街103號,22.958951,120.256723,門牌
台南市仁德區仁義里勝利路58巷15號,22.958180,120.254624,門牌
台南市仁德區仁義里勝利路72-1號,23.056795,120.236517,路名
台南市仁德區仁義里勝利路82號,22.958000,120.256585,門牌
台南市仁德區仁義里林頂街239號,22.972292,120.266890,門牌
台南市仁德區仁義里林頂街339號,22.971578,120.268524,門牌
台南市仁德區仁義里林頂街57號1樓,22.971518,120.264640,路名
台南市仁德區仁義里義林路140號,22.964591,120.263136,門牌
台南市仁德區仁義里義林路147號,22.964754,120.262786,門牌
台南市仁德區仁義里義林路148巷45號,22.965962,120.267477,門牌
台南市仁德區仁義里義林路148巷7號,22.969875,120.264800,路名
台南市仁德區仁義里義林路156號,22.966208,120.263778,門牌
台南市仁德區仁義里義林路166號,22.968983,120.263905,門牌
台南市仁德區仁義里義林路250號,22.972529,120.264722,門牌
台南市仁德區仁義里義林路256巷168-1號,22.969875,120.264800,路名
台南市仁德區仁義里義林路256巷60號,22.972916,120.267741,門牌
台南市仁德區保安路1段19巷1號,22.924735,120.224985,門牌
台南市仁德區保安路1段56巷1之1號,22.923643,120.226471,門牌
台南市仁德區保安路2段420巷1號1樓,22.959323,120.217752,路名
台南市仁德區保安路一段56巷3號,22.959323,120.217752,路名
台南市仁德區保安路一段68號,22.990440,120.196200,門牌
台南市仁德區保安里13鄰二仁路一段154號1樓,22.922702,120.222944,路名
台南市仁德區保安里中正路1段164巷8號,22.920561,120.235213,門牌
台南市仁德區保安里二仁路1段160號,22.924654,120.223262,門牌
台南市仁德區保安里二仁路1段174號,22.926651,120.222145,門牌
台南市仁德區保安里保安路1段15號,22.923606,120.224499,門牌
台南市仁德區保安里保安路1段21號,22.925069,120.225303,門牌
台南市仁德區保安里保安路1段35號,22.926045,120.225791,門牌
台南市仁德區保安里保安路1段39號,22.926737,120.226312,門牌
台南市仁德區保安里保安路1段56巷1號,22.924421,120.225754,門牌
台南市仁德區保安里保安路1段90號,22.927046,120.226818,門牌
台南市仁德區保安里保安路一段72巷7號,22.959323,120.217752,路名
台南市仁德區保安里文賢路1段508之51號,22.932017,120.229296,門牌
台南市仁德區保安里文賢路2段106號,22.918473,120.241211,門牌
台南市仁德區保安里文賢路2段63號,22.995804,120.201062,路名
台南市仁德區保安里民生路11號,22.923606,120.248783,門牌
台南市仁德區保安里民生路8號,22.923598,120.248226,門牌
台南市仁德區保安里永德路21號,22.921978,120.243122,門牌
台南市仁德區保安里永德路32號,22.920582,120.244491,門牌
台南市仁德區保安里永德路33號1樓,22.919609,120.245895,門牌
台南市仁德區保安里永德路40號,22.918995,120.245947,門牌
台南市仁德區保安里開發七路5號,22.921303,120.253817,路名
台南市仁德區保安里開發三路23號,22.923827,120.247732,門牌
台南市仁德區保安里開發三路26號,22.924676,120.249832,門牌
台南市仁德區保安里開發二路11號1樓,22.923219,120.245858,路名
台南市仁德區保安里開發二路19號,22.923443,120.245895,門牌
台南市仁德區保安里開發五路11號,22.922123,120.248908,門牌
台南市仁德區保安里開發五路20號1樓,22.922704,120.250461,門牌
台南市仁德區保安里開發五路27號,22.923717,120.250644,門牌
台南市仁德區保安里開發五路31號,22.924287,120.251703,門牌
台南市仁德區保安里開發六路25號,22.920719,120.249225,路名
台南市仁德區保安里開發六路33號,22.923244,120.251283,門牌
台南市仁德區保安里開發四路15號,22.921651,120.246808,門牌
台南市仁德區保安里開發四路16號,22.923673,120.249727,門牌
台南市仁德區保安里開發四路19號,22.922311,120.247474,門牌
台南市仁德區保安里開發四路33號,22.924150,120.249966,門牌
台南市仁德區勝利路105號,22.994142,120.217886,門牌
台南市仁德區土庫里土庫路148號,22.986220,120.261625,門牌
台南市仁德區土庫里土庫路221巷128號1樓,22.983835,120.261942,門牌
台南市仁德區土庫里土庫路350號,22.987416,120.261550,路名
台南市仁德區土庫里太乙十二街60號,22.985507,120.250681,門牌
台南市仁德區土庫里太乙路115號,22.982452,120.253247,路名
台南市仁德區土庫里太乙路26號1樓,22.982252,120.255101,門牌
台南市仁德區土庫里太乙路28號,22.982438,120.254867,門牌
台南市仁德區土庫里太乙路36號,22.982299,120.253877,門牌
台南市仁德區土庫里太乙路38號,22.982278,120.253673,門牌
台南市仁德區土庫里太子路169號,22.991159,120.263811,門牌
台南市仁德區大甲里中正西路1015號,22.922220,120.200095,門牌
台南市仁德區大甲里行大街392號,22.916654,120.215141,門牌
台南市仁德區太乙十街12號1樓,22.983232,120.251617,門牌
台南市仁德區太子路737號,22.989719,120.248929,門牌
台南市仁德區太子里13鄰長興二街70巷6弄1號1樓,22.993284,120.261642,門牌
台南市仁德區太子里大利路70號,22.988221,120.254380,路名
台南市仁德區太子里大吉路137號,22.989541,120.251921,門牌
台南市仁德區太子里大發路131號,22.986106,120.251258,門牌
台南市仁德區太子里大發路282號,22.988767,120.251680,門牌
台南市仁德區太子里太子五街22巷8號,22.988658,120.248928,門牌
台南市仁德區太子里太子四街5巷2號,22.989528,120.250812,門牌
台南市仁德區太子里太子路108號,22.991613,120.266859,門牌
台南市仁德區太子里太子路140-1號,23.135979,120.279494,路名
台南市仁德區太子里太子路31巷31號,22.989734,120.271533,門牌
台南市仁德區太子里太子路476號,22.991511,120.251322,門牌
台南市仁德區太子里太子路78號,22.992040,120.269536,門牌
台南市仁德區太子里太子路91號1樓,22.991472,120.268123,門牌
台南市仁德區太子里長興一街7號,22.993105,120.265249,門牌
台南市仁德區太子里長興五街36巷9號1樓,22.992763,120.254990,門牌
台南市仁德區崑崙路162號,22.931890,120.249694,門牌
台南市仁德區後壁里中正路1段651號,22.941797,120.249186,門牌
台南市仁德區後壁里中正路2段70號,22.944467,120.251361,門牌
台南市仁德區後壁里中正路二段234號,22.993249,120.196924,門牌
台南市仁德區後壁里德南路48號一樓,22.948326,120.252654,門牌
台南市仁德區後壁里德南路70巷29號1樓,22.947226,120.252954,門牌
台南市仁德區後壁里德善路134巷14號1樓,22.948727,120.254517,門牌
台南市仁德區後壁里德安路56號1樓,22.952013,120.253222,門牌
台南市仁德區後壁里德洋路16號1樓,22.950649,120.250826,門牌
台南市仁德區德功路80之2號,22.940090,120.224538,門牌
台南市仁德區德崙路565巷67號壹樓,22.938590,120.264393,門牌
台南市仁德區成功里保生東路138巷6弄9號1樓,22.955233,120.232056,門牌
台南市仁德區成功里德成路103之5號1樓,22.940979,120.225975,門牌
台南市仁德區成功里成功二街23巷5號1樓,22.958787,120.228974,門牌
台南市仁德區成功里成功二街34號2樓,22.958625,120.228617,門牌
台南市仁德區成功里文華路2段326號,22.939619,120.229949,門牌
台南市仁德區成功里文華路2段358巷68號,22.941017,120.232074,門牌
台南市仁德區成功里文華路2段61巷7號1樓,22.938558,120.223223,門牌
台南市仁德區文賢里中正路1段579號1樓,22.939458,120.248332,門牌
台南市仁德區文賢里中正路1段599巷80號,23.091570,120.296345,路名
台南市仁德區文賢里中正路一段380號,22.994200,120.193266,門牌
台南市仁德區文賢里田厝三街45號1樓,22.936436,120.244790,路名
台南市仁德區新田二街125號,22.959882,120.266189,門牌
台南市仁德區新田二街8號,22.957342,120.264335,門牌
台南市仁德區新田路171巷60號1樓,22.953688,120.262806,門牌
台南市仁德區新田里勝利一街27、27-1號,22.955037,120.258555,路名
台南市仁德區新田里勝利一街41號,22.954322,120.259842,門牌
台南市仁德區新田里勝利一街60號,22.953930,120.259644,門牌
台南市仁德區新田里勝利一街6號,22.956439,120.257875,門牌
台南市仁德區新田里勝利路109號,22.994235,120.217902,門牌
台南市仁德區新田里勝利路115號,22.994479,120.217902,門牌
台南市仁德區新田里勝利路137號,22.995010,120.217951,門牌
台南市仁德區新田里勝利路140號,22.955589,120.262448,門牌
台南市仁德區新田里勝利路165號,22.956065,120.262391,門牌
台南市仁德區新田里勝利路263號,22.956042,120.268142,門牌
台南市仁德區新田里勝利路88號,22.957752,120.257180,門牌
台南市仁德區新田里北保東路32巷8弄3號2樓之1,22.953409,120.253015,門牌
台南市仁德區新田里新田一街231號,22.950254,120.262859,門牌
台南市仁德區新田里新田二街138巷20弄1號1樓,22.958740,120.267646,路名
台南市仁德區新田里新田二街1號,22.957469,120.263855,門牌
台南市仁德區新田里新田路115號,22.952787,120.262484,門牌
台南市仁德區新田里新田路173號,22.954107,120.263576,門牌
台南市仁德區新田里新田路221號,22.956568,120.263419,門牌
台南市仁德區新田里新田路225號,22.956928,120.263382,門牌
台南市仁德區新田里新田路246號,22.956521,120.263825,門牌
台南市仁德區新田里民安路1段395號,22.955036,120.249781,門牌
台南市仁德區新田里義林南路976巷22號,22.949542,120.261552,路名
台南市仁德區新田里義林南路988巷12號1樓,22.949542,120.261552,路名
台南市仁德區新田里義林路136號,22.964057,120.263543,門牌
台南市仁德區新田里義林路70號,22.957359,120.261881,門牌
台南市仁德區民生路13號1樓,22.923216,120.249399,門牌
台南市仁德區永德路37號,22.919430,120.246329,門牌
台南市仁德區田厝里田厝二街172號,22.938865,120.243008,路名
台南市仁德區義林路149號,22.965222,120.262793,門牌
台南市仁德區開發七路1號,22.921714,120.251371,門牌
台南市佳里區下營里下廍115之1號,23.170701,120.152135,路名
台南市佳里區下營里下廍53之10號1樓,23.170701,120.152135,路名
台南市佳里區光復路120號,23.158603,120.175043,門牌
台南市佳里區六安里佳北路3號1樓,23.168540,120.181572,門牌
台南市佳里區六安里光復路348號,23.164955,120.175021,門牌
台南市佳里區六安里六安117號之37,23.179413,120.183159,門牌
台南市佳里區六安里延平路630巷17號1樓,23.194215,120.207831,路名
台南市佳里區六安里進學路148巷1號1樓,23.164130,120.179724,門牌
台南市佳里區南勢里佳南路329巷7號1樓,23.148885,120.178436,路名
台南市佳里區南勢里南勢街359號1樓,23.146820,120.177847,路名
台南市佳里區子龍里子良廟98之3號,23.174039,120.207845,路名
台南市佳里區子龍里後庄27號,23.183284,120.203731,門牌
台南市佳里區安西里文化西路557號,23.160460,120.154820,門牌
台南市佳里區安西里育善街272巷56號1樓,23.164161,120.169787,門牌
台南市佳里區建中街80-2號,23.158493,120.177458,路名
台南市佳里區建南街107巷4號,23.158042,120.175881,門牌
台南市佳里區建南里18鄰中山路73號1樓,22.994050,120.207120,門牌
台南市佳里區建南里安南路316巷26弄5號1樓,23.152681,120.173870,門牌
台南市佳里區建南里復興路30號1樓,23.155240,120.174255,門牌
台南市佳里區建南里自由街103號,23.155681,120.177262,門牌
台南市佳里區忠孝東路55巷1號1樓,23.164516,120.179441,門牌
台南市佳里區文新里文化西路481之1號1樓,23.160858,120.155365,門牌
台南市佳里區文新里文化路591巷26號,23.162253,120.166522,門牌
台南市佳里區東寧里義民街70號,23.161799,120.179369,門牌
台南市佳里區民安里同安寮77-1號,23.162162,120.191940,路名
台南市佳里區民安里同安寮77之27號,23.162162,120.191940,路名
台南市佳里區海澄里萊芉寮12之19號,23.180956,120.174418,路名
台南市佳里區海澄里萊芉寮17之18號1樓,23.180956,120.174418,路名
台南市佳里區海澄里萊芉寮17之38號,23.180956,120.174418,路名
台南市佳里區海澄里萊芉寮17之3號,23.180956,120.174418,路名
台南市佳里區海澄里萊芉寮1之106號,23.180956,120.174418,路名
台南市佳里區海澄里萊芉寮1之11號,23.180956,120.174418,路名
台南市佳里區海澄里萊芉寮1之18號,23.180956,120.174418,路名
台南市佳里區禮化里佳里興247號,23.191842,120.189292,門牌
台南市佳里區興中街77號,23.159137,120.177903,門牌
台南市佳里區鎮山里佳南路266號,23.148885,120.178436,路名
台南市佳里區鎮山里信義一街218號,23.156890,120.181745,門牌
台南市佳里區鎮山里信義一街35號,23.154534,120.183000,門牌
台南市佳里區鎮山里崇德街42號1樓,23.154897,120.181449,門牌
台南市六甲區中社里林鳳營221之16號1樓,23.242905,120.314619,路名
台南市六甲區中社里港子頭51號1樓,23.241201,120.321463,門牌
台南市六甲區林鳳營1號,23.233841,120.317775,門牌
台南市六甲區水林里中正路655號,23.136187,120.293395,門牌
台南市六甲區菁埔里菁埔3號之1,23.233043,120.303013,路名
台南市六甲區龜港里龜子港19號,23.252382,120.311494,路名
台南市北區中樓里開元路92號2樓,23.006279,120.217624,門牌
台南市北區仁愛里開元路148巷104之3號,23.045122,120.233910,路名
台南市北區元寶里北園街8巷63號,23.011004,120.223644,門牌
台南市北區元寶里開元路485巷41弄12號2樓之6,23.011709,120.224162,門牌
台南市北區公園路585之3號,23.046112,120.223689,路名
台南市北區公園路994巷5弄38號之1,23.017030,120.216153,門牌
台南市北區公園里富北街18號4樓之7,22.998449,120.211550,門牌
台南市北區前鋒路293號6樓,23.005191,120.215653,門牌
台南市北區勝利路220號5樓之1,23.004641,120.218970,門牌
台南市北區北園街80巷16號,23.012016,120.223289,門牌
台南市北區北園街8巷9弄5號,23.010828,120.223506,門牌
台南市北區北華里成功路114號7樓之1,22.998814,120.205387,門牌
台南市北區北門里成功路2號6樓之12,22.997791,120.211428,門牌
台南市北區和緯路2段2號5樓之3,23.010873,120.210586,門牌
台南市北區和緯路2段482號,23.012314,120.201809,門牌
台南市北區和緯路4段95巷1號2樓,23.008786,120.191565,門牌
台南市北區和緯路四段195號1樓,23.008191,120.193851,路名
台南市北區和順里育德路17巷10號1樓,23.006269,120.202693,門牌
台南市北區和順里臨安路2段249巷14之1號,23.002808,120.196280,路名
台南市北區和順里臨安路2段256號14樓之2,23.004287,120.201410,門牌
台南市北區和順里西門路三段159號12樓之3,23.002360,120.203409,路名
台南市北區大光里北門路2段547巷62號2樓,23.011117,120.215113,門牌
台南市北區大和里大和路330巷46號1樓,23.014757,120.190408,門牌
台南市北區大和里大港街38巷7號2樓,23.014468,120.191722,門牌
台南市北區大和里文賢路799巷41號1樓,23.015874,120.192647,門牌
台南市北區大和里文賢路833巷40弄7號,23.017003,120.191892,門牌
台南市北區大武街497號,23.017637,120.219445,門牌
台南市北區大港里中華北路1段203巷16弄46號1樓,23.011746,120.183666,門牌
台南市北區大港里大興街212巷31號1樓,23.011687,120.188065,門牌
台南市北區大港里大興街642號1樓,23.007478,120.178395,門牌
台南市北區大興街347號,23.010168,120.185979,門牌
台南市北區大興街550號3樓,23.008275,120.180244,門牌
台南市北區大興街96巷71號,23.013335,120.191143,門牌
台南市北區大豐里和緯路4段225號1樓,23.007652,120.188587,門牌
台南市北區大豐里和緯路4段95巷40號3樓,23.007517,120.191210,門牌
台南市北區大豐里和緯路四段225號1樓,23.008191,120.193851,路名
台南市北區安民里國華街4段5巷14弄1號1樓,23.000834,120.199443,門牌
台南市北區實踐里大武街138號3樓之2,23.013165,120.215986,門牌
台南市北區小北里公園路435號,23.007896,120.209647,門牌
台南市北區延平里5鄰公園路746巷21號1樓,23.008908,120.211094,門牌
台南市北區延平里公園路634巷41號,23.007788,120.211575,門牌
台南市北區成功路114號地下1樓及地面1樓、2樓、3樓、4樓、7樓之2、8樓之1、8樓之2、9樓之4、12樓之1、12樓之2、12樓之3、12樓之4、13樓、14樓、15樓,22.998814,120.205387,門牌
台南市北區成功路2號5樓之16,22.997791,120.211428,門牌
台南市北區成功里12鄰北成路174號1樓,23.020144,120.208081,門牌
台南市北區成功里北安路1段158號1樓,23.017607,120.209102,門牌
台南市北區成功里北成路80巷1弄24號2樓,23.019972,120.209284,門牌
台南市北區成功里北成路80巷22弄2號9樓,23.019633,120.210263,門牌
台南市北區成功里西門路4段533巷66號2樓,23.002360,120.203409,路名
台南市北區成德里北成路300號,23.020117,120.204800,門牌
台南市北區成德里文成一路136號1樓,23.014141,120.204413,門牌
台南市北區振興里長榮路4段81號之1,23.004699,120.222477,門牌
台南市北區振興里開元路148巷6弄14號3樓,23.006447,120.219309,門牌
台南市北區文元里北成路592號2樓,23.018205,120.197404,門牌
台南市北區文元里文成路660號,23.012494,120.197535,門牌
台南市北區文元里文賢一路300巷40弄30號5樓,23.011066,120.196176,門牌
台南市北區文成一路206號2樓之1,23.014084,120.202831,門牌
台南市北區文成三路686號,23.016051,120.199387,門牌
台南市北區文成路750巷9號2樓,23.013039,120.196207,門牌
台南市北區文成里文賢二街157巷8號1樓,23.009715,120.197453,門牌
台南市北區文成里文賢路292巷121號,23.006611,120.196802,門牌
台南市北區文成里文賢路546巷29號,23.007683,120.194925,門牌
台南市北區文賢路1030巷24弄4號1樓,23.013805,120.194617,門牌
台南市北區文賢路1030巷24弄9號1樓,23.013757,120.194879,門牌
台南市北區文賢路1122巷11弄18號1樓,23.016915,120.194098,門牌
台南市北區文賢路1122巷151號1樓,23.017301,120.197863,門牌
台南市北區正覺里正覺街15號1樓,23.015514,120.212770,門牌
台南市北區民德路85巷12號,23.005337,120.202195,門牌
台南市北區永祥里大武街476巷24號1樓,23.016724,120.219977,門牌
台南市北區福德里育德路599巷39號2樓,23.016288,120.206105,門牌
台南市北區福德里育德路613號1樓,23.016826,120.207084,門牌
台南市北區立人里成功路396號1樓,23.000345,120.199740,門牌
台南市北區臨安路2段143巷17號,23.003406,120.197492,門牌
台南市北區賢北街23巷94號1樓,23.006942,120.181939,門牌
台南市北區賢北里大興街585巷17弄11號1樓,23.007519,120.180863,門牌
台南市北區賢北里賢北街19巷64號1樓,23.006567,120.182250,門牌
台南市北區賢北里賢北街19巷88弄15號1樓,23.006606,120.182004,門牌
台南市北區賢北里賢北街23巷53號1樓,23.006906,120.182276,門牌
台南市北區重興里東豐路307號1、2樓,23.002914,120.223763,門牌
台南市北區重興里東豐路451巷20之10號,23.003012,120.228702,門牌
台南市北區重興里東豐路501號,23.001764,120.228061,門牌
台南市北區長勝路66號2樓,23.010631,120.218825,門牌
台南市北區長榮路4段119巷37號1樓,23.030891,120.238096,路名
台南市北區長興里公園北路156號9樓之18,23.005257,120.207983,門牌
台南市北區開元路68巷42號,23.005018,120.217359,門牌
台南市北區開南街275巷18弄22之1號2樓,23.005711,120.227862,路名
台南市南化區小崙里小崙48之7號,23.052171,120.491404,路名
台南市南區中華南路2段197巷8號2樓,22.960860,120.190297,門牌
台南市南區中華南路2段302巷5弄2號4樓,22.962955,120.187071,門牌
台南市南區中華南路二段106-8號,22.964606,120.197507,路名
台南市南區中華南路二段173號,22.964606,120.197507,路名
台南市南區中華西路1段103號,22.980125,120.184837,門牌
台南市南區中華西路1段310號,22.982960,120.186393,門牌
台南市南區佛壇里灣裡路18鄰722巷53號1樓,22.926472,120.181725,路名
台南市南區佛壇里灣裡路722巷53號3樓,22.919494,120.182922,門牌
台南市南區佛壇里興南街262號,22.920295,120.180183,門牌
台南市南區佛壇里興南街305號1樓,22.919757,120.180040,門牌
台南市南區佛壇里興南街318號,22.919431,120.180294,門牌
台南市南區佛壇里興南街387號1樓,22.918702,120.180884,門牌
台南市南區佛壇里興南街399號1樓,22.918297,120.179856,門牌
台南市南區健康路一段297號,23.031819,120.219238,路名
台南市南區再興里仁慈街104號1樓,22.978706,120.192160,門牌
台南市南區再興里仁慈街84號,22.978695,120.192602,門牌
台南市南區南華里中華南路2段400巷1弄12號,22.962235,120.184245,門牌
台南市南區南都里明興路6號1樓,22.960822,120.188899,門牌
台南市南區同安里明興路1395巷7號,22.921671,120.185019,門牌
台南市南區喜北里喜樹路206巷85號1樓,22.943801,120.177957,門牌
台南市南區喜南里喜樹路302巷15弄6號1樓,22.939100,120.177679,門牌
台南市南區喜東里喜樹路76號,22.945297,120.179697,門牌
台南市南區喜東里明興路321巷12號1樓,22.950900,120.188053,門牌
台南市南區喜東里明興路619巷363弄25號,22.943669,120.187375,門牌
台南市南區國民路567巷1-1號,22.974866,120.215867,路名
台南市南區大忠里大同路2段540號2樓,22.970908,120.214954,門牌
台南市南區大成路二段143巷8號,23.016042,120.259352,路名
台南市南區府南里永成路3段347巷30號1樓,22.970473,120.194724,門牌
台南市南區府南里永成路3段372巷39號1樓,22.968303,120.196416,門牌
台南市南區府南里金華路1段484巷99弄2-50號1樓,22.990680,120.196534,路名
台南市南區廣州里福吉一街24巷7號1樓,22.984532,120.193768,門牌
台南市南區建南里德興路206號1樓,22.960828,120.192536,門牌
台南市南區建南里永成路2段722號,22.964660,120.195286,路名
台南市南區建南里永成路2段827巷12號1樓,22.960342,120.194799,門牌
台南市南區彰南里中華西路1段77號,22.975376,120.183542,門牌
台南市南區彰南里新仁路29號,22.975800,120.179013,門牌
台南市南區彰南里新信路11號,22.972162,120.180230,門牌
台南市南區彰南里新信路13之1號,22.972558,120.178177,門牌
台南市南區彰南里新信路14號,22.973848,120.180910,門牌
台南市南區彰南里新信路20號1樓,22.973785,120.180068,門牌
台南市南區彰南里新信路34號,22.973760,120.177585,門牌
台南市南區彰南里新和一路1巷5號1樓,22.966646,120.182056,門牌
台南市南區彰南里新和路20號,22.968065,120.179392,門牌
台南市南區彰南里新和路40號,22.967730,120.176492,門牌
台南市南區彰南里新孝路200號,22.978515,120.182170,門牌
台南市南區彰南里新平路14號,22.965169,120.180376,門牌
台南市南區彰南里新平路16號,22.965038,120.180065,門牌
台南市南區彰南里新平路3號,22.964278,120.182029,門牌
台南市南區彰南里新愛路12之1號,22.974845,120.180761,路名
台南市南區彰南里新樂路19號,22.975698,120.178416,門牌
台南市南區彰南里新樂路24-3號,22.974666,120.177725,路名
台南市南區彰南里新樂路37號,22.972439,120.177543,門牌
台南市南區彰南里新樂路41之1號,22.974666,120.177725,路名
台南市南區彰南里新樂路5-1號,22.974666,120.177725,路名
台南市南區彰南里新樂路72號,22.968157,120.173624,門牌
台南市南區彰南里新義南路4號,22.969194,120.181683,門牌
台南市南區彰南里新義南路5號,22.968499,120.182402,門牌
台南市南區彰南里新義路10之1號,22.970202,120.179894,路名
台南市南區彰南里新義路19之2號,22.970202,120.179894,路名
台南市南區彰南里新義路22之1號1樓,22.970202,120.179894,路名
台南市南區文南里永南四街15號,22.983969,120.188375,門牌
台南市南區文南里育南街68號1樓,22.983885,120.189328,門牌
台南市南區文華里中華西路一段468號1樓,22.988837,120.185774,路名
台南市南區文華里德南街63號1樓,22.987020,120.188672,門牌
台南市南區新仁路12號,22.976899,120.182118,門牌
台南市南區新信路30號,22.973840,120.178559,門牌
台南市南區新信路6號,22.973918,120.182098,門牌
台南市南區新信路7號,22.972452,120.181158,門牌
台南市南區新信路8號,22.973823,120.181791,門牌
台南市南區新孝路191號1樓,22.977568,120.182936,門牌
台南市南區新平路20號,22.965034,120.179464,門牌
台南市南區新平路25號,22.963785,120.177540,門牌
台南市南區新平路29號,22.963781,120.176037,門牌
台南市南區新平路5號,22.964264,120.181553,門牌
台南市南區新建路47號4樓之5,22.966999,120.185539,門牌
台南市南區新忠路6號,22.980304,120.183737,門牌
台南市南區新昌里國華街1段100巷1之1號,23.002913,120.219952,路名
台南市南區新昌里大德街177巷15號1樓,22.985425,120.195594,門牌
台南市南區新昌里西門路1段613號1樓,22.985358,120.197351,門牌
台南市南區新樂路42之1號,22.974666,120.177725,路名
台南市南區新樂路53號,22.969392,120.176066,門牌
台南市南區新樂路72之2號,22.974666,120.177725,路名
台南市南區新樂路76號,22.967670,120.174124,門牌
台南市南區新義南路50號,22.968706,120.175885,門牌
台南市南區新義南路52號,22.968502,120.175634,門牌
台南市南區新義路12號,22.970987,120.180084,門牌
台南市南區新義路31號,22.969739,120.178159,門牌
台南市南區明亮里新都路522號1樓,22.967270,120.191831,門牌
台南市南區明興路651號1樓,22.938872,120.181148,門牌
台南市南區明興路681巷52弄18號1樓,22.937793,120.181279,門牌
台南市南區明興里金華路1段154巷11號1樓（僅供辦公室使用）,22.965149,120.190361,門牌
台南市南區松安里興南街252巷58號2樓,22.922245,120.180136,門牌
台南市南區永南二街13號,22.982799,120.188347,門牌
台南市南區永成路3段409號,22.971819,120.195268,門牌
台南市南區灣裡路62巷34號1樓,22.933520,120.178241,門牌
台南市南區灣裡路88巷139弄4號2樓,22.927869,120.180045,門牌
台南市南區田寮里新興路267巷4號1樓,22.976057,120.192604,門牌
台南市南區省躬里灣裡路62巷10號1樓,22.933663,120.178704,門牌
台南市南區省躬里灣裡路92號1樓,22.931059,120.180749,門牌
台南市南區省躬里萬年五街400巷38弄55號1樓,22.930682,120.189029,路名
台南市南區省躬里萬年路68號,22.933674,120.183535,門牌
台南市南區興南街453、454號,22.921227,120.181360,路名
台南市南區興隆路9號1樓,22.958732,120.195123,門牌
台南市南區郡南里永成路3段118號1樓,22.964753,120.195697,門牌
台南市南區金華路一段352巷42號1樓,22.990680,120.196534,路名
台南市南區金華里中華西路一段134號1樓,22.988837,120.185774,路名
台南市南區金華里健康路2段375號1樓,22.981791,120.187180,門牌
台南市南區金華里惠南街133號1樓,22.981232,120.187571,門牌
台南市南區鯤鯓里鯤鯓路119巷8號1樓,22.958813,120.170792,門牌
台南市南區鯤鯓里鯤鯓路208巷1號,22.962177,120.169841,門牌
台南市南區鯤鯓里鯤鯓路77之6號1樓,22.960504,120.171713,路名
台南市南區鹽埕里塩埕路103巷40號1樓,22.965936,120.187975,門牌
台南市善化區光文路19號,23.135116,120.304262,門牌
台南市善化區光文里光華路56號1樓,23.134416,120.303260,門牌
台南市善化區光文里北子店611號,23.142986,120.311149,門牌
台南市善化區光文里建業路190巷55號1樓,23.140896,120.304990,門牌
台南市善化區光華路82號,23.166542,120.319841,路名
台南市善化區六德里六分寮305之1號,23.153354,120.302315,路名
台南市善化區南科九路12號,23.118791,120.275018,門牌
台南市善化區南科九路16號,23.118589,120.274100,門牌
台南市善化區南科八路1號,23.118293,120.281733,門牌
台南市善化區南關里光復路428號1樓,23.128818,120.286188,門牌
台南市善化區南關里文昌路52之2號1樓,23.140492,120.282043,路名
台南市善化區南關里木柵港西路13號,23.105400,120.257524,門牌
台南市善化區嘉北里茄拔271-26號3樓,23.137972,120.326721,路名
台南市善化區坐駕里和平路29號,22.954190,120.334116,門牌
台南市善化區小新營394號,23.111003,120.319103,門牌
台南市善化區小新里小新營111之31號1樓,23.124819,120.317191,路名
台南市善化區小新里小新營324號,23.124566,120.319229,門牌
台南市善化區小新里小新營392號,23.113100,120.319363,門牌
台南市善化區小新里小新營420號1樓,23.108507,120.319264,門牌
台南市善化區小新里成功新村47號2樓,23.128295,120.321130,門牌
台南市善化區小新里成功路389號,23.000583,120.198038,門牌
台南市善化區小新里成功路3巷36弄12號1樓,23.126197,120.317290,門牌
台南市善化區小新里苗圃巷1號,23.110851,120.320581,門牌
台南市善化區建業路56號,23.138014,120.305662,門牌
台南市善化區成功路427號,22.965027,120.327655,門牌
台南市善化區文昌里中正路196-1號,23.091570,120.296345,路名
台南市善化區文昌里中正路223巷55號1樓,23.123530,120.291814,門牌
台南市善化區文昌里大同路217號1樓,23.128701,120.291406,門牌
台南市善化區文正里興農路78號1樓,23.132767,120.281343,門牌
台南市善化區文正里陽明路81號,23.134200,120.281985,門牌
台南市善化區東勢寮223號1樓,23.153420,120.315513,門牌
台南市善化區東勢寮231號1樓,23.153262,120.314561,門牌
台南市善化區東勢寮2之1號1樓,23.154332,120.298530,路名
台南市善化區東關里中和街30-3號1樓,23.073455,120.199758,路名
台南市善化區東關里進學路30號,23.133351,120.290218,門牌
台南市善化區民生路187號1樓,23.130874,120.301192,門牌
台南市善化區溪美里溪尾113-8號,23.149610,120.286910,路名
台南市善化區牛庄里牛庄16之62號1樓,23.141849,120.316193,路名
台南市善化區牛庄里牛庄27之35號,23.141849,120.316193,路名
台南市善化區環東路2段26號,23.118830,120.278673,門牌
台南市善化區田寮里12鄰六分寮136之3號1樓,23.153354,120.302315,路名
台南市善化區胡厝里南科北路47號,23.128317,120.272963,門牌
台南市善化區胡厝里西衛1之9號,23.134777,120.261489,路名
台南市善化區胡家里胡厝寮119之2號,23.144963,120.270952,路名
台南市善化區胡家里胡厝寮31號1樓,23.144194,120.271988,門牌
台南市善化區胡家里胡厝寮358號1樓,23.143880,120.271379,門牌
台南市善化區興農路188巷28號,23.133614,120.276455,門牌
台南市善化區西關里興農路233號,23.131553,120.275604,門牌
台南市善化區頂街里光復路642號2樓,23.132777,120.284948,門牌
台南市善化區頂街里興農路69巷31弄17號,23.131735,120.275840,路名
台南市大內區內江里內庄244號,23.117106,120.362302,門牌
台南市學甲區三慶里新芳2之16號1樓,23.278016,120.186729,路名
台南市學甲區中洲里中洲15之18號,23.040097,120.214571,路名
台南市學甲區中洲里中洲15號之20,23.243221,120.160989,門牌
台南市學甲區中洲里中洲358之8號,23.040097,120.214571,路名
台南市學甲區仁得里10鄰中正路100號,22.992552,120.200315,門牌
台南市學甲區仁得里信義路8號,23.226260,120.175612,門牌
台南市學甲區仁得里民權路61之1號,23.306151,120.312346,門牌
台南市學甲區仁得里濟生路113號,23.232597,120.181286,門牌
台南市學甲區光華里頭港子1號,23.252897,120.152310,門牌
台南市學甲區大灣里大灣40之30號1樓,23.210106,120.187045,路名
台南市學甲區平和里學甲寮20號,23.261420,120.216095,門牌
台南市學甲區慈福里華宗路342號,23.231573,120.182561,門牌
台南市學甲區新榮里華宗路121之1號1樓,23.230116,120.183233,路名
台南市學甲區新達里12鄰興業路397號,23.142800,120.257341,路名
台南市學甲區新達里大順路106號,23.239689,120.192365,門牌
台南市學甲區新達里大順路121號,23.242198,120.189467,門牌
台南市學甲區新達里興業路188號,23.242976,120.191289,門牌
台南市學甲區新達里頂山寮1號之36,23.237595,120.194746,門牌
台南市學甲區新達里頂山寮61之5號,23.239485,120.194887,路名
台南市學甲區明宜里天水路13號,23.235901,120.179861,門牌
台南市學甲區秀昌里15鄰下溪洲16之190號,23.239485,120.172032,路名
台南市學甲區秀昌里5鄰一秀155號,23.261267,120.168560,門牌
台南市學甲區秀昌里一秀166號1樓,23.241423,120.175759,門牌
台南市學甲區興業路99號,23.242195,120.192470,門牌
台南市學甲區華宗路71號,23.221237,120.183517,門牌
台南市安南區佃東里公學路3段436號1樓,23.068722,120.181708,門牌
台南市安南區佃東里公學路4段122巷85弄46號1樓,23.070606,120.175732,門牌
台南市安南區佃東里公學路三段357號,23.072496,120.174159,路名
台南市安南區佃東里十二佃路220號2樓,23.068893,120.173658,門牌
台南市安南區佃西里十二佃路201號1樓,23.068614,120.173750,門牌
台南市安南區佃西里海佃路4段388巷67弄3號1樓,23.065181,120.175982,門牌
台南市安南區公學路4段380號1樓,23.064977,120.171854,門牌
台南市安南區北安路3段299號之9,23.046161,120.206897,門牌
台南市安南區南興里安興街381巷28弄10號1樓,23.070018,120.157054,門牌
台南市安南區原佃里安吉路1段290巷38弄39號1樓,23.046564,120.189908,門牌
台南市安南區原佃里本原街1段75巷32弄16號1樓,23.053634,120.185584,路名
台南市安南區四草里北汕尾一路296號,23.015538,120.126475,門牌
台南市安南區國安里郡安路6段353巷3號1樓,23.027782,120.197889,路名
台南市安南區城南里城西街2段181巷50弄116之5號1樓,23.058579,120.117527,路名
台南市安南區城安東街51巷1號1樓,23.065008,120.129129,門牌
台南市安南區城東里城北路138巷90號1樓,23.064853,120.133519,門牌
台南市安南區塩田里工業一路18號,23.042294,120.154481,門牌
台南市安南區塩田里工業三路18號,23.033813,120.154763,門牌
台南市安南區塩田里工業三路25號,23.038113,120.149158,路名
台南市安南區大安里大安街138巷8號,23.032629,120.193305,門牌
台南市安南區大安里大安街194巷34號1樓,23.033471,120.194599,門牌
台南市安南區大安里義安街100巷1號1樓,23.032335,120.194946,門牌
台南市安南區大安里義安街70巷1號,23.031679,120.194479,門牌
台南市安南區媽祖宮里工業一路68號1樓,23.047323,120.148519,門牌
台南市安南區媽祖宮里工業一路72號1樓,23.046776,120.148090,門牌
台南市安南區媽祖宮里工業五路22號,23.041537,120.140857,門牌
台南市安南區學東里公學路7段38巷17號1樓,23.072496,120.174159,路名
台南市安南區安中路1段130巷17號,23.036367,120.208819,門牌
台南市安南區安中路1段560巷7弄16號,23.041298,120.199791,門牌
台南市安南區安中路4段225巷100號1樓,23.049956,120.166342,門牌
台南市安南區安吉路2段62-2號,23.051810,120.189456,路名
台南市安南區安和路2段318巷125弄22號,23.044159,120.220813,門牌
台南市安南區安和路4段36巷173號,23.051892,120.223412,門牌
台南市安南區安和路一段220巷58號,23.047113,120.216005,路名
台南市安南區安和路二段54巷223號,23.047113,120.216005,路名
台南市安南區安和路四段533巷19號1樓,23.047113,120.216005,路名
台南市安南區安和里安和路1段96巷12號1樓,23.028107,120.215101,門牌
台南市安南區安和里安和路1段96巷32弄1號1樓,23.028594,120.215369,門牌
台南市安南區安和里府安路三段311巷30號,23.022535,120.197590,路名
台南市安南區安和里郡安路3段236巷17弄9號1樓,23.030531,120.217034,門牌
台南市安南區安和里郡安路3段236巷21弄12號1樓,23.030473,120.217334,門牌
台南市安南區安富里安富街199巷4弄13號1樓,23.025912,120.196538,門牌
台南市安南區安富里安富街213號1樓,23.026640,120.196682,門牌
台南市安南區安富里安富街311號1樓,23.026112,120.194067,門牌
台南市安南區安富里府安路5段223巷65號1樓（僅供辦公室使用）,23.023900,120.194633,門牌
台南市安南區安富里郡安路5段184巷80弄36號1樓,23.027326,120.193933,門牌
台南市安南區安富里郡安路5段184巷94弄7號1樓,23.027006,120.194838,門牌
台南市安南區安富里郡安路5段192巷36號1樓,23.029061,120.192956,門牌
台南市安南區安慶里培安路388巷20號1樓,23.038684,120.212145,門牌
台南市安南區安慶里怡安路1段328巷17號1樓,23.042653,120.208148,門牌
台南市安南區安明路4段100號,23.055922,120.137737,門牌
台南市安南區安東里安和路1段220巷76弄9號1樓,23.031677,120.214961,門牌
台南市安南區安東里安和路2段150巷53號,23.039968,120.216750,門牌
台南市安南區安東里安和路2段54巷121號,23.036866,120.216966,門牌
台南市安南區安東里安和路2段54巷239號,23.035191,120.217165,門牌
台南市安南區安東里安和路2段54巷71號,23.037420,120.216171,門牌
台南市安南區安東里安和路2段54巷81號,23.037288,120.216505,門牌
台南市安南區安東里安通路2段52號,23.035561,120.215627,門牌
台南市安南區安東里安通路2段56號,23.034667,120.218254,門牌
台南市安南區安興街381巷28弄10號1樓,23.070018,120.157054,門牌
台南市安南區安西里安和路1段223號1樓,23.031204,120.212625,門牌
台南市安南區安西里安通路4段110號2樓,23.029386,120.207441,門牌
台南市安南區安西里安通路4段38號,23.029221,120.211678,門牌
台南市安南區安西里安通路4段47巷23弄29號,23.030235,120.207148,路名
台南市安南區安通路二段8號,23.030235,120.207148,路名
台南市安南區安順里培安四街19號1樓,23.048333,120.214070,門牌
台南市安南區安順里安和路3段190巷67號,23.048118,120.219917,門牌
台南市安南區安順里安和路4段36巷2弄10號,23.047113,120.216005,路名
台南市安南區安順里安和路4段55號,23.051859,120.218681,門牌
台南市安南區安順里安和路四段30號,23.047113,120.216005,路名
台南市安南區安順里安和路四段36巷80號,23.047113,120.216005,路名
台南市安南區安順里育安街242號,23.050284,120.215429,門牌
台南市安南區安順里開安二街63號1樓,23.046693,120.226497,門牌
台南市安南區安順里開安四街32號,23.047904,120.226617,門牌
台南市安南區安順里開安四街42號,23.047425,120.226770,門牌
台南市安南區安順里開安路201號,23.051089,120.225001,門牌
台南市安南區州南里北安路4段171號,23.061551,120.213863,門牌
台南市安南區州南里北安路四段175巷30-10號,23.034662,120.208417,路名
台南市安南區州南里大聖路188號1樓,23.056746,120.220705,門牌
台南市安南區州南里安和路4段274巷58號,23.056453,120.220035,門牌
台南市安南區州南里安和路4段533巷85弄21號1樓,23.060287,120.217289,門牌
台南市安南區州南里安和路5段54號1樓,23.064315,120.218784,門牌
台南市安南區州南里安和路四段537巷37弄8號1樓,23.047113,120.216005,路名
台南市安南區州南里州南一街177號1樓,23.056482,120.217147,路名
台南市安南區工明南一路58號,23.059715,120.207808,門牌
台南市安南區工明南三路160號,23.057828,120.207704,門牌
台南市安南區工明南二路96號,23.059437,120.205275,門牌
台南市安南區工業一路60號,23.045313,120.150349,門牌
台南市安南區工業一路85號,23.044036,120.151088,路名
台南市安南區工業七路26號,23.037342,120.134240,門牌
台南市安南區工業三路11號,23.038113,120.149158,路名
台南市安南區工業三路1號,23.030822,120.158343,門牌
台南市安南區工業三路52號,23.038403,120.149365,門牌
台南市安南區工業三路60號,23.039631,120.147759,門牌
台南市安南區工業三路66號,23.040171,120.147226,門牌
台南市安南區工業三路78號,23.041112,120.145564,門牌
台南市安南區工業三路7號,23.031299,120.156500,門牌
台南市安南區工業三路8號,23.032597,120.155755,門牌
台南市安南區工業二路31號,23.033611,120.158488,門牌
台南市安南區工業二路57號,23.041376,120.150216,門牌
台南市安南區工業二路59號,23.041748,120.149590,門牌
台南市安南區工業二路82號,23.042225,120.150170,門牌
台南市安南區工業五路13號,23.037480,120.145552,門牌
台南市安南區工業五路30號1樓,23.042033,120.140226,門牌
台南市安南區工業六路38號,23.040132,120.136902,門牌
台南市安南區工環路8號,23.036335,120.158506,路名
台南市安南區布袋里工明南一路106號,23.060501,120.204962,門牌
台南市安南區布袋里工明南一路1號,23.058921,120.209761,門牌
台南市安南區布袋里工明南一路55號,23.059394,120.208143,門牌
台南市安南區布袋里工明南一路57號,23.059424,120.208067,門牌
台南市安南區布袋里工明路175號,23.061056,120.206813,門牌
台南市安南區布袋里工明路201號,23.061336,120.206037,門牌
台南市安南區布袋里工明路97號,23.060340,120.208162,門牌
台南市安南區布袋里長和路4段219號1樓,23.063095,120.217708,路名
台南市安南區布袋里長和路4段51號,23.063913,120.210555,門牌
台南市安南區布袋里長和路四段160巷5弄58號1樓,23.063095,120.217708,路名
台南市安南區布袋里長和路四段256巷12弄1號,23.063095,120.217708,路名
台南市安南區府安路3段302號,23.028905,120.218304,門牌
台南市安南區怡安路2段59巷1號,23.042709,120.202803,門牌
台南市安南區政安路25號1樓,23.041811,120.217259,門牌
台南市安南區政安路56號,23.041519,120.218500,路名
台南市安南區新順里13鄰永安路108號,23.043829,120.222839,門牌
台南市安南區新順里北安路3段753之3號,23.034662,120.208417,路名
台南市安南區新順里培安路27號1樓,23.047921,120.211836,門牌
台南市安南區新順里安和路2段300巷3號1樓,23.042932,120.216895,門牌
台南市安南區新順里安和路2段318巷63號,23.043317,120.218436,門牌
台南市安南區新順里安和路二段228號,23.047113,120.216005,路名
台南市安南區新順里安豐六街10巷3號1樓,23.046619,120.212522,門牌
台南市安南區新順里安豐六街10巷63號1樓,23.044881,120.212258,門牌
台南市安南區新順里安豐六街10巷71弄26號1樓,23.044506,120.212792,門牌
台南市安南區新順里安通路2段3號,23.045008,120.225399,門牌
台南市安南區新順里慶安路170號2樓,23.097978,120.203546,路名
台南市安南區新順里政安路58號,23.041138,120.218133,門牌
台南市安南區新順里永安路55號,23.044841,120.221269,門牌
台南市安南區新順里開安一街8巷15弄13號,23.046186,120.224257,門牌
台南市安南區新順里開安一街8巷15弄19號,23.045944,120.224762,門牌
台南市安南區新順里開安路32巷11號,23.045703,120.223485,門牌
台南市安南區新順里開安路49號,23.046710,120.222539,門牌
台南市安南區新順里頂安街51號,23.043687,120.214899,門牌
台南市安南區智安四街105巷27號1樓,23.052376,120.181551,路名
台南市安南區智安四街105巷8號2樓,23.052944,120.180157,門牌
台南市安南區本原街2段106巷150號,23.058296,120.191401,門牌
台南市安南區本原街一段82號1樓,23.053634,120.185584,路名
台南市安南區本田路二段391號,23.044452,120.163935,路名
台南市安南區東和里長和路1段217巷215弄56號1樓,23.049811,120.231022,門牌
台南市安南區東和里長和路1段823巷381號,23.056664,120.227083,門牌
台南市安南區東和里長和路1段845巷11號,23.062357,120.227375,門牌
台南市安南區梅花里安中路1段619巷90之1號1樓,23.046793,120.181748,路名
台南市安南區梅花里安中路1段727號1樓,23.043207,120.194931,門牌
台南市安南區永安路89巷9號,23.044342,120.224231,門牌
台南市安南區海佃路1段95巷25號1樓,23.021772,120.190953,門牌
台南市安南區海佃路2段725巷60號1樓,23.039065,120.186937,路名
台南市安南區海佃路4段55巷91號,23.053749,120.175142,門牌
台南市安南區海佃里國安街156巷58弄10號,23.023617,120.187908,門牌
台南市安南區海佃里國安街56巷121弄21、23號,23.023922,120.187889,路名
台南市安南區海佃里國安街56巷131弄17號1樓,23.026096,120.189092,門牌
台南市安南區海南里府安路七段84巷25號1樓,23.022535,120.197590,路名
台南市安南區海東里海中街130巷87號1樓,23.042646,120.185789,門牌
台南市安南區海東里海佃路2段265巷30弄2號,23.037118,120.187215,門牌
台南市安南區海東里海佃路2段417巷5號,23.040249,120.187162,門牌
台南市安南區海東里海佃路2段509巷16號1樓,23.042326,120.186387,門牌
台南市安南區海東里海環街55號1樓,23.038822,120.186563,門牌
台南市安南區海西里海環街437巷261號,23.039905,120.183423,路名
台南市安南區淵中里安中路4段119巷7號1樓,23.048672,120.171356,門牌
台南市安南區淵中里安中路4段197巷48弄13號1樓,23.049250,120.167458,門牌
台南市安南區淵中里本田路3段423號,23.046847,120.167288,門牌
台南市安南區淵東里仁安路83巷8號,23.050946,120.176787,門牌
台南市安南區淵東里仁安路83號,23.051021,120.177836,路名
台南市安南區淵東里智安一街18巷3號1樓,23.049346,120.177260,門牌
台南市安南區淵東里本原街3段234巷106弄118號1樓,23.055885,120.174617,門牌
台南市安南區淵東里海佃路4段1號2樓,23.053624,120.178106,門牌
台南市安南區淵東里海佃路4段311號,23.061639,120.176124,門牌
台南市安南區淵東里海佃路4段55巷11號2樓,23.054687,120.177048,門牌
台南市安南區淵東里海佃路4段55巷18弄2號1樓,23.055151,120.176929,門牌
台南市安南區淵東里海佃路4段98號,23.055766,120.177268,門牌
台南市安南區淵西里安中路4段290巷27弄10號1樓,23.051828,120.166521,門牌
台南市安南區淵西里安中路4段320巷97弄28號1樓,23.053811,120.167263,門牌
台南市安南區溪北里安和路1段15巷2號,23.026158,120.215027,門牌
台南市安南區溪北里海佃路4段55巷33號1樓????,23.054433,120.176316,門牌
台南市安南區溪心里11鄰安吉路1段759號,23.054074,120.189865,門牌
台南市安南區溪心里仁安一街120巷2號1樓,23.052603,120.178408,路名
台南市安南區溪心里安中路2段138巷39弄42號2樓,23.047597,120.187310,門牌
台南市安南區溪心里安中路二段336巷67號,23.046793,120.181748,路名
台南市安南區溪心里安吉路1段601巷90弄72號1樓,23.051752,120.187842,門牌
台南市安南區溪心里本原街2段106巷23弄22號,23.057264,120.187532,門牌
台南市安南區溪心里本原街2段50巷3弄3號1樓,23.056684,120.189720,門牌
台南市安南區溪心里本原街二段116巷39弄6號1樓,23.053634,120.185584,路名
台南市安南區溪心里海佃路3段310號2樓（僅供辦公室使用）,23.052922,120.179143,門牌
台南市安南區溪心里海環街715巷27弄12號1樓,23.043671,120.184602,門牌
台南市安南區溪心里海環街715巷43號1樓,23.044196,120.184708,門牌
台南市安南區溪心里海環街715巷43號2樓,23.044196,120.184708,門牌
台南市安南區溪頂里府安路4段176巷1號1樓,23.024849,120.206849,門牌
台南市安南區溪頂里郡安路四段124號1樓,23.027782,120.197889,路名
台南市安南區理想里海佃路二段342巷21弄98號,23.039065,120.186937,路名
台南市安南區科技一路28號,23.039565,120.149271,門牌
台南市安南區科技一路50號,23.039056,120.148839,門牌
台南市安南區科技二路50號,23.035903,120.141097,門牌
台南市安南區科技五路19號,23.047344,120.144199,門牌
台南市安南區科技五路23號,23.046120,120.143084,門牌
台南市安南區科技五路59號,23.042267,120.139936,門牌
台南市安南區科技五路68號1樓,23.040061,120.137221,門牌
台南市安南區總頭里長溪路2段283號,23.048111,120.203075,門牌
台南市安南區總頭里長溪路2段570巷15號1樓,23.055385,120.202622,門牌
台南市安南區郡安路6段188號,23.027782,120.197889,路名
台南市安南區郡安路七段188號,23.027782,120.197889,路名
台南市安南區長和路1段178號,23.063095,120.217708,路名
台南市安南區長和路一段509號1樓,23.063095,120.217708,路名
台南市安南區長安里公學路2段123巷25號2樓,23.072496,120.174159,路名
台南市安南區長安里公學路2段63巷2弄21號1樓,23.071018,120.197690,門牌
台南市安南區長溪路1段341巷6弄30號1樓,23.039090,120.205984,門牌
台南市安南區開安五街15號,23.049345,120.226421,門牌
台南市安南區開安五街3號,23.049847,120.225440,門牌
台南市安南區頂安街377巷6弄8號,23.043592,120.210258,門牌
台南市安南區頂安里北安路3段396巷16弄1號1樓,23.045583,120.208322,門牌
台南市安南區頂安里北安路3段396巷50弄37號2樓（僅供辦公室使用）,23.044912,120.208527,門牌
台南市安南區頂安里安中一街77巷2號,23.036385,120.205151,門牌
台南市安南區頂安里怡安路1段406號1樓,23.042262,120.206661,門牌
台南市安南區頂安里長溪路1段455號,23.040482,120.204678,門牌
台南市安南區顯宮里工業七路29號一樓,23.036548,120.134235,門牌
台南市安南區顯宮里工業七路31號,23.036636,120.133732,門牌
台南市安南區顯宮里工業八路26號,23.033805,120.137770,路名
台南市安南區顯宮里科技五路1號,23.038811,120.138417,路名
台南市安南區鹽田里工業二路26號,23.035755,120.158128,門牌
台南市安南區鹽田里科技一路1號,23.043459,120.153551,門牌
台南市安南區鹿耳里北汕尾二路800巷9弄4號1樓,23.036052,120.128788,門牌
台南市安南區󻕯南里長和路2段12巷299弄46號1樓,23.063095,120.217708,路名
台南市安定區中榮里許中營24之10號,23.090639,120.246191,門牌
台南市安定區中榮里許中營86之8號1樓,23.096499,120.240214,門牌
台南市安定區中沙里中崙125之9號,23.077958,120.210300,門牌
台南市安定區中沙里中崙158號,23.074572,120.208548,門牌
台南市安定區中沙里中崙160號,23.076108,120.210490,門牌
台南市安定區中沙里中崙168之1號,23.074323,120.208462,門牌
台南市安定區中沙里中崙175號,23.076528,120.210194,門牌
台南市安定區中沙里沙崙26之9號,23.071933,120.208141,門牌
台南市安定區中沙里沙崙27號,23.073084,120.210588,門牌
台南市安定區中沙里沙崙28之2號,22.994924,120.270752,路名
台南市安定區中沙里沙崙35號,23.075452,120.212866,門牌
台南市安定區中沙里沙崙37號,23.073877,120.212785,門牌
台南市安定區中沙里沙崙39號,23.073682,120.211938,門牌
台南市安定區中沙里沙崙47之2號,23.072528,120.207861,門牌
台南市安定區嘉同里牛肉寮65之41號,23.079620,120.229578,門牌
台南市安定區大同里大同12-2號一樓,23.084418,120.222884,路名
台南市安定區安加里安定258-21號,23.118961,120.237532,路名
台南市安定區安加里安定258之103號1樓,23.118961,120.237532,路名
台南市安定區安加里安定258之21號,23.110866,120.238344,門牌
台南市安定區安加里安定258之26號,23.110442,120.237113,門牌
台南市安定區安加里安定258之27號,23.110328,120.236837,門牌
台南市安定區安加里安定258之90號,23.112198,120.235675,門牌
台南市安定區安定258之77號,23.112753,120.237032,門牌
台南市安定區文科里油車62-21號,23.140967,120.280646,路名
台南市安定區文科里油車62之20號,23.097104,120.219879,門牌
台南市安定區文科里油車6之30號1樓,23.105565,120.226290,門牌
台南市安定區新吉里新吉12之2號1樓,23.087445,120.213218,門牌
台南市安定區新吉里新吉19之46號1樓,23.087952,120.216759,門牌
台南市安定區海寮里海寮112號,23.096908,120.210630,門牌
台南市安定區海寮里海寮132之38號,23.098572,120.209810,門牌
台南市安定區海寮里海寮137之3號,23.099418,120.209916,門牌
台南市安定區海寮里海寮137號之12,23.099070,120.210327,門牌
台南市安定區海寮里海寮158號,23.098581,120.211792,門牌
台南市安定區海寮里海寮172之6號1樓,23.101222,120.211997,門牌
台南市安定區港南里港口140之33號,23.090766,120.232744,路名
台南市安定區港南里港口148號1樓,23.090660,120.233565,門牌
台南市安定區港南里港口1之37號1樓,23.086021,120.226415,門牌
台南市安定區港南里港口67號,23.089258,120.232964,門牌
台南市安定區港口里港口251之15號1樓,23.090766,120.232744,路名
台南市安定區港口里港口364之16號2樓,23.093855,120.234216,門牌
台南市安定區港尾里港子尾15號之9,23.105584,120.235100,門牌
台南市安定區港尾里港子尾1之25號,23.106922,120.233139,門牌
台南市安定區港尾里港子尾32之2號1樓,23.119527,120.229940,路名
台南市安定區港尾里港子尾33號1樓,23.104239,120.234937,門牌
台南市安定區港尾里港子尾64-8號,23.119527,120.229940,路名
台南市安定區蘇厝里蘇厝329之15號1樓,23.128377,120.251557,路名
台南市安定區蘇林里蘇厝201之2號1樓,23.130165,120.251897,門牌
台南市安平區中華西路2段21號4樓之3,22.987061,120.186424,門牌
台南市安平區億載里9鄰平豐路43巷28號1樓,22.986221,120.163526,門牌
台南市安平區億載里永華路2段1328號1樓,23.001211,120.223623,路名
台南市安平區光州七街109號3樓,22.992838,120.161625,路名
台南市安平區光州七街8號1樓,22.992838,120.161625,路名
台南市安平區國平路591巷7號,22.996383,120.171521,門牌
台南市安平區國平里健康三街140號5樓之1,22.987417,120.168517,門牌
台南市安平區國平里健康路3段335號9樓之6,23.031819,120.219238,路名
台南市安平區國平里建平一街235號1樓,22.984354,120.175786,門牌
台南市安平區國平里建平七街453巷51號1樓,22.988041,120.175300,門牌
台南市安平區國平里建平三街216巷10號1樓,22.986265,120.175047,門牌
台南市安平區國平里建平五街157號1樓,22.987761,120.177338,門牌
台南市安平區國平里建平五街184巷2號1樓,22.988062,120.176676,門牌
台南市安平區國平里新港路2段775號2樓,22.973975,120.174726,路名
台南市安平區國平里新港路2段7號,22.973975,120.174726,路名
台南市安平區天妃里安北路40巷39號1樓,23.001410,120.167435,門牌
台南市安平區安北路117號,23.002420,120.163510,門牌
台南市安平區平安里安平路408、408-1、408-2、408-3號1樓,22.999221,120.170584,路名
台南市安平區平通里慶平路573號19樓,22.997515,120.169742,門牌
台南市安平區平通里永華路2段816號3樓,22.991603,120.168832,門牌
台南市安平區建平一街202巷3弄2號3樓,22.985417,120.176640,門牌
台南市安平區建平七街282號2樓,22.988994,120.179284,門牌
台南市安平區建平五街247號,22.988487,120.175654,門牌
台南市安平區建平十一街164巷28號1樓,22.995745,120.180670,門牌
台南市安平區建平十七街65號3樓,22.997413,120.181469,門牌
台南市安平區建平十二街111號1樓,22.995391,120.178596,門牌
台南市安平區建平里中華西路2段317號6樓,22.992922,120.186629,門牌
台南市安平區建平里中華西路二段491號,22.988837,120.185774,路名
台南市安平區建平里府前四街100號1樓,22.995210,120.185208,門牌
台南市安平區建平里建平九街60巷13弄16號5樓,22.991666,120.180365,門牌
台南市安平區建平里建平十一街11號1樓,22.994134,120.184404,門牌
台南市安平區建平里建平十一街120號1樓,22.994772,120.181619,門牌
台南市安平區建平里建平十街35號,22.993753,120.184262,門牌
台南市安平區建平里慶平路139號1樓,22.997031,120.176515,路名
台南市安平區建平里慶平路166號4樓之1,22.997209,120.180065,門牌
台南市安平區建平里永華路2段248號11樓之3,22.990219,120.179999,門牌
台南市安平區建平里永華路2段248號20樓之5,22.990219,120.179999,門牌
台南市安平區怡平里華平路458號,22.992083,120.175326,門牌
台南市安平區怡平里華平路686號1樓,22.996542,120.176018,門牌
台南市安平區慶平路191號2樓,22.996827,120.178898,門牌
台南市安平區慶平路507之3號10樓之2,22.997031,120.176515,路名
台南市安平區慶平路571號16樓,22.997496,120.169850,門牌
台南市安平區文平里健康一街57巷26號1樓,22.984664,120.179321,門牌
台南市安平區文平里健康一街71巷53號,22.984883,120.178825,門牌
台南市安平區文平里建平七街182巷26號2樓,22.989192,120.181631,門牌
台南市安平區文平里建平七街202號1樓,22.988792,120.181125,門牌
台南市安平區文平里建平三街62巷14號4樓之4,22.985797,120.182565,門牌
台南市安平區文平里建平五街9號1樓,22.987290,120.181659,門牌
台南市安平區民權路4段427號,22.999433,120.174160,門牌
台南市安平區永華三街333號8樓之1,22.997336,120.182222,門牌
台南市安平區永華二街39號2樓,22.985774,120.183991,門牌
台南市安平區永華路2段248號20樓之4,22.990219,120.179999,門牌
台南市安平區永華路2段768號2樓之1,22.991400,120.170649,門牌
台南市安平區永華路2段800號27樓,23.001211,120.223623,路名
台南市安平區永華路2段816號2樓,22.991603,120.168832,門牌
台南市安平區永華路二段250號3樓之17,23.010173,120.259625,門牌
台南市安平區永華路二段768號20樓之2,23.001211,120.223623,路名
台南市安平區王城里安北路152巷10號1樓,23.003596,120.161277,門牌
台南市安平區育平九街372巷33弄23號1樓,22.993874,120.166270,門牌
台南市安平區育平里健康三街107巷17號2樓,22.987549,120.167910,門牌
台南市安平區育平里光州二街142號2樓,22.986738,120.165090,門牌
台南市安平區育平里建平七街845號1樓,22.990465,120.165605,門牌
台南市安平區育平里永華路2段819號6樓之5,22.990885,120.168528,門牌
台南市安平區育平里育平二街109號1樓,22.985898,120.166949,門牌
台南市安平區育平里育平二街140號1樓,22.985935,120.167598,門牌
台南市安平區育平里育平二街61號2樓,22.985518,120.169097,門牌
台南市安平區育平里育平五街70號23樓之7,22.991100,120.167499,門牌
台南市安平區育平里育平五街77號13樓之2,22.990613,120.167489,門牌
台南市安平區育平里育平路212號15樓之28,22.989983,120.167895,門牌
台南市安平區華平里永華八街179號1樓,22.992568,120.172323,門牌
台南市安平區西門里國勝路35巷13號1樓,23.001253,120.159143,門牌
台南市安平區郡平路363號1樓,22.989413,120.162070,門牌
台南市安平區金城里世平一街8巷30號1樓,22.995955,120.151317,門牌
台南市安平區金城里湖內一街52號1樓,22.997809,120.158704,門牌
台南市官田區二鎮里1鄰鎮中路1號,23.210385,120.326286,門牌
台南市官田區二鎮里二鎮79號1樓,23.216318,120.330250,門牌
台南市官田區二鎮里實踐街9號,23.015277,120.216755,門牌
台南市官田區二鎮里工業西路77號,23.218187,120.321062,門牌
台南市官田區二鎮里工業路18號,23.206780,120.322017,門牌
台南市官田區二鎮里工業路20號,23.207774,120.322463,門牌
台南市官田區二鎮里工業路31號,23.212845,120.323508,門牌
台南市官田區二鎮里工業路54號,23.218863,120.322338,門牌
台南市官田區二鎮里工業路7號,23.204608,120.322310,門牌
台南市官田區二鎮里工業路9號,23.206547,120.323045,門牌
台南市官田區二鎮里工社西街21巷147號1樓,23.220201,120.329181,門牌
台南市官田區二鎮里建業路17號,23.210152,120.330027,門牌
台南市官田區二鎮里建業路29、33號,23.286112,120.301698,路名
台南市官田區二鎮里建業路41號,23.209979,120.325195,門牌
台南市官田區二鎮里建業路7號,23.207773,120.330185,門牌
台南市官田區二鎮里成功街43號,23.074934,120.292024,門牌
台南市官田區二鎮里成功街47號,23.208968,120.331579,門牌
台南市官田區南廍79之27號,23.213853,120.305644,路名
台南市官田區南廍里三結義16號,23.212941,120.316698,門牌
台南市官田區南廍里三結義40之2號,23.210889,120.315442,路名
台南市官田區南廍里南廍119-5號,23.213853,120.305644,路名
台南市官田區南廍里南廍120號,23.223283,120.308001,門牌
台南市官田區南廍里南廍120號之8,23.223283,120.308001,門牌
台南市官田區南廍里南廍123號,23.224991,120.309467,門牌
台南市官田區官田里官田21之3號,23.185669,120.339021,路名
台南市官田區官田里官田421號2樓,23.192583,120.331289,門牌
台南市官田區工業路12號,23.205622,120.321925,門牌
台南市官田區工業路17號,23.208737,120.323632,門牌
台南市官田區拔林里拔子林10鄰83之43號,23.173439,120.322714,路名
台南市官田區渡抜里三塊厝50號,23.159426,120.341073,門牌
台南市官田區渡拔里三塊厝141號,23.153582,120.344774,門牌
台南市官田區渡拔里拔子林83之43號1樓,23.173439,120.322714,路名
台南市官田區渡拔里渡子頭61之1號1樓,23.228268,120.255372,路名
台南市官田區渡頭里渡子頭22號1樓,23.291116,120.178133,門牌
台南市官田區社子里社子1號之32,23.182032,120.357780,門牌
台南市官田區隆本里中華路1段233之6號,23.193656,120.324861,門牌
台南市官田區隆本里忠孝街78巷2號,23.196768,120.316843,門牌
台南市官田區隆本里興隆街252號2樓,23.197715,120.312038,門牌
台南市官田區隆田里文化路33號,22.977227,120.231043,門牌
台南市將軍區將富里將榮53之5號1樓,23.217305,120.140750,門牌
台南市將軍區忠嘉里忠興132之6號,23.204407,120.158622,門牌
台南市將軍區忠興里忠興41號,23.201030,120.157443,門牌
台南市山上區南洲里南洲41號,23.090996,120.346344,門牌
台南市山上區山上里山上147號1樓,23.102986,120.356870,門牌
台南市山上區新莊里大庄1之27號1樓,23.167631,120.373856,路名
台南市山上區新莊里新庄59號,23.093883,120.358417,門牌
台南市山上區明和76之3號,23.104827,120.343356,門牌
台南市山上區明和里23鄰北勢洲95號,23.103524,120.338347,門牌
台南市山上區明和里北勢洲21之12號,23.113205,120.335148,門牌
台南市山上區明和里北勢洲24之1號,23.112569,120.337426,門牌
台南市山上區明和里北勢洲26號,23.109916,120.335852,門牌
台南市山上區明和里北勢洲58之2號,23.109792,120.336522,門牌
台南市山上區明和里北勢洲76之1號,23.108686,120.333323,門牌
台南市山上區明和里北勢洲78號,23.108509,120.334159,門牌
台南市山上區明和里北勢洲90之1號,23.106881,120.337776,門牌
台南市山上區明和里北勢洲93號,23.103377,120.337610,門牌
台南市山上區明和里明和11之2號1樓,23.103791,120.350370,門牌
台南市山上區明和里明和255號之3壹樓,23.113150,120.342484,門牌
台南市山上區明和里明和67之16號1樓,23.102830,120.349420,門牌
台南市山上區明和里明和76-96號,23.105590,120.348319,路名
台南市山上區明和里明和76之6號,23.103821,120.340143,門牌
台南市山上區明和里明和76之8號,23.104785,120.343067,門牌
台南市左鎮區內庄里內庄36號,23.040082,120.422480,門牌
台南市後壁區上茄苳里上茄苳259號,23.383222,120.374489,門牌
台南市後壁區嘉苳里10鄰下茄苳123號,23.351099,120.359342,門牌
台南市後壁區土溝里土溝10之1號,23.374056,120.389441,路名
台南市後壁區後壁里後壁42之20號,23.360191,120.359018,門牌
台南市後壁區後壁里後壁42之30號,23.360203,120.357838,門牌
台南市後壁區烏樹里烏樹林469號,23.282542,120.380579,路名
台南市後壁區頂安里頂寮41號之22一樓,23.334331,120.354173,門牌
台南市新化區中山路1001號,23.033947,120.287816,門牌
台南市新化區中山路41號,22.993561,120.206177,門牌
台南市新化區中正路1057號,23.091570,120.296345,路名
台南市新化區中正路1100號,23.053323,120.300264,門牌
台南市新化區全興里中正路127巷31號,23.029686,120.252643,門牌
台南市新化區全興里竹子脚200號,23.030538,120.296166,門牌
台南市新化區全興里竹子脚249號1樓,23.022637,120.304085,門牌
台南市新化區北勢里北勢99號,23.047173,120.289897,門牌
台南市新化區北勢里金華街1段22號1樓,23.058695,120.296320,門牌
台南市新化區協興里中山路650號1樓,22.972924,120.248412,門牌
台南市新化區協興里中山路660巷38號1樓,23.037620,120.298338,門牌
台南市新化區協興里太平街160之1號1樓,23.039212,120.302352,路名
台南市新化區協興里忠孝路269巷4號1樓,23.036830,120.301470,門牌
台南市新化區唪口里唪口101之1號2樓,23.040930,120.296625,路名
台南市新化區唪口里大德路156號,23.044182,120.297675,門牌
台南市新化區唪口里大德路59號,23.043874,120.300277,門牌
台南市新化區唪口里大新路360號,23.038153,120.298310,路名
台南市新化區大坑里大坑尾18之6號,23.012839,120.378091,路名
台南市新化區大德路76號,23.045218,120.301242,門牌
台南市新化區太平里中正路720巷60弄23號1樓,23.091570,120.296345,路名
台南市新化區太平里中正路990號，990之1號，990之2號，990之3號,23.040806,120.237948,門牌
台南市新化區太平里民生路314巷67之63號,23.133860,120.287156,路名
台南市新化區山脚里頂山脚148號1樓,23.020841,120.314565,門牌
台南市新化區山脚里頂山脚53之365號1樓,23.117509,120.340282,路名
台南市新化區崙頂里崙子頂242之3號,23.021663,120.285906,路名
台南市新化區崙頂里崙子頂310號之3一樓,23.022528,120.285727,門牌
台南市新化區忠孝路269巷4號1樓,23.036830,120.301470,門牌
台南市新化區東榮里復興路223之1號,23.131863,120.272943,路名
台南市新化區正新北路81巷11弄7號1樓,23.041615,120.303744,路名
台南市新化區武安里中正路267之1號1樓,23.079050,120.292487,門牌
台南市新化區知義里中興路293號,23.025476,120.329165,門牌
台南市新化區知義里中興路373號1樓,23.027077,120.324129,門牌
台南市新化區知義里新和庄10之1號,23.020307,120.335312,路名
台南市新化區知義里新和庄10之3號,23.020307,120.335312,路名
台南市新化區知義里知母義127之6號1樓,23.024049,120.314812,路名
台南市新化區知義里知母義27之2號,23.024049,120.314812,路名
台南市新化區護國里中山路43號,22.993497,120.206328,門牌
台南市新化區護國里信義路32號1樓,23.038500,120.321053,門牌
台南市新化區豐榮里民治路150號1樓,23.034056,120.304375,門牌
台南市新化區豐榮里民治路150號2樓,23.034056,120.304375,門牌
台南市新市區三舍里005鄰復興路820號,23.131863,120.272943,路名
台南市新市區三舍里復興路300巷29號,23.131863,120.272943,路名
台南市新市區三舍里復興路481號,23.131863,120.272943,路名
台南市新市區中山路179號,22.996297,120.210561,門牌
台南市新市區中山路181號,22.996319,120.210586,門牌
台南市新市區中心東路12號地下1樓,23.103922,120.262510,門牌
台南市新市區中正路22號1樓,22.992264,120.203567,門牌
台南市新市區創業路26號5樓,23.097166,120.283335,門牌
台南市新市區國際路13號1樓之8、10,23.078696,120.297790,門牌
台南市新市區國際路17號4樓之2,23.078580,120.297134,門牌
台南市新市區大利一路6號,23.105974,120.280065,門牌
台南市新市區大營里大營1之3號,23.098118,120.310924,路名
台南市新市區大營里大營326之26號,23.097532,120.307985,門牌
台南市新市區大營里大營5號,23.104206,120.318817,門牌
台南市新市區大營里大營7號,23.099371,120.317320,門牌
台南市新市區大營里豐榮160號,23.086991,120.306506,門牌
台南市新市區大營里豐榮177之26號,23.088897,120.305142,路名
台南市新市區大營里豐榮189之22號,23.088897,120.305142,路名
台南市新市區大營里龍目井路252號1樓,23.110020,120.307423,門牌
台南市新市區大社里大社361號,23.092189,120.316667,門牌
台南市新市區大社里大社501之3號1樓,23.089716,120.317206,路名
台南市新市區大社里大社577號,23.089723,120.313355,門牌
台南市新市區大社里大社875之1號1樓,23.086645,120.313011,門牌
台南市新市區大社里大社875之1號2樓,23.086645,120.313011,門牌
台南市新市區大社里大社875號之1,23.086660,120.313049,門牌
台南市新市區大社里大社997號1樓,23.081947,120.319536,門牌
台南市新市區大順七路90號,23.104905,120.287518,門牌
台南市新市區新和里中正路123號1樓,22.992360,120.199902,門牌
台南市新市區新和里中正路23巷6號,23.069909,120.290940,門牌
台南市新市區新和里中正路92巷2號5樓之1,23.072590,120.292227,門牌
台南市新市區新和里昆明街2之1號,23.071366,120.290698,路名
台南市新市區新和里民生路11號1樓,22.923606,120.248783,門牌
台南市新市區新巿里復興路27號,22.998492,120.249855,門牌
台南市新市區永就里41鄰永就68之6號,23.056159,120.294552,門牌
台南市新市區永就里中山路182號,22.996377,120.211346,門牌
台南市新市區永就里中山路196號2樓,22.970454,120.263107,門牌
台南市新市區永就里中山路271巷14號,23.063725,120.285971,門牌
台南市新市區永就里永就105-2號,23.062583,120.297469,路名
台南市新市區永就里永就105之2號1樓,23.064005,120.292421,門牌
台南市新市區永就里永就45之30號,23.067591,120.306127,門牌
台南市新市區永就里永就6之60號,23.064088,120.308520,門牌
台南市新市區港墘里三民街112巷15號,23.052998,120.247465,門牌
台南市新市區港墘里中山路2之1號,23.119399,120.459106,門牌
台南市新市區港墘里光華街134號1樓,23.075103,120.296521,門牌
台南市新市區港墘里國際路16號,23.079229,120.299237,門牌
台南市新市區港墘里民族路141號,23.002994,120.271547,門牌
台南市新市區港墘里民族路141號1樓,23.002994,120.271547,門牌
台南市新市區港墘里民族路43號,23.176531,120.482662,門牌
台南市新市區港墘里興業路11號,23.080333,120.299431,門牌
台南市新市區港墘里興業路12號之2,23.080641,120.299627,門牌
台南市新市區港漧里光華街132號,23.075069,120.296541,門牌
台南市新市區潭頂里潭頂16號,23.074219,120.328765,門牌
台南市新市區潭頂里潭頂3號,23.077540,120.325399,路名
台南市新市區潭頂里潭頂50號,23.077056,120.329753,門牌
台南市新市區潭頂里潭頂90之9號1樓,23.081301,120.333533,門牌
台南市新市區環東路1段27號,23.094208,120.285538,門牌
台南市新市區環東路1段2號,23.083079,120.283672,門牌
台南市新市區社內里富安一街20號1樓,23.077709,120.285256,門牌
台南市新市區社內里富安路651號1樓,23.080482,120.285981,門牌
台南市新市區社內里社內14-1號,23.075608,120.282266,路名
台南市新市區社內里社內150之7號1樓,23.075608,120.282266,路名
台南市新市區社內里社內2之5號,23.077282,120.287459,門牌
台南市新市區社內里社內40之16號1樓,23.072299,120.284580,門牌
台南市新市區社內里社內49-1號,23.075608,120.282266,路名
台南市新市區社內里社內73之18號2樓之1,23.075608,120.282266,路名
台南市新市區自由街9之3號,23.185390,120.218202,路名
台南市新市區興業路1號,23.079077,120.301728,門牌
台南市新市區興業路2號,23.079716,120.301747,門牌
台南市新市區興業路8號,23.080141,120.300926,門牌
台南市新市區豐華里5鄰豐華41號1、2樓,23.089430,120.256177,門牌
台南市新市區豐華里堤塘港路5號,23.091442,120.264586,門牌
台南市新市區豐華里王甲路1號,23.101243,120.259768,門牌
台南市新營區三仙里三興街144巷26號1樓,23.314625,120.311173,門牌
台南市新營區三仙里中華路51號6樓,23.123816,120.462327,門牌
台南市新營區三仙里健康路7號,23.032184,120.306438,門牌
台南市新營區三仙里育德九街8號,23.313754,120.311266,門牌
台南市新營區中營里三民路2號,23.235455,120.177506,門牌
台南市新營區中營里東山路165之1號,23.309572,120.329947,路名
台南市新營區中營里東山路195號,23.309820,120.334323,門牌
台南市新營區中營里東義街22號,23.310726,120.328900,路名
台南市新營區中營里開元路100號,23.006341,120.217750,門牌
台南市新營區中營里開元路7號,23.005485,120.214840,門牌
台南市新營區五興里15鄰秀才5之3號,23.265014,120.266368,門牌
台南市新營區五興里鐵線橋34之8號、34之9號,23.265511,120.279337,門牌
台南市新營區八德路2號,23.303610,120.285420,門牌
台南市新營區公園路一段260巷35號2樓,23.158295,120.173494,門牌
台南市新營區南紙街94號,23.297920,120.293341,門牌
台南市新營區南紙里南紙街117巷16號7樓之23,23.298110,120.294691,門牌
台南市新營區南紙里南紙街119之5號,23.297941,120.294298,門牌
台南市新營區南紙里太子路200巷119弄3號1樓,23.135979,120.279494,路名
台南市新營區南紙里太子路360之3號,23.299730,120.289725,門牌
台南市新營區南紙里建業路193巷22弄1號1樓,23.297070,120.297949,門牌
台南市新營區嘉芳里14鄰新嘉街15號,23.307928,120.279435,路名
台南市新營區嘉芳里五福路134號,23.305930,120.277363,門牌
台南市新營區嘉芳里五福路27號,23.305240,120.281292,門牌
台南市新營區嘉芳里四維路26號,23.130222,120.304936,門牌
台南市新營區嘉芳里復興路1039號,23.131863,120.272943,路名
台南市新營區嘉芳里忠孝路12號,23.131416,120.303360,門牌
台南市新營區嘉芳里忠孝路2之1號1樓,23.301641,120.285114,門牌
台南市新營區嘉芳里新嘉街4巷7號,23.307928,120.279435,路名
台南市新營區嘉芳里新嘉街6號,23.308610,120.279339,門牌
台南市新營區嘉芳里新芳街5號,23.307875,120.282686,路名
台南市新營區嘉芳里茄苳脚13之8號1樓之1,23.305611,120.287262,門牌
台南市新營區四維路22號,23.130163,120.304946,門牌
台南市新營區四維路5號,23.172486,120.485439,門牌
台南市新營區土庫里土庫6之20號,23.325169,120.280386,門牌
台南市新營區土庫里土庫71之64號,23.321841,120.311432,路名
台南市新營區土庫里開元路339巷136號1樓,23.045122,120.233910,路名
台南市新營區大宏里中正路6之16號1樓,23.091570,120.296345,路名
台南市新營區大宏里同濟街67號1樓,23.307229,120.320061,門牌
台南市新營區太南里太子宮253之2號1樓,23.291885,120.276737,門牌
台南市新營區太南里太子宮319之1號1樓,23.293060,120.276140,路名
台南市新營區姑爺里挖仔43之53號1樓,23.280901,120.256469,門牌
台南市新營區姑爺里角帶圍87之10號,23.279821,120.264589,門牌
台南市新營區府西路68號,23.314073,120.313764,門牌
台南市新營區延平路17號1樓,23.301967,120.313765,門牌
台南市新營區忠政里中正路39巷80號1樓,23.314480,120.314022,門牌
台南市新營區忠政里府西路187巷18號1樓,23.316270,120.313001,門牌
台南市新營區忠政里府西路261巷15號,23.318940,120.313161,門牌
台南市新營區忠政里府西路33巷24弄5號2樓,23.311870,120.312819,門牌
台南市新營區忠政里長榮路二段11號1樓,23.030891,120.238096,路名
台南市新營區新中路35號1樓,23.301680,120.280922,門牌
台南市新營區新北里三興街81之4號1樓,23.312381,120.309936,門牌
台南市新營區新北里新北街168之2號1樓,23.311731,120.302668,門牌
台南市新營區新北里新北街172之1號,23.311911,120.302628,門牌
台南市新營區新北里民生路385巷6弄6號2樓,23.313534,120.304158,門牌
台南市新營區新北里民生路386巷8號,23.314840,120.304350,門牌
台南市新營區新南里復興路352號,22.998719,120.241319,門牌
台南市新營區新南里復興路378巷57號1樓,23.306321,120.301618,門牌
台南市新營區新南里復興路620巷61弄31號1樓,23.307610,120.295372,門牌
台南市新營區新南里新北街83號1樓,23.240217,120.267189,門牌
台南市新營區新南里秦漢街151號1樓,23.311060,120.299023,門牌
台南市新營區新南里金華路2段229號2樓,22.982981,120.191436,門牌
台南市新營區新南里隋唐街115巷9弄18號,23.307030,120.301211,門牌
台南市新營區新南里隋唐街281號1樓,23.308109,120.298262,門牌
台南市新營區新南里隋唐街295巷16號1樓,23.307880,120.297729,門牌
台南市新營區新南里隋唐街7號9樓之1,23.307294,120.300341,路名
台南市新營區新嘉街11號,23.306960,120.279581,門牌
台南市新營區新圳路25號,23.300537,120.283284,路名
台南市新營區新工路13巷1號,23.306330,120.283139,門牌
台南市新營區新工路36號,23.302650,120.281532,門牌
台南市新營區新東里東大街66巷51號1樓,23.314160,120.326841,門牌
台南市新營區新東里東智街79號1樓,23.319296,120.325070,門牌
台南市新營區新東里東泰路35號1樓,23.318058,120.326450,門牌
台南市新營區新東里東興路201號1樓,23.316622,120.322900,門牌
台南市新營區新東里東興路356號1樓,23.317731,120.323054,門牌
台南市新營區新東里東興路418號1樓,23.012842,120.268118,路名
台南市新營區新東里開元路167之1號,23.045122,120.233910,路名
台南市新營區新進路二段60號,23.305130,120.321081,門牌
台南市新營區東山三路77號,23.312850,120.331211,門牌
台南市新營區東山路136之1號,23.309572,120.329947,路名
台南市新營區民榮里太子路44巷27號1樓,23.303380,120.297592,門牌
台南市新營區民榮里太子路53巷1弄10號1樓,23.303197,120.298997,門牌
台南市新營區民榮里復興路269號,23.303850,120.303414,門牌
台南市新營區民榮里新榮三街11號,23.300840,120.300881,門牌
台南市新營區民榮里新榮三街26號,23.300540,120.300862,門牌
台南市新營區民榮里新榮四街97號1樓,23.299686,120.301211,門牌
台南市新營區民權里14鄰武昌街34號3樓,23.306170,120.313982,門牌
台南市新營區民權里信義街57之4號,23.133382,120.298466,路名
台南市新營區民權里民權路96之21號,23.308797,120.312413,門牌
台南市新營區民生里民生路153號1樓,23.180364,120.486431,門牌
台南市新營區王公里民族路112號4樓之3,23.178907,120.482808,門牌
台南市新營區長榮路3段111巷16號1樓之1,23.030891,120.238096,路名
台南市新營區開元路154號A棟,23.006906,120.219662,門牌
台南市新營區開元路168號,23.007067,120.219964,門牌
台南市東區中華東路1段398號8樓,22.990091,120.232700,門牌
台南市東區中華東路2段226巷49號,22.983638,120.230372,門牌
台南市東區中華東路2段77號14樓,22.986671,120.233675,門牌
台南市東區中華東路3段162號,22.978056,120.226442,門牌
台南市東區中華東路一段398號8樓,22.981775,120.228890,路名
台南市東區中華東路二段133巷17弄30號1樓,22.981775,120.228890,路名
台南市東區中西里長榮路2段157號5樓,22.991395,120.221395,門牌
台南市東區仁和路11之1號,22.971444,120.234154,路名
台南市東區仁和路85-7號,22.971444,120.234154,路名
台南市東區仁和里仁和路141號1樓,22.968856,120.234861,門牌
台南市東區勝利路117號2樓,22.994590,120.217913,門牌
台南市東區勝利路118號2樓,22.995949,120.218359,門牌
台南市東區勝利路18號,22.989877,120.217789,門牌
台南市東區和平里仁和路109巷135弄16號1樓,22.971891,120.236706,門牌
台南市東區和平里仁和路69巷20號,22.974226,120.232035,門牌
台南市東區和平里仁和路69巷46號1樓,22.974421,120.232501,門牌
台南市東區和平里仁和路83號1樓,22.972038,120.235939,門牌
台南市東區和平里仁和路87之12號1樓,22.971444,120.234154,路名
台南市東區和平里文化二街180號,22.975911,120.233256,門牌
台南市東區和平里自由路2段105號1樓,22.972747,120.237382,門牌
台南市東區和平里自由路2段183號1樓,22.974555,120.237235,門牌
台南市東區和平里自由路2段185號1樓,22.974600,120.237238,門牌
台南市東區和平里自由路二段32號一樓,23.184400,120.244495,門牌
台南市東區大同路1段175巷116弄20號,22.983257,120.213037,門牌
台南市東區大同路二段927號3樓,22.989102,120.218958,路名
台南市東區大同里大同路一段285號,22.989102,120.218958,路名
台南市東區大同里府連路148號4樓,22.984751,120.211530,門牌
台南市東區大學里東寧路51號1樓,22.992190,120.221446,門牌
台南市東區大德里立德十路80巷1號1樓,22.977982,120.215681,門牌
台南市東區大智里崇善十五街33巷74號1樓,22.963635,120.232748,門牌
台南市東區大智里崇善十六街150號1樓,22.963160,120.231753,門牌
台南市東區大智里長東街71號1樓,22.963357,120.229779,門牌
台南市東區富強里中華東路2段20號3樓,22.987419,120.233296,門牌
台南市東區富強里裕農路446巷125-16號,22.992602,120.235349,路名
台南市東區小東路254巷2弄7號1樓,22.998266,120.230446,門牌
台南市東區崇善里崇善八街76號4樓之2,22.972461,120.231924,門牌
台南市東區崇學路81號10樓,22.978196,120.221391,門牌
台南市東區崇學路81號8樓,22.978196,120.221391,門牌
台南市東區崇學里崇學路234號5樓,22.982830,120.226261,門牌
台南市東區崇學里崇德路304號(崇德市場公有零售市場第109號攤位),22.972836,120.225190,路名
台南市東區崇德十九街41號2樓,22.968376,120.229099,門牌
台南市東區崇德路856號,22.972836,120.225190,路名
台南市東區崇德里崇善路232巷86號1樓,22.975943,120.225589,門牌
台南市東區崇文里崇德二十二街125號1樓,22.966919,120.230673,門牌
台南市東區崇文里崇德十七街42號1樓,22.969067,120.228570,門牌
台南市東區崇文里崇德十六街7號1樓,22.969745,120.227952,門牌
台南市東區崇明二十二街12號,22.967592,120.226143,門牌
台南市東區府連路364號5樓之1,22.984553,120.216548,門牌
台南市東區後甲里建東街54巷45號1樓,22.990925,120.238061,門牌
台南市東區後甲里裕農路873號,22.989943,120.243327,門牌
台南市東區德光里崇學路21號1樓,22.977961,120.220634,門牌
台南市東區德高里19鄰仁和路199巷11號,22.967466,120.236458,門牌
台南市東區忠孝里崇明路278號2樓,22.978138,120.219425,門牌
台南市東區怡東路37號2樓,22.991473,120.227580,門牌
台南市東區成大里育樂街198號1樓,22.993785,120.214576,門牌
台南市東區文聖里裕信路197號,22.984510,120.245224,門牌
台南市東區文聖里裕信路199號1樓,22.984335,120.245222,門牌
台南市東區文聖里裕忠路206號,22.984485,120.241570,門牌
台南市東區文聖里裕農路668巷75弄56號1樓,22.983911,120.237121,門牌
台南市東區新東里林森路二段36巷6號1樓,22.992710,120.222908,路名
台南市東區東光里東平路99巷16號之7,22.994612,120.230316,門牌
台南市東區東光里莊敬路65號1樓,22.994112,120.232629,門牌
台南市東區東成街28巷10號3樓之2,22.979519,120.232666,門牌
台南市東區東明里25鄰東安路30巷10弄20號1樓,22.991064,120.226892,門牌
台南市東區東智里崇德路915號2樓,22.962958,120.227594,門牌
台南市東區東聖里中華東路2段133巷75號1樓,22.985046,120.235169,門牌
台南市東區東門路3段15號3樓,22.980810,120.230176,門牌
台南市東區東門路3段31號6樓之4,22.980528,120.230522,門牌
台南市東區東門路三段37巷73號,22.982198,120.227493,路名
台南市東區泉南里府連路344巷58號1樓,22.983129,120.215798,門牌
台南市東區生產路68號,22.963627,120.221041,門牌
台南市東區自強里富農街一段199巷13號2樓,22.982944,120.235226,路名
台南市東區自強里東門路3段31號6樓,22.980528,120.230522,門牌
台南市東區自強里東門路3段37巷69號,22.981114,120.231673,門牌
台南市東區自強里東門路三段31號6樓,22.982198,120.227493,路名
台南市東區莊敬里中華東路1段66號1樓,22.996281,120.234151,門牌
台南市東區莊敬里莊敬路219巷15號5樓,22.997384,120.232258,門牌
台南市東區虎尾里東門路3段253號10樓之3、5樓之1,22.976472,120.235983,門牌
台南市東區虎尾里東門路三段253號12樓,22.982198,120.227493,路名
台南市東區虎尾里自由路3段17號1樓,22.976670,120.237379,門牌
台南市東區衛國街106巷17弄16號1樓,22.986594,120.224027,門牌
台南市東區裕信六街22號5樓,22.976478,120.246118,門牌
台南市東區裕信路157號1樓,22.985584,120.245231,門牌
台南市東區裕孝三街70號2樓,22.978162,120.244886,門牌
台南市東區裕忠路382號,22.983942,120.241973,路名
台南市東區裕聖里裕敬三街66號1樓,22.981134,120.246872,門牌
台南市東區裕聖里裕敬二街23號1樓,22.978869,120.245823,門牌
台南市東區裕豐街159號1樓,22.987792,120.227143,門牌
台南市東區裕豐街16號,22.983872,120.227354,門牌
台南市東區裕農路352號7樓,22.986961,120.229711,門牌
台南市東區裕農路511號,22.988693,120.233033,門牌
台南市東區裕農路520號3樓,22.988314,120.232914,門牌
台南市東區裕農路846號,22.989174,120.240886,門牌
台南市東區裕農路977號,22.992027,120.246840,門牌
台南市東區裕農里裕農路375號3樓之1,22.987530,120.230140,門牌
台南市東區裕農里裕農路391號,22.987871,120.230955,門牌
台南市東區長榮路一段203號3樓,23.030891,120.238096,路名
台南市東區長榮路一段223號4樓,23.030891,120.238096,路名
台南市東區關聖里裕和五街191號1樓,22.985910,120.247330,門牌
台南市東區關聖里裕和五街215號,22.985485,120.247115,門牌
台南市東區關聖里裕善街5號,22.987393,120.246014,門牌
台南市東區關聖里裕平路131號1樓,22.985417,120.242507,門牌
台南市東區關聖里裕忠路138號1樓,22.986606,120.241529,門牌
台南市東區關聖里裕農三街148號1樓,22.985396,120.239512,門牌
台南市東區關聖里裕農三街148號2樓,22.985396,120.239512,門牌
台南市東區青年路225巷19號1樓,22.992157,120.212340,門牌
台南市東區龍山里崇仁街66巷6號4樓,22.984088,120.222871,門牌
台南市東區龍山里崇學路135巷10號1樓,22.979502,120.222328,門牌
台南市東區龍山里德光街15巷9號1樓,22.983401,120.225272,門牌
台南市東區龍山里林森路1段395號7樓之11,22.985519,120.221626,門牌
台南市東區龍山里長榮路1段256號9樓,22.986360,120.218959,門牌
台南市東山區東中里鳳安二街86巷3號1樓,23.320946,120.400164,門牌
台南市東山區聖賢里田尾37-2號,23.305871,120.362457,路名
台南市東山區聖賢里田尾40之1號,23.305871,120.362457,路名
台南市東山區聖賢里頂窩1之3號,23.308338,120.346891,路名
台南市東山區聖賢里頂窩56之5號,23.308338,120.346891,路名
台南市東山區聖賢里頂窩62號之1,23.308515,120.348506,門牌
台南市柳營區光福里柳營路1段522巷208號,23.267924,120.317116,門牌
台南市柳營區光福里柳營路一段198巷160弄1號,23.279911,120.312702,路名
台南市柳營區光福里柳營路一段352號,23.279911,120.312702,路名
台南市柳營區士林里仁愛路42巷1號2樓,22.961263,120.330317,門牌
台南市柳營區士林里柳營1之22號1樓,23.278341,120.315366,路名
台南市柳營區士林里柳營路1段423巷1號,23.267604,120.312780,門牌
台南市柳營區士林里柳營路1段531號1樓,23.269845,120.313053,門牌
台南市柳營區士林里柳營路一段279巷112號,23.279911,120.312702,路名
台南市柳營區士林里柳營路一段423巷11號,23.279911,120.312702,路名
台南市柳營區士林里長榮路六段527號,23.030891,120.238096,路名
台南市柳營區士林里長榮路六段557號,23.030891,120.238096,路名
台南市柳營區士林里長榮路六段592號,23.030891,120.238096,路名
台南市柳營區大農里環園西路一段1號,23.267746,120.304717,路名
台南市柳營區大農里環園西路二段23號,23.267746,120.304717,路名
台南市柳營區工一路15號,23.283396,120.354594,門牌
台南市柳營區工一路28號,23.284397,120.355531,路名
台南市柳營區旭山里新吉庄40之15號1樓,23.264386,120.385779,路名
台南市柳營區東昇里東昇一街49號1樓,23.280262,120.320362,門牌
台南市柳營區柳營路一段302巷108號,23.279911,120.312702,路名
台南市柳營區環園東路一段16號,23.284562,120.363495,路名
台南市柳營區環園東路一段25號,23.284562,120.363495,路名
台南市柳營區義士路一段448巷2號,23.284289,120.369438,路名
台南市楠西區楠西里中興南路99號1樓,23.177627,120.483774,門牌
台南市楠西區照興里興北96號之6,23.193842,120.485513,門牌
台南市楠西區鹿田里鹿陶洋1之42號1樓,23.154590,120.488396,路名
台南市楠西區龜丹里龜丹39之4號1樓,23.138469,120.496336,路名
台南市歸仁區七甲里丁厝街161號,22.976505,120.272316,門牌
台南市歸仁區七甲里南潭三街162巷15弄1號1樓,22.987565,120.282597,門牌
台南市歸仁區七甲里南潭二街101號1樓,22.986993,120.281983,門牌
台南市歸仁區中山路1段1巷30號,22.962069,120.313187,門牌
台南市歸仁區中山路1段48號3樓,22.963448,120.312745,門牌
台南市歸仁區中山路3段486號,22.969037,120.276634,門牌
台南市歸仁區中山路三段355-6號1樓,23.098406,120.286592,路名
台南市歸仁區中山路三段371號,22.970803,120.257751,門牌
台南市歸仁區中正南路一段110號5樓,23.021637,120.216468,門牌
台南市歸仁區中正南路二段1號,23.019546,120.215538,門牌
台南市歸仁區仁愛六街69號2樓,22.967033,120.299896,路名
台南市歸仁區保大路3段55巷12號A棟,22.996197,120.281597,門牌
台南市歸仁區八甲里中正北路1段186號,22.973976,120.295934,門牌
台南市歸仁區八甲里大仁七街60號5樓之11,22.975399,120.298965,門牌
台南市歸仁區八甲里大光街63號1樓,22.975220,120.297418,門牌
台南市歸仁區八甲里大明街139巷37號,22.978874,120.299366,門牌
台南市歸仁區八甲里大明街79號1樓,22.976989,120.297188,門牌
台南市歸仁區六甲里中正南路1段1042號1樓,22.951874,120.278104,門牌
台南市歸仁區六甲里凱旋路2段252巷5號,22.954575,120.287535,門牌
台南市歸仁區南保里中山七街20號,22.966976,120.284035,門牌
台南市歸仁區南保里中山七街66號,22.965386,120.283976,門牌
台南市歸仁區南保里大順五街71號1樓,22.964581,120.285657,門牌
台南市歸仁區南保里民權六街86號2樓,22.969793,120.285816,門牌
台南市歸仁區南興里6鄰民生二街52號,22.971841,120.279526,門牌
台南市歸仁區南興里中山路3段357號,22.968241,120.278625,門牌
台南市歸仁區南興里中山路3段452號,22.969374,120.277133,門牌
台南市歸仁區南興里中山路3段487號,22.968924,120.273524,門牌
台南市歸仁區南興里中山路三段652號,23.036953,120.298978,門牌
台南市歸仁區南興里保興街55巷2號1樓,22.969364,120.282949,門牌
台南市歸仁區南興里民生北街47號1樓,22.969698,120.280906,門牌
台南市歸仁區南興里民生北街74巷9弄3號1樓,22.970107,120.281424,門牌
台南市歸仁區大廟里12鄰保大路3段88號A棟,22.996668,120.280179,門牌
台南市歸仁區大廟里和順路2段240巷91之15號1樓,22.992870,120.284384,路名
台南市歸仁區大廟里大廟一街184號,22.993083,120.274181,門牌
台南市歸仁區大廟里大廟五街131巷83號1樓,23.001318,120.276066,門牌
台南市歸仁區大廟里大廟五街132巷11號1樓,22.999836,120.279334,門牌
台南市歸仁區大德路658號1樓,22.973998,120.287160,門牌
台南市歸仁區大成路161巷8號1樓,22.961714,120.295751,門牌
台南市歸仁區大潭里中正南路3段250巷8號1樓,22.912316,120.270216,門牌
台南市歸仁區大潭里長榮路2段90巷41弄1號1樓,22.909378,120.287450,門牌
台南市歸仁區媽廟里和順路1段288巷38弄36號,22.994323,120.286848,門牌
台南市歸仁區崙頂里凱旋路1段601巷355弄89號1樓,22.949616,120.297271,門牌
台南市歸仁區崙頂里崙頂五街25號1樓,22.958403,120.297774,路名
台南市歸仁區崙頂里高發三路1段32號,22.925352,120.295100,路名
台南市歸仁區崙頂里高發三路1段33號,22.925352,120.295100,路名
台南市歸仁區崙頂里高發三路1段35號,22.925352,120.295100,路名
台南市歸仁區崙頂里高發三路1段37號,22.925352,120.295100,路名
台南市歸仁區崙頂里高發三路1段38號,22.925352,120.295100,路名
台南市歸仁區後市里中山八街15巷12號1樓,22.968569,120.290022,門牌
台南市歸仁區文化街3段219之1號,23.036466,120.296125,路名
台南市歸仁區文化街3段325號2樓,23.036466,120.296125,路名
台南市歸仁區文化里文化北一街28號1樓,22.972988,120.291388,門牌
台南市歸仁區新厝里中正南路1段133號1樓,22.963758,120.292849,門牌
台南市歸仁區武東里中正南路二段39號,23.020305,120.216024,門牌
台南市歸仁區武東里武東二街58號1樓,22.917232,120.275056,門牌
台南市歸仁區歸仁里中山路1段40之1號,22.964343,120.313359,門牌
台南市歸仁區歸仁里中山路1段42號,22.964570,120.313902,門牌
台南市歸仁區歸仁里中山路1段62號,22.963427,120.312042,門牌
台南市歸仁區歸南里民權南路196巷36號1樓,22.962774,120.287009,門牌
台南市歸仁區歸南里民生八街27號1樓,22.962683,120.279339,門牌
台南市歸仁區歸南里民生八街29號1樓,22.962692,120.279299,門牌
台南市歸仁區歸南里民生十街50巷182號,22.963482,120.276304,門牌
台南市歸仁區歸南里民生南街2段1號,22.963475,120.280661,門牌
台南市歸仁區民族北街17巷22之1號1樓,22.969612,120.292213,路名
台南市歸仁區民權南路228號,22.962226,120.287552,門牌
台南市歸仁區看西里成功六街62號1樓,22.961904,120.301732,門牌
台南市歸仁區西埔里西埔一街50號,22.998110,120.289629,門牌
台南市歸仁區西埔里西埔一街545巷101號,23.006414,120.286667,門牌
台南市歸仁區西埔里西埔三街51巷1號1樓,22.995991,120.286171,門牌
台南市歸仁區許厝里15鄰中山路1段382巷2號,22.966463,120.299972,門牌
台南市歸仁區許厝里中山路1段346號,22.966078,120.301393,門牌
台南市歸仁區辜厝里中正南路1段218巷6號1樓,22.962984,120.291148,門牌
台南市永康區三合里南工街114巷12號,23.011709,120.240729,門牌
台南市永康區三合里南工街247巷35弄70號1樓,23.011176,120.239342,門牌
台南市永康區三合里南工街311巷21號,23.013589,120.237392,門牌
台南市永康區三合里南工街91號,23.010927,120.239950,門牌
台南市永康區三民里14鄰和平東路3號,23.054457,120.270520,門牌
台南市永康區三民里中正北路938號,23.049730,120.271151,路名
台南市永康區三民里中正北路999號,23.054319,120.271735,門牌
台南市永康區三民里和平東路135號,23.054975,120.264585,門牌
台南市永康區三民里和平東路162號,23.055461,120.264000,門牌
台南市永康區三民里和平東路170號,23.055222,120.263035,門牌
台南市永康區三民里和平東路172號,23.055369,120.262126,門牌
台南市永康區三民里和平東路58號1樓,23.056382,120.267548,門牌
台南市永康區三民里和平東路79號,23.055641,120.267259,門牌
台南市永康區三民里和平路189號,23.053969,120.265541,門牌
台南市永康區三民里正北一路276巷28號,23.055801,120.261014,門牌
台南市永康區三民里正北一路279巷55弄68號1樓,23.050734,120.260279,路名
台南市永康區三民里正北三路171號,23.052082,120.261136,門牌
台南市永康區三民里正北五路127號D棟,23.052199,120.262994,門牌
台南市永康區三民里民東路11號,23.053265,120.260626,門牌
台南市永康區三民里民東路35號,23.053718,120.263916,門牌
台南市永康區三民里民東路42號,23.052773,120.262017,門牌
台南市永康區三民里民東路59號,23.053566,120.265052,門牌
台南市永康區三民里民東路9號1樓,23.053316,120.260030,門牌
台南市永康區中山北路630號,23.030433,120.277082,門牌
台南市永康區中山北路818號,23.032014,120.282869,門牌
台南市永康區中山南路43巷56號1樓,23.013521,120.226155,門牌
台南市永康區中山南路510巷34弄2號,23.017411,120.240632,門牌
台南市永康區中正一街28號,23.034219,120.246402,門牌
台南市永康區中正二街329號,23.032270,120.238302,門牌
台南市永康區中正北路306號,23.041216,120.246761,門牌
台南市永康區中正北路318巷29號,23.039161,120.249784,門牌
台南市永康區中正北路318巷42號,23.039859,120.249049,門牌
台南市永康區中正北路621號1樓,23.043519,120.258621,門牌
台南市永康區中正北路711號,23.045903,120.261519,門牌
台南市永康區中正南路220巷16號1樓,23.025296,120.221464,門牌
台南市永康區中正南路320號,23.031356,120.227251,門牌
台南市永康區中正南路349巷31號,23.029347,120.223097,門牌
台南市永康區中正南路360巷17號,23.032555,120.231240,門牌
台南市永康區中正南路553號,23.035447,120.230201,門牌
台南市永康區中正南路561號,23.035575,120.230386,門牌
台南市永康區中正路217巷3弄17號,23.030099,120.248505,門牌
台南市永康區中正路279巷21弄16號1樓,23.091570,120.296345,路名
台南市永康區中正路301號,22.993136,120.195763,門牌
台南市永康區中正路764巷20號,23.037830,120.242910,門牌
台南市永康區中興里中興街27號1樓,23.001679,120.162520,門牌
台南市永康區中華路12號4樓之6,23.000058,120.235058,門牌
台南市永康區中華路144-1號地下1層,23.091516,120.287864,路名
台南市永康區中華路1之91號,23.091516,120.287864,路名
台南市永康區中華路349號17樓之3,23.008159,120.233544,門牌
台南市永康區中華路425號10樓之3,23.010051,120.232675,門牌
台南市永康區中華里中華路12號13樓之1,23.000058,120.235058,門牌
台南市永康區中華里中華路12號5樓之4,23.000058,120.235058,門牌
台南市永康區中華里中華路12號7樓之3,23.000058,120.235058,門牌
台南市永康區中華里小東路689之39號,22.999568,120.231851,路名
台南市永康區中華里小東路689之79號,22.999568,120.231851,路名
台南市永康區二王里中山南路312號,23.015121,120.235446,門牌
台南市永康區二王里中山南路490巷12弄99號1樓,23.016076,120.241075,門牌
台南市永康區二王里中山南路490巷61號1樓,23.016904,120.241751,門牌
台南市永康區二王里中山東路47號,23.014319,120.236128,門牌
台南市永康區二王里二王路135巷53弄22號2樓,23.019424,120.249753,門牌
台南市永康區二王里忠孝路410巷50弄5號,23.018176,120.244860,門牌
台南市永康區五王里中華二路206巷20號1樓,23.009131,120.235245,門牌
台南市永康區五王里中華二路206巷69弄9號1樓,23.010320,120.234687,門牌
台南市永康區五王里五福街185號6樓之3,23.014190,120.235863,門牌
台南市永康區五王里振興路66號1樓,23.011896,120.234200,門牌
台南市永康區仁愛街398號,23.052272,120.243403,門牌
台南市永康區信義街12號1樓,22.999637,120.196372,門牌
台南市永康區八德街200號,23.072017,120.252455,路名
台南市永康區六合里中華二路266巷32號4樓之1,23.009222,120.232968,門牌
台南市永康區六合里中華二路340巷20號1樓,23.009208,120.231142,門牌
台南市永康區六合里中華二路340巷3號1樓,23.008759,120.231071,門牌
台南市永康區六合里中華路425號16樓之3,23.010051,120.232675,門牌
台南市永康區六合里新興街123號1樓,23.124055,120.201182,門牌
台南市永康區勝利里1鄰勝利街116巷12弄18號,23.003033,120.233282,門牌
台南市永康區勝利里中華路1之145號21樓,23.091516,120.287864,路名
台南市永康區勝利里中華路1之2號3樓(B室),23.091516,120.287864,路名
台南市永康區北灣里北興路32巷8弄2號,23.013815,120.264970,門牌
台南市永康區北灣里大同街71號地下一層之1,23.008698,120.269954,門牌
台南市永康區北灣里大灣路37巷30弄5號1樓,23.012454,120.272546,門牌
台南市永康區北灣里文賢街323號,23.012208,120.269250,門牌
台南市永康區北灣里文賢街422巷18號,23.012626,120.265866,門牌
台南市永康區北興里18鄰北興路56號1樓,23.014208,120.265490,門牌
台南市永康區北興里大同街413巷22號1樓,23.015661,120.264528,門牌
台南市永康區北興里大同街425巷1弄19號1樓,23.016285,120.264486,門牌
台南市永康區北興里大同街740巷18號1樓,23.019534,120.264353,門牌
台南市永康區南灣里南灣街57號4樓之1,23.004055,120.263518,門牌
台南市永康區南灣里南興路101巷10號,22.999410,120.260197,門牌
台南市永康區南灣里南興路112巷106號,23.000423,120.265559,門牌
台南市永康區南灣里南興路112巷89號1樓,23.000764,120.264635,門牌
台南市永康區南灣里南興路57號,22.997627,120.260620,門牌
台南市永康區南灣里大灣東路20號,22.998064,120.259634,門牌
台南市永康區南灣里大灣東路22巷120號,22.994626,120.258152,門牌
台南市永康區南灣里大灣東路22巷22號,22.997230,120.259209,門牌
台南市永康區南灣里大灣東路28號,22.998174,120.260023,門牌
台南市永康區南灣里大灣東路92號,22.998381,120.262445,門牌
台南市永康區南灣里大灣路764巷63號1樓,23.002073,120.260633,門牌
台南市永康區南興路32號,22.995684,120.260672,門牌
台南市永康區南興路48巷10之1號,22.998518,120.262591,路名
台南市永康區南興路48巷15號,22.998072,120.264991,門牌
台南市永康區南興路7號,22.994598,120.260134,門牌
台南市永康區和平東路159、161號,23.055484,120.265344,路名
台南市永康區和平東路30巷1號1樓,23.055928,120.269935,門牌
台南市永康區國華街102巷109號11樓之1,23.015698,120.248158,門牌
台南市永康區國華街102巷87號1樓,23.015397,120.248171,門牌
台南市永康區埔園里中山路276號1樓,23.032252,120.255695,門牌
台南市永康區埔園里埔園街156號,23.033624,120.257698,門牌
台南市永康區埔園里永大路3段622巷70弄23號1樓,23.039646,120.259027,門牌
台南市永康區埔園里自強路655號2樓,23.035558,120.261207,門牌
台南市永康區埔東街30巷15號1樓,23.032957,120.257600,門牌
台南市永康區塩洲里40鄰正南六街105巷1號,23.037448,120.227408,門牌
台南市永康區塩洲里中正南路453巷16號,23.033197,120.227072,門牌
台南市永康區塩洲里塩行路219號1樓,23.042930,120.233240,路名
台南市永康區塩洲里正南二街93號,23.035481,120.225919,門牌
台南市永康區塩洲里正南二街97號,23.035637,120.225704,門牌
台南市永康區塩洲里正南八街82之2號,23.039409,120.232451,路名
台南市永康區塩興里仁愛街76號7樓,23.044378,120.239260,門牌
台南市永康區塩行里中正一街32巷23號,23.035376,120.248646,門牌
台南市永康區塩行里中正二街209號,23.030001,120.234089,門牌
台南市永康區塩行里中正五街13號,23.036995,120.244218,門牌
台南市永康區塩行里中正五街85號,23.036162,120.247393,門牌
台南市永康區塩行里中正北路338號2樓,23.049730,120.271151,路名
台南市永康區塩行里中正南路360巷15號,23.032742,120.230942,門牌
台南市永康區塩行里中正南路490巷40號,23.033014,120.234145,門牌
台南市永康區塩行里中正南路490巷56號,23.032854,120.235002,門牌
台南市永康區塩行里中正南路592巷60之5號,23.036445,120.235203,門牌
台南市永康區塩行里塩和街256巷18號,23.035432,120.235909,門牌
台南市永康區塩行里塩和街263巷19號1樓,23.035082,120.233288,門牌
台南市永康區塩行里塩和街280號,23.035840,120.234285,門牌
台南市永康區塩行里新行街79巷3弄5號1樓,23.039665,120.241516,門牌
台南市永康區塩行里正南三路243號,23.032147,120.233459,門牌
台南市永康區塩行里正南五街246號,23.034037,120.239630,門牌
台南市永康區大橋里中華路790號,23.017777,120.227633,門牌
台南市永康區大灣東路22巷130號,22.994416,120.258116,門牌
台南市永康區大灣路212號,23.008511,120.268438,門牌
台南市永康區大灣路240巷3號7樓之2,23.007921,120.267866,門牌
台南市永康區大灣路40巷153弄10號1樓,23.015772,120.267123,門牌
台南市永康區大灣里民族路393號1樓,23.007596,120.266850,門牌
台南市永康區安康里中山南路123巷28號1樓,23.013943,120.228864,門牌
台南市永康區安康里中華西街196巷36號5樓之1,23.017154,120.226541,門牌
台南市永康區富強路2段398巷193號,23.028871,120.278274,門牌
台南市永康區富強路二段189巷46號,23.022655,120.275299,路名
台南市永康區小北路37號,23.009734,120.209307,路名
台南市永康區小東路477巷28弄2號,22.999387,120.235641,門牌
台南市永康區尚頂路101號,23.028775,120.228961,門牌
台南市永康區尚頂路167號,23.030016,120.227490,門牌
台南市永康區尚頂路52巷23號,23.027986,120.232038,門牌
台南市永康區尚頂里中正二街105巷33號1樓,23.028290,120.228473,門牌
台南市永康區尚頂里中正二街162巷32號,23.027676,120.232800,門牌
台南市永康區尚頂里中正二街186號,23.029441,120.233636,門牌
台南市永康區尚頂里中正二街53號,23.026292,120.228251,門牌
台南市永康區尚頂里中正二街55號,23.026338,120.228345,門牌
台南市永康區尚頂里中正二街95號,23.027047,120.228947,門牌
台南市永康區尚頂里中正二街96巷7號,23.026963,120.230168,門牌
台南市永康區尚頂里中正南路214號3樓,23.025346,120.220682,門牌
台南市永康區尚頂里中正南路220巷30弄15號,23.024588,120.221949,門牌
台南市永康區尚頂里中正南路220巷37號,23.025544,120.221898,門牌
台南市永康區尚頂里中正南路235巷3弄1號之4,23.025469,120.219229,門牌
台南市永康區尚頂里中正南路242巷26號,23.026726,120.224921,門牌
台南市永康區尚頂里中正南路306巷19號,23.029753,120.226801,門牌
台南市永康區尚頂里中正南路306巷41號,23.028570,120.227278,門牌
台南市永康區尚頂里中正南路342號,23.032008,120.227581,門牌
台南市永康區尚頂里中正南路344巷11弄16號,23.031540,120.230090,門牌
台南市永康區尚頂里中正南路349巷17號,23.030451,120.223105,門牌
台南市永康區尚頂里中正南路349巷50、52號,23.010596,120.251544,路名
台南市永康區尚頂里南台街11號,23.022033,120.223652,門牌
台南市永康區尚頂里南台街54巷10弄2之2號1樓,23.022410,120.222453,路名
台南市永康區尚頂里南台街68號1樓,23.022410,120.222453,路名
台南市永康區尚頂里國聖街57號1樓,23.031010,120.223038,門牌
台南市永康區尚頂里國聖街82號,23.031266,120.223495,門牌
台南市永康區尚頂里尚頂路52巷26號,23.027448,120.232212,門牌
台南市永康區尚頂里尚頂路56號1樓,23.027285,120.231013,門牌
台南市永康區尚頂里尚頂路61號,23.027220,120.230620,門牌
台南市永康區尚頂里正南一街107巷13弄12號,23.023778,120.228711,門牌
台南市永康區尚頂里正南一街129巷40號,23.024039,120.226772,門牌
台南市永康區尚頂里正南一街129巷46弄20號,23.024434,120.226052,門牌
台南市永康區尚頂里正南一街92巷5號,23.025295,120.229249,門牌
台南市永康區崑山里21鄰大灣路1020巷33號,23.000080,120.252327,門牌
台南市永康區崑山里國光二街60號1樓,23.002267,120.257779,門牌
台南市永康區崑山里大灣路798巷48號,23.001481,120.259099,門牌
台南市永康區崑山里崑大路1巷95號,22.996714,120.255530,門牌
台南市永康區建國里大灣路942巷371弄93號1樓,23.008585,120.249757,門牌
台南市永康區建國里復國路87巷17號1樓,22.999982,120.245471,路名
台南市永康區建國里復興路26巷39號,23.001504,120.249975,門牌
台南市永康區建國里復興路26巷72號,23.002982,120.250450,門牌
台南市永康區復國里復國一路322巷7號1樓,23.010388,120.246836,門牌
台南市永康區復國里復國二路72號1樓,23.005977,120.247332,門牌
台南市永康區復國里復華三街64號14樓之3,23.010100,120.246095,門牌
台南市永康區復國里復華三街68號6樓之6,23.009880,120.245895,門牌
台南市永康區復興里復興路277巷200號1樓,22.994325,120.242941,門牌
台南市永康區復華里國華街102巷87號1樓,23.015397,120.248171,門牌
台南市永康區復華里國華街162巷3號1樓,23.016612,120.244618,門牌
台南市永康區復華里國華街95巷19號1樓,23.013775,120.246518,門牌
台南市永康區復華里國華街96巷19弄13號1樓,23.013452,120.248253,門牌
台南市永康區復華里復華七街107號1樓,23.015044,120.247108,門牌
台南市永康區復華里復華八街41巷24號1樓,23.016330,120.245715,門牌
台南市永康區復華里復華八街47巷27號6樓之8,23.016952,120.245987,門牌
台南市永康區成功里中華路154巷87弄23號,23.003975,120.237131,門牌
台南市永康區文化路178號3樓,23.015539,120.256323,門牌
台南市永康區新樹里中山北路610號,23.030336,120.276079,門牌
台南市永康區新樹里中山北路634巷22、26號,23.027684,120.266397,路名
台南市永康區新樹里中山北路750號1樓,23.031459,120.280203,門牌
台南市永康區新樹里富強路2段56巷1號,23.022454,120.275407,門牌
台南市永康區新樹里富強路二段398巷195號,23.022655,120.275299,路名
台南市永康區新樹里富強路二段398巷197號,23.022655,120.275299,路名
台南市永康區新民街1號1樓,23.040052,120.243638,門牌
台南市永康區東橋里中山南路313號,23.016842,120.237676,門牌
台南市永康區東橋里中正路217巷3弄49號,23.029868,120.247724,門牌
台南市永康區東橋里中正路231號1樓,22.992812,120.197461,門牌
台南市永康區東橋里中正路279巷14號,23.031811,120.244700,門牌
台南市永康區東橋里中正路279巷21弄15號1樓,23.030314,120.244757,門牌
台南市永康區東橋里中正路279巷21弄59號1樓,23.030303,120.245728,門牌
台南市永康區東橋里中正路350巷63號,23.033811,120.248365,門牌
台南市永康區東橋里東橋七路101號,23.019170,120.237814,門牌
台南市永康區東橋里東橋三路126號17樓之1,23.020092,120.234757,門牌
台南市永康區東橋里東橋二街8號6樓,23.017244,120.235561,門牌
台南市永康區東橋里自強路140巷16號1樓,23.024635,120.248883,門牌
台南市永康區東灣里大灣一街242巷2號1樓,23.001215,120.267816,門牌
台南市永康區東灣里大灣一街382號1樓,23.003346,120.269980,門牌
台南市永康區東灣里大灣三街57巷16號,23.003723,120.267487,門牌
台南市永康區東灣里大灣東路218巷43弄30號1樓,22.998318,120.267645,門牌
台南市永康區東灣里民族路1巷18弄80號,22.997753,120.270225,門牌
台南市永康區正北一路128號,23.049031,120.260833,門牌
台南市永康區正北一路168號,23.052282,120.259186,門牌
台南市永康區正北三路169號,23.051579,120.261188,門牌
台南市永康區正北五路99號1樓,23.050866,120.264067,門牌
台南市永康區正南一街1號,23.025284,120.228605,路名
台南市永康區正南一街200號,23.027979,120.225189,門牌
台南市永康區正強里30鄰正強街215巷58號,23.029150,120.250792,門牌
台南市永康區正強里中正路127巷24弄2號1樓,23.030043,120.252272,門牌
台南市永康區正強里中正路127巷24弄9號1樓,23.029876,120.252112,門牌
台南市永康區正強里中正路127巷46弄4號1樓,23.029479,120.252372,門牌
台南市永康區正強里中正路256巷1之23號,23.091570,120.296345,路名
台南市永康區正強里四維街37號6樓之2,23.032115,120.252640,門牌
台南市永康區正強里正強街303巷32號1樓,23.031973,120.250528,門牌
台南市永康區正強里正強街308號1樓,23.032155,120.251441,門牌
台南市永康區永二街278號1樓,23.018406,120.249567,門牌
台南市永康區永和街199號,23.018468,120.253321,門牌
台南市永康區永大路1段138號,23.023887,120.259916,路名
台南市永康區永大路2段185號1樓,23.007169,120.261712,門牌
台南市永康區永康里中山南路653巷17號之1,23.027000,120.256427,門牌
台南市永康區永康里永大二路46號2樓之2（僅供辦公室使用）,23.019036,120.261007,門牌
台南市永康區永康里永大二路46號4樓之2,23.019036,120.261007,門牌
台南市永康區永康里永大路2段831巷102號1樓,23.022658,120.259425,門牌
台南市永康區永康里永大路二段1129號9樓之2,23.023887,120.259916,路名
台南市永康區永康里永康街143號1樓,23.023376,120.258356,門牌
台南市永康區永康里永康街36號,23.025084,120.256289,門牌
台南市永康區永康里永忠路69號1樓,23.018430,120.260425,門牌
台南市永康區永康里西勢路728號1樓,23.020632,120.263969,門牌
台南市永康區永明街231巷12號1樓,23.025056,120.264142,門牌
台南市永康區永明街231巷60號2樓,23.025971,120.264233,門牌
台南市永康區永明里中山北路264巷167之1號,23.027684,120.266397,路名
台南市永康區永明里中山北路344巷17弄2號,23.028465,120.269551,門牌
台南市永康區永明里永平街296之3號2樓,23.023668,120.265077,門牌
台南市永康區永科七路151號,23.037204,120.278740,門牌
台南市永康區永科北路129號,23.046392,120.276533,門牌
台南市永康區永科南路151號1樓,23.033294,120.278808,門牌
台南市永康區永科南路56號,23.034464,120.282767,門牌
台南市永康區永華路271號1樓,23.012122,120.259100,門牌
台南市永康區永華路572號8樓之2,23.018771,120.257445,門牌
台南市永康區烏竹里竹園一街57號5樓之2,23.040145,120.262185,門牌
台南市永康區烏竹里龍橋街291巷30號1樓,23.039141,120.264584,路名
台南市永康區王行路246巷25之1號,23.043470,120.275205,路名
台南市永康區王行里16鄰永科五路6號,23.042859,120.279653,門牌
台南市永康區王行里中山北路803號,23.031692,120.279675,門牌
台南市永康區王行里永科七路18號,23.037500,120.282674,門牌
台南市永康區王行里永科七路19號,23.037414,120.282690,門牌
台南市永康區王行里永科七路38號,23.037454,120.282336,門牌
台南市永康區王行里永科南路106號,23.033784,120.279784,門牌
台南市永康區王行里永科南路130號,23.033281,120.278101,門牌
台南市永康區王行里永科南路169號,23.033088,120.278662,門牌
台南市永康區王行里永科東路285號,23.046749,120.278624,路名
台南市永康區王行里永科環路105號,23.034940,120.279668,門牌
台南市永康區王行里永科環路168號,23.036321,120.279012,門牌
台南市永康區王行里永科環路195號,23.036294,120.275779,門牌
台南市永康區王行里永科環路303號,23.039859,120.274336,門牌
台南市永康區王行里永科環路602號,23.046900,120.277777,門牌
台南市永康區王行里王行路515號,23.041438,120.272736,門牌
台南市永康區王行里王行路68巷6之2號,23.043470,120.275205,路名
台南市永康區王行里王行路68巷8號,23.032303,120.275418,門牌
台南市永康區王行里環工路28號,23.044362,120.271155,門牌
台南市永康區王行里環工路36之1號,23.043346,120.269917,門牌
台南市永康區王行里環工路46號,23.044174,120.268552,門牌
台南市永康區王行里環工路4號,23.049464,120.274568,門牌
台南市永康區王行里環工路53號,23.042840,120.269885,門牌
台南市永康區王行里環工路57號,23.041786,120.269063,門牌
台南市永康區王行里環工路8號及8之2號,23.048664,120.274210,門牌
台南市永康區王行里環工路99號,23.049337,120.268486,門牌
台南市永康區王行里經中路15號,23.047240,120.269925,門牌
台南市永康區王行里經華路11號,23.045316,120.269938,門牌
台南市永康區王行里經華路2之1號,23.043932,120.268883,門牌
台南市永康區王行里經華路6號,23.044346,120.270131,門牌
台南市永康區王行里興工路2號,23.045038,120.273817,門牌
台南市永康區環工路15號,23.048476,120.274546,門牌
台南市永康區環工路64號,23.048741,120.268660,門牌
台南市永康區環工路67號,23.043405,120.268177,門牌
台南市永康區環工路9號,23.049286,120.274924,門牌
台南市永康區甲頂里中央路35號2樓,23.022903,120.215827,門牌
台南市永康區神洲里復華一街178號10樓之3,23.005522,120.244756,路名
台南市永康區經中路3號,23.046165,120.268441,門牌
台南市永康區經華路9號,23.045035,120.269642,門牌
台南市永康區網寮里文化路261巷6弄20號1樓,23.014396,120.254387,門牌
台南市永康區網寮里永勝街106巷11號7樓之1,23.016976,120.254388,門牌
台南市永康區網寮里永和街199號,23.018468,120.253321,門牌
台南市永康區網寮里永和街203號,23.018490,120.253235,門牌
台南市永康區網寮里永興路107號1樓,23.018779,120.257617,門牌
台南市永康區網寮里永華路560號1樓,23.001211,120.223623,路名
台南市永康區育樂街143巷28號2樓,23.033967,120.268956,門牌
台南市永康區自強路340號,23.029161,120.252987,門牌
台南市永康區興工路28號,23.049267,120.269939,門牌
台南市永康區蔦松一街74巷59號,23.045728,120.258068,門牌
台南市永康區蔦松三街118號,23.046813,120.257208,門牌
台南市永康區蔦松里8鄰蔦松二街3號,23.043696,120.255107,門牌
台南市永康區蔦松里中正北路699巷12號,23.045541,120.258560,門牌
台南市永康區蔦松里中正北路825號,23.047401,120.263384,門牌
台南市永康區蔦松里中正北路837號,23.050767,120.267193,門牌
台南市永康區蔦松里和平路1號,22.953549,120.334204,門牌
台南市永康區蔦松里正北一路98號,23.047976,120.261678,門牌
台南市永康區蔦松里正北三路117號,23.050185,120.262023,門牌
台南市永康區蔦松里正北三路122號,23.049949,120.262524,門牌
台南市永康區蔦松里正北三路135號,23.050689,120.261586,門牌
台南市永康區蔦松里正北三路150巷16.18號,23.049805,120.262230,路名
台南市永康區蔦松里正北三路81號,23.048787,120.262981,門牌
台南市永康區蔦松里正北三路96號,23.049265,120.263229,門牌
台南市永康區蔦松里蔦松三街147巷18號,23.048523,120.258225,門牌
台南市永康區蔦松里蔦松三街81巷2號,23.046927,120.256815,門牌
台南市永康區蔦松里蔦松二街3號,23.043696,120.255107,門牌
台南市永康區西勢里廣興街95巷3號,23.019434,120.278114,門牌
台南市永康區西勢里西勢路199巷56號,23.019824,120.276287,門牌
台南市永康區西橋里中山南路59號1樓,23.012296,120.227335,門牌
台南市永康區西灣里公園路7巷36號,23.012895,120.262973,門牌
台南市永康區西灣里國光八街81號1樓,23.011575,120.260935,門牌
台南市永康區西灣里大灣路942巷455號1樓,23.008307,120.257925,門牌
台南市永康區西灣里文化路235巷3弄5號1樓,23.014809,120.255380,門牌
台南市永康區西灣里永華路204號1樓,23.008914,120.259710,門牌
台南市永康區西灣里永華路271號1樓,23.012122,120.259100,門牌
台南市永康區西灣里永華路384號,23.012451,120.259196,門牌
台南市永康區金專一路25號,23.045855,120.281648,路名
台南市永康區鹽洲里中正南路453巷21號,23.032941,120.226905,門牌
台南市永康區鹽洲里仁愛街117號,23.046628,120.239779,門牌
台南市永康區鹽洲里國聖街167巷2號1樓,23.034344,120.226018,門牌
台南市永康區鹽洲里國聖街238號,23.034292,120.226457,門牌
台南市永康區鹽洲里正南二街87號,23.035348,120.226061,門牌
台南市永康區鹽洲里正南六街31號,23.036142,120.229151,門牌
台南市永康區鹽行里43鄰正南三路192號,23.031225,120.235077,門牌
台南市永康區鹽行里中正一街32巷17號,23.035216,120.248177,門牌
台南市永康區鹽行里中正三街486巷50號,23.038025,120.247701,門牌
台南市永康區鹽行里中正二街436號,23.032691,120.239526,門牌
台南市永康區鹽行里中正五街155、157號1樓,22.996361,120.268655,路名
台南市永康區鹽行里中正五街26號,23.036392,120.244394,門牌
台南市永康區鹽行里中正五街53巷2號,23.036249,120.245683,門牌
台南市永康區鹽行里中正五街61號,23.036168,120.246118,門牌
台南市永康區鹽行里中正五街72號,23.035775,120.246152,門牌
台南市永康區鹽行里中正五街75號,23.036170,120.247137,門牌
台南市永康區鹽行里中正北路318巷66號,23.038054,120.249707,門牌
台南市永康區鹽行里中正南路360巷13-2號,23.010596,120.251544,路名
台南市永康區鹽行里中正南路490巷40號,23.033014,120.234145,門牌
台南市永康區鹽行里中正路556號,23.034925,120.244421,門牌
台南市永康區鹽行里中正路635巷12-1號,23.091570,120.296345,路名
台南市永康區鹽行里中正路846號1樓,23.038657,120.240260,門牌
台南市永康區鹽行里正南三路295號,23.034524,120.231280,門牌
台南市永康區鹽行里正南五街72號1樓,23.030721,120.240234,門牌
台南市永康區鹽行里正南五街88號,23.030957,120.240736,門牌
台南市永康區鹽行里永安一街99號、101號、103號,23.044088,120.242712,門牌
台南市永康區鹽行里永安二街50號,23.046334,120.242705,門牌
台南市永康區龍中街30巷69號,23.030475,120.264383,門牌
台南市永康區龍中街30巷81號,23.030257,120.264949,門牌
台南市永康區龍埔街566號,23.034708,120.259571,路名
台南市永康區龍埔里自強路680號1樓,23.035129,120.261178,門牌
台南市永康區龍潭里13鄰龍安街267號2樓之1,23.037551,120.266261,門牌
台南市永康區龍潭里22鄰龍安街292號6樓之1,23.037236,120.266207,門牌
台南市永康區龍潭里中山北路210號,23.027699,120.262345,門牌
台南市永康區龍潭里中山北路344巷19號,23.028472,120.269473,門牌
台南市永康區龍潭里中山北路461巷8弄102號1樓,23.031072,120.269788,門牌
台南市永康區龍潭里龍中街30巷12號,23.029949,120.263720,門牌
台南市永康區龍潭里龍中街30巷38號1樓,23.030015,120.264651,門牌
台南市永康區龍潭里龍國街422號1樓,23.031781,120.267001,門牌
台南市玉井區望明里劉陳100號,23.106502,120.448355,門牌
台南市玉井區玉井里憲政街92巷4號1樓,23.123384,120.457440,門牌
台南市玉井區玉田里中山路47號1樓,22.993531,120.206381,門牌
台南市玉井區玉田里仁愛街166號,23.121664,120.466789,門牌
台南市玉井區玉田里民族路142號,23.004308,120.270717,門牌
台南市玉井區玉田里民族路205號2樓,23.004163,120.270512,門牌
台南市玉井區竹圍里工業街52號,23.129808,120.472446,門牌
台南市白河區內角里內角127之3號,23.410153,120.444846,門牌
台南市白河區庄內里中山路478號,22.971473,120.254648,門牌
台南市白河區庄內里裕農路328之1號,23.355546,120.418408,門牌
台南市白河區永安里國泰路484號1樓,23.350209,120.412910,路名
台南市白河區永安里富民路360號1樓,23.347349,120.409413,門牌
台南市白河區永安里富民路616號1樓,23.352659,120.410342,門牌
台南市白河區秀祐里民亨街1號,23.346619,120.398486,門牌
台南市白河區秀祐里頂秀祐36號1樓,23.352275,120.402610,門牌
台南市白河區馬稠後里甘宅110號,23.379572,120.432974,門牌
台南市西港區中山路519號,23.132663,120.287743,門牌
台南市西港區劉厝里蚶西港6之15號1樓,23.132621,120.179457,路名
台南市西港區慶安里中山路117巷7弄7號2樓,23.116853,120.203402,門牌
台南市西港區慶安里中山路41號,22.993561,120.206177,門牌
台南市西港區慶安里中山路469之4號,23.098406,120.286592,路名
台南市西港區慶安里中山路477號,23.132398,120.289586,門牌
台南市西港區慶安里中山路483之30號,23.098406,120.286592,路名
台南市西港區慶安里中山路483號,23.035665,120.303283,門牌
台南市西港區慶安里中山路491號,22.971113,120.254998,門牌
台南市西港區慶安里中州26之12號2、3樓,23.122749,120.195979,門牌
台南市西港區慶安里慶安路58號1樓,23.121080,120.201127,門牌
台南市西港區慶安里新興街137號,23.012334,120.230972,門牌
台南市西港區新復里溪埔寮32之8號,23.082856,120.185711,門牌
台南市西港區新復里溪埔寮33之8號1樓,23.087133,120.185909,路名
台南市西港區新復里溪埔寮39-5號1樓,23.087133,120.185909,路名
台南市西港區永樂里新港31號,23.107805,120.183476,門牌
台南市西港區港東里八份102號,23.129923,120.212613,門牌
台南市西港區港東里八份108之6號,23.127665,120.218701,路名
台南市西港區港東里八份87-7號,23.127665,120.218701,路名
台南市西港區溪埔寮1之67號,23.087760,120.184280,門牌
台南市西港區營西里後營150之20號,23.149537,120.214810,門牌
台南市西港區營西里後營2之1號,23.141563,120.215878,路名
台南市西港區營西里後營529之3號1樓,23.138487,120.201407,門牌
台南市西港區營西里後營70之4號2樓,23.141563,120.215878,路名
台南市西港區西港里中山路492號,23.037153,120.254450,門牌
台南市西港區西港里中山路512號,22.971538,120.253616,門牌
台南市西港區西港里文化路74號2樓,23.124219,120.206659,門牌
台南市西港區西港里西港25號,23.122089,120.204339,門牌
台南市西港區西港里西港26之33號1樓,23.121666,120.204920,路名
台南市西港區西港里西港2號之30,23.127383,120.209679,門牌
台南市西港區金砂里新寮1號1樓,23.156086,120.203146,門牌
台南市關廟區下湖里保東一街355號,22.987520,120.304249,門牌
台南市關廟區下湖里南雄路2段886號,22.973506,120.321998,門牌
台南市關廟區中山路2段260號,22.962524,120.314744,門牌
台南市關廟區中山路2段261號,22.962144,120.314554,門牌
台南市關廟區五甲里5鄰五甲路21巷23號2樓,22.951021,120.329954,門牌
台南市關廟區五甲里五智街35號,22.952037,120.328801,門牌
台南市關廟區五甲里五甲路41號,22.950400,120.328156,門牌
台南市關廟區五甲里南雄路1段523號,22.944957,120.333130,門牌
台南市關廟區五甲里南雄路1段529號1樓,22.945138,120.333073,門牌
台南市關廟區五甲里南雄路1段539號,22.945406,120.332865,門牌
台南市關廟區五甲里南雄路一段650號,22.949187,120.331659,路名
台南市關廟區五甲里大順路158號,22.947534,120.329703,門牌
台南市關廟區五甲里旺萊路6號,22.951742,120.331697,門牌
台南市關廟區保東路356巷570弄50號,22.996312,120.305503,路名
台南市關廟區北勢里仁愛路330號,22.966899,120.332602,門牌
台南市關廟區北花里園東街128號1樓,22.962060,120.337327,門牌
台南市關廟區南雄里南雄南路538號,22.905016,120.354943,門牌
台南市關廟區埤頭里保東路218號,22.996755,120.303582,門牌
台南市關廟區埤頭里保東路269號,22.995287,120.302304,門牌
台南市關廟區埤頭里保東路288巷119號1樓,22.997818,120.302070,門牌
台南市關廟區埤頭里關新路1段288號,22.994900,120.308965,路名
台南市關廟區埤頭里關新路2段36之1號B棟,22.996455,120.309873,門牌
台南市關廟區埤頭里關新路2段36號,22.996714,120.309671,門牌
台南市關廟區埤頭里關新路2段458號,23.005907,120.308918,門牌
台南市關廟區埤頭里關新路2段766巷38號,22.994900,120.308965,路名
台南市關廟區埤頭里關新路二段103巷67弄9號1樓,22.994900,120.308965,路名
台南市關廟區埤頭里關新路二段38之1號,22.994900,120.308965,路名
台南市關廟區大順路69號,22.949500,120.329052,門牌
台南市關廟區山西里文衡路211號1樓,22.966565,120.326049,門牌
台南市關廟區山西里文衡路268號1樓,22.966124,120.326463,門牌
台南市關廟區布袋里長文街130巷25號,22.919593,120.345036,門牌
台南市關廟區布袋里長文街326巷57號1樓,22.914200,120.337003,門牌
台南市關廟區布袋里長裕街118號,22.923008,120.340971,門牌
台南市關廟區文衡路318巷16號1樓,22.964426,120.326045,路名
台南市關廟區新埔里新埔一街30號1樓,22.967265,120.329561,門牌
台南市關廟區東勢里東榮街226號1樓,22.953448,120.340146,門牌
台南市關廟區東勢里東榮街287號,22.951757,120.341704,門牌
台南市關廟區東勢里東榮街291號,22.951231,120.341232,門牌
台南市關廟區深坑里南雄路1段100號,22.933351,120.339083,門牌
台南市關廟區深坑里南雄路1段126號,22.934122,120.337630,門牌
台南市關廟區深坑里南雄路一段55巷55號,22.949187,120.331659,路名
台南市關廟區花園里北安一街97號1樓,22.964526,120.335204,門牌
台南市關廟區花園里園東街128號1樓,22.962060,120.337327,門牌
台南市關廟區花園里旺萊路642號,22.956123,120.336433,路名
台南市關廟區關廟里中山路2段165巷105號1樓,22.957869,120.324955,門牌
台南市關廟區關廟里中山路2段251號,22.961891,120.315933,門牌
台南市關廟區關廟里中山路2段258號,22.962374,120.315444,門牌
台南市關廟區關廟里中山路二段249號,23.035811,120.307782,門牌
台南市關廟區關新路1段270號,22.981879,120.313177,門牌
台南市關廟區關新路1段628號,22.991025,120.310610,門牌
台南市關廟區關新路1段656號,22.991344,120.309287,門牌
台南市關廟區關新路2段387號,23.004685,120.307975,門牌
台南市關廟區關新路一段268號1樓,22.994900,120.308965,路名
台南市關廟區香洋里10鄰中正路931號二樓,22.961993,120.329844,門牌
台南市關廟區香洋里民權街196巷15弄1號,23.121722,120.327798,路名
台南市關廟區香洋里花園一街279巷21號,22.960945,120.331515,門牌
台南市關廟區龜洞里南雄南路838號1樓,22.898962,120.345448,門牌
台南市鹽水區三和里田寮25之1號,23.277504,120.227034,路名
台南市鹽水區坔頭港里坔頭港201之8號2樓,23.253866,120.250975,門牌
台南市鹽水區後宅里後寮62之5號1樓,23.308526,120.247374,門牌
台南市鹽水區文昌里孫厝寮4之9號,23.290702,120.225200,門牌
台南市鹽水區文昌里後寮20號1樓,23.307380,120.251731,門牌
台南市鹽水區橋南里五福路138號,23.306432,120.275603,門牌
台南市鹽水區橋南里自強街2號,22.999609,120.202230,門牌
台南市鹽水區橋南里自強街3號,22.999561,120.202112,門牌
台南市鹽水區水秀里土庫2之17號,23.327440,120.281394,門牌
台南市鹽水區津城里民生街30號1樓,22.955684,120.326244,門牌
台南市鹽水區自立街1號,23.229273,120.180869,門牌
台南市麻豆區中民里謝厝寮105號1樓,23.147396,120.235935,門牌
台南市麻豆區中民里謝厝寮107號1樓,23.147582,120.235978,門牌
台南市麻豆區中興里三民路70之1號1樓,23.276059,120.329407,路名
台南市麻豆區中興里興國路36之5號,23.180414,120.247749,路名
台南市麻豆區中興里興國路38巷41號,23.179880,120.247243,門牌
台南市麻豆區北勢里北勢寮10之45號,23.267040,120.305049,路名
台南市麻豆區南勢里南勢36之28號2樓,23.185507,120.262956,路名
台南市麻豆區埤頭里工業路222號,23.188694,120.233464,門牌
台南市麻豆區埤頭里麻佳路一段347號,23.184551,120.239835,路名
台南市麻豆區埤頭里麻學路一段145巷113號,23.186434,120.239277,路名
台南市麻豆區埤頭里麻學路一段346號1樓,23.186434,120.239277,路名
台南市麻豆區寮廍里寮子廍166之7號,23.188697,120.283109,路名
台南市麻豆區寮廍里寮子廍9之80號,23.188697,120.283109,路名
台南市麻豆區小埤里工業路227號,23.189669,120.230849,門牌
台南市麻豆區巷口里新生南路680號1樓,23.176706,120.249806,門牌
台南市麻豆區新興里仁愛路10號之1一樓,22.960647,120.329851,門牌
台南市麻豆區晋江里民權路70之28號1樓,23.075575,120.242658,路名
台南市麻豆區東角里信義路120號,23.130528,120.299601,門牌
台南市麻豆區東角里國中街108號1樓,23.181038,120.257343,門牌
台南市麻豆區東角里民生路25巷9號1樓,23.182725,120.254270,門牌
台南市麻豆區油車里新生北路57號,23.187230,120.240779,門牌
台南市麻豆區油車里自由路34之45號1樓,23.008237,120.244716,路名
台南市麻豆區油車里自由路38之4號1樓,23.008237,120.244716,路名
台南市麻豆區海埔里大山脚11之1號1樓,23.194899,120.220539,路名
台南市麻豆區海埔里海埔11號,23.112326,120.051545,門牌
台南市麻豆區港尾里客子寮571號,23.224224,120.220970,門牌
台南市麻豆區興國路38巷41號1樓,23.179880,120.247243,門牌
台南市麻豆區麻佳路一段259號,23.184551,120.239835,路名
台南市麻豆區麻口里麻佳路一段501號,23.184551,120.239835,路名
台南市麻豆區麻口里麻佳路一段565號,23.184551,120.239835,路名
台南市麻豆區麻口里麻佳路一段688號,23.184551,120.239835,路名
台南市麻豆區麻口里麻佳路二段189號,23.184551,120.239835,路名
台南市麻豆區麻口里麻佳路二段50號,23.184551,120.239835,路名
台南市麻豆區麻口里麻佳路二段7號,23.184551,120.239835,路名
台南市麻豆區龍泉里溝子墘87號,23.177841,120.261287,門牌
台南市龍崎區崎頂里新市子3號1樓,22.966868,120.358076,門牌
台南市龍崎區楠坑里楠坑45號,22.918252,120.364009,門牌
台東縣卑南鄉太平村太平路325號,22.783458,121.084913,門牌
台東縣卑南鄉泰安村泰安164號,22.794270,121.067079,門牌
台東縣卑南鄉溫泉村龍泉路113巷23號,22.692095,121.006884,門牌
台東縣台東市中山里正氣路191號二樓,22.752781,121.151189,門牌
台東縣台東市中心里新生路537巷3號,22.761037,121.137930,門牌
台東縣台東市中心里新生路593巷15弄19號,22.761299,121.136680,門牌
台東縣台東市中心里漢中街220號1樓,22.760194,121.136160,門牌
台東縣台東市中興路一段388號1樓,22.769920,121.106786,路名
台東縣台東市中興路一段632巷64弄1號1樓,22.769920,121.106786,路名
台東縣台東市中華里四維路1段582號1樓,22.758857,121.155287,門牌
台東縣台東市仁和里中興路1段252巷25號6樓,22.768910,121.140849,門牌
台東縣台東市仁和里仁五街90號,22.768705,121.141621,門牌
台東縣台東市光明里中興路2段450巷28弄56號5樓,22.769920,121.106786,路名
台東縣台東市卑南里南一街18號1樓,22.777852,121.124837,門牌
台東縣台東市卑南里南一街201號1樓,22.780206,121.120369,門牌
台東縣台東市卑南里志航路一段111巷17弄1號一樓,22.785497,121.135929,路名
台東縣台東市南一街80巷15號1樓,22.778632,121.123631,門牌
台東縣台東市南榮里志航路1段172-1號1樓,22.785497,121.135929,路名
台東縣台東市南榮里志航路一段172-1號1樓,22.785497,121.135929,路名
台東縣台東市南榮里志航路一段639巷71弄6號󺂬,22.785497,121.135929,路名
台東縣台東市南榮里馬亨亨大道846號,22.777525,121.138859,門牌
台東縣台東市南王里更生北路692巷25號一樓,22.787505,121.114367,門牌
台東縣台東市四維路三段21號12樓,22.764254,121.150599,路名
台東縣台東市富岡里吉林路一段1266號,22.786687,121.171748,路名
台東縣台東市岩灣里興盛路357號1樓,22.788890,121.126719,路名
台東縣台東市康樂里康樂路215巷436號,22.743142,121.097039,門牌
台東縣台東市建和里青海路三段1巷76弄15號,22.728219,121.048002,路名
台東縣台東市建和里青海路二段300號,22.728219,121.048002,路名
台東縣台東市文化里正氣路316號,22.755361,121.148441,門牌
台東縣台東市新生里仁五街90號,22.768705,121.141621,門牌
台東縣台東市新生里仁五街90號1樓,22.768705,121.141621,門牌
台東縣台東市新生里四維路三段62號2樓,22.764254,121.150599,路名
台東縣台東市東海里正氣北路109巷70號,22.755571,121.140240,門牌
台東縣台東市正氣路282號2樓,22.754669,121.149198,門牌
台東縣台東市民族里南京路39號1樓,22.758101,121.147232,路名
台東縣台東市漢陽南路60號1樓,22.742416,121.137045,門牌
台東縣台東市自強里洛陽街207號,22.761205,121.141856,門牌
台東縣台東市自強里漢中街162巷10號2樓,22.759220,121.137093,門牌
台東縣台東市豐原里中華路4段861巷350號,22.721311,121.101612,門牌
台東縣台東市豐原里中華路4段998巷360號,22.796562,121.149733,路名
台東縣台東市豐安里仁昌街10巷14號一樓,22.751916,121.136804,門牌
台東縣台東市豐年里中興路2段743巷67弄8之1號1樓,22.767500,121.117287,門牌
台東縣台東市豐年里中興路4段133巷9弄81號,22.769920,121.106786,路名
台東縣台東市豐年里中興路4段133巷9弄90號,22.769920,121.106786,路名
台東縣台東市豐年里中興路三段579巷24號,22.769920,121.106786,路名
台東縣台東市豐榮里中華路2段214巷78弄12號1樓,22.745860,121.136663,門牌
台東縣台東市豐榮里仁和街109號1樓,22.752015,121.132037,門牌
台東縣台東市豐榮里文山路36號1樓,22.742980,121.140962,門牌
台東縣台東市豐榮里正氣北路339巷61號,22.751976,121.136031,門牌
台東縣台東市豐榮里漢陽北路273號,22.750294,121.132607,門牌
台東縣台東市豐榮里豐榮路68巷20號1樓,22.748375,121.139204,門牌
台東縣台東市豐樂里大勇路42號,22.752402,121.130133,門牌
台東縣台東市豐樂里大德路30號,22.756390,121.131009,門牌
台東縣台東市豐樂里大忠路6號,22.754901,121.134855,門牌
台東縣台東市豐樂里太原路一段399巷9號,22.755641,121.122020,路名
台東縣台東市豐樂里正氣北路310號2樓,22.753957,121.135484,門牌
台東縣台東市豐盛里豐盛路13巷1號1樓,22.745341,121.141241,門牌
台東縣台東市豐谷里豐谷北路110號1樓,22.744860,121.128685,門牌
台東縣台東市連航路66號,22.770082,121.122009,門牌
台東縣台東市鐵花里新生路46之1號1樓,22.822392,121.162502,路名
台東縣太麻里鄉泰和村太麻里街143號,22.613380,121.007232,門牌
台東縣太麻里鄉華源村大坑152號,22.665165,121.019507,路名
台東縣池上鄉福原村中東三路11-1號1樓,23.123194,121.218143,路名
台東縣關山鎮三民路23號,23.102182,121.370495,門牌
台東縣關山鎮中福里三民路82號1樓,23.049527,121.162684,門牌
嘉義市東區中央里成仁街171號1樓,23.480090,120.452020,門牌
嘉義市東區中庄里世賢路一段8號,23.476569,120.438574,路名
嘉義市東區中庄里世賢路一段8號1樓,23.476569,120.438574,路名
嘉義市東區中庄里台斗街193之20號一樓,23.493121,120.451031,路名
嘉義市東區中庄里台斗街57之3號六樓三,23.491900,120.450960,門牌
嘉義市東區中庄里忠孝路627號1樓,23.502922,120.448009,門牌
嘉義市東區保康路180號,23.507530,120.449730,門牌
嘉義市東區吳鳳南路17巷16號1樓,23.464798,120.456612,路名
嘉義市東區吳鳳南路443之5號1樓,23.464798,120.456612,路名
嘉義市東區圳頭里盧厝109-28號1樓,23.487593,120.485458,路名
嘉義市東區圳頭里盧義路237號1樓,23.493109,120.483166,路名
嘉義市東區大雅路二段298號三樓2,23.479634,120.480818,路名
嘉義市東區安寮里南興路192之1號一樓,23.466389,120.457725,路名
嘉義市東區後庄里東義路156巷55-15號1樓,23.494869,120.469651,路名
嘉義市東區後庄里東義路160號1樓,23.495080,120.469324,門牌
嘉義市東區後庄里林森東路691巷139弄26-1號1樓,23.491659,120.470622,路名
嘉義市東區後庄里義教東路39號1樓,23.492770,120.468800,門牌
嘉義市東區後湖里9鄰保忠一街68巷29號,23.513799,120.454172,門牌
嘉義市東區後湖里保仁三街218之2號一樓,23.507150,120.456730,門牌
嘉義市東區後湖里保忠三街27巷80號,23.508280,120.452800,門牌
嘉義市東區後湖里保義路290號2樓,23.507190,120.453230,門牌
嘉義市東區後湖里忠孝二街137號,23.503490,120.450780,門牌
嘉義市東區後湖里忠孝路790號之180一樓,23.515240,120.445680,門牌
嘉義市東區忠孝北街110之39號,23.517150,120.447160,門牌
嘉義市東區文雅里東洋新邨186號1樓,23.483430,120.489190,門牌
嘉義市東區文雅里東洋新邨68之26號,23.482310,120.488920,門牌
嘉義市東區新店里林森東路269巷56之39號1樓,23.491940,120.465610,門牌
嘉義市東區新店里義教西路18巷17號1樓,23.492429,120.466818,門牌
嘉義市東區東川里大雅路二段558號一、二樓,23.479634,120.480818,路名
嘉義市東區東川里金龍街32號一樓,23.478880,120.472030,門牌
嘉義市東區東平里維忠街10之6號1樓,23.483308,120.462171,門牌
嘉義市東區林森里共和路396號一樓,23.486920,120.454590,門牌
嘉義市東區溪興街205號1樓,23.454440,120.455690,門牌
嘉義市東區王田里圓福街7之1號1樓,23.484835,120.464091,門牌
嘉義市東區王田里民權路38之11號,23.483036,120.454311,路名
嘉義市東區盧厝里大雅路一段312號1樓,23.479634,120.480818,路名
嘉義市東區盧厝里文雅街303號1樓,23.481700,120.483690,門牌
嘉義市東區短竹里光仁街69號,23.469073,120.467149,門牌
嘉義市東區短竹里大雅路二段629號7樓,23.479634,120.480818,路名
嘉義市東區短竹里彌陀路276號,23.469910,120.465840,路名
嘉義市東區短竹里日新街189號1樓,23.471589,120.468406,門牌
嘉義市東區興業東路267號4樓,23.469640,120.455500,門牌
嘉義市東區芳安里芳安路241號2樓,23.467893,120.459963,路名
嘉義市東區芳草里彌陀路225巷94號一樓,23.466520,120.465590,門牌
嘉義市東區芳草里芳興街100號一樓,23.467450,120.462840,門牌
嘉義市東區荖藤里忠孝路802之3號一樓,23.517476,120.441312,門牌
嘉義市東區荖藤里文化路722巷103弄216號一樓,23.502090,120.442330,門牌
嘉義市東區荖藤里荖藤宅24號,23.510680,120.444140,門牌
嘉義市東區蘭潭里小雅路183號三樓之12,23.473740,120.472650,門牌
嘉義市東區西榮里蘭井街305號9樓之2,23.477120,120.446790,門牌
嘉義市東區豐年里崇文街145-1號4樓,23.471971,120.450675,路名
嘉義市東區長竹里19鄰大雅路2段495巷79號1樓,23.479634,120.480818,路名
嘉義市東區長竹里大雅路二段433巷28弄11號一樓,23.479634,120.480818,路名
嘉義市東區長竹里大雅路二段433巷33號二樓,23.479634,120.480818,路名
嘉義市東區長竹里水源地34-6號1樓,23.485799,120.479027,路名
嘉義市東區頂寮里信興街78巷24號一樓,23.464850,120.460160,門牌
嘉義市東區頂寮里芳德街108號,23.467192,120.459836,路名
嘉義市東區頂庄里義教街402號一樓,23.497170,120.462010,門牌
嘉義市西區中興路55號,23.480920,120.438340,門牌
嘉義市西區仁愛路347號4樓之1,23.474800,120.442090,門牌
嘉義市西區保安里保安一路430號一樓,23.490132,120.430805,門牌
嘉義市西區保安里八德路244號1F,23.488900,120.430490,門牌
嘉義市西區保安里自由路409巷30號1樓,23.492037,120.430817,門牌
嘉義市西區保安里興達路592巷3號8樓之2,23.485170,120.428750,門牌
嘉義市西區保生里保安四路63號1樓,23.492599,120.435693,路名
嘉義市西區保生里友孝路312號,23.488420,120.435310,門牌
嘉義市西區保生里永吉三街46巷1弄27號1樓,23.492900,120.436820,門牌
嘉義市西區保福里八德路206號,23.487680,120.430600,門牌
嘉義市西區保福里國揚一街20號7樓之2,23.487120,120.427950,門牌
嘉義市西區光路里世賢路三段510號,23.476569,120.438574,路名
嘉義市西區光路里世賢路四段20號1樓,23.476569,120.438574,路名
嘉義市西區光路里新民路406號1樓,23.459650,120.440270,門牌
嘉義市西區光路里新民路475巷34號一樓,23.459510,120.438300,門牌
嘉義市西區光路里新民路519巷18號一樓,23.460310,120.439990,門牌
嘉義市西區光路里新民路555巷55弄12號1樓,23.460300,120.438770,門牌
嘉義市西區劉厝路8號,23.461011,120.417251,門牌
嘉義市西區劉厝里劉厝路415號1樓,23.464896,120.418319,路名
嘉義市西區劉厝里大信街196號1樓,23.467160,120.414398,門牌
嘉義市西區劉厝里大吉街141號,23.467172,120.418214,門牌
嘉義市西區劉厝里大富西街5號,23.462909,120.413269,門牌
嘉義市西區劉厝里大富西街85巷9號一樓,23.464010,120.413203,門牌
嘉義市西區劉厝里大愛街38之5號1樓,23.466471,120.417057,門牌
嘉義市西區劉厝里大聖路140號1樓,23.461768,120.418851,門牌
嘉義市西區劉厝里玉山路501號,23.469911,120.417803,門牌
嘉義市西區劉厝里自強街103巷1號一樓,23.464660,120.421690,門牌
嘉義市西區北新里文化路1059號,23.490442,120.445716,路名
嘉義市西區北新里海口寮路267號一樓,23.501610,120.430780,門牌
嘉義市西區北港路225號6樓,23.479350,120.430950,門牌
嘉義市西區博愛路二段106號,23.481262,120.439263,路名
嘉義市西區博愛路二段864號3樓,23.481262,120.439263,路名
嘉義市西區友忠路92號1樓,23.469247,120.427254,門牌
嘉義市西區國華里長榮街303號二樓,23.482760,120.447080,門牌
嘉義市西區垂楊里垂楊路595巷10號一樓,23.472240,120.439890,門牌
嘉義市西區垂楊里建成街114號,23.470450,120.438910,門牌
嘉義市西區垂楊里新建街8巷9號,23.468620,120.439080,門牌
嘉義市西區埤竹路52號,23.490316,120.396526,門牌
嘉義市西區培元里成功街98號,23.472190,120.443530,門牌
嘉義市西區大溪路366之8號,23.481675,120.407483,路名
嘉義市西區大溪里大溪路51號一樓,23.485350,120.416110,門牌
嘉義市西區大溪里大溪路615巷6號一樓,23.480420,120.402200,門牌
嘉義市西區大溪里高鐵大道453巷263號一樓,23.479521,120.424715,路名
嘉義市西區大溪里高鐵大道453巷265號附2,23.479521,120.424715,路名
嘉義市西區大聖北街63號,23.462468,120.419488,路名
嘉義市西區導明里成功東街65號1樓,23.472470,120.447500,門牌
嘉義市西區導明里西榮街16號1樓,23.473100,120.445830,門牌
嘉義市西區後驛里博愛路二段133號1樓,23.481262,120.439263,路名
嘉義市西區後驛里博愛路二段264號一樓,23.481262,120.439263,路名
嘉義市西區文化里民族路546號五樓,23.475952,120.447805,門牌
嘉義市西區新厝里撫順一街27巷3號1樓,23.490350,120.439800,門牌
嘉義市西區新厝里松江二街1號,23.493160,120.442300,門牌
嘉義市西區新厝里龍江街117巷一號一樓,23.491213,120.440954,路名
嘉義市西區新富里新榮路193號2樓,23.475370,120.444470,門牌
嘉義市西區新榮路35巷15號5樓之5,23.469410,120.443450,門牌
嘉義市西區新民路271號1樓,23.456334,120.436205,門牌
嘉義市西區新民路37號,23.452030,120.431310,門牌
嘉義市西區書院里新榮路325號一樓,23.479060,120.444080,門牌
嘉義市西區永吉四街31號4樓5,23.492176,120.436159,路名
嘉義市西區港坪里12鄰永樂二街11號1樓,23.472789,120.422356,門牌
嘉義市西區港坪里9鄰育人路232號1樓,23.472940,120.416710,門牌
嘉義市西區港坪里大同路438巷37號一樓,23.475310,120.415840,門牌
嘉義市西區港坪里大同路486號1樓,23.474535,120.415275,門牌
嘉義市西區港坪里永樂五街35號6樓之3,23.475270,120.422560,門牌
嘉義市西區湖內里19鄰新民路182號1樓,23.455767,120.436038,門牌
嘉義市西區湖內里7鄰南京路109號1樓,23.456500,120.439550,門牌
嘉義市西區湖內里新民路128號,23.454190,120.434490,門牌
嘉義市西區湖內里新民路298號4樓,23.457660,120.438120,門牌
嘉義市西區湖邊里博愛路1段324號2樓,23.488400,120.445080,門牌
嘉義市西區湖邊里博愛路一段354號一樓,23.481262,120.439263,路名
嘉義市西區湖邊里文化路559-11號1樓,23.490442,120.445716,路名
嘉義市西區漢口路256號,23.466523,120.431530,門牌
嘉義市西區獅子里南京路206號一樓,23.457260,120.439040,門牌
嘉義市西區玉山路78巷40號1樓,23.473950,120.429730,門牌
嘉義市西區番社里9鄰民權路449號1樓,23.481832,120.446239,門牌
嘉義市西區磚磘里永康三街22號,23.475500,120.424972,門牌
嘉義市西區磚里大華路138巷1號,23.474600,120.424970,門牌
嘉義市西區福全里中興路499號6樓2,23.480820,120.438470,門牌
嘉義市西區福全里友義街16號1樓,23.481240,120.436050,門牌
嘉義市西區福全里德明路65號三樓之3,23.481303,120.431976,路名
嘉義市西區福全里福義街23號一樓,23.478092,120.431132,門牌
嘉義市西區福安里八德路41號1樓,23.483000,120.430800,門牌
嘉義市西區福安里四維路109號1樓,23.480890,120.425620,門牌
嘉義市西區福安里德安路145號一樓,23.483523,120.428707,門牌
嘉義市西區福安里泰瑞二街68號1樓,23.485720,120.425730,門牌
嘉義市西區福州六街64號1樓,23.464370,120.432670,門牌
嘉義市西區福民里9鄰重慶路382號1樓,23.463120,120.431450,門牌
嘉義市西區福民里世賢路三段175號12樓之3,23.476569,120.438574,路名
嘉義市西區福民里溫州二街22號1樓,23.462340,120.437050,門牌
嘉義市西區福民里漢口路69號一樓,23.463670,120.435180,門牌
嘉義市西區福民里福州三街83號,23.462670,120.433990,門牌
嘉義市西區福民里福州五街4號四樓之10,23.461997,120.435368,路名
嘉義市西區福民里重慶路150號,23.465670,120.436950,門牌
嘉義市西區福民里錦州三街20號1樓,23.464260,120.435046,門牌
嘉義市西區福民里錦州三街29號1樓,23.464179,120.435472,門牌
嘉義市西區竹圍里9鄰友孝路234號1樓,23.486250,120.435440,門牌
嘉義市西區竹圍里友孝路133號1樓,23.483486,120.435449,門牌
嘉義市西區竹圍里友愛路237號10樓1,23.483840,120.433540,門牌
嘉義市西區紅瓦里世賢路三段218號,23.476569,120.438574,路名
嘉義市西區紅瓦里新民路175號一樓,23.454320,120.433860,門牌
嘉義市西區紅瓦里新民路251巷7號1樓,23.455715,120.435431,門牌
嘉義市西區紅瓦里新民路269巷6號附1,23.463246,120.439116,路名
嘉義市西區紅瓦里重慶二街212巷75號一樓,23.459950,120.431030,門牌
嘉義市西區美源里11鄰世賢路四段296號1樓,23.476569,120.438574,路名
嘉義市西區美源里24鄰杭州五街67號1樓,23.465960,120.443420,門牌
嘉義市西區美源里仁愛路32號1樓,23.466400,120.441290,門牌
嘉義市西區翠岱里仁愛路200-1號1樓,23.471706,120.442050,路名
嘉義市西區翠岱里志昇街102號十一樓,23.469320,120.442050,門牌
嘉義市西區育英里民生南路169號1樓,23.469550,120.447160,門牌
嘉義市西區自強里永安街390巷17號1樓,23.470310,120.440430,門牌
嘉義市西區興業西路71號2樓,23.468300,120.444790,門牌
嘉義市西區興通路19號,23.484780,120.434890,門牌
嘉義市西區西平里世賢路二段385之1號一樓,23.476569,120.438574,路名
嘉義市西區西榮里中正路527號1樓,23.478790,120.446580,門牌
嘉義市西區西榮里新榮路166號一樓,23.477840,120.444360,門牌
嘉義市西區西榮里蘭井街303號3樓之2,23.477120,120.446790,門牌
嘉義市西區車店里上海路59之2號1樓,23.466912,120.433344,路名
嘉義市西區車店里世賢路三段49號一樓,23.476569,120.438574,路名
嘉義市西區車店里文山街91號1樓,23.466000,120.433210,門牌
嘉義市西區車店里武昌街38號1樓,23.465525,120.433572,門牌
嘉義市西區車店里漢口路256號1樓,23.466523,120.431530,門牌
嘉義市西區車店里興業西路336之7號11樓1,23.468155,120.439738,路名
嘉義市西區車店里蘭州一街82號,23.465630,120.431320,門牌
嘉義市西區車店里貴州街104號1樓,23.467960,120.432630,門牌
嘉義市西區車店里貴州街47號十一樓1,23.467137,120.434105,路名
嘉義市西區車店里青年街47號,23.468910,120.436770,門牌
嘉義市西區車店里青年街92號1樓,23.469658,120.436158,路名
嘉義市西區重慶二街210號1樓,23.459060,120.430460,門牌
嘉義市西區重興里重興街57號一樓,23.487510,120.440870,門牌
嘉義市西區錦州三街20號1樓,23.464260,120.435046,門牌
嘉義市西區長安街1巷14號2樓,23.485220,120.445790,門牌
嘉義市西區頭港里玉山路1019號,23.468330,120.405210,門牌
嘉義市西區頭港里育人路513號附8,23.472870,120.409180,門牌
嘉義縣中埔鄉和睦村10鄰中華路798巷15號,23.448383,120.459556,門牌
嘉義縣中埔鄉和睦村中華路288之6號1樓,23.435882,120.452169,門牌
嘉義縣中埔鄉和睦村中華路742號,23.447482,120.458593,門牌
嘉義縣中埔鄉和睦村中華路798巷15號,23.448383,120.459556,門牌
嘉義縣中埔鄉和睦村司公廍5-7號1樓,23.453785,120.473351,路名
嘉義縣中埔鄉和美村三和路60巷16號1樓,23.452874,120.461232,門牌
嘉義縣中埔鄉和美村中山路五段348號,23.585660,120.553612,門牌
嘉義縣中埔鄉和美村仁義路131號1樓,23.452562,120.469986,門牌
嘉義縣中埔鄉和美村司公廍36號附56,23.455982,120.478056,門牌
嘉義縣中埔鄉和美村後庄160-101號1樓,23.459000,120.441531,路名
嘉義縣中埔鄉和美村永樂新村106號1樓,23.454615,120.460807,門牌
嘉義縣中埔鄉和美村永樂新村350號,23.454233,120.463517,門牌
嘉義縣中埔鄉和興村中華路305巷15號1樓,23.439325,120.452426,門牌
嘉義縣中埔鄉和興村中華路675號,23.446599,120.457688,門牌
嘉義縣中埔鄉和興村後庄39巷252號2樓,23.449646,120.456546,門牌
嘉義縣中埔鄉富收村庄內1之5號,23.444572,120.490961,路名
嘉義縣中埔鄉富收村興化廍1號之1,23.441682,120.479910,門牌
嘉義縣中埔鄉富收村頂中下街105號,23.454014,120.485228,門牌
嘉義縣中埔鄉義仁村樹頭埔35之63號,23.442218,120.512683,門牌
嘉義縣中埔鄉金蘭村金蘭24之1號,23.440607,120.504873,路名
嘉義縣中埔鄉隆興村湖仔厝21之2號1樓,23.440618,120.523229,路名
嘉義縣中埔鄉頂埔村頂埔82號1樓,23.473724,120.569587,門牌
嘉義縣六腳鄉六斗村六斗尾138號,23.550025,120.296604,門牌
嘉義縣六腳鄉六斗村六斗尾282號1樓,23.544652,120.294424,門牌
嘉義縣六腳鄉正義村大橋頭316號1樓,23.477064,120.246434,門牌
嘉義縣六腳鄉蒜南村蒜頭364號,23.490967,120.290788,門牌
嘉義縣六腳鄉蒜頭村蒜頭1之166號,23.502083,120.300824,門牌
嘉義縣六腳鄉蒜頭村蒜頭82之5號1樓,23.491053,120.292550,路名
嘉義縣六腳鄉蘇厝村5鄰蘇厝寮109號,23.557279,120.299874,門牌
嘉義縣六腳鄉蘇厝村蘇厝寮104號,23.557533,120.299471,門牌
嘉義縣六腳鄉蘇厝村蘇厝寮243號1樓,23.553198,120.298064,門牌
嘉義縣六腳鄉蘇厝村蘇厝寮92號之4,23.558280,120.300556,門牌
嘉義縣大林鎮三角里林頭23號,23.618823,120.503517,門牌
嘉義縣大林鎮中坑里大埔美園區三路32號1樓,23.587877,120.508973,路名
嘉義縣大林鎮中坑里大埔美園區五路3號,23.584573,120.511146,門牌
嘉義縣大林鎮中坑里大埔美園區十八路2號,23.582787,120.502801,門牌
嘉義縣大林鎮中坑里大埔美園區十八路6號1樓,23.582806,120.503288,路名
嘉義縣大林鎮大美里19鄰大埔美園區三路56號,23.587877,120.508973,路名
嘉義縣大林鎮大美里4鄰大埔美91號,23.597145,120.504170,門牌
嘉義縣大林鎮大美里互助社區13巷48弄6號,23.598576,120.511812,門牌
嘉義縣大林鎮大美里大埔美園區一路42號,23.590524,120.504924,路名
嘉義縣大林鎮大美里大埔美園區三路35號,23.587877,120.508973,路名
嘉義縣大林鎮大美里大埔美園區三路66之2號,23.587877,120.508973,路名
嘉義縣大林鎮大美里大埔美園區二路29號,23.595015,120.515974,路名
嘉義縣大林鎮平林里31鄰四維街33號1樓,23.601938,120.460061,門牌
嘉義縣大林鎮平林里31鄰四維街33號一樓,23.601938,120.460061,門牌
嘉義縣大林鎮平林里中正路824-6號1樓,23.541745,120.409926,路名
嘉義縣大林鎮平林里中興路233號1樓,23.429872,120.402758,門牌
嘉義縣大林鎮平林里中興路282-24號1樓,23.541367,120.429599,路名
嘉義縣大林鎮平林里民族路128巷18號1樓,23.597620,120.462394,門牌
嘉義縣大林鎮忠孝路593巷65號1樓,23.606857,120.452932,門牌
嘉義縣大林鎮明和里忠孝路569巷13弄47號1樓,23.606687,120.451358,門牌
嘉義縣大林鎮明和里甘蔗崙224巷16號,23.607721,120.453221,門牌
嘉義縣大林鎮明和里甘蔗崙96號1樓,23.613986,120.447552,門牌
嘉義縣大林鎮明華里中正路191號,23.561393,120.347517,門牌
嘉義縣大林鎮明華里明華路177-8號,23.601771,120.448472,路名
嘉義縣大林鎮明華里湖底55號,23.594993,120.441440,門牌
嘉義縣大林鎮溝背里溝背45號,23.617595,120.488890,門牌
嘉義縣太保市光復路8號,23.400790,120.186509,路名
嘉義縣太保市北新里中山路一段474巷36號,23.511556,120.450264,路名
嘉義縣太保市北新里中正路92巷2號,23.499017,120.385598,門牌
嘉義縣太保市北港路二段213號附7,23.498579,120.369033,路名
嘉義縣太保市南新里中山路一段293之3號1樓,23.511556,120.450264,路名
嘉義縣太保市南新里中正路223號1樓,23.562498,120.347795,門牌
嘉義縣太保市南新里中興路2段3巷30號,23.541367,120.429599,路名
嘉義縣太保市南新里仁愛路6號,23.603017,120.454655,門牌
嘉義縣太保市南新里北港路2段109號,23.496819,120.379994,門牌
嘉義縣太保市南新里北港路二段105巷48號1樓,23.498579,120.369033,路名
嘉義縣太保市南新里北港路二段105巷56號,23.498579,120.369033,路名
嘉義縣太保市南新里北港路二段105巷87號,23.498579,120.369033,路名
嘉義縣太保市南新里南埤路48-2號,23.493684,120.384873,路名
嘉義縣太保市嘉太工業區中興路16號,23.508284,120.356882,門牌
嘉義縣太保市嘉太工業區光復路10號,23.506179,120.358698,路名
嘉義縣太保市嘉太工業區光復路12號,23.505707,120.361340,門牌
嘉義縣太保市嘉太工業區光復路28之1號,23.506179,120.358698,路名
嘉義縣太保市嘉太工業區光復路34號,23.506065,120.354408,門牌
嘉義縣太保市嘉太工業區光復路5號,23.506519,120.363319,門牌
嘉義縣太保市嘉太工業區和順路4號,23.507465,120.355695,門牌
嘉義縣太保市嘉太工業區和順路5號,23.507712,120.355060,門牌
嘉義縣太保市嘉太工業區嘉太路1號,23.506525,120.362031,門牌
嘉義縣太保市嘉太工業區建工路2-1號,23.509840,120.360516,路名
嘉義縣太保市嘉太工業區興業路8號2樓,23.510760,120.358817,門牌
嘉義縣太保市太保里太保11號,23.454901,120.335394,門牌
嘉義縣太保市太保里太保36之50號1樓,23.456657,120.330104,門牌
嘉義縣太保市太保里太保81-3號1樓,23.459519,120.332277,路名
嘉義縣太保市安仁里11鄰縣府六街32號2樓,23.453479,120.297206,門牌
嘉義縣太保市安仁里文昌街6號2樓之18,23.455609,120.294202,門牌
嘉義縣太保市安仁里文昌街6號二樓之18,23.455609,120.294202,門牌
嘉義縣太保市安仁里棒球三街156號2樓之3,23.453815,120.294143,門牌
嘉義縣太保市安仁里縣府六街1號,23.453103,120.297740,門牌
嘉義縣太保市後潭里後潭463-1號,23.452565,120.344769,路名
嘉義縣太保市新埤里新埤327號,23.477795,120.333831,門牌
嘉義縣太保市春珠里春珠165號,23.452962,120.335146,門牌
嘉義縣太保市東勢里14鄰健康路209號1樓,23.466545,120.296383,門牌
嘉義縣太保市東勢里太子大道223號,23.467559,120.294255,路名
嘉義縣太保市東勢里故宮大道886號,23.469191,120.295938,門牌
嘉義縣太保市舊埤里新埤35-1號,23.487618,120.335844,路名
嘉義縣太保市舊埤里新埤7-19號,23.487618,120.335844,路名
嘉義縣太保市過溝里光復路42號,23.465804,120.246459,門牌
嘉義縣太保市過溝里八德街758號1樓,23.578724,120.453598,路名
嘉義縣太保市過溝里北港路二段661巷20號,23.498579,120.369033,路名
嘉義縣太保市過溝里嘉太工業區中興路11號,23.508728,120.359294,門牌
嘉義縣太保市過溝里嘉太工業區中興路18號,23.508310,120.356402,門牌
嘉義縣太保市過溝里嘉太工業區中興路3號,23.508791,120.361809,門牌
嘉義縣太保市過溝里嘉太工業區光復路11號,23.506320,120.360204,門牌
嘉義縣太保市過溝里嘉太工業區光復路28號,23.506013,120.357270,門牌
嘉義縣太保市過溝里嘉太工業區興業路2號,23.509225,120.358586,門牌
嘉義縣太保市過溝里嘉太工業區興業路8號,23.510760,120.358817,門牌
嘉義縣太保市過溝里過溝10-3號一樓,23.498789,120.360402,路名
嘉義縣太保市過溝里過溝45之20號,23.498789,120.360402,路名
嘉義縣太保市麻寮里24鄰三合路298巷1弄12號1樓,23.496425,120.370583,門牌
嘉義縣布袋鎮岑海里新西路215號,23.382231,120.150093,門牌
嘉義縣布袋鎮振寮里後壁寮205之15號,23.386193,120.181116,路名
嘉義縣布袋鎮西安里過溝西勢151之2號,23.416176,120.179494,路名
嘉義縣布袋鎮見龍里內田181之1號,23.380736,120.177902,路名
嘉義縣新港鄉三間村港尾100號,23.520601,120.396402,門牌
嘉義縣新港鄉中洋村中洋工業區2之1號,23.516450,120.381845,路名
嘉義縣新港鄉中洋村後厝子22-10號,23.524873,120.378111,路名
嘉義縣新港鄉南港村南港3號,23.561650,120.316634,門牌
嘉義縣新港鄉埤子村埤子頭33-2號一樓,23.406932,120.260185,路名
嘉義縣新港鄉大潭村大潭10號之16,23.552319,120.369362,門牌
嘉義縣新港鄉大潭村大潭60號1樓,23.553012,120.371270,門牌
嘉義縣新港鄉大潭村後底湖6-3號1樓,23.543710,120.366885,路名
嘉義縣新港鄉大潭村後底湖8號之16,23.543723,120.365177,門牌
嘉義縣新港鄉大興村大安街11巷3號之1一樓,23.557252,120.345309,門牌
嘉義縣新港鄉宮後村大興路57號1樓,23.557173,120.348343,門牌
嘉義縣新港鄉月潭村18鄰月眉潭230-20號,23.522661,120.351215,路名
嘉義縣新港鄉月潭村18鄰月眉潭230之52號1樓,23.522661,120.351215,路名
嘉義縣新港鄉月眉村月眉潭105號,23.519920,120.353483,門牌
嘉義縣新港鄉月眉村月眉潭147號一樓,23.520669,120.350626,門牌
嘉義縣新港鄉福德村公園路74號1樓,23.553911,120.343343,門牌
嘉義縣新港鄉福德村福德路121巷18號,23.555892,120.338520,門牌
嘉義縣新港鄉菜公村菜公厝11之3號1樓,23.545592,120.347490,路名
嘉義縣朴子市仁和二路8-49號,23.469105,120.282395,路名
嘉義縣朴子市仁和里小槺榔一路317號1樓,23.469518,120.283447,門牌
嘉義縣朴子市內厝里文明路133號1樓,23.470210,120.245545,門牌
嘉義縣朴子市博厚里四維路3段67之5號,23.466175,120.236162,門牌
嘉義縣朴子市博厚里四維路三段65號1樓,23.460595,120.241385,路名
嘉義縣朴子市大葛里26鄰朴子七路72號一樓,23.457832,120.285037,門牌
嘉義縣朴子市大葛里大槺榔75之1號,23.462782,120.262483,路名
嘉義縣朴子市大鄉里大槺榔182-3號1樓,23.462782,120.262483,路名
嘉義縣朴子市大鄉里大槺榔791號,23.465014,120.255239,門牌
嘉義縣朴子市平和里13鄰平和路7號,23.464923,120.247436,門牌
嘉義縣朴子市平和里市東路1巷7弄9號一樓,23.461980,120.248038,門牌
嘉義縣朴子市朴子工業區二街8號,23.438177,120.248206,門牌
嘉義縣朴子市朴子工業區橫二街2號,23.437748,120.249855,門牌
嘉義縣朴子市永和里13鄰八德路420號1樓,23.462883,120.237653,路名
嘉義縣朴子市竹圍里中興路122號二樓,23.603327,120.457482,門牌
嘉義縣朴子市竹圍里中興路127巷1弄18號1樓,23.459293,120.243968,門牌
嘉義縣朴子市竹圍里四維路二段204號1樓,23.460595,120.241385,路名
嘉義縣東石鄉三家村三塊厝34號,23.469777,120.171564,門牌
嘉義縣東石鄉港墘村港墘7號,23.459036,120.216263,門牌
嘉義縣東石鄉西崙村栗子崙559號,23.425544,120.188277,門牌
嘉義縣梅山鄉大南村8鄰南勢坑51之1號1樓,23.553116,120.552281,門牌
嘉義縣梅山鄉大南村南勢坑8鄰56號,23.550766,120.550921,路名
嘉義縣梅山鄉梅北村中山路182號1樓,23.583779,120.557705,門牌
嘉義縣梅山鄉梅北村中山路527號,23.586696,120.550914,門牌
嘉義縣梅山鄉梅北村工業一路30號,23.591947,120.538202,門牌
嘉義縣梅山鄉梅北村工業一路45號,23.593580,120.536668,門牌
嘉義縣梅山鄉梅北村工業一路6號,23.591011,120.539176,門牌
嘉義縣梅山鄉梅北村新市路61巷23弄25號2樓,23.586367,120.558838,路名
嘉義縣梅山鄉梅北村環北街225巷6號,23.588153,120.550042,門牌
嘉義縣梅山鄉梅南村中山路223號,23.583404,120.557882,門牌
嘉義縣梅山鄉梅南村中山路95號,23.580263,120.559070,門牌
嘉義縣梅山鄉過山村開元后26之3號,23.586937,120.533428,路名
嘉義縣民雄鄉中央村田中央20之57號,23.535211,120.411695,門牌
嘉義縣民雄鄉北斗村中山路42號1樓,23.580994,120.559069,門牌
嘉義縣民雄鄉北斗村中山路47號,23.579356,120.559230,門牌
嘉義縣民雄鄉北斗村中山路50號,23.581167,120.559027,門牌
嘉義縣民雄鄉北斗村中正路12號,23.521410,120.550167,門牌
嘉義縣民雄鄉北斗村中正路30號,23.521747,120.549746,門牌
嘉義縣民雄鄉北斗村中正路33號,23.521650,120.549660,門牌
嘉義縣民雄鄉北斗村中正路40-1號,23.541745,120.409926,路名
嘉義縣民雄鄉北斗村中正路45號,23.521890,120.549358,門牌
嘉義縣民雄鄉北斗村中正路58之2號,23.518528,120.450778,門牌
嘉義縣民雄鄉北斗村中華路92號,23.520551,120.548097,門牌
嘉義縣民雄鄉北斗村光明一街373號1樓,23.529454,120.453758,路名
嘉義縣民雄鄉北斗村光明街545號,23.530070,120.455267,門牌
嘉義縣民雄鄉北斗村北勢子92號,23.531316,120.452134,門牌
嘉義縣民雄鄉北斗村成功一街41號,23.523847,120.458821,門牌
嘉義縣民雄鄉北斗村成功二街11號,23.524199,120.455489,門牌
嘉義縣民雄鄉北斗村成功二街21號,23.524839,120.457183,門牌
嘉義縣民雄鄉北斗村成功二街27號,23.524951,120.458321,門牌
嘉義縣民雄鄉北斗村成功二街50之1號,23.524807,120.458759,門牌
嘉義縣民雄鄉北斗村成功街18號,23.520022,120.453534,門牌
嘉義縣民雄鄉北斗村成功街30號1樓,23.521151,120.456012,門牌
嘉義縣民雄鄉北斗村成功街36號,23.521535,120.456949,門牌
嘉義縣民雄鄉北斗村成功街45之1號,23.467712,120.448090,路名
嘉義縣民雄鄉北斗村成功街45號,23.446437,120.432686,門牌
嘉義縣民雄鄉北斗村成功街50號,23.586810,120.554084,門牌
嘉義縣民雄鄉北斗村成功街7號,23.447863,120.433186,門牌
嘉義縣民雄鄉北斗村新庄子43號,23.541624,120.461107,門牌
嘉義縣民雄鄉大崎村11鄰十四甲2-19號,23.510835,120.464000,路名
嘉義縣民雄鄉大崎村十四甲3之2號,23.510835,120.464000,路名
嘉義縣民雄鄉大崎村十四甲42號,23.505790,120.461687,門牌
嘉義縣民雄鄉大崎村正大路二段1807號,23.527291,120.473523,路名
嘉義縣民雄鄉寮頂村3鄰頂寮67號之9二樓,23.572380,120.421070,門牌
嘉義縣民雄鄉寮頂村頂寮64之7號,23.532639,120.383083,路名
嘉義縣民雄鄉山中村牛斗山215-9號,23.520434,120.414834,路名
嘉義縣民雄鄉山中村牛斗山50號,23.519110,120.408054,門牌
嘉義縣民雄鄉工業二路12之1號,23.522159,120.431584,門牌
嘉義縣民雄鄉建國路2段112-1號,23.536349,120.438088,路名
嘉義縣民雄鄉文隆村10鄰鴨母坔47-19號1樓,23.539594,120.423352,路名
嘉義縣民雄鄉文隆村鴨母坔54-2號1樓,23.539594,120.423352,路名
嘉義縣民雄鄉文隆村鴨母坔7號1樓,23.535038,120.424908,門牌
嘉義縣民雄鄉東榮村中庄20之21號1樓,23.556281,120.434451,門牌
嘉義縣民雄鄉東榮村建國路一段95巷25號3樓,23.536349,120.438088,路名
嘉義縣民雄鄉松山村東湖仔6之16號,23.540723,120.486724,路名
嘉義縣民雄鄉福樂村4鄰中山路11號,23.578671,120.558999,門牌
嘉義縣民雄鄉福樂村中山路18號,23.579326,120.559398,門牌
嘉義縣民雄鄉福樂村中山路20號,23.579374,120.559393,門牌
嘉義縣民雄鄉福樂村中山路6號,23.556247,120.347702,門牌
嘉義縣民雄鄉福樂村中華路86-1號,23.447584,120.456892,路名
嘉義縣民雄鄉福樂村埤角2-245號1樓,23.526608,120.444221,路名
嘉義縣民雄鄉福樂村埤角66-37號1樓,23.526608,120.444221,路名
嘉義縣民雄鄉福樂村建國路三段182號1樓,23.536349,120.438088,路名
嘉義縣民雄鄉福樂村成功三街3號,23.521185,120.450387,門牌
嘉義縣民雄鄉福樂村成功五街1號2樓,23.522664,120.448676,門牌
嘉義縣民雄鄉福樂村成功五街6之2號,23.522947,120.449572,路名
嘉義縣民雄鄉秀林村9鄰火炭埔21-8號,23.507329,120.483439,路名
嘉義縣民雄鄉秀林村林子尾42-52號,23.513548,120.476853,路名
嘉義縣民雄鄉秀林村林子尾96號,23.512293,120.471944,門牌
嘉義縣民雄鄉秀林村溪底寮1-20號1樓,23.505701,120.453700,路名
嘉義縣民雄鄉秀林村溪底寮3之14號一樓,23.505701,120.453700,路名
嘉義縣民雄鄉秀林村溪底寮9號,23.504436,120.468384,門牌
嘉義縣民雄鄉興中村義橋170號1樓,23.531417,120.428495,門牌
嘉義縣民雄鄉興中村義橋82號1樓,23.530693,120.428420,門牌
嘉義縣民雄鄉興南村4鄰建國路三段245巷18號,23.536349,120.438088,路名
嘉義縣民雄鄉興南村工業一路3號,23.519139,120.435244,門牌
嘉義縣民雄鄉興南村工業一路7號,23.518828,120.432744,門牌
嘉義縣民雄鄉興南村工業三路1號,23.520582,120.435912,門牌
嘉義縣民雄鄉興南村工業三路6-2號,23.522573,120.431937,路名
嘉義縣民雄鄉興南村工業三路7號,23.523696,120.432625,門牌
嘉義縣民雄鄉興南村工業三路8號,23.524068,120.433599,門牌
嘉義縣民雄鄉興南村工業二路11號,23.521402,120.431211,門牌
嘉義縣民雄鄉興南村頭橋763號,23.517592,120.433007,門牌
嘉義縣民雄鄉西安村保生街446號一樓,23.559401,120.426116,門牌
嘉義縣民雄鄉西安村西安路75號1樓,23.557303,120.424490,門牌
嘉義縣民雄鄉西安村進興街106巷6號一樓,23.555016,120.427303,門牌
嘉義縣民雄鄉西昌村竹子腳40-7號,23.530366,120.264399,路名
嘉義縣民雄鄉豐收村大學路2段2363號,23.557151,120.439525,門牌
嘉義縣民雄鄉金興村惠安街53巷5號1樓,23.514723,120.440087,門牌
嘉義縣民雄鄉鎮北村2鄰虎尾寮39號,23.579662,120.442928,門牌
嘉義縣民雄鄉雙福村建國路三段236―36號,23.536349,120.438088,路名
嘉義縣水上鄉三和村頂寮1之3號,23.532639,120.383083,路名
嘉義縣水上鄉三和村頂寮1之53號,23.532639,120.383083,路名
嘉義縣水上鄉三界村三界埔155之7號,23.434934,120.474842,門牌
嘉義縣水上鄉三界村三界埔247之5號,23.434315,120.475577,路名
嘉義縣水上鄉下寮村11鄰鴿溪寮20之130號,23.455488,120.420232,門牌
嘉義縣水上鄉中庄村中庄1之15號,23.457767,120.411516,路名
嘉義縣水上鄉南和村南靖111號一樓,23.415277,120.373633,門牌
嘉義縣水上鄉南和村後寮1之20號,23.413415,120.364543,門牌
嘉義縣水上鄉回歸村北回28之3號,23.449473,120.415204,門牌
嘉義縣水上鄉回歸村北回85號,23.448801,120.415301,門牌
嘉義縣水上鄉塗溝村2鄰頂塗溝8號,23.456993,120.372334,門牌
嘉義縣水上鄉塗溝村4鄰下塗溝19號,23.459933,120.365434,門牌
嘉義縣水上鄉塗溝村頂塗溝35號1樓,23.461166,120.370479,門牌
嘉義縣水上鄉大堀村大堀尾45號,23.439982,120.382506,門牌
嘉義縣水上鄉大堀村大堀尾50-7號,23.437537,120.385098,路名
嘉義縣水上鄉大堀村江竹仔腳40-1號1樓,23.439942,120.376181,路名
嘉義縣水上鄉大崙村二重溝1之31號1樓,23.448820,120.361873,路名
嘉義縣水上鄉大崙村大崙122-20號一樓,23.454689,120.353443,路名
嘉義縣水上鄉大崙村大崙162號,23.447850,120.354524,門牌
嘉義縣水上鄉寬士村崎仔頭25之1號,23.447293,120.430844,路名
嘉義縣水上鄉寬士村崎子頭29之30號1樓,23.445506,120.428486,門牌
嘉義縣水上鄉寬士村崎子頭51之12號1樓,23.445778,120.424853,門牌
嘉義縣水上鄉忠和村16鄰紅毛寮1之95號,23.419175,120.431687,門牌
嘉義縣水上鄉忠和村紅毛寮10號,23.412445,120.430624,門牌
嘉義縣水上鄉柳新村柳子林893號,23.426328,120.408652,門牌
嘉義縣水上鄉柳鄉村柳子林199之15號,23.446817,120.420848,門牌
嘉義縣水上鄉柳鄉村柳子林200之6號,23.433142,120.414000,路名
嘉義縣水上鄉柳鄉村柳子林361號,23.442784,120.423190,門牌
嘉義縣水上鄉民生村忠孝街228號,23.449391,120.433670,門牌
嘉義縣水上鄉民生村立業街4巷2-1號1樓,23.449381,120.433780,路名
嘉義縣水上鄉水上村14鄰嘉朴路45號,23.434516,120.393833,門牌
嘉義縣水上鄉水上村中山路二段87號1樓,23.580141,120.559102,門牌
嘉義縣水上鄉水上村中華路199巷33號,23.426097,120.403200,門牌
嘉義縣水上鄉水上村九如街13號1樓,23.420194,120.400046,門牌
嘉義縣水上鄉水上村嘉朴路137巷1號,23.435351,120.390028,門牌
嘉義縣水上鄉水頭村中正路69號,23.522125,120.548903,門牌
嘉義縣水上鄉粗溪村中山路二段1058號,23.511556,120.450264,路名
嘉義縣水上鄉粗溪村中山路二段1232號附1,23.511556,120.450264,路名
嘉義縣水上鄉粗溪村粗溪20-189號2樓,23.435503,120.397794,路名
嘉義縣水上鄉義興村溪洲仔8之10號,23.413076,120.419060,門牌
嘉義縣水上鄉龍德村十一指厝25之120號,23.429514,120.387698,門牌
嘉義縣水上鄉龍德村十一指厝8-97號2樓,23.424630,120.389633,路名
嘉義縣水上鄉龍德村十一指厝8號之12附1,23.426586,120.390471,門牌
嘉義縣溪口鄉本厝村本廳1號,23.576962,120.396905,門牌
嘉義縣溪口鄉柳溝村柳子溝4號1樓,23.580154,120.419754,門牌
嘉義縣溪口鄉柴林村柴林腳115號,23.603109,120.370629,路名
嘉義縣溪口鄉疊溪村三疊溪49號1樓,23.588000,120.436191,門牌
嘉義縣溪口鄉疊溪村下員林20之1號,23.591382,120.443508,路名
嘉義縣溪口鄉疊溪村下員林20之3號,23.591382,120.443508,路名
嘉義縣溪口鄉美北村2鄰崙尾8號之2,23.590065,120.383063,門牌
嘉義縣溪口鄉美南村崙尾136之8號1樓,23.588422,120.382057,路名
嘉義縣番路鄉江西村平畑23號6樓1,23.476928,120.518241,門牌
嘉義縣竹崎鄉中和村石棹19-26號,23.475962,120.699453,路名
嘉義縣竹崎鄉灣橋村田尾28之1號,23.503484,120.492837,門牌
嘉義縣竹崎鄉灣橋村石麻園41號,23.489104,120.510454,門牌
嘉義縣竹崎鄉白杞村3鄰白杞30之26號1樓,23.487512,120.575351,門牌
嘉義縣竹崎鄉紫雲村鹿寮堀8號1樓,23.499880,120.537366,門牌
嘉義縣竹崎鄉鹿滿村頂溪心3號,23.513586,120.540903,門牌
嘉義縣竹崎鄉鹿滿村鹿鳴路2號附8,23.498859,120.534425,門牌
嘉義縣義竹鄉六桂村義竹203號一樓,23.336676,120.245884,門牌
嘉義縣義竹鄉岸腳村角帶圍19號附1,23.348252,120.255775,路名
嘉義縣義竹鄉龍蛟村義工三路9號,23.360318,120.220090,門牌
嘉義縣義竹鄉龍蛟村義工二路15號,23.360470,120.221089,門牌
嘉義縣阿里山鄉香林村西阿里山16號,23.515090,120.810299,門牌
基隆市七堵區俊賢路35號5樓,25.094391,121.706533,門牌
基隆市七堵區俊賢路73號,25.094921,121.705134,門牌
基隆市七堵區八德路2之9號1樓,25.100951,121.720180,門牌
基隆市七堵區八德里八德路2之13號,25.100406,121.720015,門牌
基隆市七堵區八德里八德路3之1號,25.104228,121.719923,門牌
基隆市七堵區六堵里工建北路11之1號,25.084993,121.704733,門牌
基隆市七堵區六堵里工建南路1號,25.087091,121.702123,門牌
基隆市七堵區六堵里工建南路2號,25.086464,121.701767,門牌
基隆市七堵區六堵里工建西路8號,25.092707,121.699886,門牌
基隆市七堵區六堵里工建路122號9樓,25.090780,121.701435,門牌
基隆市七堵區南興路88號3樓,25.096656,121.712472,門牌
基隆市七堵區南興路91號2樓,25.096548,121.712627,門牌
基隆市七堵區堵南街52號4樓,25.082327,121.683645,門牌
基隆市七堵區堵南里8鄰三合街2號,25.078513,121.690777,門牌
基隆市七堵區大德路10之2號,25.080531,121.689833,門牌
基隆市七堵區大德路35之6號7樓之2,25.082192,121.689539,門牌
基隆市七堵區大德路85之2號2樓之3,25.083820,121.691977,門牌
基隆市七堵區大德路85之9號1樓,25.084137,121.691809,門牌
基隆市七堵區大華一路113號1樓,25.101072,121.713365,門牌
基隆市七堵區大華一路127號底層,25.101213,121.712171,門牌
基隆市七堵區大華一路129-1號,25.101491,121.715294,路名
基隆市七堵區大華一路45號1樓,25.102024,121.716596,門牌
基隆市七堵區大華三路8-1號,25.127441,121.676427,路名
基隆市七堵區大華二路144號,25.110354,121.690519,門牌
基隆市七堵區大華二路33-5號,25.106612,121.692474,路名
基隆市七堵區實踐路112號,25.082440,121.694451,門牌
基隆市七堵區實踐路242之1號14樓,25.085152,121.693396,路名
基隆市七堵區實踐路294巷12號1樓,25.087625,121.696055,門牌
基隆市七堵區實踐里實踐路25號1樓,25.080358,121.692741,門牌
基隆市七堵區崇孝街42巷41之2號,25.098790,121.709600,門牌
基隆市七堵區崇孝街6號,25.097549,121.710467,門牌
基隆市七堵區崇禮街129巷46號,25.099909,121.713795,門牌
基隆市七堵區工建北路20號,25.085015,121.704402,門牌
基隆市七堵區工建北路9之1號,25.085828,121.704575,門牌
基隆市七堵區工建南路19號,25.083993,121.702836,門牌
基隆市七堵區工建南路21號,25.083505,121.702945,門牌
基隆市七堵區工建西路3號,25.092924,121.699188,門牌
基隆市七堵區明德一路271號,25.094509,121.711049,門牌
基隆市七堵區明德一路274號1樓,25.095222,121.710384,門牌
基隆市七堵區明德三路96號,25.076141,121.685109,門牌
基隆市七堵區明德三路98號,25.075573,121.683874,門牌
基隆市七堵區東新街4巷75之2號,25.092001,121.715032,門牌
基隆市七堵區東新街89巷80弄7號1樓,25.093716,121.722638,門牌
基隆市七堵區永富路208號,25.098240,121.710993,門牌
基隆市七堵區泰安路23之60號1樓,25.089768,121.708592,門牌
基隆市七堵區泰安路2巷1之1號,25.089686,121.708373,門牌
基隆市七堵區泰安里泰安路23之60號,25.089768,121.708592,門牌
基隆市七堵區百三街93之1號2樓,25.081999,121.697221,門牌
基隆市七堵區百二街18-1號2樓,25.080941,121.697203,路名
基隆市七堵區百六街107巷16之1號6樓,25.086286,121.697220,門牌
基隆市七堵區百六街146號,25.085694,121.698730,門牌
基隆市七堵區百福里百五街64巷50之3號4樓,25.082927,121.696595,門牌
基隆市七堵區百福里百五街76號1樓,25.084179,121.699087,門牌
基隆市七堵區福三街79之3號4樓,25.083045,121.697562,門牌
基隆市七堵區福二街47之1號(2樓),25.080799,121.696238,門牌
基隆市七堵區福二街59-2號,25.082924,121.696250,路名
基隆市七堵區自強路102號,25.110307,121.712929,門牌
基隆市七堵區自強里自強路25號,25.104831,121.712104,門牌
基隆市七堵區長安街233巷41號5樓,25.075437,121.695520,門牌
基隆市七堵區長興里東新街47號,25.094791,121.719135,門牌
基隆市七堵區長興里東新街73巷62弄8號,25.095320,121.720151,門牌
基隆市七堵區麗景一街57號1樓,25.086961,121.668062,門牌
基隆市中山區中和路139之44號1樓,25.150000,121.719518,門牌
基隆市中山區中和路164巷37號4樓,25.149144,121.717518,門牌
基隆市中山區中和路166之3號3樓,25.149156,121.717974,門牌
基隆市中山區中和路168巷10弄30號2樓,25.150671,121.715366,門牌
基隆市中山區中和路168巷2弄20號,25.149745,121.717327,門牌
基隆市中山區中和路168巷7弄35號1樓,25.150803,121.716213,門牌
基隆市中山區中和路85巷27號3樓之1,25.148160,121.721842,門牌
基隆市中山區中山一路189巷3號1樓,25.133782,121.738801,門牌
基隆市中山區中山一路43巷21號4樓,25.131126,121.736793,門牌
基隆市中山區中山三路153巷29號,25.143362,121.748185,門牌
基隆市中山區中山三路173-1號1樓,25.143011,121.745025,路名
基隆市中山區中山二路119巷16號,25.143641,121.738047,門牌
基隆市中山區中山二路65巷81號,25.139113,121.739287,門牌
基隆市中山區中山四路28號,25.150429,121.744118,門牌
基隆市中山區中華路171號,25.147782,121.737563,路名
基隆市中山區中華路87號1樓,25.147323,121.737971,門牌
基隆市中山區仙洞里仁安街53巷15號,25.145017,121.747214,門牌
基隆市中山區協和街188之1號1樓,25.157915,121.733742,門牌
基隆市中山區協和街67之2號,25.155817,121.733742,門牌
基隆市中山區協和里文化路60-8號2樓,25.152874,121.734863,路名
基隆市中山區和慶里中和路168巷5弄11號5樓,25.149609,121.716420,門牌
基隆市中山區安民里中山一路59號,25.131165,121.737380,門牌
基隆市中山區復旦路15巷8-3號1樓,25.145918,121.739238,路名
基隆市中山區復興路120巷124號1樓,25.144646,121.727905,門牌
基隆市中山區復興路201巷5弄25號,25.146119,121.724306,門牌
基隆市中山區復興路209號14樓之6,25.147035,121.726802,路名
基隆市中山區復興路212巷6弄155號,25.145163,121.728988,門牌
基隆市中山區復興路233號5樓之5,25.147035,121.726802,路名
基隆市中山區德安里復興路259巷47號5樓,25.153181,121.726043,門牌
基隆市中山區文化路34號1樓,25.152060,121.736703,門牌
基隆市中山區新建里成功二路88號1樓,25.130522,121.735670,門牌
基隆市中山區西定路378巷9號,25.140394,121.728812,門牌
基隆市中山區西定路423巷62號,25.140634,121.727149,門牌
基隆市中山區通化里復旦路15巷8-4號1樓,25.145918,121.739238,路名
基隆市中正區中正路18號11樓之1,25.132740,121.744626,門牌
基隆市中正區中正路18號9樓之1,25.132740,121.744626,門牌
基隆市中正區中正路22號1樓,25.132824,121.744644,門牌
基隆市中正區中正路335號6樓之1,25.148133,121.761717,門牌
基隆市中正區中正路373號,25.149412,121.763708,門牌
基隆市中正區中正路438號底層,25.147063,121.761711,門牌
基隆市中正區中正路656巷166之1號,25.149751,121.766845,門牌
基隆市中正區中濱里中正路379號,25.149951,121.764547,門牌
基隆市中正區中船路112巷59號,25.138756,121.752543,門牌
基隆市中正區中船路112巷61號1樓,25.138808,121.752624,門牌
基隆市中正區中船路54號1樓,25.137135,121.750701,門牌
基隆市中正區中船路5巷18號,25.137543,121.750238,門牌
基隆市中正區中船路5巷36號,25.137730,121.750574,門牌
基隆市中正區信二路292-1號,25.129948,121.753758,路名
基隆市中正區信二路319號,25.131322,121.745184,門牌
基隆市中正區信五路5號1樓,25.133622,121.748053,門牌
基隆市中正區北寧路67號,25.148708,121.783048,門牌
基隆市中正區和一路123號,25.154815,121.765773,門牌
基隆市中正區和一路41巷2弄21號,25.154678,121.766921,門牌
基隆市中正區和憲里和一路41巷4弄5-1號,25.155626,121.766981,路名
基隆市中正區平一路360號,25.160001,121.765262,門牌
基隆市中正區德義里信四路11號5樓,25.133266,121.746421,門牌
基隆市中正區德義里義二路24號1樓,25.130873,121.745398,門牌
基隆市中正區新富里新豐街251巷4弄6號,25.136190,121.788269,門牌
基隆市中正區新富里新豐街251巷9弄9號,25.134588,121.788473,門牌
基隆市中正區新豐街162巷125號4樓,25.139597,121.784110,門牌
基隆市中正區新豐街251巷2弄3號地下一層,25.136415,121.788152,門牌
基隆市中正區新豐街303巷21弄21號,25.133015,121.789362,門牌
基隆市中正區新豐街303巷6弄8號6樓,25.134943,121.787388,門牌
基隆市中正區新豐街394號13樓,25.136315,121.786369,門牌
基隆市中正區新豐街476之1號16樓,25.136615,121.784876,門牌
基隆市中正區正榮街110巷23號1樓,25.143970,121.763596,門牌
基隆市中正區正榮街77巷48號1樓,25.147789,121.762283,門牌
基隆市中正區正濱路116巷5弄19號4樓,25.154934,121.771848,門牌
基隆市中正區正砂里中正路143號1樓,25.141767,121.759996,門牌
基隆市中正區正義路2巷42-3號4樓,25.134091,121.748716,路名
基隆市中正區正義路31號1樓,25.133497,121.747727,門牌
基隆市中正區港通里中正路12號3樓,25.132398,121.744361,門牌
基隆市中正區港通里中正路12號4樓,25.132398,121.744361,門牌
基隆市中正區港通里中正路18號7樓之2,25.132740,121.744626,門牌
基隆市中正區港通里中正路22號1樓,25.132824,121.744644,門牌
基隆市中正區港通里義一路160號1樓,25.135623,121.747621,門牌
基隆市中正區港通里義一路208之5號,25.136837,121.748406,門牌
基隆市中正區港通里義一路210號2樓,25.136874,121.748441,門牌
基隆市中正區港通里義一路87號3樓之5,25.134697,121.746654,門牌
基隆市中正區港通里義一路87號8樓之2,25.134697,121.746654,門牌
基隆市中正區港通里義一路99號7樓之3,25.135124,121.746910,門牌
基隆市中正區砂子里19鄰調和街290巷45弄1號,25.125660,121.798813,門牌
基隆市中正區祥豐街181號,25.143095,121.765187,門牌
基隆市中正區義一路114號4樓,25.134342,121.746708,門牌
基隆市中正區義一路210號2樓,25.136874,121.748441,門牌
基隆市中正區義一路87號9樓之2,25.134697,121.746654,門牌
基隆市中正區義一路87號三樓之5,25.134697,121.746654,門牌
基隆市中正區義二路175號7樓,25.134500,121.747488,門牌
基隆市中正區觀海街185號10樓,25.136988,121.794207,門牌
基隆市中正區觀海街30號3樓,25.137847,121.794155,門牌
基隆市中正區調和街17之4號4樓,25.137782,121.797072,門牌
基隆市中正區調和街29巷49號,25.136615,121.797514,門牌
基隆市中正區豐稔街43號,25.140523,121.761176,門牌
基隆市仁愛區仁二路137巷34號,25.125037,121.747392,門牌
基隆市仁愛區仁二路255號7樓,25.129791,121.742435,門牌
基隆市仁愛區仁四路17之3號(1樓),25.127434,121.742474,門牌
基隆市仁愛區劉銘傳路43巷21號3樓,25.126853,121.751298,門牌
基隆市仁愛區劉銘傳路95巷18之2號3樓,25.125255,121.751101,門牌
基隆市仁愛區南新街31巷40號1樓,25.124748,121.744963,門牌
基隆市仁愛區南榮路134巷66號6樓,25.116609,121.743052,門牌
基隆市仁愛區南榮路151巷114號4樓,25.125582,121.744793,門牌
基隆市仁愛區南榮路18號(1樓),25.125681,121.742465,門牌
基隆市仁愛區南榮路463巷23號2樓,25.115934,121.744290,門牌
基隆市仁愛區吉仁里南新街31巷9之1號,25.124676,121.745565,門牌
基隆市仁愛區吉仁里南榮路183號2樓,25.123716,121.743066,門牌
基隆市仁愛區孝三路83、85號,25.129982,121.739149,路名
基隆市仁愛區崇安街143號2樓,25.124985,121.742451,門牌
基隆市仁愛區忠一路20號11樓,25.131302,121.739684,門牌
基隆市仁愛區忠二路56號2樓,25.130756,121.739130,門牌
基隆市仁愛區成功一路118巷19-4號,25.127248,121.736968,路名
基隆市仁愛區文昌里孝三路30巷30號5樓,25.129675,121.739782,門牌
基隆市仁愛區明德里忠三路99號7樓之2,25.129573,121.738512,門牌
基隆市信義區中興路121號1樓,25.131330,121.756261,門牌
基隆市信義區仁壽里信一路133號3樓,25.129231,121.747435,門牌
基隆市信義區信二路174巷91號3樓,25.130276,121.753818,門牌
基隆市信義區信二路36巷21號,25.129702,121.757461,門牌
基隆市信義區孝崗里深澳坑路131-4號1樓,25.126491,121.784949,路名
基隆市信義區孝德里東峰街52巷22號1樓,25.131489,121.774281,門牌
基隆市信義區孝德里深澳坑路8之41號,25.131898,121.777600,門牌
基隆市信義區孝忠里深溪路55巷90號3樓,25.133500,121.780836,門牌
基隆市信義區孝東路98之1號2樓,25.128169,121.777253,路名
基隆市信義區孝深里深澳坑路131號1樓,25.124768,121.789383,門牌
基隆市信義區崇法街55巷2號,25.131541,121.765374,門牌
基隆市信義區教孝街7巷32號1樓,25.137878,121.773739,門牌
基隆市信義區教忠街141巷41號,25.140164,121.778386,門牌
基隆市信義區智誠里月眉路316巷13號,25.123297,121.756579,門牌
基隆市信義區東信路2巷11之3號,25.128281,121.768343,門牌
基隆市信義區東信路2巷8號2樓,25.128404,121.768493,門牌
基隆市信義區東信路334號3樓,25.128569,121.758436,門牌
基隆市信義區東光路32巷16號,25.130703,121.769178,門牌
基隆市信義區東光里崇法街166號(1樓),25.132432,121.766360,門牌
基隆市信義區東明路159之1號8樓,25.127702,121.760181,門牌
基隆市信義區東明路77巷53之3號,25.126142,121.761852,門牌
基隆市信義區東明里東光路261之83號,25.132994,121.768188,門牌
基隆市信義區正信路227巷23弄11號6樓,25.134692,121.764507,門牌
基隆市信義區深溪路36巷48號,25.131584,121.782249,門牌
基隆市信義區深澳坑路131號1樓,25.124768,121.789383,門牌
基隆市信義區深澳坑路168巷48弄43號1樓,25.125148,121.784069,門牌
基隆市信義區深澳坑路232-67號1樓,25.126491,121.784949,路名
基隆市信義區深澳坑路2之25號,25.136761,121.772692,門牌
基隆市信義區深澳坑路2巷1號16樓,25.136672,121.771496,門牌
基隆市信義區深澳坑路310號,25.120965,121.794670,門牌
基隆市安樂區七賢里安樂路2段82之2號3樓,25.123202,121.725906,門牌
基隆市安樂區內寮里武隆街59巷116號,25.158200,121.693500,路名
基隆市安樂區內寮里武隆街9巷23號,25.153584,121.695570,門牌
基隆市安樂區六合里樂利三街319號7樓,25.126850,121.716461,門牌
基隆市安樂區嘉仁里樂一路138號1樓,25.127964,121.732300,門牌
基隆市安樂區基金一路110之27號3樓,25.140198,121.714607,門牌
基隆市安樂區基金一路112巷110弄12-3號2樓,25.141621,121.710594,路名
基隆市安樂區基金一路121巷12之8號1樓,25.138103,121.716985,門牌
基隆市安樂區基金一路135巷142號,25.140117,121.708312,門牌
基隆市安樂區基金一路208巷138弄21號1樓,25.146000,121.707879,門牌
基隆市安樂區基金一路208巷174弄18號5樓,25.147226,121.707149,門牌
基隆市安樂區基金一路214之9號,25.142368,121.709005,門牌
基隆市安樂區基金一路214之9號1樓,25.142368,121.709005,門牌
基隆市安樂區基金一路339號,25.141621,121.710594,路名
基隆市安樂區基金三路63-1號,25.156152,121.695820,路名
基隆市安樂區基金三路67-5號,25.156152,121.695820,路名
基隆市安樂區基金二路1巷31號2樓,25.141542,121.703113,門牌
基隆市安樂區安一路250號2樓,25.132869,121.730790,門牌
基隆市安樂區安一路329之1號7樓,25.134133,121.728720,門牌
基隆市安樂區安樂路一段190號1樓,25.123453,121.726359,路名
基隆市安樂區崇德路10巷38之9號4樓,25.129589,121.728905,門牌
基隆市安樂區崇德路232之3號,25.126460,121.731142,門牌
基隆市安樂區崇德路234之4號,25.126416,121.731120,門牌
基隆市安樂區新崙里基金一路208巷158號1樓,25.146903,121.708116,門牌
基隆市安樂區新西街2巷17號（1樓）,25.136426,121.731350,門牌
基隆市安樂區新西里新西街188號,25.141426,121.725685,門牌
基隆市安樂區新西里新西街207巷16號,25.141901,121.724761,門牌
基隆市安樂區樂一路136號,25.128017,121.732253,門牌
基隆市安樂區樂一路138號1樓,25.127964,121.732300,門牌
基隆市安樂區樂一路144號2樓,25.127699,121.732149,門牌
基隆市安樂區樂利三街8巷49號6樓,25.130394,121.718373,門牌
基隆市安樂區武崙里基金一路116號1樓之5,25.140293,121.712486,門牌
基隆市安樂區武崙里基金一路135巷21弄40號5樓,25.139467,121.709691,門牌
基隆市安樂區武嶺街281-3號,25.139282,121.710097,路名
基隆市安樂區武嶺街303號5樓,25.137846,121.708631,門牌
基隆市安樂區武聖街62號,25.158537,121.696670,門牌
基隆市安樂區武訓街28-1號,25.146103,121.699348,路名
基隆市安樂區武訓街34號,25.143625,121.700931,門牌
基隆市安樂區武訓街40號1樓,25.144550,121.701311,門牌
基隆市安樂區武訓街50號,25.145578,121.700803,門牌
基隆市安樂區武訓街8號,25.142691,121.698186,門牌
基隆市安樂區鶯安里麥金路171-3號10樓,25.123565,121.719797,路名
基隆市安樂區麥金路261號5樓,25.122721,121.720910,門牌
基隆市安樂區麥金路267號14樓,25.122965,121.720838,門牌
基隆市安樂區麥金路459號,25.127296,121.719102,門牌
基隆市暖暖區暖暖街108-25號1樓,25.096775,121.736522,路名
基隆市暖暖區暖暖街530巷114號3樓,25.091664,121.737960,門牌
基隆市暖暖區暖暖街87號2樓,25.101806,121.738248,門牌
基隆市暖暖區暖暖里暖暖街281巷80號5樓,25.097970,121.735819,門牌
基隆市暖暖區暖東里東勢街69-3號,25.092285,121.740976,路名
基隆市暖暖區暖西里暖暖街335巷24號1樓,25.094065,121.735685,門牌
基隆市暖暖區東勢街6-15號1樓,25.092285,121.740976,路名
基隆市暖暖區東勢街6之52號四樓,25.092285,121.740976,路名
基隆市暖暖區東勢街6之87四樓,25.092285,121.740976,路名
基隆市暖暖區東勢街71號,25.086276,121.744939,門牌
基隆市暖暖區東碇路306號6樓,25.095184,121.749018,門牌
基隆市暖暖區東碇路528號7樓,25.095123,121.750907,門牌
基隆市暖暖區東碇路722號5樓,25.095534,121.752445,門牌
基隆市暖暖區源遠路165號,25.098535,121.749334,門牌
基隆市暖暖區源遠路249巷17號1樓,25.099146,121.754052,門牌
基隆市暖暖區源遠路249巷185之1號1樓,25.100048,121.753432,門牌
基隆市暖暖區源遠路292巷115號3樓,25.098208,121.758657,門牌
基隆市暖暖區源遠路297巷98號10樓,25.100806,121.756026,門牌
基隆市暖暖區源遠路89巷8號4樓,25.102116,121.745196,門牌
基隆市暖暖區碇內街268號6樓,25.090532,121.752441,門牌
基隆市暖暖區碇內街312號10樓,25.089815,121.752444,門牌
基隆市暖暖區碇內街5號12樓,25.096397,121.755247,門牌
基隆市暖暖區碇內街79號,25.092218,121.754590,門牌
基隆市暖暖區碇安里34鄰源遠路279-15號1樓,25.099161,121.754011,路名
基隆市暖暖區碇祥里碇內街184巷9號1樓,25.092793,121.754040,門牌
基隆市暖暖區過港路10巷100號8樓,25.105350,121.742109,門牌
基隆市暖暖區過港里過港路136號,25.107047,121.737026,門牌
宜蘭縣三星鄉大洲村大洲路350號,24.700071,121.729096,門牌
宜蘭縣三星鄉大義村培英路157號1樓,24.679611,121.701326,門牌
宜蘭縣三星鄉大隱村4鄰三星路一段101巷39弄6號1樓,24.665913,121.672385,路名
宜蘭縣三星鄉大隱村三星路一段533巷56弄3號一樓,24.665913,121.672385,路名
宜蘭縣三星鄉大隱村堤防路181號1樓,24.665797,121.728342,門牌
宜蘭縣三星鄉大隱村大埔中路230號一樓,24.666526,121.709579,門牌
宜蘭縣三星鄉大隱村大埔中路309巷47號一樓,24.668955,121.707496,門牌
宜蘭縣三星鄉尾塹村上將路一段210號1樓,24.690569,121.717818,路名
宜蘭縣三星鄉尾塹村尾塹二路301巷20弄8號一樓,24.695296,121.738654,門牌
宜蘭縣三星鄉月眉村星中路225號,24.674498,121.669605,路名
宜蘭縣三星鄉貴林村富貴二路372號,24.687776,121.672816,門牌
宜蘭縣三星鄉集慶村三星路四段31號,24.665913,121.672385,路名
宜蘭縣五結鄉三興村三興路99巷11號,24.698076,121.780061,門牌
宜蘭縣五結鄉三興村溪濱路三段91號1樓,24.708971,121.796847,路名
宜蘭縣五結鄉上四村中正西路41巷4弄12號五樓之一,24.700447,121.767776,門牌
宜蘭縣五結鄉上四村中正路二段251號1樓,24.652726,121.778341,路名
宜蘭縣五結鄉中興村中正路二段8號4樓,24.467332,121.802105,門牌
宜蘭縣五結鄉中興村中興路三段8號,24.634005,121.825180,門牌
宜蘭縣五結鄉中興村中興路二段202號一樓,24.710265,121.763069,路名
宜蘭縣五結鄉中興路二段122巷21弄15號一樓,24.710265,121.763069,路名
宜蘭縣五結鄉二結村中正路3段188號4樓之1,24.707385,121.771924,門牌
宜蘭縣五結鄉二結村中正路三段111號,24.675520,121.771127,門牌
宜蘭縣五結鄉二結村中正路三段17號一樓,24.635893,121.791622,門牌
宜蘭縣五結鄉二結村中正路三段199號一樓,24.677627,121.771796,門牌
宜蘭縣五結鄉二結村中正路三段218號一樓,24.652726,121.778341,路名
宜蘭縣五結鄉五濱路一段221號,24.671448,121.827960,路名
宜蘭縣五結鄉五結村五結中路二段329號1樓,24.694183,121.791823,路名
宜蘭縣五結鄉五結村國民南路17-2號1樓,24.687679,121.788201,路名
宜蘭縣五結鄉五結村國民南路7之6號一樓,24.685728,121.791142,門牌
宜蘭縣五結鄉五結路3段489號,24.682419,121.782549,門牌
宜蘭縣五結鄉仁七路169號1樓,24.683617,121.776408,路名
宜蘭縣五結鄉利工一路2段60號,24.655586,121.835034,門牌
宜蘭縣五結鄉利工二路65號,24.652892,121.837025,門牌
宜蘭縣五結鄉利工二路78巷2號,24.655221,121.836978,門牌
宜蘭縣五結鄉利工二路78巷7號,24.655936,121.837707,門牌
宜蘭縣五結鄉利成路一段340號1樓,24.656411,121.826091,路名
宜蘭縣五結鄉利成路一段66巷30號1樓,24.656411,121.826091,路名
宜蘭縣五結鄉利澤村利成路二段2巷88號一樓,24.656411,121.826091,路名
宜蘭縣五結鄉利興三路5號,24.662680,121.829798,門牌
宜蘭縣五結鄉利興二路26號,24.658676,121.836852,門牌
宜蘭縣五結鄉協和村五結路二段219巷13號一樓,24.686555,121.797299,路名
宜蘭縣五結鄉協和村公園路311巷19號1樓,24.685711,121.800985,門牌
宜蘭縣五結鄉協和村協和中路18之13號1樓,24.680416,121.803492,門牌
宜蘭縣五結鄉協和村親河路二段157號,24.671061,121.812237,路名
宜蘭縣五結鄉四結村15鄰中正路一段63號,24.674284,121.770745,門牌
宜蘭縣五結鄉四結村中正路二段7巷21弄5號1樓,24.652726,121.778341,路名
宜蘭縣五結鄉四結村中興路3段281號,24.692353,121.764670,門牌
宜蘭縣五結鄉四結村隆昌路100號一樓,24.690883,121.773358,門牌
宜蘭縣五結鄉四結村隆昌路93巷29號一樓,24.691915,121.773143,門牌
宜蘭縣五結鄉國民中路23之1號,24.692511,121.792257,路名
宜蘭縣五結鄉大吉村三吉一路123巷15弄28號,24.705876,121.792497,路名
宜蘭縣五結鄉大吉村三吉一路99號一樓,24.705876,121.792497,路名
宜蘭縣五結鄉大吉村大吉一路381巷28號一樓,24.704210,121.805718,門牌
宜蘭縣五結鄉大吉村大吉二路379號一樓,24.697341,121.802394,門牌
宜蘭縣五結鄉大吉村大吉二路431號一樓,24.698465,121.802531,門牌
宜蘭縣五結鄉大吉村大吉五路298號,24.702692,121.801452,門牌
宜蘭縣五結鄉孝威村孝威南路66-20號一樓,24.684178,121.811903,路名
宜蘭縣五結鄉孝威村孝威南路78之13號一樓,24.687055,121.810302,門牌
宜蘭縣五結鄉季新村五濱路2段93號1樓,24.676950,121.827073,門牌
宜蘭縣五結鄉季新村季水路34之5號,24.676009,121.832498,門牌
宜蘭縣五結鄉成興村五濱路1段219號,24.656286,121.830311,門牌
宜蘭縣五結鄉成興村利工一路二段36號,24.657952,121.834173,路名
宜蘭縣五結鄉成興村利工一路二段56號,24.657952,121.834173,路名
宜蘭縣五結鄉成興村利工三路101號,24.665387,121.835457,門牌
宜蘭縣五結鄉成興村利工三路57號,24.653732,121.838180,門牌
宜蘭縣五結鄉成興村利工二路63號,24.652431,121.837117,門牌
宜蘭縣五結鄉成興村利工二路77、79號,24.654597,121.836878,路名
宜蘭縣五結鄉成興村利工二路78巷3號,24.655852,121.837265,門牌
宜蘭縣五結鄉成興村利工二路81號,24.657065,121.835459,門牌
宜蘭縣五結鄉成興村利工二路87號,24.658203,121.835125,門牌
宜蘭縣五結鄉成興村利成路一段345號1樓,24.656411,121.826091,路名
宜蘭縣五結鄉成興村成功路2巷2弄86號一樓,24.698351,121.758296,路名
宜蘭縣五結鄉福興村五結路三段508巷22號,24.686555,121.797299,路名
宜蘭縣五結鄉福興村興盛北路145號,24.685002,121.780458,門牌
宜蘭縣五結鄉興盛北路8號,24.684942,121.785110,門牌
宜蘭縣五結鄉舊街二路101巷50號,24.706979,121.768160,門牌
宜蘭縣五結鄉西河一路128巷27號,24.704663,121.764176,門牌
宜蘭縣五結鄉錦眾村五濱路2段459號,24.703419,121.820448,門牌
宜蘭縣五結鄉鎮安村舊街一路110巷67號,24.709521,121.770708,門牌
宜蘭縣五結鄉鎮安村舊街一路110巷73號1樓,24.709490,121.770815,門牌
宜蘭縣五結鄉鎮安村舊街一路50巷3號一樓,24.707653,121.768975,門牌
宜蘭縣五結鄉鎮安村西河一路128巷92號,24.705407,121.764877,門牌
宜蘭縣冬山鄉三奇村三奇路243巷23號一樓,24.639048,121.816443,門牌
宜蘭縣冬山鄉三奇村百世新村16巷8號,24.640159,121.804243,門牌
宜蘭縣冬山鄉中山村中山路84號,24.707425,121.774872,路名
宜蘭縣冬山鄉中山村新寮路186號,24.631581,121.751777,門牌
宜蘭縣冬山鄉丸山村義成路二段114號1樓,24.655266,121.767941,路名
宜蘭縣冬山鄉八寶村寶慶一路288號,24.632595,121.756837,門牌
宜蘭縣冬山鄉冬山路55號,24.632902,121.794169,門牌
宜蘭縣冬山鄉冬山路一段49號,24.632824,121.794297,門牌
宜蘭縣冬山鄉冬山路一段600號、602號,24.647488,121.783738,路名
宜蘭縣冬山鄉冬山路二段189巷52號1樓,24.647488,121.783738,路名
宜蘭縣冬山鄉南興村成興路42號,24.635346,121.793858,門牌
宜蘭縣冬山鄉南興村照安路58巷41弄18號1樓,24.628735,121.792046,門牌
宜蘭縣冬山鄉大興村14鄰自強路30號,24.707786,121.777670,路名
宜蘭縣冬山鄉大興村大興路134號,24.616898,121.811219,門牌
宜蘭縣冬山鄉大興村德興一路38號,24.626741,121.821774,路名
宜蘭縣冬山鄉大興村德興一路69號,24.623328,121.812554,門牌
宜蘭縣冬山鄉大興村德興三路20號,24.626680,121.820535,路名
宜蘭縣冬山鄉大興村德興九路11號,24.633515,121.817427,路名
宜蘭縣冬山鄉大興村德興九路5號,24.633515,121.817427,路名
宜蘭縣冬山鄉大興村德興五路11號,24.629576,121.820953,路名
宜蘭縣冬山鄉大興村德興五路15號,24.629576,121.820953,路名
宜蘭縣冬山鄉大興村德興五路28號,24.629647,121.819813,門牌
宜蘭縣冬山鄉大興村德興六路36號,24.630978,121.822246,路名
宜蘭縣冬山鄉大興村德興六路43號,24.630639,121.818016,門牌
宜蘭縣冬山鄉大興村德興十一路11號,24.635743,121.814563,路名
宜蘭縣冬山鄉大興村德興四路12號,24.628306,121.820787,門牌
宜蘭縣冬山鄉大興村德興四路6號,24.628149,121.820047,路名
宜蘭縣冬山鄉大興村自強路20號,24.683691,121.797953,門牌
宜蘭縣冬山鄉大興村自強路35號,24.683428,121.797671,門牌
宜蘭縣冬山鄉大興村自強路45號,24.683345,121.797348,門牌
宜蘭縣冬山鄉大興村龍祥十路1號,24.625058,121.812780,門牌
宜蘭縣冬山鄉大興村龍祥十路20號,24.633269,121.813417,門牌
宜蘭縣冬山鄉大興村龍祥十路23號,24.632599,121.812862,門牌
宜蘭縣冬山鄉大興村龍祥十路25號,24.632772,121.812882,門牌
宜蘭縣冬山鄉大興村龍祥十路37、39號,24.629677,121.813025,路名
宜蘭縣冬山鄉大興村龍祥十路5號,24.629677,121.813025,路名
宜蘭縣冬山鄉大興村龍祥十路7號1樓,24.628095,121.812682,門牌
宜蘭縣冬山鄉大興路93號,24.627072,121.810214,門牌
宜蘭縣冬山鄉安平村大安路451號,24.625286,121.782193,門牌
宜蘭縣冬山鄉安平村照安二路201巷23號,24.616700,121.796520,門牌
宜蘭縣冬山鄉廣興村廣興路441巷3號3樓,24.668931,121.743557,門牌
宜蘭縣冬山鄉廣興村廣興路680巷220號,24.669651,121.746795,路名
宜蘭縣冬山鄉廣興村梅花路662號,24.663117,121.738616,路名
宜蘭縣冬山鄉得安村得安路72號1樓,24.649376,121.739008,路名
宜蘭縣冬山鄉得安村梅林路547號,24.647949,121.743190,路名
宜蘭縣冬山鄉德興三路22號,24.626680,121.820535,路名
宜蘭縣冬山鄉德興三路6號,24.627003,121.821699,門牌
宜蘭縣冬山鄉德興九路1-1號,24.633515,121.817427,路名
宜蘭縣冬山鄉德興六路27號,24.630787,121.820542,門牌
宜蘭縣冬山鄉東城村冬山路1段27號1樓,24.615453,121.811295,門牌
宜蘭縣冬山鄉東城村東福路290號,24.623883,121.808042,門牌
宜蘭縣冬山鄉東城村東興路115巷2號一樓,24.663925,121.636076,路名
宜蘭縣冬山鄉東城村香中路286、310號,24.627401,121.803129,路名
宜蘭縣冬山鄉東城村香中路312號,24.627401,121.803129,路名
宜蘭縣冬山鄉東城村香中路315號,24.626234,121.806022,門牌
宜蘭縣冬山鄉東城村香中路318號,24.627401,121.803129,路名
宜蘭縣冬山鄉東城村香中路442號,24.624330,121.808306,門牌
宜蘭縣冬山鄉柯林村柯林一路398號一樓,24.681943,121.735606,門牌
宜蘭縣冬山鄉梅花路500巷200弄154號,24.663117,121.738616,路名
宜蘭縣冬山鄉梅花路744巷100弄80之1號,24.660089,121.731315,門牌
宜蘭縣冬山鄉武淵村三堵二路201號一樓,24.656177,121.801161,門牌
宜蘭縣冬山鄉永美村冬山路三段181巷238弄45號1樓,24.647488,121.783738,路名
宜蘭縣冬山鄉永美村冬山路三段183號,24.634403,121.791473,門牌
宜蘭縣冬山鄉永美村冬山路三段72號一樓,24.632538,121.795323,門牌
宜蘭縣冬山鄉永美村永興路一段69巷23弄9號一樓,24.657573,121.761943,路名
宜蘭縣冬山鄉永美村鹿安路50號,24.660834,121.774742,門牌
宜蘭縣冬山鄉清溝村永清路250巷26號一樓,24.664519,121.768179,路名
宜蘭縣冬山鄉珍珠村采舍路28巷56號1樓,24.649399,121.797165,門牌
宜蘭縣冬山鄉群英村八仙二路187號,24.660545,121.787953,門牌
宜蘭縣冬山鄉群英村冬山路五段175號1樓,24.647488,121.783738,路名
宜蘭縣冬山鄉群英村冬山路五段311號1樓,24.634909,121.789117,門牌
宜蘭縣冬山鄉群英村冬山路五段353號二樓,24.647488,121.783738,路名
宜蘭縣冬山鄉群英村群英路48巷25號1樓,24.668591,121.769919,門牌
宜蘭縣冬山鄉自強路41號1、2、3樓,24.683401,121.797552,門牌
宜蘭縣冬山鄉補城村寶福路295巷46號,24.656710,121.807875,門牌
宜蘭縣冬山鄉補城村建進一路51號,24.641147,121.801181,門牌
宜蘭縣冬山鄉順安村永興路一段369號一樓,24.657573,121.761943,路名
宜蘭縣冬山鄉順安村義成路三段162巷30號1樓,24.655266,121.767941,路名
宜蘭縣冬山鄉順安村華祥路45號一樓,24.656099,121.759261,門牌
宜蘭縣冬山鄉順安村鹿安路563號一樓,24.660642,121.757941,門牌
宜蘭縣冬山鄉香中路262巷41號1樓,24.625929,121.803468,門牌
宜蘭縣冬山鄉香和村冬山路1段699號,24.628891,121.798730,門牌
宜蘭縣冬山鄉香和村冬山路2號1樓,24.631521,121.796840,門牌
宜蘭縣冬山鄉香和村冬山路66巷19號1樓,24.632886,121.795592,門牌
宜蘭縣冬山鄉香和村冬山路一段661號,24.647488,121.783738,路名
宜蘭縣冬山鄉香和村香中路1號,24.631195,121.797754,門牌
宜蘭縣冬山鄉香和村香中路210號,24.627590,121.802574,門牌
宜蘭縣冬山鄉香和村香中路232巷38弄6號,24.627401,121.803129,路名
宜蘭縣冬山鄉香和村香南路82巷4號1樓,24.628549,121.796392,門牌
宜蘭縣冬山鄉香和村香和路257巷9號1樓,24.625215,121.796884,門牌
宜蘭縣冬山鄉香和村香城路210巷5號一樓,24.631808,121.802763,門牌
宜蘭縣冬山鄉鹿埔村松樹路67號1樓,24.651007,121.751240,門牌
宜蘭縣冬山鄉鹿埔村梅花路559巷22號,24.662085,121.738168,門牌
宜蘭縣冬山鄉鹿埔村鹿埔路421巷28-1號1樓,24.654334,121.751087,路名
宜蘭縣冬山鄉鹿埔村鹿梅路119巷1號1樓,24.665001,121.752548,門牌
宜蘭縣冬山鄉鹿埔村鹿梅路650巷51號,24.656348,121.742363,門牌
宜蘭縣冬山鄉龍祥七路7號1樓,24.633374,121.819634,路名
宜蘭縣冬山鄉龍祥十路29號,24.629677,121.813025,路名
宜蘭縣南澳鄉東岳村蘇花路三段101號,24.475453,121.808792,路名
宜蘭縣員山鄉七賢村七圳路116巷16弄1號1樓,24.713766,121.736494,路名
宜蘭縣員山鄉七賢村七圳路2號,24.718185,121.742578,門牌
宜蘭縣員山鄉中華村冷水路75號1樓,24.695639,121.631927,門牌
宜蘭縣員山鄉中華村員山路3段410號,24.699074,121.640955,門牌
宜蘭縣員山鄉中華村員山路三段161巷1號,24.730722,121.708485,路名
宜蘭縣員山鄉中華村員山路三段288巷15號,24.730722,121.708485,路名
宜蘭縣員山鄉內城村榮光路191巷18號,24.718134,121.691157,門牌
宜蘭縣員山鄉同樂村蘭城路42-13號一樓,24.768796,121.729449,路名
宜蘭縣員山鄉員山村慈惠路30號1樓,24.621980,121.802236,門牌
宜蘭縣員山鄉員山村文化路85巷11弄6號,24.746194,121.725685,門牌
宜蘭縣員山鄉員山村金泰路112巷25之1號1樓,24.738520,121.731960,門牌
宜蘭縣員山鄉員山路二段172巷17號,24.730722,121.708485,路名
宜蘭縣員山鄉圳寮路11號,24.729322,121.728300,門牌
宜蘭縣員山鄉尚德村員山路一段485號,24.730722,121.708485,路名
宜蘭縣員山鄉尚德村員山路一段573巷14號,24.730722,121.708485,路名
宜蘭縣員山鄉尚德村大鬮路35-20號,24.735081,121.711474,路名
宜蘭縣員山鄉枕山村枕山一村6號一樓,24.768716,121.721640,門牌
宜蘭縣員山鄉枕山村枕山路二段140號,24.770649,121.717326,路名
宜蘭縣員山鄉永同路3段268號,24.760040,121.721643,路名
宜蘭縣員山鄉永同路一段254之1號,24.760040,121.721643,路名
宜蘭縣員山鄉永和村永同路三段20號,24.760040,121.721643,路名
宜蘭縣員山鄉永和村永同路三段224巷2號一樓,24.760040,121.721643,路名
宜蘭縣員山鄉永和村永同路三段24號,24.760040,121.721643,路名
宜蘭縣員山鄉永和村永同路三段80巷23號一樓,24.760040,121.721643,路名
宜蘭縣員山鄉深溝村尚深路134巷1號,24.724460,121.721262,門牌
宜蘭縣員山鄉深溝村惠民路331號一樓,24.722931,121.720023,門牌
宜蘭縣員山鄉湖北村大湖路20巷1號1樓,24.744643,121.700430,門牌
宜蘭縣員山鄉湖東村茄苳路42之9號,24.745758,121.708039,門牌
宜蘭縣員山鄉湖西村二湖路36號,24.746772,121.689451,門牌
宜蘭縣員山鄉湖西村二湖路39號,24.751164,121.688582,門牌
宜蘭縣員山鄉蓁巷村員山路2段406號,24.709398,121.683685,門牌
宜蘭縣員山鄉蓁巷村員山路2段411號1樓、2樓,24.708007,121.683342,門牌
宜蘭縣員山鄉賢德路二段92巷6弄8號1樓,24.730783,121.727562,路名
宜蘭縣員山鄉逸仙村大安路109之10號1樓,24.742969,121.698200,門牌
宜蘭縣員山鄉逸仙村大湖一路86巷2號,24.739892,121.705782,門牌
宜蘭縣員山鄉逸仙村大湖十八路262號一樓,24.739250,121.695705,門牌
宜蘭縣壯圍鄉古結村古結路137號一樓,24.737696,121.798298,門牌
宜蘭縣壯圍鄉大福村壯濱路六段215號,24.768918,121.816341,路名
宜蘭縣壯圍鄉大福村壯濱路六段281巷46號一樓,24.768918,121.816341,路名
宜蘭縣壯圍鄉復興村壯濱路二段62號一樓,24.768918,121.816341,路名
宜蘭縣壯圍鄉忠孝村壯六路34之13號一樓,24.747747,121.802132,門牌
宜蘭縣壯圍鄉忠孝村順和路82-14號一樓,24.762393,121.804062,路名
宜蘭縣壯圍鄉新南路四段127巷11弄6號一樓,24.722803,121.797077,路名
宜蘭縣壯圍鄉新社村壯濱路五段3號,24.768918,121.816341,路名
宜蘭縣壯圍鄉美城村大福路三段423巷16號一樓,24.776235,121.780248,路名
宜蘭縣壯圍鄉美福村中興三路160巷12號一樓,24.732791,121.788082,門牌
宜蘭縣大同鄉三星路八段501巷167號,24.665913,121.672385,路名
宜蘭縣宜蘭市七張里七張路85號一樓,24.758470,121.783634,門牌
宜蘭縣宜蘭市七張里福德路127巷116號一樓,24.761594,121.786722,門牌
宜蘭縣宜蘭市七結里女中路三段328號一樓,24.746470,121.746244,路名
宜蘭縣宜蘭市中山路3段95號,24.674400,121.771995,門牌
宜蘭縣宜蘭市中山路一段202號,24.707425,121.774872,路名
宜蘭縣宜蘭市中山路五段197巷41號一樓,24.707425,121.774872,路名
宜蘭縣宜蘭市中山路五段252巷28號,24.707425,121.774872,路名
宜蘭縣宜蘭市中山里中山路三段199號一樓,24.707425,121.774872,路名
宜蘭縣宜蘭市中山里中山路三段91號一樓,24.707425,121.774872,路名
宜蘭縣宜蘭市中山里西後街121號,24.759795,121.752145,門牌
宜蘭縣宜蘭市凱旋里5鄰旋流路128號4樓之1,24.730872,121.768643,路名
宜蘭縣宜蘭市凱旋里中山路一段745號,24.707425,121.774872,路名
宜蘭縣宜蘭市凱旋里旋流路13-19號,24.730872,121.768643,路名
宜蘭縣宜蘭市力行路129號1樓,24.763058,121.756745,門牌
宜蘭縣宜蘭市北津里9鄰津梅路72巷5弄40號一樓,24.768264,121.752253,門牌
宜蘭縣宜蘭市北津里北津路1-7號2樓,24.767994,121.754728,路名
宜蘭縣宜蘭市北津里津梅路150巷2號1樓,24.767735,121.750918,門牌
宜蘭縣宜蘭市南津里中山路1段245巷10號1樓,24.726582,121.766767,門牌
宜蘭縣宜蘭市南津里縣政六街27巷32號,24.725296,121.760702,門牌
宜蘭縣宜蘭市吉祥路88巷1號3樓之5,24.800371,121.794002,路名
宜蘭縣宜蘭市女中路1段178號1樓,24.746470,121.746244,路名
宜蘭縣宜蘭市女中路3段111號1樓,24.744826,121.745034,門牌
宜蘭縣宜蘭市女中路一段179號,24.746470,121.746244,路名
宜蘭縣宜蘭市孝廉里新興路206號1樓,24.853225,121.819458,門牌
宜蘭縣宜蘭市孝廉里東後街50號,24.761482,121.754320,門牌
宜蘭縣宜蘭市小東里和睦路154巷1號一樓,24.759926,121.759377,門牌
宜蘭縣宜蘭市延平里延平路39之17號1樓,24.756033,121.767711,門牌
宜蘭縣宜蘭市延平里東港路20之4號一樓,24.750127,121.774570,門牌
宜蘭縣宜蘭市延平里東港路一段528號一樓,24.752725,121.768126,路名
宜蘭縣宜蘭市延平里東港路二段26號,24.751367,121.768846,門牌
宜蘭縣宜蘭市建業里凱旋路388號一樓,24.735441,121.759562,門牌
宜蘭縣宜蘭市建軍里泰山路263號1樓,24.751899,121.739238,門牌
宜蘭縣宜蘭市建軍里農權路三段16號1樓,24.748257,121.743975,路名
宜蘭縣宜蘭市復興路三段97巷15號,24.728761,121.763987,路名
宜蘭縣宜蘭市復興里健康路二段103號,24.747909,121.751613,路名
宜蘭縣宜蘭市復興里神農路一段162號一樓,24.749884,121.750473,路名
宜蘭縣宜蘭市思源里女中路3段633號1樓,24.748368,121.732330,門牌
宜蘭縣宜蘭市思源里女中路三段58巷11號1樓,24.746470,121.746244,路名
宜蘭縣宜蘭市思源里嵐峰路3段332巷22號1樓,24.746540,121.735033,門牌
宜蘭縣宜蘭市思源里民族路525巷25號1樓,24.747731,121.740647,門牌
宜蘭縣宜蘭市思源里農權路三段37巷38號一樓,24.748257,121.743975,路名
宜蘭縣宜蘭市慈安里慈安路49巷2弄54號一樓,24.761030,121.762590,門牌
宜蘭縣宜蘭市慈安里東港路二段626號1樓,24.752725,121.768126,路名
宜蘭縣宜蘭市成功里成功路33號1樓,24.665527,121.653071,門牌
宜蘭縣宜蘭市成功里東港路二段160巷13號一樓,24.752725,121.768126,路名
宜蘭縣宜蘭市文化里文化路7號一樓,24.747796,121.727120,門牌
宜蘭縣宜蘭市文化里長春路78號一樓,24.749366,121.749226,門牌
宜蘭縣宜蘭市新東里東港路2段361巷6號1樓,24.752725,121.768126,路名
宜蘭縣宜蘭市新民里康樂路105號3樓之4,24.756202,121.754011,門牌
宜蘭縣宜蘭市新生里8鄰大福路一段241巷5號1樓,24.776235,121.780248,路名
宜蘭縣宜蘭市新生里中山路五段166巷11號1樓,24.707425,121.774872,路名
宜蘭縣宜蘭市新生里宜興路三段120巷48號,24.759431,121.758204,路名
宜蘭縣宜蘭市新生里宜興路三段53號3樓,24.759431,121.758204,路名
宜蘭縣宜蘭市新生里宜興路三段53號三樓,24.759431,121.758204,路名
宜蘭縣宜蘭市新興路13-1號1樓,24.811148,121.793307,路名
宜蘭縣宜蘭市林森路203號6樓,24.677143,121.776148,路名
宜蘭縣宜蘭市校舍一路112號1樓,24.750524,121.763199,門牌
宜蘭縣宜蘭市校舍二路73號5樓,24.749087,121.762551,門牌
宜蘭縣宜蘭市梅洲一路14-6號,24.777489,121.738342,路名
宜蘭縣宜蘭市梅洲一路20巷2號,24.776566,121.735954,門牌
宜蘭縣宜蘭市梅洲一路22號,24.776212,121.735336,門牌
宜蘭縣宜蘭市梅洲二路59號,24.780138,121.734825,門牌
宜蘭縣宜蘭市梅洲二路92-8號,24.780385,121.735368,路名
宜蘭縣宜蘭市梅洲二路97號,24.780254,121.733076,門牌
宜蘭縣宜蘭市梅洲里大坡路一段305巷150號一樓,24.774414,121.747881,路名
宜蘭縣宜蘭市梅洲里大坡路一段305巷152號,24.774414,121.747881,路名
宜蘭縣宜蘭市梅洲里梅洲一路18-1號,24.777489,121.738342,路名
宜蘭縣宜蘭市梅洲里梅洲一路56號,24.775952,121.734652,門牌
宜蘭縣宜蘭市梅洲里梅洲二路17號,24.780005,121.738819,門牌
宜蘭縣宜蘭市梅洲里梅洲二路38號,24.780455,121.738711,門牌
宜蘭縣宜蘭市梅洲里梅洲二路88號,24.782089,121.734956,門牌
宜蘭縣宜蘭市梅洲里梅洲二路92號,24.780606,121.735795,門牌
宜蘭縣宜蘭市民族里負郭路72巷2弄10號一樓,24.753820,121.746788,門牌
宜蘭縣宜蘭市民權路二段38巷6號,24.725052,121.754472,路名
宜蘭縣宜蘭市民權里中山路2段215號,24.750652,121.753432,門牌
宜蘭縣宜蘭市民權里中山路二段95號,24.707425,121.774872,路名
宜蘭縣宜蘭市民權里中華路46號三樓,24.745649,121.754391,門牌
宜蘭縣宜蘭市民權里農權路101號7樓之5,24.747532,121.753936,門牌
宜蘭縣宜蘭市神農里和睦路1-34號1樓,24.731758,121.764767,路名
宜蘭縣宜蘭市神農里和睦路1-34號一樓,24.731758,121.764767,路名
宜蘭縣宜蘭市神農里女中路二段190巷16號一樓,24.746470,121.746244,路名
宜蘭縣宜蘭市神農里女中路二段226號1樓,24.746470,121.746244,路名
宜蘭縣宜蘭市自強路145號一樓,24.742751,121.750306,門牌
宜蘭縣宜蘭市舊城西路62-1號1樓,24.759615,121.750126,路名
宜蘭縣宜蘭市菜園里力行路86號,24.762824,121.758018,門牌
宜蘭縣宜蘭市菜園里崇聖街175號1樓,24.760897,121.756692,門牌
宜蘭縣宜蘭市西後街11號1樓,24.757164,121.751614,門牌
宜蘭縣宜蘭市西後街24號,24.757061,121.751738,門牌
宜蘭縣宜蘭市西門里慶和街3號1樓,24.760713,121.752409,門牌
宜蘭縣宜蘭市西門里慶和街3號一樓,24.760713,121.752409,門牌
宜蘭縣宜蘭市進士路95巷2弄4號,24.742999,121.747063,門牌
宜蘭縣宜蘭市進士里健康路一段81巷6號1樓,24.747909,121.751613,路名
宜蘭縣宜蘭市進士里嵐峰路一段109號一樓,24.744733,121.742000,路名
宜蘭縣宜蘭市進士里嵐峰路二段166巷3號1樓,24.744733,121.742000,路名
宜蘭縣宜蘭市進士里擺厘路11-24號1樓,24.743816,121.750846,路名
宜蘭縣宜蘭市黎明三路一段58號,24.748015,121.767958,路名
宜蘭縣宜蘭市黎明里女中路一段28號一樓,24.746470,121.746244,路名
宜蘭縣宜蘭市黎明里環市東路二段372巷26號,24.757205,121.769183,路名
宜蘭縣宜蘭市黎明里縣民大道二段416號,24.739658,121.775778,路名
宜蘭縣礁溪鄉三民村十六結路51-1號,24.812228,121.761012,路名
宜蘭縣礁溪鄉三民村十六結路93-2號一樓,24.812228,121.761012,路名
宜蘭縣礁溪鄉二結路64號,24.785251,121.721403,門牌
宜蘭縣礁溪鄉二龍村淇武蘭路159-5號,24.809985,121.785501,路名
宜蘭縣礁溪鄉二龍村淇武蘭路172-7號,24.809985,121.785501,路名
宜蘭縣礁溪鄉健康路77號,24.830869,121.774939,門牌
宜蘭縣礁溪鄉光武村武暖路52-3號,24.781005,121.770765,路名
宜蘭縣礁溪鄉公園路32號7樓之10,24.831541,121.775463,門牌
宜蘭縣礁溪鄉匏崙村匏杓崙路60之3號一樓,24.796384,121.731771,門牌
宜蘭縣礁溪鄉吳沙村14鄰育英路90巷7弄15號,24.786096,121.757481,門牌
宜蘭縣礁溪鄉吳沙村育英路160巷12號一樓,24.786644,121.754982,門牌
宜蘭縣礁溪鄉大忠村五峰路69號、69-1號,24.827907,121.755717,門牌
宜蘭縣礁溪鄉大忠村礁溪路4段68號,24.819491,121.769096,門牌
宜蘭縣礁溪鄉大義村中山路一段116號,24.707425,121.774872,路名
宜蘭縣礁溪鄉德陽村中山路二段218號2樓,24.707425,121.774872,路名
宜蘭縣礁溪鄉德陽村仁愛路3號,24.828527,121.771422,門牌
宜蘭縣礁溪鄉德陽村德陽路231巷4號,24.826482,121.764792,門牌
宜蘭縣礁溪鄉德陽村德陽路6號,24.827619,121.773035,門牌
宜蘭縣礁溪鄉德陽村礁溪路五段118號1至6樓,24.812461,121.770006,路名
宜蘭縣礁溪鄉武暖路108之71號,24.781005,121.770765,路名
宜蘭縣礁溪鄉漳福路208之6號,24.789655,121.742331,路名
宜蘭縣礁溪鄉玉田村玉龍路一段350巷18弄9號一樓,24.797744,121.787099,路名
宜蘭縣礁溪鄉玉石村礁溪路六段46號,24.812461,121.770006,路名
宜蘭縣礁溪鄉白雲三路30巷6弄2號3樓,24.837648,121.785759,門牌
宜蘭縣礁溪鄉白鵝村柴圍路11-4號,24.799697,121.756285,路名
宜蘭縣礁溪鄉龍泉路177巷23號,24.784294,121.744368,路名
宜蘭縣礁溪鄉龍潭村國宅街12號,24.778506,121.742613,門牌
宜蘭縣礁溪鄉龍潭村國宅街30號1樓,24.779574,121.743190,路名
宜蘭縣礁溪鄉龍潭村大坡路92-3號1樓,24.774414,121.747881,路名
宜蘭縣礁溪鄉龍潭村育龍路261巷1號3樓之3,24.779045,121.744320,路名
宜蘭縣礁溪鄉龍潭村育龍路569號,24.779045,121.744320,路名
宜蘭縣礁溪鄉龍潭村龍泉路189號,24.787484,121.745845,門牌
宜蘭縣礁溪鄉龍潭村龍泉路80巷1弄5號一樓,24.784294,121.744368,路名
宜蘭縣礁溪鄉龍潭村龍泉路8號1樓,24.781972,121.743620,門牌
宜蘭縣羅東鎮中山路二段200號,24.707425,121.774872,路名
宜蘭縣羅東鎮仁愛里河濱路26號三樓之1,24.688011,121.752373,門牌
宜蘭縣羅東鎮仁愛里河濱路87號4樓,24.690816,121.753449,門牌
宜蘭縣羅東鎮信義里倉前路66號4樓之1,24.681267,121.768917,門牌
宜蘭縣羅東鎮信義里復興路一段62號1樓,24.863760,121.818201,門牌
宜蘭縣羅東鎮信義里愛國路35號1樓,24.684965,121.769788,門牌
宜蘭縣羅東鎮信義里純精路3段162-3號3樓,24.678697,121.764945,路名
宜蘭縣羅東鎮信義里興東路276號1樓,24.684202,121.770604,門牌
宜蘭縣羅東鎮光榮路342-2號2樓,24.656408,121.798884,路名
宜蘭縣羅東鎮光榮路495號12樓之1,24.681077,121.777582,門牌
宜蘭縣羅東鎮光榮路495號12樓之3,24.681077,121.777582,門牌
宜蘭縣羅東鎮光榮路73-5號1樓,24.656408,121.798884,路名
宜蘭縣羅東鎮公正里中正北路77號4樓,24.684336,121.757614,門牌
宜蘭縣羅東鎮公正里公正路284巷36號,24.681007,121.765552,門牌
宜蘭縣羅東鎮公正里愛國路160號1樓,24.682175,121.766314,門牌
宜蘭縣羅東鎮北成里敬業路13號5樓,24.673508,121.758630,門牌
宜蘭縣羅東鎮南昌街53巷3弄8之4號5樓,24.671653,121.774377,門牌
宜蘭縣羅東鎮南昌里1鄰站前南路278號1樓,24.673500,121.774354,門牌
宜蘭縣羅東鎮南豪里興東南路38號1樓,24.669464,121.770830,門牌
宜蘭縣羅東鎮南門路11巷2弄3號一樓,24.672417,121.769426,門牌
宜蘭縣羅東鎮四育路107號,24.666220,121.786491,門牌
宜蘭縣羅東鎮國華里公正路397號,24.680418,121.760229,門牌
宜蘭縣羅東鎮國華里進德街122之8號,24.677846,121.757951,門牌
宜蘭縣羅東鎮天祥路341號4樓之1,24.680256,121.776941,門牌
宜蘭縣羅東鎮學府街3巷18號,24.681177,121.761166,門牌
宜蘭縣羅東鎮康莊路5號一樓,24.669336,121.776929,門牌
宜蘭縣羅東鎮建成街3號一樓,24.677214,121.757945,門牌
宜蘭縣羅東鎮成功里興東南路95號,24.670053,121.769492,門牌
宜蘭縣羅東鎮新群里中山路一段113號一樓,24.633544,121.748168,門牌
宜蘭縣羅東鎮新群里中山路一段71號1樓,24.707425,121.774872,路名
宜蘭縣羅東鎮新群里富農路三段59巷76號1樓,24.668421,121.786517,路名
宜蘭縣羅東鎮新群里新群二路366號,24.672123,121.785622,門牌
宜蘭縣羅東鎮東安里中山路二段207號1樓,24.707425,121.774872,路名
宜蘭縣羅東鎮東安里光榮路269之17號11樓,24.676392,121.777221,門牌
宜蘭縣羅東鎮東安里禮運路62號十樓之6,24.680661,121.775164,門牌
宜蘭縣羅東鎮樹林里樹人路48-10號1樓,24.707674,121.762274,路名
宜蘭縣羅東鎮樹林里純精路三段139號1樓,24.678697,121.764945,路名
宜蘭縣羅東鎮漢民里忠孝路8號三樓,24.829503,121.771864,門牌
宜蘭縣羅東鎮漢民里敬業路60號一樓,24.675372,121.759333,門牌
宜蘭縣羅東鎮漢民里純精路二段130號2F,24.678697,121.764945,路名
宜蘭縣羅東鎮站前南路48號,24.668766,121.773446,門牌
宜蘭縣羅東鎮竹林里復興路二段176號2樓,24.728761,121.763987,路名
宜蘭縣羅東鎮竹林里愛國路98號1樓,24.684572,121.766981,門牌
宜蘭縣羅東鎮純精路2段133號1樓,24.677423,121.763317,門牌
宜蘭縣羅東鎮純精路二段248巷6號,24.678697,121.764945,路名
宜蘭縣羅東鎮羅莊里光榮路91號,24.671413,121.777503,門牌
宜蘭縣羅東鎮羅莊里天祥路6號一樓,24.668768,121.776748,門牌
宜蘭縣羅東鎮興東路276號,24.684202,121.770604,門牌
宜蘭縣羅東鎮西安里純精路1段91號,24.670093,121.764489,門牌
宜蘭縣羅東鎮西安里純精路一段27號一樓,24.678697,121.764945,路名
宜蘭縣羅東鎮西安里西安街250號3樓,24.669043,121.757891,門牌
宜蘭縣羅東鎮賢文里公正路289-6號2樓,24.679890,121.764646,路名
宜蘭縣羅東鎮賢文里公正路289之3號9樓,24.679995,121.763528,門牌
宜蘭縣羅東鎮賢文里民享街64號1樓,24.679156,121.761225,門牌
宜蘭縣羅東鎮賢文里民生路186號1樓,24.678177,121.764360,門牌
宜蘭縣羅東鎮賢文里純精路二段203號2樓,24.678697,121.764945,路名
宜蘭縣羅東鎮開明里清潭路72巷21號,24.668455,121.776176,門牌
宜蘭縣蘇澳鎮中原路301-1號1至10樓(包括地下1至2層),24.597528,121.849000,路名
宜蘭縣蘇澳鎮中山路1段35巷10號,24.595744,121.852249,門牌
宜蘭縣蘇澳鎮中山路二段415號,24.707425,121.774872,路名
宜蘭縣蘇澳鎮信義路270巷12弄6號,24.616532,121.835255,門牌
宜蘭縣蘇澳鎮南寧里南新路22號一樓,24.581081,121.869319,門牌
宜蘭縣蘇澳鎮南寧里華山路42號1樓,24.580888,121.869047,門牌
宜蘭縣蘇澳鎮南建里造船路59巷8號,24.579463,121.872562,門牌
宜蘭縣蘇澳鎮大同路139號,24.622920,121.834345,門牌
宜蘭縣蘇澳鎮大同路139號1樓,24.622920,121.834345,門牌
宜蘭縣蘇澳鎮德興一路17號,24.628963,121.825287,門牌
宜蘭縣蘇澳鎮德興一路20號,24.625020,121.821087,門牌
宜蘭縣蘇澳鎮德興一路28號,24.624389,121.819553,門牌
宜蘭縣蘇澳鎮德興一路32號,24.624222,121.818638,門牌
宜蘭縣蘇澳鎮德興七路10號,24.635230,121.829152,門牌
宜蘭縣蘇澳鎮德興三路29號,24.626158,121.818361,門牌
宜蘭縣蘇澳鎮新城路13號,24.763938,121.731673,門牌
宜蘭縣蘇澳鎮新城里中山路二段365巷2號,24.707425,121.774872,路名
宜蘭縣蘇澳鎮新城里新城路22號一樓,24.618818,121.827458,門牌
宜蘭縣蘇澳鎮新城里新榮路62號二樓之五,24.621133,121.832295,路名
宜蘭縣蘇澳鎮新城里海山西路500號,24.614076,121.830242,路名
宜蘭縣蘇澳鎮新榮路47巷7號1樓,24.620787,121.832811,門牌
宜蘭縣蘇澳鎮新榮路57號,24.621158,121.832241,門牌
宜蘭縣蘇澳鎮新馬路140號1樓,24.617085,121.827824,門牌
宜蘭縣蘇澳鎮永春路125號,24.584074,121.846806,門牌
宜蘭縣蘇澳鎮永春里永春路132之1號一樓,24.583200,121.846135,門牌
宜蘭縣蘇澳鎮永春里永春路148號一樓,24.582302,121.846031,門牌
宜蘭縣蘇澳鎮永榮里思村路53-2號1樓,24.621565,121.839073,路名
宜蘭縣蘇澳鎮永榮里新馬路6巷25號,24.618844,121.832056,門牌
宜蘭縣蘇澳鎮祥和路199號,24.616650,121.830580,門牌
宜蘭縣蘇澳鎮福德路244號,24.642638,121.830687,門牌
宜蘭縣蘇澳鎮聖湖里志成路260號一樓,24.594583,121.837198,門牌
宜蘭縣蘇澳鎮聖湖里聖賢路20巷19號一樓,24.593894,121.837015,門牌
宜蘭縣蘇澳鎮自強路21號,24.683456,121.797965,門牌
宜蘭縣蘇澳鎮自強路8號,24.683728,121.798210,門牌
宜蘭縣蘇澳鎮華山路40巷6號1樓,24.581198,121.869015,門牌
宜蘭縣蘇澳鎮蘇東中路4號,24.596386,121.854977,路名
宜蘭縣蘇澳鎮蘇東中路7號3樓,24.596339,121.855467,門牌
宜蘭縣蘇澳鎮蘇東北路1之3號一樓,24.596790,121.855827,門牌
宜蘭縣蘇澳鎮蘇東路6號3樓,24.596132,121.855624,門牌
宜蘭縣蘇澳鎮蘇東里蘇東北路2之67號一樓,24.597846,121.856030,門牌
宜蘭縣蘇澳鎮造船路28號1樓,24.581980,121.871776,門牌
宜蘭縣蘇澳鎮隘丁里仁愛路12號,24.828498,121.771133,門牌
宜蘭縣蘇澳鎮隘丁里仁愛路153號,24.616797,121.834203,門牌
宜蘭縣蘇澳鎮隘丁里信義路298巷7號一樓,24.615495,121.834348,門牌
宜蘭縣蘇澳鎮隘丁里城東路231之13號1樓,24.615611,121.840556,路名
宜蘭縣蘇澳鎮頂寮路15巷25號1樓,24.643723,121.832270,門牌
宜蘭縣蘇澳鎮頂寮里蘇濱路三段132號一樓之1,24.627236,121.838155,路名
宜蘭縣蘇澳鎮頂寮里蘇濱路三段132號一樓之2,24.627236,121.838155,路名
宜蘭縣蘇澳鎮頂寮里頂強路1號,24.634238,121.841710,門牌
宜蘭縣蘇澳鎮頂平路2號,24.635060,121.838050,門牌
宜蘭縣蘇澳鎮龍德里3鄰德興一路45號,24.624453,121.821008,門牌
宜蘭縣蘇澳鎮龍德里建福路61號一樓,24.644697,121.831634,門牌
宜蘭縣蘇澳鎮龍德里德興一路1號,24.632505,121.828359,門牌
宜蘭縣蘇澳鎮龍德里德興一路29號,24.626741,121.821774,路名
宜蘭縣蘇澳鎮龍德里德興一路41號,24.625011,121.821502,門牌
宜蘭縣蘇澳鎮龍德里德興一路57號,24.626741,121.821774,路名
宜蘭縣蘇澳鎮龍德里德興二路2號,24.625370,121.819897,路名
宜蘭縣蘇澳鎮龍德里德興五路2號,24.630084,121.825019,門牌
宜蘭縣蘇澳鎮龍德里德興八路9號,24.636505,121.829708,路名
宜蘭縣蘇澳鎮龍德里德興六路1號,24.631159,121.825799,門牌
宜蘭縣蘇澳鎮龍德里福德路388號1樓,24.646056,121.829282,門牌
宜蘭縣蘇澳鎮龍德里育英路53號一樓,24.785973,121.759658,門牌
宜蘭縣蘇澳鎮龍德里自強路11-1號,24.707786,121.777670,路名
宜蘭縣蘇澳鎮龍德里自強路19號,24.683459,121.798019,門牌
宜蘭縣蘇澳鎮龍德里自強路23號,24.632409,121.823967,門牌
宜蘭縣蘇澳鎮龍德里自強路2、4號,24.707786,121.777670,路名
宜蘭縣蘇澳鎮龍德里自強路7號,24.633194,121.828649,門牌
宜蘭縣蘇澳鎮龍德里龍祥一路2號,24.635626,121.830986,路名
宜蘭縣蘇澳鎮龍德里龍祥一路6號,24.635626,121.830986,路名
宜蘭縣蘇澳鎮龍德里龍祥一路8號,24.635626,121.830986,路名
宜蘭縣蘇澳鎮龍德里龍祥五路5號,24.628925,121.823164,門牌
宜蘭縣蘇澳鎮龍祥一路5號,24.635626,121.830986,路名
宜蘭縣蘇澳鎮龍祥五路1號,24.629388,121.823086,門牌
宜蘭縣頭城鎮二城里北宜路一段106號1樓,24.845547,121.791236,路名
宜蘭縣頭城鎮吉祥路236巷1號,24.861364,121.814429,門牌
宜蘭縣頭城鎮城西里和平街31號二樓,24.855749,121.822777,門牌
宜蘭縣頭城鎮大坑里環鎮東路二段337巷30號一樓,24.863081,121.830923,路名
宜蘭縣頭城鎮拔雅路20之1號,24.864150,121.812513,門牌
宜蘭縣頭城鎮拔雅里吉祥路232號1樓,24.800371,121.794002,路名
宜蘭縣頭城鎮拔雅里復興路111之17號一樓,24.728761,121.763987,路名
宜蘭縣頭城鎮更新路62-1號,24.903950,121.860623,路名
宜蘭縣頭城鎮武營里青雲路三段323巷1號3樓,24.848407,121.810564,路名
宜蘭縣頭城鎮港口里濱海路一段250號,24.918622,121.878317,路名
宜蘭縣頭城鎮烏石港路301號、300號、520號、568號,24.870189,121.836628,路名
宜蘭縣頭城鎮福成里宜三路二段312巷40號一樓,24.852802,121.798766,路名
宜蘭縣頭城鎮竹安里頭濱路一段27號,24.829722,121.821390,路名
宜蘭縣頭城鎮竹安里頭濱路二段37巷2號一樓,24.829722,121.821390,路名
宜蘭縣頭城鎮金面里青雲路二段629巷12號,24.848407,121.810564,路名
屏東縣三地門鄉三地村中正路二段55巷1號1樓,22.539856,120.529510,路名
屏東縣九如鄉三塊村三多路81號,22.748720,120.482222,門牌
屏東縣九如鄉三塊村三民路305之1號,22.524076,120.493418,路名
屏東縣九如鄉九塊村忠孝街72號1樓,22.425732,120.561977,門牌
屏東縣九如鄉九塊村民治街130號1樓,22.558140,120.531686,路名
屏東縣九如鄉九塊村民治街132號5樓之2,22.558140,120.531686,路名
屏東縣九如鄉九明村九如路二段1巷25號,22.737141,120.489613,路名
屏東縣九如鄉九明村九如路二段1巷2號,22.737141,120.489613,路名
屏東縣九如鄉九明村衛武街98號,22.731775,120.472237,門牌
屏東縣九如鄉九清村九如路2段323號,22.739837,120.489386,門牌
屏東縣九如鄉光復街121巷28號,22.732429,120.484157,路名
屏東縣九如鄉大坵村九如路三段20號1樓,22.737141,120.489613,路名
屏東縣九如鄉後庄村後庄路16巷39號1樓,22.744104,120.504813,門牌
屏東縣九如鄉後庄村清聖街26巷94號1樓,22.747382,120.503179,門牌
屏東縣九如鄉德安路76之1號,22.761786,120.507247,門牌
屏東縣九如鄉東寧村九如路二段238號1樓,22.737141,120.489613,路名
屏東縣九如鄉東寧村富仁街46號,22.733309,120.496185,門牌
屏東縣九如鄉東寧村東寧路140巷19號1樓,22.735018,120.493110,門牌
屏東縣九如鄉東寧村東寧路15-3號,22.704246,120.513826,路名
屏東縣九如鄉東寧村東寧路15之2號,22.734224,120.507145,門牌
屏東縣九如鄉東寧村東明街23號,22.734675,120.499207,門牌
屏東縣九如鄉玉泉村黃金路51號,22.718919,120.522066,路名
屏東縣九如鄉耆老村中正路95巷16號1樓,22.755399,120.495168,門牌
屏東縣九如鄉耆老村中興街47-1號1樓,22.615355,120.493490,路名
屏東縣佳冬鄉塭豐村塭田路99號1樓,22.410840,120.523365,門牌
屏東縣佳冬鄉昌隆村東昌路5號1樓,22.448851,120.563032,門牌
屏東縣佳冬鄉羌園村羌光路2－11號,22.429152,120.526828,路名
屏東縣佳冬鄉萬建村忠孝街128巷18-3號,22.628318,120.504853,路名
屏東縣佳冬鄉萬建村進學街78巷59弄7號1樓,22.422824,120.554063,門牌
屏東縣來義鄉來義村義新路6巷16號1樓,22.507489,120.581919,門牌
屏東縣來義鄉古樓村中山路60號一樓,22.530006,120.627543,門牌
屏東縣來義鄉義林村來新路31號1樓,22.508598,120.581821,門牌
屏東縣內埔鄉光明路91號1樓,22.620459,120.522056,門牌
屏東縣內埔鄉內埔村光明路533號1樓,22.615691,120.569537,門牌
屏東縣內埔鄉內埔村惠陽街32號6樓,22.615418,120.569277,門牌
屏東縣內埔鄉內田村德美路259號1樓,22.607778,120.562567,門牌
屏東縣內埔鄉北寧路二段88號,22.619032,120.566074,門牌
屏東縣內埔鄉和平新路25號1樓,22.678904,120.608856,路名
屏東縣內埔鄉和興村學興路166號1樓,22.604046,120.564800,門牌
屏東縣內埔鄉大新村大旺路360巷25號,22.673787,120.578256,門牌
屏東縣內埔鄉富田村里和路110號一樓,22.606185,120.547402,門牌
屏東縣內埔鄉建工路8號,22.638497,120.543239,門牌
屏東縣內埔鄉振豐村博愛巷88號,22.625982,120.543098,門牌
屏東縣內埔鄉東寧村東寧路199巷2號,22.617586,120.562647,門牌
屏東縣內埔鄉竹圍村永興二巷19號1樓,22.649765,120.551109,門牌
屏東縣內埔鄉竹圍村永豐巷19號,22.828968,120.594421,門牌
屏東縣內埔鄉竹圍村竹東路55號3樓,22.637828,120.565260,門牌
屏東縣內埔鄉美和村學人路267之1號,22.599187,120.559279,門牌
屏東縣內埔鄉美和村學人路267之44號五樓,22.599422,120.559127,門牌
屏東縣內埔鄉老埤村福泰路107巷36號1樓,22.631299,120.596431,門牌
屏東縣內埔鄉豐田村26鄰建新路32-1號,22.545820,120.561178,路名
屏東縣內埔鄉豐田村中正路467號,22.634659,120.540842,門牌
屏東縣內埔鄉豐田村延平路131號,22.639932,120.547593,門牌
屏東縣內埔鄉豐田村延平路133號,22.639993,120.547963,門牌
屏東縣內埔鄉豐田村建國路16號,22.640157,120.543122,門牌
屏東縣內埔鄉豐田村建國路20號,22.641254,120.543860,門牌
屏東縣內埔鄉豐田村建國路24之1號,22.642691,120.546056,門牌
屏東縣內埔鄉豐田村建富路18號,22.643390,120.549507,門牌
屏東縣內埔鄉豐田村建新路38號,22.636420,120.542877,門牌
屏東縣內埔鄉豐田村建業路1號,22.639879,120.545097,門牌
屏東縣內埔鄉豐田村建邦路5號,22.643397,120.548527,門牌
屏東縣內埔鄉豐田村建邦路6號,22.643256,120.548048,門牌
屏東縣內埔鄉豐田村新豐路166號,22.720629,120.575926,路名
屏東縣內埔鄉豐田村興中一巷25號,22.627717,120.553301,門牌
屏東縣內埔鄉豐田村興中二巷26號,22.628336,120.551414,門牌
屏東縣內埔鄉黎明村黎東路40巷527號,22.690037,120.606541,路名
屏東縣內埔鄉黎明村黎東路525巷8之2號1樓,22.691332,120.605599,門牌
屏東縣內埔鄉龍潭村新勝路85號,22.672767,120.598334,門牌
屏東縣內埔鄉龍潭村昭勝路546號1樓,22.682000,120.601614,門牌
屏東縣內埔鄉龍潭村昭勝路546號2樓,22.682000,120.601614,門牌
屏東縣南州鄉南安村社邊路35號,22.464302,120.513714,路名
屏東縣南州鄉壽元村壽元路88號,22.486649,120.533911,門牌
屏東縣南州鄉大同路99號,22.489901,120.539401,門牌
屏東縣南州鄉溪北村仁里路3巷61號1樓,22.492254,120.510112,門牌
屏東縣南州鄉溪北村勝利路120號,22.492934,120.515997,門牌
屏東縣南州鄉溪南村人和路1巷116號,22.487634,120.508942,門牌
屏東縣南州鄉溪洲村營安路1巷14號一樓,22.490939,120.506702,門牌
屏東縣南州鄉米崙村勝利路89號,22.489284,120.517572,門牌
屏東縣屏東市三山里海豐街2-30號1樓,22.702346,120.513555,路名
屏東縣屏東市三山里海豐街2-3號,22.702346,120.513555,路名
屏東縣屏東市三山里金城街65巷10號1樓,22.699127,120.507689,門牌
屏東縣屏東市中山路175巷1號1樓,22.683719,120.484086,門牌
屏東縣屏東市中正路72號7樓之1,22.525753,120.632900,門牌
屏東縣屏東市中正路72號、2樓、3樓、3樓之1、4樓之1、5樓之1、6樓之1、7樓之1、底1層、底2層、底3層及底4層,22.525753,120.632900,門牌
屏東縣屏東市中正里廣東路624之1號1樓,22.684300,120.497638,門牌
屏東縣屏東市中正里瑞光路三段281號1樓,22.677868,120.508117,路名
屏東縣屏東市中正里華正路228-1號1樓,22.685730,120.500351,路名
屏東縣屏東市仁愛里公勤一街83號1樓,22.682815,120.493687,門牌
屏東縣屏東市仁義里海豐街84巷82號,22.704330,120.524862,門牌
屏東縣屏東市信和里忠信12之14號,22.703663,120.508790,門牌
屏東縣屏東市公裕街328巷39號2樓,22.690091,120.495267,門牌
屏東縣屏東市公館里公成路142號1樓,22.638039,120.481218,門牌
屏東縣屏東市前進里5鄰園西街15號,22.644511,120.452873,門牌
屏東縣屏東市前進里5鄰經建路38號,22.647536,120.454263,門牌
屏東縣屏東市前進里南一路3號,22.639493,120.455828,門牌
屏東縣屏東市前進里園東街3號,22.641984,120.457546,門牌
屏東縣屏東市前進里園西街16號,22.645248,120.452654,門牌
屏東縣屏東市前進里園西街18號,22.646121,120.452375,門牌
屏東縣屏東市前進里園西街7號,22.639511,120.454472,門牌
屏東縣屏東市前進里大溪路311號,22.638645,120.450894,門牌
屏東縣屏東市前進里大溪路313號,22.638560,120.449025,門牌
屏東縣屏東市前進里大溪路319-2號一樓,22.619577,120.463270,路名
屏東縣屏東市前進里大溪路335-3號,22.619577,120.463270,路名
屏東縣屏東市前進里大溪路335-7號,22.619577,120.463270,路名
屏東縣屏東市前進里大溪路335之32號1樓,22.619577,120.463270,路名
屏東縣屏東市前進里建國路478之6號1樓,22.654171,120.461657,門牌
屏東縣屏東市前進里經建路32號,22.645326,120.454963,門牌
屏東縣屏東市勝利里公正四街120之1號1樓,22.684317,120.487063,門牌
屏東縣屏東市勝利里廣東路990號10樓之1,22.687799,120.485368,門牌
屏東縣屏東市勝利里廣東路990號13樓之5,22.687799,120.485368,門牌
屏東縣屏東市勝利里廣東路990號4樓之10,22.687799,120.485368,門牌
屏東縣屏東市勝利里忠孝路309-3號,22.557508,120.506339,路名
屏東縣屏東市勝利里自由路586-3號2樓,22.653249,120.496334,路名
屏東縣屏東市勝利里自由路586之3號2樓,22.683532,120.485460,門牌
屏東縣屏東市勝利里青島街57號,22.678542,120.487730,門牌
屏東縣屏東市北勢里中正路401巷3號,22.686808,120.495711,門牌
屏東縣屏東市北勢里忠孝路192號、192之1號,22.069874,120.710424,門牌
屏東縣屏東市北興一街88號1樓,22.688461,120.494207,路名
屏東縣屏東市北興里中正路429號,22.688641,120.498111,門牌
屏東縣屏東市北興里公裕街410號,22.690384,120.496668,門牌
屏東縣屏東市北興里廣東路744巷69號,22.687950,120.493045,門牌
屏東縣屏東市北興里廣東路744巷69號1樓,22.687950,120.493045,門牌
屏東縣屏東市北興里興隆街17號,22.688003,120.491739,門牌
屏東縣屏東市厚生里延平路114號一樓,22.466347,120.447749,門牌
屏東縣屏東市厚生里正氣巷30之1號2樓,22.666074,120.481633,門牌
屏東縣屏東市和生路一段850巷4號1樓,22.653250,120.483429,路名
屏東縣屏東市園西街5號,22.636471,120.455464,門牌
屏東縣屏東市大同里公園路103之2號,22.575682,120.530509,路名
屏東縣屏東市大同里桂林街5號2樓,22.672729,120.487113,門牌
屏東縣屏東市大埔里成功路6巷5號1樓,22.672162,120.479559,門牌
屏東縣屏東市大武里武威街33號1樓,22.656248,120.475723,門牌
屏東縣屏東市大武里武成街21巷4號,22.654535,120.475638,門牌
屏東縣屏東市大洲里10鄰環東街2號,22.636012,120.453884,門牌
屏東縣屏東市大洲里10鄰經建路8號,22.641463,120.455849,路名
屏東縣屏東市大洲里園西街6號,22.638032,120.455088,門牌
屏東縣屏東市大洲里經建路5號,22.636675,120.456807,門牌
屏東縣屏東市大湖里大湖路192巷3號,22.633301,120.491520,門牌
屏東縣屏東市大溪路327號,22.619577,120.463270,路名
屏東縣屏東市大溪路337號,22.645981,120.447074,門牌
屏東縣屏東市大連里14鄰興豐路115巷11弄4號1樓,22.681598,120.508074,門牌
屏東縣屏東市大連里興豐路115巷11弄2號1樓,22.681600,120.508126,門牌
屏東縣屏東市大連里豐年街173巷3之1號1樓,22.679450,120.505476,門牌
屏東縣屏東市大連里豐華街148號1樓,22.679752,120.502976,門牌
屏東縣屏東市大連里豐連街125巷1號1樓,22.679348,120.510170,門牌
屏東縣屏東市太原路17-1號,22.683666,120.485151,路名
屏東縣屏東市崇朝路16號3樓,22.687384,120.478853,門牌
屏東縣屏東市崇武里建南路191巷29號,22.663174,120.481295,門牌
屏東縣屏東市崇武里建南路191巷44號二樓,22.663343,120.481172,門牌
屏東縣屏東市崇蘭里中山路192號1樓,22.436966,120.562991,門牌
屏東縣屏東市崇蘭里中山路192號2樓,22.436966,120.562991,門牌
屏東縣屏東市崇蘭里博愛路432號1樓,22.686015,120.480837,門牌
屏東縣屏東市崇蘭里崇德一路100號,22.685340,120.479632,門牌
屏東縣屏東市崇蘭里崇朝路80號,22.687430,120.478801,路名
屏東縣屏東市崇陽里機場北路882號1樓,22.684003,120.472405,路名
屏東縣屏東市工業一路11號,22.661704,120.499718,門牌
屏東縣屏東市工業二路12號,22.662025,120.497270,門牌
屏東縣屏東市工業五路19號,22.659761,120.503124,門牌
屏東縣屏東市工業環路4號,22.660795,120.502264,門牌
屏東縣屏東市工業路10號,22.662527,120.498500,門牌
屏東縣屏東市工業路1號,22.664036,120.498469,門牌
屏東縣屏東市建南路111號,22.657923,120.480138,門牌
屏東縣屏東市建國路332巷39號,22.661084,120.466525,門牌
屏東縣屏東市建國路332巷44弄70號1樓,22.664576,120.468654,門牌
屏東縣屏東市建興南路39-2號,22.660615,120.484007,路名
屏東縣屏東市忠孝路175號4樓,22.678555,120.488021,門牌
屏東縣屏東市斯文里信義路207號,22.677502,120.577264,門牌
屏東縣屏東市新生里復興南路1段87號1樓,22.653489,120.486183,門牌
屏東縣屏東市新生里復興南路一段1巷20弄2號1樓,22.648690,120.485942,路名
屏東縣屏東市新生里復興南路一段231巷20-3號,22.648690,120.485942,路名
屏東縣屏東市新生里復興南路一段376巷57弄11號一樓,22.648690,120.485942,路名
屏東縣屏東市新生里復興南路一段93巷58弄34號1樓,22.648690,120.485942,路名
屏東縣屏東市楠樹里民生路180-4號1樓,22.618810,120.525067,路名
屏東縣屏東市橋南里19鄰工業二路5號,22.661745,120.497992,門牌
屏東縣屏東市橋南里工業三路16號一樓,22.658940,120.499011,門牌
屏東縣屏東市橋南里工業二路28號一樓,22.662253,120.497553,路名
屏東縣屏東市橋南里工業五路21號,22.659596,120.502862,門牌
屏東縣屏東市橋南里工業六路8號,22.656929,120.496576,門牌
屏東縣屏東市橋南里工業四路35號,22.655651,120.496447,門牌
屏東縣屏東市橋南里工業路4號,22.664536,120.498606,門牌
屏東縣屏東市歸心里歸仁路21之8號,22.653873,120.503498,門牌
屏東縣屏東市民富街17巷19號1樓,22.684609,120.497672,門牌
屏東縣屏東市民生路12之16號2樓,22.665668,120.501413,門牌
屏東縣屏東市民貴二街47之1號,22.674744,120.498263,路名
屏東縣屏東市永光里和平路365之1號,22.675495,120.477849,門牌
屏東縣屏東市永城里康定街103號1樓,22.677270,120.480241,門牌
屏東縣屏東市永安里建興南路28號16樓之3,22.658453,120.485639,門牌
屏東縣屏東市永安里棒球路180巷26號1樓,22.657309,120.481902,門牌
屏東縣屏東市泰安里正定巷5號1樓,22.677211,120.488384,門牌
屏東縣屏東市海豐里海豐35-3號五樓之2,22.699828,120.513707,路名
屏東縣屏東市清寧街208巷11號1樓,22.662672,120.472566,門牌
屏東縣屏東市清寧街30號8樓之2,22.660205,120.471969,門牌
屏東縣屏東市清溪里和生路三段1006號,22.653250,120.483429,路名
屏東縣屏東市清溪里和生路二段546-1號,22.653250,120.483429,路名
屏東縣屏東市清溪里大武路403巷10號10樓之1,22.664610,120.472352,門牌
屏東縣屏東市清溪里大武路403巷42號,22.663970,120.471869,門牌
屏東縣屏東市清溪里建國路332巷32號,22.661406,120.467089,門牌
屏東縣屏東市清溪里建國路332巷44弄66號,22.659790,120.475332,路名
屏東縣屏東市清溪里建國路450巷11號,22.655918,120.463211,門牌
屏東縣屏東市清溪里武威街129巷7號一樓,22.657487,120.473230,門牌
屏東縣屏東市清溪里清世街119號,22.656880,120.471158,門牌
屏東縣屏東市清溪里清寧街223號1樓,22.663335,120.472167,門牌
屏東縣屏東市清溪里興中巷15號,22.659060,120.469800,門牌
屏東縣屏東市湖南里和生路1段117號,22.653250,120.483429,路名
屏東縣屏東市湖南里歸禮巷42-1號,22.648696,120.507238,路名
屏東縣屏東市湖南里歸禮巷5之2號,22.653111,120.506239,門牌
屏東縣屏東市溝美里廣東路433巷18號1樓,22.682121,120.499322,門牌
屏東縣屏東市潭墘里崇明四街36巷20號2樓,22.682161,120.477138,門牌
屏東縣屏東市潭墘里自由路800號2樓,22.680993,120.477648,門牌
屏東縣屏東市瑞光里1鄰民生路8號1樓,22.351053,120.380116,門牌
屏東縣屏東市瑞光里歸仁路164號1樓,22.661048,120.506718,門牌
屏東縣屏東市瑞光里田中巷1號,22.660649,120.510930,門牌
屏東縣屏東市環東街3號,22.637444,120.453543,門牌
屏東縣屏東市田中一橫巷171號,22.661552,120.514996,門牌
屏東縣屏東市空翔里迪化街50號一樓,22.680810,120.481962,門牌
屏東縣屏東市經建路12號,22.638129,120.457014,門牌
屏東縣屏東市維新里公園西路155號1樓,22.675284,120.479207,門牌
屏東縣屏東市維新里博愛路102-1號,22.670609,120.488046,路名
屏東縣屏東市維新里徐州路72號,22.675669,120.479712,門牌
屏東縣屏東市自立路126巷6號二樓之1,22.662777,120.509014,路名
屏東縣屏東市華山里華正路185號1樓,22.685636,120.499411,門牌
屏東縣屏東市豐榮里廣東路193-1號,22.683299,120.490030,路名
屏東縣屏東市豐榮里民享一路69號1樓,22.673484,120.497669,門牌
屏東縣屏東市豐田里26鄰廣東路268號,22.676594,120.500900,門牌
屏東縣屏東市豐田里廣東路166號1樓,22.675309,120.500467,門牌
屏東縣屏東市豐田里建豐路105巷33號,22.674623,120.506734,門牌
屏東縣屏東市豐田里高豐街3號,22.676020,120.500851,門牌
屏東縣屏東市長安里光復路378-2號,22.590713,120.501464,路名
屏東縣屏東市長春里民生路12巷20之5號,22.666328,120.501548,門牌
屏東縣屏東市頂宅里和生路1段745號,22.651925,120.489805,門牌
屏東縣屏東市頂宅里和生路一段523號,22.653250,120.483429,路名
屏東縣屏東市龍華里2鄰復興南路2段671巷133弄12號,22.623739,120.488395,門牌
屏東縣崁頂鄉力社村舊店路12之2號,22.540910,120.512792,門牌
屏東縣崁頂鄉北勢村溝底路22號1樓,22.511416,120.492506,門牌
屏東縣崁頂鄉港東村新厝路223號2樓,22.497303,120.475948,門牌
屏東縣恆春鎮城西里復興路103-3號,22.529842,120.537374,路名
屏東縣恆春鎮城西里復興路79號,22.343852,120.366177,門牌
屏東縣恆春鎮城西里草埔路13號,22.007925,120.738597,門牌
屏東縣恆春鎮墾丁路6號,21.942681,120.805601,門牌
屏東縣恆春鎮德和里德和路160巷1弄19號,21.997757,120.727619,門牌
屏東縣恆春鎮恒公路1012巷1弄15號,22.009609,120.741905,門牌
屏東縣恆春鎮省北路121巷5弄18號,22.012423,120.743069,門牌
屏東縣恆春鎮網紗里草埔路150巷55號,22.023951,120.730124,門牌
屏東縣恆春鎮草埔路13號1樓,22.007925,120.738597,門牌
屏東縣恆春鎮萬里路27-7至12號,22.671610,120.474140,路名
屏東縣新園鄉中洲村南興路104號1樓,22.485648,120.458700,門牌
屏東縣新園鄉五房村五房路973號1樓,22.509380,120.439819,門牌
屏東縣新園鄉五房村福德路412號,22.510312,120.433808,門牌
屏東縣新園鄉仙吉村仙吉路277號,22.549995,120.464397,門牌
屏東縣新園鄉仙吉村仙吉路2號,22.538011,120.460123,門牌
屏東縣新園鄉仙吉村仙吉路418號,22.551598,120.466654,門牌
屏東縣新園鄉仙吉村仙隆路49巷40號1樓,22.543164,120.459063,門牌
屏東縣新園鄉仙吉村興農路29-29號,22.560746,120.517509,路名
屏東縣新園鄉光復路17號,22.534336,120.497889,門牌
屏東縣新園鄉共和村光復路149號,22.475295,120.440320,門牌
屏東縣新園鄉共和村光復路17之2號,22.590713,120.501464,路名
屏東縣新園鄉媽祖路418號,22.513388,120.443007,門牌
屏東縣新園鄉新園村媽祖三巷175號,22.525258,120.445344,門牌
屏東縣新園鄉新園村媽祖路385號,22.520102,120.449261,路名
屏東縣新園鄉新園村媽祖路400號,22.516152,120.445515,門牌
屏東縣新園鄉新園村媽祖路407巷39號,22.515825,120.447790,門牌
屏東縣新園鄉新東村東進巷5-7號一樓,22.527315,120.454436,路名
屏東縣新園鄉港墘村港墘路110-2號1樓,22.503688,120.487639,路名
屏東縣新園鄉港墘村港墘路2-300號,22.503688,120.487639,路名
屏東縣新園鄉港西村興安路23巷30弄5號,22.515176,120.458942,門牌
屏東縣新園鄉港西村興安路26號,22.519870,120.464751,門牌
屏東縣新園鄉港西村西平路91號,22.512749,120.453686,門牌
屏東縣新園鄉瓦磘村後厝路28-2號一樓,22.550502,120.470131,路名
屏東縣新園鄉興中路11之3號,22.526979,120.463242,門牌
屏東縣新園鄉興安路12號,22.514238,120.462686,門牌
屏東縣新園鄉興龍村南興路339－1號,22.581315,120.521009,路名
屏東縣新園鄉興龍村臥龍路46號,22.492937,120.456166,門牌
屏東縣新園鄉興龍村臥龍路569號,22.496052,120.443998,門牌
屏東縣新園鄉鹽埔村新生路136號,22.476996,120.447377,門牌
屏東縣新埤鄉萬隆村太平路2之8號,22.568979,120.532581,路名
屏東縣新埤鄉萬隆村萬安路2-4號,22.500427,120.572053,路名
屏東縣新埤鄉萬隆村萬安路4-15號,22.500427,120.572053,路名
屏東縣東港鎮下廍里下廍路70之1號,22.463722,120.492934,門牌
屏東縣東港鎮大潭里大潭路105-8號,22.455383,120.492078,路名
屏東縣東港鎮新勝里中山路2之208號1樓,22.465443,120.454314,門牌
屏東縣東港鎮新勝里新基街21巷27號,22.467010,120.450978,門牌
屏東縣東港鎮東新里大利路二段1號,22.471348,120.466984,路名
屏東縣東港鎮東新里興東路801號,22.469600,120.466840,門牌
屏東縣東港鎮東津里沿海五路276巷12號,22.465073,120.459737,門牌
屏東縣東港鎮東津里船頭路21-2號1樓,22.462558,120.462442,路名
屏東縣東港鎮沿海路20號,22.366741,120.591595,門牌
屏東縣東港鎮沿海路30號,22.469125,120.464064,門牌
屏東縣東港鎮沿海路96號,22.471223,120.464020,門牌
屏東縣東港鎮興東里成功路80號,22.652842,120.526036,門牌
屏東縣東港鎮興東里東新路146巷156號,22.469511,120.466083,門牌
屏東縣東港鎮興東里興東路62之16號,22.480245,120.463670,門牌
屏東縣東港鎮興漁里順漁路3號,22.459458,120.450509,門牌
屏東縣東港鎮興農路1-2號,22.560746,120.517509,路名
屏東縣東港鎮興農里中正路3段101號,22.487563,120.473007,門牌
屏東縣東港鎮興農里環美七街32號2樓,22.486530,120.469606,門牌
屏東縣東港鎮船頭里大利路1段69號,22.464932,120.464918,門牌
屏東縣東港鎮船頭里大東路331巷17弄5號6樓,22.460973,120.466676,門牌
屏東縣東港鎮船頭里沿海五路276巷12號,22.465073,120.459737,門牌
屏東縣東港鎮船頭里船頭33-3號,22.462702,120.457045,路名
屏東縣東港鎮船頭里船頭路25－14號,22.462558,120.462442,路名
屏東縣東港鎮船頭里船頭路26-69號,22.462558,120.462442,路名
屏東縣東港鎮船頭里船頭路27號1樓,22.464892,120.467273,門牌
屏東縣東港鎮船頭里船頭路33-6號,22.462558,120.462442,路名
屏東縣東港鎮船頭里船頭路33之5號,22.464805,120.466434,門牌
屏東縣枋寮鄉保生村保生路171號1樓,22.359597,120.597491,門牌
屏東縣枋寮鄉內寮村沿山路一段186-1號,22.412881,120.617478,路名
屏東縣枋寮鄉太源村中山路3段55號,22.408631,120.586583,門牌
屏東縣枋寮鄉太源村中山路3段6號,22.413756,120.584941,門牌
屏東縣枋寮鄉太源村中山路三段103號,22.075374,120.713693,門牌
屏東縣枋寮鄉太源村中山路三段65號,22.529592,120.626677,門牌
屏東縣枋寮鄉新開村新開路77巷13號,22.470479,120.604803,路名
屏東縣枋寮鄉新龍村義民路1之2號,22.369281,120.591617,門牌
屏東縣枋寮鄉東海村永翔路18號,22.408384,120.567790,門牌
屏東縣枋寮鄉東海村永翔路19號,22.412109,120.578599,門牌
屏東縣枋寮鄉東海村永翔路1號,22.413433,120.582968,門牌
屏東縣枋寮鄉東海村永翔路25號,22.411279,120.575338,門牌
屏東縣枋寮鄉東海村永翔路2之12號,22.412331,120.576397,門牌
屏東縣枋寮鄉東海村永翔路31號,22.411072,120.573944,門牌
屏東縣枋寮鄉東海村永翔路47之1號,22.409019,120.570322,門牌
屏東縣枋寮鄉東海村永翔路49號,22.408118,120.570483,門牌
屏東縣枋寮鄉東海村永翔路51號,22.407003,120.568972,門牌
屏東縣枋寮鄉東海村研發路62號,22.407580,120.572555,門牌
屏東縣枋寮鄉東海村科技路61號,22.408567,120.572040,門牌
屏東縣枋寮鄉東海村科技路63號,22.408144,120.571888,門牌
屏東縣枋寮鄉東海村科技路76號,22.409254,120.572091,門牌
屏東縣枋寮鄉東海村科技路88號,22.408484,120.571109,門牌
屏東縣枋寮鄉東海村精進路28號,22.407603,120.576158,門牌
屏東縣枋寮鄉東海村臨海路2段110號,22.405605,120.572013,門牌
屏東縣枋寮鄉東海村臨海路二段112號,22.397412,120.584196,路名
屏東縣枋寮鄉枋寮村儲運路105號1樓,22.368551,120.594692,路名
屏東縣枋寮鄉永翔路47號,22.409233,120.570665,門牌
屏東縣枋寮鄉隆山村隆山路259巷47號1樓,22.368118,120.602605,門牌
屏東縣枋山鄉枋山村中山路三段61號,22.529484,120.626820,門牌
屏東縣林邊鄉鎮安村光明路30號,22.457315,120.502879,門牌
屏東縣泰武鄉佳興村佳興48-1號,22.569376,120.663074,路名
屏東縣滿州鄉永靖村舊公路18-1號,22.010002,120.826528,路名
屏東縣潮州鎮三共里四維路75號1樓,22.737915,120.522331,門牌
屏東縣潮州鎮三共里振昇路181號三樓,22.557217,120.542908,路名
屏東縣潮州鎮三共里曲江街42之1號1樓,22.557050,120.545884,門牌
屏東縣潮州鎮三共里朝昇路45號1樓,22.555069,120.546149,門牌
屏東縣潮州鎮三和里朝昇路74號1樓,22.555591,120.545588,門牌
屏東縣潮州鎮三星里三林路98號1樓,22.552985,120.551946,門牌
屏東縣潮州鎮三星里愛國路110號1樓,22.551631,120.547976,門牌
屏東縣潮州鎮三星里愛國路110號2F,22.551631,120.547976,門牌
屏東縣潮州鎮九塊里復興路62之1號一樓,22.572678,120.569105,門牌
屏東縣潮州鎮光春里光春路168-1號1樓,22.535420,120.540501,路名
屏東縣潮州鎮光華里上海路62號2樓,22.541929,120.544419,門牌
屏東縣潮州鎮光華里南進路3號1樓,22.567039,120.571011,門牌
屏東縣潮州鎮光華里永安路32之4號1樓,22.548498,120.547964,門牌
屏東縣潮州鎮八爺里介壽路383號一樓,22.534738,120.532385,門牌
屏東縣潮州鎮八爺里八龍路3巷51號,22.540334,120.529004,門牌
屏東縣潮州鎮八爺里自由路88號一樓,22.541764,120.534515,門牌
屏東縣潮州鎮南京路132號,22.545032,120.542343,門牌
屏東縣潮州鎮同榮里中山路85號2樓,22.022595,120.838129,門牌
屏東縣潮州鎮四春里四春路2巷46號1樓,22.552764,120.576833,門牌
屏東縣潮州鎮四維路422號1樓,22.625647,120.533566,路名
屏東縣潮州鎮富春里光春路241-6號1樓,22.535420,120.540501,路名
屏東縣潮州鎮彭城里三城路28號1樓,22.538764,120.550244,門牌
屏東縣潮州鎮彭城里彭城路226號2樓,22.537278,120.550727,門牌
屏東縣潮州鎮彭城里彭達街90號,22.535063,120.544875,門牌
屏東縣潮州鎮新榮里民榮街17號,22.547551,120.539331,門牌
屏東縣潮州鎮新榮里民權路23巷4號1樓,22.547667,120.538480,門牌
屏東縣潮州鎮新生里新生路112之1號,22.577559,120.564611,路名
屏東縣潮州鎮昌明路95巷14號1樓,22.549291,120.537116,門牌
屏東縣潮州鎮榮吉街151號,22.553502,120.535846,門牌
屏東縣潮州鎮檨子里光復路一段34巷87號1樓,22.590713,120.501464,路名
屏東縣潮州鎮永康街18號1樓,22.545945,120.545737,門牌
屏東縣潮州鎮永春里上海路166號,22.541512,120.543090,門牌
屏東縣潮州鎮永春里五福路10號2樓,22.572841,120.571793,門牌
屏東縣潮州鎮永春里五福路68號1樓,22.551288,120.541772,路名
屏東縣潮州鎮永春里北平路115號,22.543307,120.540991,門牌
屏東縣潮州鎮永春里永德路77巷16號1樓,22.542674,120.538124,門牌
屏東縣潮州鎮永春里興隆路116-1號1樓,22.543267,120.540097,路名
屏東縣潮州鎮福康街35巷7號1樓,22.544531,120.545352,門牌
屏東縣潮州鎮興美里光復路一段136號,22.476338,120.440868,門牌
屏東縣潮州鎮興美里興美路32號,22.514341,120.532795,門牌
屏東縣潮州鎮蓬萊里榮吉街151號2樓,22.553502,120.535846,門牌
屏東縣潮州鎮蓬萊里榮祥路116號二樓,22.551965,120.534448,門牌
屏東縣潮州鎮蓬萊里江山路41之6號,22.548491,120.515436,門牌
屏東縣獅子鄉內獅村內獅巷10之1號1樓,22.295459,120.648977,路名
屏東縣獅子鄉南世村南世一巷39-1號1樓,22.311136,120.650765,路名
屏東縣獅子鄉獅子村獅子三巷22號,22.252624,120.672230,門牌
屏東縣琉球鄉南福村忠孝路1巷13之2號,22.324733,120.364099,門牌
屏東縣瑪家鄉排灣村排灣29號,22.631351,120.626586,門牌
屏東縣竹田鄉二崙村中正路229號,22.334500,120.366229,門牌
屏東縣竹田鄉二崙村忠義路97號,22.524620,120.539662,路名
屏東縣竹田鄉二崙村義和路27號（登記地址僅供辦公使用）,22.370417,120.591635,門牌
屏東縣竹田鄉六巷村溪邊1之28號,22.595070,120.523469,門牌
屏東縣竹田鄉大湖村大成路21號,22.573780,120.517354,門牌
屏東縣竹田鄉大湖村大成路57號,22.576630,120.512316,門牌
屏東縣竹田鄉大湖村大新路1-50號1樓,22.660719,120.579999,路名
屏東縣竹田鄉泗洲村洲中路72號1樓,22.572991,120.521952,門牌
屏東縣竹田鄉福田村瑞竹路125-1號1樓,22.616660,120.535396,路名
屏東縣竹田鄉竹南村竹南路116-10號,22.584024,120.538560,路名
屏東縣竹田鄉竹南村竹南路44號,22.572249,120.540070,門牌
屏東縣竹田鄉竹田村中正路173號,22.332577,120.364104,門牌
屏東縣竹田鄉糶糴村南進路11號,22.574338,120.532714,門牌
屏東縣竹田鄉頭崙村三山路228巷15-1號,22.594876,120.534092,路名
屏東縣萬丹鄉南村三青路96號1樓,22.595385,120.461579,門牌
屏東縣萬丹鄉厦北村下蚶路260號1樓,22.598776,120.464680,門牌
屏東縣萬丹鄉厦北村普安路162巷11號1樓,22.599763,120.463708,門牌
屏東縣萬丹鄉厦南村廈南路216巷20號1樓,22.596592,120.463030,門牌
屏東縣萬丹鄉四維村丹榮路996號,22.602702,120.488942,門牌
屏東縣萬丹鄉四維村廣維路109巷9號,22.605496,120.489393,門牌
屏東縣萬丹鄉安全路67巷37號,22.548872,120.493950,門牌
屏東縣萬丹鄉寶厝村中興路二段471巷十八弄78號一樓,22.541691,120.532234,路名
屏東縣萬丹鄉崙頂村南北路一段385巷62弄32之1號,22.623685,120.481825,路名
屏東縣萬丹鄉廣安村大昌路136號,22.613417,120.480928,門牌
屏東縣萬丹鄉廣安村廣安路73巷10號1樓,22.613215,120.491162,門牌
屏東縣萬丹鄉廣安村萬丹路2段269號,22.606543,120.487092,門牌
屏東縣萬丹鄉廣安村萬丹路2段380巷12號,22.608301,120.488304,門牌
屏東縣萬丹鄉廣安村萬丹路二段281巷10號,22.600904,120.487253,路名
屏東縣萬丹鄉廣安村西勢尾街200巷70號,22.612068,120.480264,門牌
屏東縣萬丹鄉惠崙路478巷126號1樓,22.591212,120.472270,門牌
屏東縣萬丹鄉新庄村泉興路438號1樓,22.565427,120.481570,門牌
屏東縣萬丹鄉新庄路375巷3號,22.564608,120.526624,路名
屏東縣萬丹鄉新鐘路471巷58號,22.560647,120.476755,門牌
屏東縣萬丹鄉水仙村6鄰水哮路27巷18號2樓,22.555461,120.490876,門牌
屏東縣萬丹鄉水泉村泉利街103巷20弄15號1樓,22.572577,120.486014,門牌
屏東縣萬丹鄉泉順街439巷37號,22.571757,120.481011,門牌
屏東縣萬丹鄉田厝村南北路一段632號,22.623685,120.481825,路名
屏東縣萬丹鄉磚寮村順利路177號1樓,22.626705,120.462916,門牌
屏東縣萬丹鄉社上村萬丹路三段295號,22.600904,120.487253,路名
屏東縣萬丹鄉社上村萬丹路三段331號,22.600904,120.487253,路名
屏東縣萬丹鄉社上村萬丹路三段343號,22.600904,120.487253,路名
屏東縣萬丹鄉社上村萬丹路三段351號,22.600904,120.487253,路名
屏東縣萬丹鄉社口村新厝路38巷73號1樓,22.609867,120.466316,門牌
屏東縣萬丹鄉社口村社口路318號1樓,22.613744,120.468878,門牌
屏東縣萬丹鄉社皮村吉祥路31號1樓,22.616624,120.470893,門牌
屏東縣萬丹鄉社皮村吉祥路51號,22.617062,120.470866,門牌
屏東縣萬丹鄉社皮路一段422號1樓,22.609967,120.472676,路名
屏東縣萬丹鄉竹林村大學路3號,22.598374,120.521013,門牌
屏東縣萬丹鄉竹林村竹圍街58號1樓,22.610352,120.506934,門牌
屏東縣萬丹鄉竹林村竹林路406號1樓,22.603657,120.511142,門牌
屏東縣萬丹鄉竹林村竹林路90巷59號1樓,22.597436,120.511158,門牌
屏東縣萬丹鄉興全村興全路26號1樓,22.550593,120.495922,門牌
屏東縣萬丹鄉萬丹路3段65號,22.613904,120.483985,門牌
屏東縣萬丹鄉萬全村忠孝街32號1樓,22.728836,120.487780,門牌
屏東縣萬丹鄉萬全村成功街二段10巷18號,22.588550,120.490949,路名
屏東縣萬丹鄉萬安村大學路960巷76號,22.592339,120.494956,門牌
屏東縣萬丹鄉萬後村惠安路155巷18號1樓,22.587925,120.488490,門牌
屏東縣萬丹鄉萬後村西環路593號1樓,22.588746,120.486690,門牌
屏東縣萬丹鄉香社村香內路104巷19號1樓,22.562968,120.470146,門牌
屏東縣萬丹鄉香社村香內路188巷51號1樓,22.563216,120.468697,門牌
屏東縣萬巒鄉佳佐村永安路4號,22.530626,120.495629,門牌
屏東縣萬巒鄉佳和村佳興路77-5號,22.548186,120.587788,路名
屏東縣萬巒鄉佳和村佳興路83之1號,22.569653,120.588303,門牌
屏東縣萬巒鄉佳和村佳興路83號,22.569599,120.588877,門牌
屏東縣萬巒鄉佳和村佳興路95號,22.548186,120.587788,路名
屏東縣萬巒鄉佳和村光明路2-3號,22.558084,120.566049,路名
屏東縣萬巒鄉佳和村光明路60號一樓,22.621376,120.519959,門牌
屏東縣萬巒鄉新厝村新生路56號,22.055999,120.728306,門牌
屏東縣萬巒鄉萬全村平和路19巷61號1樓,22.574335,120.573683,門牌
屏東縣萬巒鄉萬和村南進路1-68號一樓,22.584072,120.535902,路名
屏東縣萬巒鄉萬巒村民和路16號,22.574199,120.568992,門牌
屏東縣萬巒鄉萬巒村褒忠路156號1樓,22.574151,120.568544,門牌
屏東縣萬巒鄉赤山村建興路31-28號,22.497977,120.593525,路名
屏東縣車城鄉後灣村後灣路2號,22.050328,120.698547,門牌
屏東縣里港鄉三廍村三和路119之73、119之75號,22.755294,120.509929,路名
屏東縣里港鄉三廍村三和路119之76號,22.806284,120.498760,門牌
屏東縣里港鄉三廍村三和路119之79號,22.805070,120.497411,門牌
屏東縣里港鄉三廍村三和路52-7號,22.755294,120.509929,路名
屏東縣里港鄉三廍村江南巷22-1號2樓,22.802922,120.506946,路名
屏東縣里港鄉三廍村江南巷23-2號,22.802922,120.506946,路名
屏東縣里港鄉三廍村江南巷2之26號一樓,22.810930,120.525269,門牌
屏東縣里港鄉中和村中南18-2號,22.801057,120.488102,路名
屏東縣里港鄉中和村中和路3-30號,22.659197,120.486629,路名
屏東縣里港鄉中和村中和路3-35號,22.659197,120.486629,路名
屏東縣里港鄉土庫村南興路14之2號1樓,22.814476,120.507069,門牌
屏東縣里港鄉塔樓村塔樓路46-8號,22.763287,120.484114,路名
屏東縣里港鄉塔樓村里嶺路13號,22.771037,120.487383,路名
屏東縣里港鄉潮厝村潮厝路57-1號2樓,22.772517,120.480623,路名
屏東縣里港鄉潮厝村潮厝路72之3號1樓,22.772517,120.480623,路名
屏東縣里港鄉玉田村八德路501號1樓,22.775116,120.483782,門牌
屏東縣里港鄉玉田村和平路17號,22.073502,120.713277,門牌
屏東縣里港鄉玉田村玉田路2之16號1樓,22.775707,120.486624,路名
屏東縣里港鄉載南路23之7號,22.773072,120.532291,門牌
屏東縣里港鄉載興村中校路11號,22.771017,120.535012,門牌
屏東縣里港鄉載興村載南路17號,22.779412,120.530273,門牌
屏東縣里港鄉載興村載南路246號,22.776987,120.536843,路名
屏東縣里港鄉里港路270號,22.778742,120.499040,門牌
屏東縣里港鄉鐵店村里港路284號,22.779362,120.499764,門牌
屏東縣里港鄉鐵店村鐵店路53之75號,22.777590,120.501655,路名
屏東縣里港鄉鐵店村鐵店路72之12號1樓,22.780321,120.501528,門牌
屏東縣里港鄉鐵店路64-12號,22.777590,120.501655,路名
屏東縣長治鄉中興路110之1號,22.463474,120.532438,門牌
屏東縣長治鄉復興村復興路338巷23號,22.687218,120.547688,門牌
屏東縣長治鄉復興村新興路99巷63-6號1樓,22.503177,120.567866,路名
屏東縣長治鄉德和村德和路166號1樓,22.718819,120.534195,門牌
屏東縣長治鄉德和村德和路36-1號1樓,22.391351,120.620435,路名
屏東縣長治鄉德和村研發一路1號,22.714553,120.537841,門牌
屏東縣長治鄉德和村神農東路11號,22.710292,120.543119,門牌
屏東縣長治鄉德和村神農東路17號,22.713258,120.543787,門牌
屏東縣長治鄉德和村神農東路18號,22.712995,120.543984,路名
屏東縣長治鄉德和村神農東路22號,22.712995,120.543984,路名
屏東縣長治鄉德和村神農東路9號,22.709394,120.543180,門牌
屏東縣長治鄉德和村神農路18號,22.465664,120.520888,門牌
屏東縣長治鄉德和村農園路35號,22.717405,120.542491,路名
屏東縣長治鄉德成村中興路636之2號2樓,22.541691,120.532234,路名
屏東縣長治鄉德成村福德街53之3號,22.609484,120.510171,路名
屏東縣長治鄉新潭村三座巷16弄29號1樓,22.679563,120.521896,門牌
屏東縣長治鄉新潭村新民街116-3號3樓,22.682619,120.520032,路名
屏東縣長治鄉新潭村新源街112巷17號1樓,22.678513,120.524167,門牌
屏東縣長治鄉新潭村長興路59-35號1樓,22.636031,120.516822,路名
屏東縣長治鄉潭頭村文學街45巷100號,22.678458,120.517309,門牌
屏東縣長治鄉繁昌村16鄰中山路172號,22.024904,120.837257,門牌
屏東縣長治鄉繁昌村中山路150之7號,22.718395,120.582914,門牌
屏東縣長治鄉繁昌村中山路150號,22.079075,120.714232,門牌
屏東縣長治鄉繁昌村中山路152號,22.024311,120.837735,門牌
屏東縣長治鄉繁昌村中山路174號,22.024952,120.837275,門牌
屏東縣長治鄉繁榮村榮華三街41之19號1樓,22.704902,120.574992,路名
屏東縣長治鄉繁華村繁華路222號,22.697990,120.581410,門牌
屏東縣長治鄉香楊村香楊路10巷3弄52號1樓,22.664353,120.512997,門牌
屏東縣長治鄉香楊村香楊路113號,22.665717,120.521287,門牌
屏東縣長治鄉香楊村香楊路200號1樓,22.665307,120.524705,門牌
屏東縣長治鄉香楊村香楊路79號,22.666951,120.518774,門牌
屏東縣霧台鄉霧台村神山巷25之6號,22.751653,120.726010,門牌
屏東縣高樹鄉廣興村15鄰中正路188號,22.340505,120.371136,門牌
屏東縣高樹鄉新南村大和路1-10號,22.768413,120.566385,路名
屏東縣高樹鄉新南村田中路1-20號1樓,22.419178,120.640202,路名
屏東縣高樹鄉新南村田中路4-6號,22.419178,120.640202,路名
屏東縣高樹鄉新南村興店路6-6號,22.787390,120.563064,路名
屏東縣高樹鄉新南村興店路6之8號1樓,22.784313,120.561827,門牌
屏東縣高樹鄉東振村高美路121號,22.824744,120.574045,門牌
屏東縣高樹鄉田子村平安巷1-2號1樓,22.801990,120.578680,路名
屏東縣高樹鄉舊庄村光復路14號,22.532896,120.496874,門牌
屏東縣高樹鄉高樹村興中路354號1樓,22.827431,120.600487,門牌
屏東縣高樹鄉鹽樹村公平路1之35號1樓,22.808708,120.582270,門牌
屏東縣鹽埔鄉彭厝村4鄰洪厝街2之7號2樓,22.747714,120.546762,路名
屏東縣鹽埔鄉振興村中正路43號1樓,22.525613,120.634278,門牌
屏東縣鹽埔鄉新二村大仁西街29-5號,22.726587,120.538208,路名
屏東縣鹽埔鄉新二村彭厝路54號1樓,22.743287,120.554820,門牌
屏東縣鹽埔鄉新二村德協路132號,22.723571,120.553472,門牌
屏東縣鹽埔鄉新二村維新路168之8號,22.743745,120.559443,門牌
屏東縣鹽埔鄉新圍村德一街16號1樓,22.737517,120.557356,門牌
屏東縣鹽埔鄉新圍村德一街5-3號,22.736849,120.557710,路名
屏東縣鹽埔鄉新圍村德二街206號,22.720122,120.567932,門牌
屏東縣鹽埔鄉新圍村新高路43之15號,22.740870,120.566178,門牌
屏東縣鹽埔鄉新圍村自強路2之9號,22.739439,120.559727,門牌
屏東縣鹽埔鄉新圍村豐隆路10巷28-1號,22.738693,120.558588,路名
屏東縣鹽埔鄉洛陽村四維路4號,22.775279,120.494097,門牌
屏東縣鹽埔鄉洛陽村洛寧路100號,22.737098,120.511872,門牌
屏東縣鹽埔鄉洛陽村洛寧路55號,22.737838,120.515660,路名
屏東縣鹽埔鄉高朗村光明街28-5號1樓,22.659765,120.506741,路名
屏東縣鹽埔鄉鹽中村豐年路1之25號,22.754451,120.588731,門牌
屏東縣鹽埔鄉鹽南村建設街12之2號,22.752206,120.574983,門牌
屏東縣鹽埔鄉鹽南村民權路31號,22.825467,120.587704,門牌
屏東縣麟洛鄉新田村民族路518、520、522號,22.646935,120.511350,路名
屏東縣麟洛鄉麟趾村中山路591號,22.653698,120.521088,門牌
屏東縣麟洛鄉麟趾村仁愛街56之5號1樓,22.650653,120.524977,門牌
屏東縣麟洛鄉麟趾村博愛街1弄20號,22.647541,120.523451,門牌
屏東縣麟洛鄉麟頂村民族路114號,22.652720,120.528623,門牌
彰化縣二林鎮二溪路7段156號,23.954791,120.443743,門牌
彰化縣二林鎮北平里仁愛路410號1樓,23.903830,120.370385,門牌
彰化縣二林鎮北平里北安街105號1樓,23.905140,120.365996,門牌
彰化縣二林鎮北平里大安街12號1樓,23.904092,120.366717,門牌
彰化縣二林鎮南光里信義路182巷1弄18號1樓,23.894873,120.367470,門牌
彰化縣二林鎮南光里安和街20號,23.894185,120.363305,門牌
彰化縣二林鎮南光里安和街36號1樓,23.893554,120.362727,門牌
彰化縣二林鎮南光里文光街212號四樓,23.893819,120.369369,門牌
彰化縣二林鎮南光里舊二路160巷13號1樓,23.894600,120.359554,路名
彰化縣二林鎮南光里裕民街61號1樓（限辦公室使用）,23.895415,120.367776,門牌
彰化縣二林鎮外竹里中央巷3-1號1樓,23.896140,120.564072,路名
彰化縣二林鎮外竹里西里巷18號,23.874068,120.385055,路名
彰化縣二林鎮外竹里西里巷6號,23.873461,120.386066,門牌
彰化縣二林鎮廣興里廣興巷1之1號,23.883894,120.435213,路名
彰化縣二林鎮後厝里三民路1號1樓,23.832245,120.347757,門牌
彰化縣二林鎮後厝里斗苑路四段349號1樓,23.895536,120.409135,路名
彰化縣二林鎮後厝里永定街23號,23.898235,120.380282,門牌
彰化縣二林鎮後厝里永樂街28號1樓,23.897684,120.382921,門牌
彰化縣二林鎮後厝里長安路12巷35號,23.992824,120.415873,路名
彰化縣二林鎮後厝里長春路556號1樓,23.897392,120.380511,門牌
彰化縣二林鎮振興里振興巷10號,23.956305,120.419561,門牌
彰化縣二林鎮斗苑路五段365號3樓,23.895536,120.409135,路名
彰化縣二林鎮明德街232巷2號1樓,23.904673,120.369633,門牌
彰化縣二林鎮東和里仁愛路680號1樓,23.901928,120.364347,門牌
彰化縣二林鎮東和里建興街107巷30號1樓,23.898744,120.368979,門牌
彰化縣二林鎮東興里長青路190巷1號1樓,23.896055,120.377150,門牌
彰化縣二林鎮東興里長青路300號,23.893877,120.376608,門牌
彰化縣二林鎮梅芳里太平路11號1樓,23.848368,120.507228,門牌
彰化縣二林鎮梅芳里太平路85號,23.849571,120.506239,門牌
彰化縣二林鎮正光街114號一樓,23.901759,120.381717,門牌
彰化縣二林鎮興華里東川路35巷22號1樓,23.894997,120.400035,門牌
彰化縣二林鎮興華里洲仔巷7號,23.878489,120.400887,門牌
彰化縣二林鎮華崙里二溪路七段224號,23.950802,120.428245,路名
彰化縣二林鎮華崙里挖子路15巷24號1樓,23.951570,120.439701,門牌
彰化縣二林鎮萬興里功湖北路一段18號,23.963250,120.382785,路名
彰化縣二林鎮西平里斗苑路5段485號1樓,23.900622,120.361979,門牌
彰化縣二林鎮西庄里二溪路7段2巷312號,23.965679,120.440278,門牌
彰化縣二林鎮西庄里二溪路七段2巷306號,23.950802,120.428245,路名
彰化縣二林鎮西庄里泉西巷39號（限辦公室使用）,23.965160,120.427186,門牌
彰化縣二林鎮豐田里南安路39號2樓,23.898403,120.374550,門牌
彰化縣二林鎮豐田里斗苑路4段721巷1號,23.899404,120.372283,門牌
彰化縣二林鎮豐田里福興巷38號一樓,23.914440,120.381904,門牌
彰化縣二林鎮長春路570號1樓,23.897478,120.380150,門牌
彰化縣二林鎮頂厝里二溪路三段213號,23.950802,120.428245,路名
彰化縣二林鎮頂厝里光復巷9號,23.866994,120.290260,門牌
彰化縣二水鄉南通路1段20巷50號,23.790808,120.639043,門牌
彰化縣二水鄉合興村南通路一段20巷51號,23.802573,120.625575,路名
彰化縣二水鄉合興村南通路一段60號,23.802573,120.625575,路名
彰化縣二水鄉合興村鼻倡路101號,23.795764,120.643491,門牌
彰化縣二水鄉聖化村溪邊巷60之4號,23.810368,120.616804,路名
彰化縣二水鄉裕民村南通路2段664巷33號,23.805835,120.621240,門牌
彰化縣二水鄉裕民村南通路二段530號,23.802573,120.625575,路名
彰化縣二水鄉裕民村員集路三段289號1樓,23.886096,120.591011,路名
彰化縣二水鄉過圳村過圳路489號,23.815301,120.610738,路名
彰化縣伸港鄉13鄰興工路63-1號,23.956369,120.551760,路名
彰化縣伸港鄉七嘉村中華路236巷7號,24.146477,120.491107,門牌
彰化縣伸港鄉七嘉村中華路274巷42號1樓,24.145741,120.491424,門牌
彰化縣伸港鄉七嘉村建興路286號,24.147115,120.492890,門牌
彰化縣伸港鄉中興路2段2巷4號1樓,24.155135,120.486848,門牌
彰化縣伸港鄉什股村什股九街340號1樓,24.162038,120.483687,路名
彰化縣伸港鄉什股村什股路191之25號,24.160417,120.474710,門牌
彰化縣伸港鄉什股村什股路191之31號,24.160485,120.474211,門牌
彰化縣伸港鄉什股村什股路192號,24.158587,120.475060,門牌
彰化縣伸港鄉什股村什股路22號,24.156335,120.479649,門牌
彰化縣伸港鄉什股村什股路239之2號,24.165267,120.473213,門牌
彰化縣伸港鄉什股路191-76號,24.158195,120.476338,路名
彰化縣伸港鄉全興村16鄰西全路165-1號,24.179479,120.490738,路名
彰化縣伸港鄉全興村全興路132之6號,24.176928,120.495203,門牌
彰化縣伸港鄉全興村東全路95號1樓,24.180452,120.493605,門牌
彰化縣伸港鄉全興村西全路167巷9號,24.181979,120.489920,門牌
彰化縣伸港鄉全興村西興路46巷3號,24.177043,120.490925,門牌
彰化縣伸港鄉大同村中興十街59號2樓之1,24.154652,120.493823,路名
彰化縣伸港鄉大同村中興十街59號2樓之2,24.154652,120.493823,路名
彰化縣伸港鄉大同村中興路2段292巷2號,24.160532,120.487204,門牌
彰化縣伸港鄉大同村中興路二段285巷3號,24.072864,120.523648,路名
彰化縣伸港鄉大同村大同九街208號1樓,24.155300,120.491115,路名
彰化縣伸港鄉大同村大同六街48號1樓,24.153910,120.492718,路名
彰化縣伸港鄉大同村大同十二街386號,24.156607,120.493151,門牌
彰化縣伸港鄉大同村彰新路七段601巷26號,24.123849,120.520520,路名
彰化縣伸港鄉大同村福安路6-1號,23.907965,120.565425,路名
彰化縣伸港鄉定興村定興路131號,24.160523,120.498704,路名
彰化縣伸港鄉定興村定興路28之3號,24.155508,120.498052,門牌
彰化縣伸港鄉定興村彰新路7段464巷184號,24.163432,120.498440,門牌
彰化縣伸港鄉定興村彰新路7段572號（限辦公室使用）,24.158880,120.495725,門牌
彰化縣伸港鄉定興村彰新路七段442號,24.123849,120.520520,路名
彰化縣伸港鄉定興村彰新路七段464巷220-1號,24.123849,120.520520,路名
彰化縣伸港鄉彰濱西五路18號,24.153274,120.439204,路名
彰化縣伸港鄉新港村中興路1段348號,24.147167,120.489168,門牌
彰化縣伸港鄉新港村中興路一段358號1樓,24.072864,120.523648,路名
彰化縣伸港鄉新港村中興路一段36號,23.852698,120.494587,門牌
彰化縣伸港鄉新港村中華路3號一樓,24.146564,120.487294,門牌
彰化縣伸港鄉新港村光明路56巷2號1樓,24.143435,120.485053,門牌
彰化縣伸港鄉新港村光明路73號,23.838376,120.453278,門牌
彰化縣伸港鄉新港村新港路51號,24.140315,120.488311,門牌
彰化縣伸港鄉新港村新港路60之2號,24.140705,120.487963,門牌
彰化縣伸港鄉曾家村曾家路185-4號1樓,24.145946,120.473117,路名
彰化縣伸港鄉曾家村曾家路2-9號1樓,24.145946,120.473117,路名
彰化縣伸港鄉汴頭村中華路599巷26弄17號1樓（限辦公室使用）,24.146140,120.497066,門牌
彰化縣伸港鄉汴頭村中華路606號,24.144861,120.497818,門牌
彰化縣伸港鄉汴頭村汴頭路104之2號1樓,24.142643,120.501593,門牌
彰化縣伸港鄉汴頭村汴頭路65之8號,24.139953,120.498733,門牌
彰化縣伸港鄉泉厝村自強六街147號,24.148815,120.481638,門牌
彰化縣伸港鄉泉州村東州路53號,24.144659,120.483768,門牌
彰化縣伸港鄉泉州村泉州路63號一樓,24.145317,120.482735,門牌
彰化縣伸港鄉海尾村海尾路132號,24.165939,120.473926,門牌
彰化縣伸港鄉海尾村海尾路141之7號,24.165053,120.479104,門牌
彰化縣伸港鄉海尾村海尾路5-8號1樓,24.166478,120.486174,路名
彰化縣伸港鄉海尾村海尾路87號,24.167730,120.486565,門牌
彰化縣伸港鄉海尾村濱二路290號,24.163881,120.482829,路名
彰化縣伸港鄉溪底村工三路3號,24.162710,120.512736,門牌
彰化縣伸港鄉溪底村工五路1號,24.167452,120.512365,門牌
彰化縣伸港鄉溪底村工八路9號,24.171688,120.506715,門牌
彰化縣伸港鄉溪底村工六路6號,24.165808,120.506571,門牌
彰化縣伸港鄉溪底村工東一路26號,24.163413,120.511752,門牌
彰化縣伸港鄉溪底村工東一路29號一樓,24.163109,120.512503,門牌
彰化縣伸港鄉溪底村工東一路30號,24.164030,120.511672,門牌
彰化縣伸港鄉溪底村工東二路1號,24.161212,120.513735,門牌
彰化縣伸港鄉溪底村工東二路6號,24.161794,120.513296,門牌
彰化縣伸港鄉溪底村工西一路2號,24.163715,120.508219,門牌
彰化縣伸港鄉溪底村工西一路60號,24.168312,120.507886,門牌
彰化縣伸港鄉溪底村工西一路66號,24.170044,120.507944,門牌
彰化縣伸港鄉溪底村工西二路2號,24.167351,120.505732,門牌
彰化縣伸港鄉溪底村工西二路6號,24.169444,120.506148,門牌
彰化縣伸港鄉溪底村彰新路七段402巷750-6號,24.123849,120.520520,路名
彰化縣伸港鄉溪底村文工三街55號2樓,24.175170,120.506698,路名
彰化縣伸港鄉溪底村溪底路7-9號,24.062035,120.483366,路名
彰化縣伸港鄉溪底村興工路38號,23.876225,120.463327,門牌
彰化縣伸港鄉溪底村興工路52號,24.162916,120.510220,門牌
彰化縣伸港鄉溪底村興工路56-2號,23.956369,120.551760,路名
彰化縣伸港鄉溪底村興工路59號,23.875741,120.463449,門牌
彰化縣伸港鄉溪底村興工路61號之1,23.876043,120.463072,門牌
彰化縣伸港鄉溪底村興工路62號,23.876732,120.463146,門牌
彰化縣伸港鄉線工北一路21號,24.155436,120.450610,門牌
彰化縣伸港鄉線工北一路7號,24.150867,120.446945,門牌
彰化縣伸港鄉興工路40號,24.160510,120.510211,門牌
彰化縣伸港鄉蚵寮村線工北一路20號,24.153136,120.450154,門牌
彰化縣伸港鄉西興路46巷5號,24.177036,120.490968,門牌
彰化縣北斗鎮七星里陶朱路22-5號1樓,23.852309,120.527230,路名
彰化縣北斗鎮中和里中圳路446巷12號1樓,23.869422,120.545903,門牌
彰化縣北斗鎮中和里中新路390巷8號1樓,23.868741,120.545180,門牌
彰化縣北斗鎮中和里斗中路378號,23.871142,120.543161,門牌
彰化縣北斗鎮中寮里中寮一路70巷12號,23.879830,120.509465,門牌
彰化縣北斗鎮五權里斗苑路1段151號,23.872128,120.524495,門牌
彰化縣北斗鎮光復里光復路190號,23.905897,120.517097,路名
彰化縣北斗鎮光復里地政路398號7樓,23.874471,120.525226,門牌
彰化縣北斗鎮光復里復興路350號,23.880545,120.526762,門牌
彰化縣北斗鎮光復里復興路378號,23.879593,120.525921,門牌
彰化縣北斗鎮光復里復興路402號,23.880955,120.524915,門牌
彰化縣北斗鎮大新里8鄰大新路367號,23.850648,120.563552,門牌
彰化縣北斗鎮大新里四海路2段17號,23.867270,120.549612,門牌
彰化縣北斗鎮大新里四海路2段35號,23.867854,120.549390,門牌
彰化縣北斗鎮大新里四海路一段60號,23.867055,120.550893,路名
彰化縣北斗鎮大新里四海路二段1號,23.867055,120.550893,路名
彰化縣北斗鎮大新里大新路320號,23.849951,120.565101,門牌
彰化縣北斗鎮大新里拓農路126號,23.861909,120.556352,門牌
彰化縣北斗鎮大新里新工一路1號,23.867668,120.554144,門牌
彰化縣北斗鎮大新里新工一路66號,23.868321,120.551422,門牌
彰化縣北斗鎮大新里新工二路116號,23.869309,120.549745,門牌
彰化縣北斗鎮大新里新工路7號,23.866723,120.554071,門牌
彰化縣北斗鎮大新里財神路20號1樓,23.868420,120.551765,門牌
彰化縣北斗鎮大道里中山路二段509巷11號,23.986995,120.533569,路名
彰化縣北斗鎮大道里中山路二段519巷20號,23.986995,120.533569,路名
彰化縣北斗鎮居仁里光華街1號,24.013549,120.554934,路名
彰化縣北斗鎮居仁里地政路382之2號1樓,23.874484,120.525527,門牌
彰化縣北斗鎮居仁里復興路57號,23.968525,120.565666,門牌
彰化縣北斗鎮復興路620巷36號1樓,23.881147,120.518122,門牌
彰化縣北斗鎮拓農路72號,23.858957,120.558219,門牌
彰化縣北斗鎮文昌里力行巷200號,23.882808,120.541835,門牌
彰化縣北斗鎮新工一路65號,23.867844,120.551668,門牌
彰化縣北斗鎮新生里中新路56巷80號,23.858445,120.543242,門牌
彰化縣北斗鎮新生里興農路1段160號,23.850774,120.557731,門牌
彰化縣北斗鎮新生里興農路一段293巷51號,23.877161,120.532805,路名
彰化縣北斗鎮新生里興農路二段349號1樓,23.877161,120.532805,路名
彰化縣北斗鎮西安里中山路1段339-2號1樓,23.986995,120.533569,路名
彰化縣北斗鎮西德里中山路1段120巷20號,23.867805,120.513051,門牌
彰化縣北斗鎮西德里中山路一段188號,23.899488,120.365557,門牌
彰化縣北斗鎮西德里斗苑路1段310號,23.872182,120.520676,門牌
彰化縣北斗鎮西德里舜耕路10-1號,23.866355,120.516207,路名
彰化縣北斗鎮西德里舜耕路47號,23.866355,120.516207,路名
彰化縣北斗鎮財神路30號,23.869187,120.552019,門牌
彰化縣和美鎮中圍里彰新路3段636巷150弄27號,24.120367,120.527710,門牌
彰化縣和美鎮中圍里彰新路3段636巷26號1樓,24.117716,120.527856,門牌
彰化縣和美鎮中圍里彰新路3段655號,24.117305,120.527359,門牌
彰化縣和美鎮中寮里東萊路94巷313號1樓,24.101173,120.542227,門牌
彰化縣和美鎮仁宇路135號1樓,24.102233,120.493322,路名
彰化縣和美鎮仁愛里鹿和路六段1巷104弄126號1樓,24.085471,120.475258,路名
彰化縣和美鎮南佃里大佃路347巷90之21號,24.092653,120.496894,門牌
彰化縣和美鎮南佃里大佃路55巷43號1樓,24.084966,120.498158,門牌
彰化縣和美鎮南佃里彰草路3段371號,24.081702,120.490411,門牌
彰化縣和美鎮南佃里彰草路3段99號,24.080745,120.508183,路名
彰化縣和美鎮南佃里彰草路三段155號1樓,24.080745,120.508183,路名
彰化縣和美鎮和北里彰美路6段61巷33號6樓之7,24.099368,120.521152,路名
彰化縣和美鎮和東里彰美路5段386巷7號1樓,24.112175,120.498820,門牌
彰化縣和美鎮和東里忠勇路30巷29號,24.107514,120.505063,門牌
彰化縣和美鎮和東里道周路23巷37弄27號,24.104692,120.504140,門牌
彰化縣和美鎮和港路94巷111號,24.120779,120.494259,門牌
彰化縣和美鎮嘉寶里厚北路276巷7號1樓,24.135191,120.516480,門牌
彰化縣和美鎮嘉寶里彰新路四段703巷127號,24.123849,120.520520,路名
彰化縣和美鎮嘉寶里福北路490巷169號,24.127782,120.521353,門牌
彰化縣和美鎮嘉犁里彰和路二段510巷9號,24.094409,120.519654,路名
彰化縣和美鎮嘉犁里東原路211巷2號,24.090166,120.516050,門牌
彰化縣和美鎮嘉犁里東原路349巷50號,24.089185,120.512944,門牌
彰化縣和美鎮嘉犁里東坡路100號,24.092126,120.512291,門牌
彰化縣和美鎮嘉犁里鎮東路101號,24.097425,120.518176,門牌
彰化縣和美鎮四張里和厝路一段150巷30號1樓,24.126991,120.500809,路名
彰化縣和美鎮四張里彰美路六段334號,24.099368,120.521152,路名
彰化縣和美鎮四張里德美路640號1樓,24.118658,120.495899,門牌
彰化縣和美鎮四張里德美路728號,24.118915,120.494500,門牌
彰化縣和美鎮四張里西園路518號,24.113739,120.481351,門牌
彰化縣和美鎮四張里鎮西路210號,24.119137,120.488014,門牌
彰化縣和美鎮塗厝里彰新路5段415巷225號,24.130659,120.504628,門牌
彰化縣和美鎮塗厝里思北路125-1號1樓,24.131611,120.508852,路名
彰化縣和美鎮塗厝里思北路125-2號1樓,24.131611,120.508852,路名
彰化縣和美鎮塗厝里思北路251巷6號,24.134042,120.509171,門牌
彰化縣和美鎮好修里和港路575號,24.132388,120.489273,門牌
彰化縣和美鎮好修里西鄉路122巷30號,24.139089,120.486554,門牌
彰化縣和美鎮山犁里仁壽路171號1樓,24.103025,120.492383,門牌
彰化縣和美鎮山犁里仁壽路79號1樓,24.102761,120.494434,門牌
彰化縣和美鎮山犁里仁宇路135號2樓,24.102233,120.493322,路名
彰化縣和美鎮山犁里仁宇路137號1樓,24.102233,120.493322,路名
彰化縣和美鎮山犁里仁里路93號,24.102711,120.498515,門牌
彰化縣和美鎮山犁里大佃路962號,24.105537,120.501080,門牌
彰化縣和美鎮山犁里愛國路121號1樓,24.105261,120.499775,門牌
彰化縣和美鎮山犁里道周路428號5樓,24.108568,120.495141,門牌
彰化縣和美鎮山犁里鹿和路6段382巷17號1樓,24.108918,120.495943,門牌
彰化縣和美鎮平等路8號1樓,24.113529,120.492028,門牌
彰化縣和美鎮彰和路三段101號,24.094409,120.519654,路名
彰化縣和美鎮彰新路4段293號,24.120706,120.520209,門牌
彰化縣和美鎮彰美路二段106號,24.099368,120.521152,路名
彰化縣和美鎮新庄里彰新路二段86巷106弄臨16號,24.123849,120.520520,路名
彰化縣和美鎮新庄里彰美路二段106號,24.099368,120.521152,路名
彰化縣和美鎮新庄里東發路320巷42弄3號,24.096980,120.529727,門牌
彰化縣和美鎮月眉里北辰路170巷17號,24.123869,120.492730,門牌
彰化縣和美鎮月眉里和厝路1段382巷70弄6號,24.122593,120.498539,門牌
彰化縣和美鎮月眉里西川路130巷5號,24.124019,120.488379,門牌
彰化縣和美鎮柑井里6鄰美寮路一段477號,24.112641,120.508568,路名
彰化縣和美鎮柑井里彰美路4段72號2樓,24.103582,120.514502,門牌
彰化縣和美鎮柑井里彰美路四段65巷51號,24.099368,120.521152,路名
彰化縣和美鎮柑井里彰美路四段89巷22號,24.099368,120.521152,路名
彰化縣和美鎮柑井里東光路214號,24.108833,120.516817,門牌
彰化縣和美鎮柑井里柑竹路331巷28號,24.111369,120.515318,門牌
彰化縣和美鎮柑井里柑竹路405巷128號1樓,24.113569,120.516344,門牌
彰化縣和美鎮柑井里柑竹路535巷108號,24.117818,120.518141,門牌
彰化縣和美鎮柑井里柑竹路589巷63號,24.117517,120.519625,門牌
彰化縣和美鎮柑井里柑竹路89號,24.105182,120.515650,門牌
彰化縣和美鎮柑井里田東路209號,24.101499,120.511205,門牌
彰化縣和美鎮柑井里美寮路2段131巷62號,24.112721,120.513997,門牌
彰化縣和美鎮柑井里美寮路二段138號,24.112641,120.508568,路名
彰化縣和美鎮湖內里工東三路6號,24.153214,120.516076,門牌
彰化縣和美鎮源埤里德南路249號,24.085248,120.511771,門牌
彰化縣和美鎮犁盛里彰新路2段290號,24.099811,120.535263,門牌
彰化縣和美鎮犁盛里彰新路三段81巷179號,24.123849,120.520520,路名
彰化縣和美鎮犁盛里彰新路二段420號,24.123849,120.520520,路名
彰化縣和美鎮犁盛里東平路221巷19號,24.103197,120.528097,門牌
彰化縣和美鎮犁盛里東谷路128號,24.098605,120.536677,門牌
彰化縣和美鎮犁盛里東谷路144號,24.098620,120.536252,門牌
彰化縣和美鎮竹圍里線東路五段117巷25號,24.090766,120.511956,路名
彰化縣和美鎮竹營里和頭路235巷35弄8號1樓,24.116903,120.500445,門牌
彰化縣和美鎮竹營里孝昌路3號1樓,24.114171,120.500773,門牌
彰化縣和美鎮竹營里孝義路221巷36弄臨60號,24.117398,120.514008,路名
彰化縣和美鎮竹營里忠誠路135號,24.112508,120.503656,門牌
彰化縣和美鎮竹營里忠誠路50號1樓,24.112930,120.505203,門牌
彰化縣和美鎮竹營里美寮路2段587號,24.112900,120.501525,門牌
彰化縣和美鎮竹營里美寮路2段589號1樓,24.112888,120.501484,門牌
彰化縣和美鎮竹營里美寮路二段626號,24.112641,120.508568,路名
彰化縣和美鎮糖友里東萊路151巷10弄28之1號,24.106910,120.535707,門牌
彰化縣和美鎮糖友里東萊路151巷8號,24.105310,120.536181,門牌
彰化縣和美鎮糖友里菊東路111號1樓,24.107458,120.534411,門牌
彰化縣和美鎮詔安里彰和路二段132號,24.094409,120.519654,路名
彰化縣和美鎮詔安里彰美路1段600-8號5樓,24.099368,120.521152,路名
彰化縣和美鎮詔安里線東路三段140巷105號,24.090766,120.511956,路名
彰化縣和美鎮道周路675號1樓,24.111682,120.491522,門牌
彰化縣和美鎮還社里北美路39巷1號1樓,24.123484,120.520101,門牌
彰化縣和美鎮鎮平里南雷路171巷5號,24.088167,120.504255,門牌
彰化縣和美鎮鎮平里彰草路2段250號,24.081689,120.510137,門牌
彰化縣和美鎮鎮平里彰草路2段361號,24.081432,120.507540,門牌
彰化縣和美鎮鎮平里彰草路二段252號,24.080745,120.508183,路名
彰化縣和美鎮鎮平里彰草路二段697號,24.080745,120.508183,路名
彰化縣和美鎮鎮平里彰草路二段86號,24.076887,120.531148,門牌
彰化縣和美鎮鐵山里彰美路三段20巷25號,24.099368,120.521152,路名
彰化縣和美鎮鐵山里彰美路三段314號1樓,24.099368,120.521152,路名
彰化縣和美鎮雅溝里鹿和路5段48號,24.095249,120.488083,門牌
彰化縣和美鎮面前里西安路61號,24.100411,120.482971,門牌
彰化縣和美鎮頭前里信安路88巷18號1樓,24.118252,120.499780,門牌
彰化縣和美鎮頭前里北堂路149號,24.121325,120.510771,門牌
彰化縣和美鎮頭前里北堂路264巷16號,24.122660,120.506329,門牌
彰化縣員林市三信里中山路2段195號,23.876518,120.519710,門牌
彰化縣員林市三信里大仁南街37巷18號1樓,23.967889,120.575643,門牌
彰化縣員林市三信里大同路2段185號,23.968903,120.575162,門牌
彰化縣員林市三和里16鄰浮圳路二段199號,23.948956,120.576495,路名
彰化縣員林市三和里和平東街一段29號,23.962596,120.578884,路名
彰化縣員林市三和里大同路一段306號二樓,23.981688,120.538731,路名
彰化縣員林市三和里建國路38巷9號一樓,23.965791,120.581504,門牌
彰化縣員林市三和里成功東路113號,23.962332,120.581653,門牌
彰化縣員林市三多里三多一街15號1樓,23.971259,120.571962,門牌
彰化縣員林市三多里員林大道四段426號3樓,23.965337,120.576106,路名
彰化縣員林市三多里長泰街14號1樓,23.970672,120.575889,門牌
彰化縣員林市三愛里合作街123號1樓,23.967814,120.579463,門牌
彰化縣員林市三愛里建國路289號,23.943201,120.554661,路名
彰化縣員林市三愛里浮圳路二段366號2樓,23.948956,120.576495,路名
彰化縣員林市三條街199號2樓,23.959555,120.583899,門牌
彰化縣員林市三條里員水路2段52號,23.955038,120.587908,門牌
彰化縣員林市三條里忠孝街78-13號1樓,23.970283,120.551022,路名
彰化縣員林市三條里條和七街12號1樓,23.960645,120.584563,門牌
彰化縣員林市三橋里三橋街79號,23.969058,120.581820,門牌
彰化縣員林市三橋里合作街144號,23.967846,120.579590,門牌
彰化縣員林市三橋里大榮街32巷15號,23.969788,120.580343,門牌
彰化縣員林市三橋里建國路105號7樓,23.967835,120.580614,門牌
彰化縣員林市三義里員鹿路103巷56弄27號,23.955651,120.564811,門牌
彰化縣員林市三義里惠來西街65號,23.954586,120.567476,門牌
彰化縣員林市三義里惠安街101之9號,23.952952,120.564791,門牌
彰化縣員林市三義里惠明街299號1樓,23.951083,120.569899,路名
彰化縣員林市三義里莒光路161巷44號1樓,23.954980,120.565460,門牌
彰化縣員林市中央里中央路115巷105號,23.996063,120.463240,路名
彰化縣員林市中央里中央路322號,23.996063,120.463240,路名
彰化縣員林市中央里中央路337巷118號,23.996063,120.463240,路名
彰化縣員林市中央里中央路337巷123弄1號1樓,23.996063,120.463240,路名
彰化縣員林市中央里中央路458號,23.996063,120.463240,路名
彰化縣員林市中央里中央路470號,23.996063,120.463240,路名
彰化縣員林市中央里中央路500號,23.996063,120.463240,路名
彰化縣員林市中央里中央路601號,23.996063,120.463240,路名
彰化縣員林市中央里中山路一段94號,23.840935,120.321050,門牌
彰化縣員林市中央里柳橋路二段207巷150號,24.016587,120.454991,路名
彰化縣員林市中央里柳橋路二段285號,24.016587,120.454991,路名
彰化縣員林市中山路一段146號,23.899770,120.366587,門牌
彰化縣員林市中東里山脚路五段228-10號1樓,23.941342,120.599868,路名
彰化縣員林市中東里山腳路5段259巷11號1樓,23.909662,120.604966,路名
彰化縣員林市中正里中正路436號1樓,23.958085,120.572585,門牌
彰化縣員林市中正里林森路249巷13號五樓,23.958784,120.576027,門牌
彰化縣員林市中正里林森路285號,23.959969,120.577175,門牌
彰化縣員林市仁愛里三民東街274號2樓,23.960174,120.580649,門牌
彰化縣員林市仁美里靜修東路100號1樓,23.963327,120.576959,門牌
彰化縣員林市仁美里靜修東路139號,23.964014,120.577255,門牌
彰化縣員林市南平里南平街178號1樓,23.966662,120.565590,門牌
彰化縣員林市南平里復興路59巷19號1樓,23.967984,120.566156,門牌
彰化縣員林市南平里永平街48號1樓,23.964862,120.565842,門牌
彰化縣員林市南平里莒光路745巷36號1樓,23.968345,120.566426,門牌
彰化縣員林市南平里龍富街120號,23.972509,120.569972,門牌
彰化縣員林市南東里員東路1段2之2號,23.960703,120.587420,路名
彰化縣員林市南東里員東路一段68巷70號,23.960703,120.587420,路名
彰化縣員林市南東里員草路855巷176號,23.969234,120.610277,門牌
彰化縣員林市南東里員草路855巷192號,23.969446,120.610508,門牌
彰化縣員林市南東里員草路952號,23.964981,120.602072,門牌
彰化縣員林市南東里浮圳路1段155巷73號,23.968495,120.597331,門牌
彰化縣員林市南東里錦安巷3-4號1樓,23.968350,120.611472,路名
彰化縣員林市南東里錦安巷3號,23.967661,120.609917,門牌
彰化縣員林市南興里南潭路1巷20弄21號,23.961515,120.559887,門牌
彰化縣員林市南興里南潭路1號2樓,23.962628,120.560507,門牌
彰化縣員林市南興里員大路一段251號1樓,23.970003,120.558890,路名
彰化縣員林市和平里中正路585號3樓,23.961319,120.571112,門牌
彰化縣員林市和平里莒光路752號15樓,23.970247,120.569167,門牌
彰化縣員林市大同路一段406號,23.981688,120.538731,路名
彰化縣員林市大埔里員大路二段167巷190弄32號,23.970003,120.558890,路名
彰化縣員林市大埔里員大路二段46巷268弄29號1樓,23.970003,120.558890,路名
彰化縣員林市大峯里大峯巷155弄17號,23.962992,120.604397,門牌
彰化縣員林市大明里員集路2段126號,23.799606,120.646721,門牌
彰化縣員林市大明里大饒路543巷97號,23.936317,120.587108,門牌
彰化縣員林市大明里大饒路659巷326-1號,23.937483,120.583756,路名
彰化縣員林市大明里大饒路803巷317號,23.931925,120.584008,門牌
彰化縣員林市大明里大饒路803巷臨390號1樓,23.937483,120.583756,路名
彰化縣員林市大饒里中正路2巷271弄15號,23.947453,120.579815,門牌
彰化縣員林市大饒里員集路二段198號,23.886096,120.591011,路名
彰化縣員林市大饒里員集路二段244巷60弄101號1樓,23.886096,120.591011,路名
彰化縣員林市大饒里員集路二段386巷98弄1號1樓,23.886096,120.591011,路名
彰化縣員林市大饒里柳橋路一段655號2樓,24.016587,120.454991,路名
彰化縣員林市大饒里益民街65號1樓,23.946233,120.579411,路名
彰化縣員林市大饒里香山西路52巷16號1樓,23.943177,120.580190,門牌
彰化縣員林市大饒里香山路87之11號,23.943269,120.581208,路名
彰化縣員林市山腳路5段272巷16弄3號1樓,23.909662,120.604966,路名
彰化縣員林市山腳路三段228巷7號,23.909662,120.604966,路名
彰化縣員林市崙雅巷9之1號1樓,23.930476,120.592373,路名
彰化縣員林市崙雅里員水路一段607號,23.953429,120.587872,路名
彰化縣員林市忠孝里忠孝街260巷2弄8號,23.957131,120.579459,門牌
彰化縣員林市惠來里園林大街15號,23.951142,120.568134,門牌
彰化縣員林市惠來里惠明街157巷14號5樓之1,23.950221,120.569201,門牌
彰化縣員林市惠來里惠明街171巷2號1樓,23.950542,120.568835,門牌
彰化縣員林市惠來里惠明街187巷8號一樓,23.950413,120.568350,門牌
彰化縣員林市惠來里惠明街233巷4號1樓,23.950396,120.567147,門牌
彰化縣員林市惠來里惠明街81號1樓,23.950921,120.571154,門牌
彰化縣員林市惠來里日泰街126號1樓,23.954154,120.569193,門牌
彰化縣員林市振興里麒麟巷214弄89號,23.957312,120.608109,門牌
彰化縣員林市新生里北和街7號1樓,23.961173,120.568394,門牌
彰化縣員林市東北里山腳路6段184巷45弄38號,23.909662,120.604966,路名
彰化縣員林市東北里山腳路六段254巷36弄13號,23.909662,120.604966,路名
彰化縣員林市東北里山腳路六段372巷216號,23.909662,120.604966,路名
彰化縣員林市浮圳里員東路1段155號1樓,23.963307,120.596614,門牌
彰化縣員林市浮圳里員東路1段浮圳南巷102之3號1樓,23.960703,120.587420,路名
彰化縣員林市浮圳里員東路一段435號,23.960703,120.587420,路名
彰化縣員林市浮圳里員東路一段538巷52號,23.960703,120.587420,路名
彰化縣員林市浮圳里浮圳巷12之19號1樓,23.965417,120.591592,路名
彰化縣員林市源潭里源潭路22之22號1樓,23.962231,120.553702,路名
彰化縣員林市溝皂里柳橋路2段250號,24.016587,120.454991,路名
彰化縣員林市溝皂里柳橋路2段72號,24.016587,120.454991,路名
彰化縣員林市溝皂里柳橋路二段139號,24.016587,120.454991,路名
彰化縣員林市溝皂里柳橋路二段29號,24.016587,120.454991,路名
彰化縣員林市溝皂里柳橋路二段67號,24.016587,120.454991,路名
彰化縣員林市溝皂里溝皂巷14-1號,23.947635,120.569650,路名
彰化縣員林市溝皂里溝皂巷5-2號,23.947635,120.569650,路名
彰化縣員林市萬年里員水路二段387號1樓,23.953429,120.587872,路名
彰化縣員林市萬年里員農街63號1樓,23.953001,120.580155,門牌
彰化縣員林市萬年里明倫五街37號1樓,23.954044,120.584772,路名
彰化縣員林市萬年里萬年三街37號1樓,23.950049,120.580114,路名
彰化縣員林市西東里浮圳路二段84巷77弄33號1樓,23.948956,120.576495,路名
彰化縣員林市鎮興里山脚路3段2巷47號1樓,23.958235,120.603238,門牌
彰化縣員林市鎮興里山脚路三段25巷72號,23.941342,120.599868,路名
彰化縣員林鎮三義里12鄰惠安街74號1樓,23.953649,120.565835,門牌
彰化縣員林鎮大明里大饒路659巷322弄1號1樓,23.931437,120.587911,門牌
彰化縣員林鎮萬年里員水路2段185號,23.955109,120.584742,門牌
彰化縣員林鎮萬年里員水路二段465巷15弄13號之3,23.953429,120.587872,路名
彰化縣埔心鄉二重村五義路8之1號1樓,23.965265,120.525645,門牌
彰化縣埔心鄉二重村南昌南路127巷臨61-23號,23.965305,120.529513,路名
彰化縣埔心鄉二重村瑤鳳路3段161號1樓,23.962360,120.532910,門牌
彰化縣埔心鄉埔心村員鹿路三段156號,23.957076,120.565172,門牌
彰化縣埔心鄉埔心村員鹿路三段419巷339弄36號,23.980470,120.492610,路名
彰化縣埔心鄉埔心村員鹿路二段592巷311號,23.980470,120.492610,路名
彰化縣埔心鄉埤腳村柳橋東路829號,23.974009,120.520925,門牌
彰化縣埔心鄉埤腳村菜寮路136巷19號1樓,23.977445,120.513787,門牌
彰化縣埔心鄉埤腳村菜寮路40巷35-1號1樓,23.977700,120.513718,路名
彰化縣埔心鄉埤霞村二抱路1段110-1號,23.970950,120.540760,路名
彰化縣埔心鄉埤霞村五通西路56號1樓（限辦公室使用）,23.972438,120.527538,門牌
彰化縣埔心鄉太平村中山路46巷6號,23.938252,120.559600,門牌
彰化縣埔心鄉太平村太平路376巷22號,23.939011,120.551083,門牌
彰化縣埔心鄉太平村太平路75巷27號,23.939135,120.556325,門牌
彰化縣埔心鄉太平村東平路138號,23.960150,120.342793,門牌
彰化縣埔心鄉明聖路4段159巷30號1樓,23.949063,120.558467,路名
彰化縣埔心鄉東門村中正路185號1樓,23.874555,120.521780,門牌
彰化縣埔心鄉東門村中正路1段261號,23.951185,120.545255,門牌
彰化縣埔心鄉東門村中正路1段335號1樓,23.951274,120.543380,門牌
彰化縣埔心鄉東門村中正路一段135號,23.873375,120.521879,門牌
彰化縣埔心鄉東門村中正路一段189號1樓,23.874615,120.521776,門牌
彰化縣埔心鄉東門村中正路一段380巷3號1樓,23.997086,120.521381,路名
彰化縣埔心鄉東門村員鹿路2段271號,23.951905,120.545648,門牌
彰化縣埔心鄉東門村新興路60號,23.950697,120.548878,門牌
彰化縣埔心鄉東門村新興路94號,23.950701,120.548321,門牌
彰化縣埔心鄉東門村永坡路三段330巷19號1樓,23.934819,120.543626,路名
彰化縣埔心鄉梧鳳村五賢路136號,23.971901,120.511900,路名
彰化縣埔心鄉梧鳳村大溪路三段37巷20號1樓,23.970219,120.502445,路名
彰化縣埔心鄉油車村埔新路368之1號,23.956808,120.537028,路名
彰化縣埔心鄉油車村瑤鳳路二段266巷22號,23.961564,120.537452,路名
彰化縣埔心鄉瑤鳳路一段357號,23.961564,120.537452,路名
彰化縣埔心鄉瓦中村西安南路195號1樓,23.951009,120.557967,門牌
彰化縣埔心鄉瓦北村柳橋東路457號,23.961275,120.547470,門牌
彰化縣埔心鄉瓦北村源泉路二段330巷62號一樓,23.959497,120.555965,路名
彰化縣埔心鄉瓦北村瑤鳳路1段99號（限辦公室使用）,23.956123,120.557696,門牌
彰化縣埔心鄉瓦北村瑤鳳路一段320號1樓,23.961564,120.537452,路名
彰化縣埔心鄉瓦北村裕農路234號之1,23.960683,120.551526,門牌
彰化縣埔心鄉瓦北村西安南路59巷13號,23.953761,120.558111,門牌
彰化縣埔心鄉瓦南村三民路232號,23.950423,120.560855,門牌
彰化縣埔心鄉瓦南村明聖路3段47號,23.948537,120.558707,門牌
彰化縣埔心鄉瓦南村柳橋東路146巷97號,23.950922,120.555786,門牌
彰化縣埔心鄉經口村柳橋西路237-1號,23.955421,120.549031,路名
彰化縣埔心鄉經口村柳橋西路237號,23.950122,120.553226,門牌
彰化縣埔心鄉經口村經口路77巷41弄7號,23.945579,120.554501,門牌
彰化縣埔心鄉經口村經口路77巷51號,23.945364,120.554050,門牌
彰化縣埔心鄉羅厝村羅厝路1段165號1樓,23.940317,120.513497,路名
彰化縣埔心鄉羅厝村羅永路49號1樓,23.933466,120.514388,門牌
彰化縣埔心鄉義民村中正路一段546號1樓,23.960360,120.571766,門牌
彰化縣埔心鄉義民村永坡路三段57號1樓,23.934819,120.543626,路名
彰化縣埔心鄉義民村育英路76巷20號,23.956072,120.540590,門牌
彰化縣埔心鄉舊舘村新舘路686巷29號,23.947458,120.526673,門牌
彰化縣埔心鄉舊舘村武興路45號1樓,23.950183,120.529700,門牌
彰化縣埔心鄉芎蕉村員鹿路五段186號,23.957307,120.564554,門牌
彰化縣埔心鄉芎蕉村員鹿路五段328號,23.980470,120.492610,路名
彰化縣埔心鄉芎蕉村員鹿路五段368號,23.980470,120.492610,路名
彰化縣埔心鄉芎蕉村員鹿路五段85號,23.980470,120.492610,路名
彰化縣埔鹽鄉三省村好金路1巷4-18號,23.980628,120.455730,路名
彰化縣埔鹽鄉三省村好金路22-7號,23.980628,120.455730,路名
彰化縣埔鹽鄉南新村好金路3巷1-18號1樓,23.980628,120.455730,路名
彰化縣埔鹽鄉南新村好金路3巷24之40號,23.980628,120.455730,路名
彰化縣埔鹽鄉南新村好金路58號之3,23.991306,120.459632,門牌
彰化縣埔鹽鄉南新村永新路37號,23.979997,120.463521,門牌
彰化縣埔鹽鄉南港村埔菜路1巷6-6號1樓,23.990016,120.488445,路名
彰化縣埔鹽鄉埔南村埔菜路42-28號,23.990016,120.488445,路名
彰化縣埔鹽鄉埔南村埔菜路69號1樓,23.992373,120.477585,門牌
彰化縣埔鹽鄉埔南村埔菜路70號,23.992394,120.477551,門牌
彰化縣埔鹽鄉埔南村彰水路1段228號,23.992178,120.477221,門牌
彰化縣埔鹽鄉埔南村彰水路1段383號1樓,23.846930,120.457631,門牌
彰化縣埔鹽鄉埔南村彰水路一段340巷5號,23.975603,120.484355,路名
彰化縣埔鹽鄉埔南村彰水路一段365巷67號,23.975603,120.484355,路名
彰化縣埔鹽鄉埔鹽村埔港路63-6號,23.995723,120.490215,路名
彰化縣埔鹽鄉埔鹽村彰水路2段165-10號,23.975603,120.484355,路名
彰化縣埔鹽鄉埔鹽村彰水路二段149巷242號,23.975603,120.484355,路名
彰化縣埔鹽鄉埔鹽村彰水路二段191號,24.056358,120.515892,門牌
彰化縣埔鹽鄉大有村員鹿路三段8號,23.956412,120.568937,門牌
彰化縣埔鹽鄉天盛村成功一路258號,23.978324,120.429965,門牌
彰化縣埔鹽鄉天盛村番金路61-15號1樓,23.989864,120.429523,路名
彰化縣埔鹽鄉天盛村番金路61之8號,23.989864,120.429523,路名
彰化縣埔鹽鄉太平村大新路1巷二橫巷6-20號,23.920244,120.512170,路名
彰化縣埔鹽鄉太平村大新路26之2號,23.920244,120.512170,路名
彰化縣埔鹽鄉太平村番金路24號,23.970436,120.438981,門牌
彰化縣埔鹽鄉太平村番金路3-291號,23.989864,120.429523,路名
彰化縣埔鹽鄉太平村番金路3-5號,23.989864,120.429523,路名
彰化縣埔鹽鄉太平村番金路37-12號,23.989864,120.429523,路名
彰化縣埔鹽鄉好修村好金路101巷臨20號,23.980628,120.455730,路名
彰化縣埔鹽鄉好金路2巷9號1樓,23.976322,120.445914,門牌
彰化縣埔鹽鄉崑崙村彰水路1段63-16號,23.975603,120.484355,路名
彰化縣埔鹽鄉崑崙村彰水路一段3-6號1樓,23.975603,120.484355,路名
彰化縣埔鹽鄉崑崙村彰水路一段64號1樓,24.061501,120.518709,門牌
彰化縣埔鹽鄉廍子村光明路一段51-37號一樓,23.935309,120.470752,路名
彰化縣埔鹽鄉新水村大新路1巷6號,23.985576,120.444920,門牌
彰化縣埔鹽鄉新水村大新路1巷一橫巷13之8號,23.920244,120.512170,路名
彰化縣埔鹽鄉新水村永新路809巷臨66-1號,23.997502,120.439238,路名
彰化縣埔鹽鄉永平村員鹿路3段242之18號1樓,23.980470,120.492610,路名
彰化縣埔鹽鄉永平村員鹿路三段242之18號1樓,23.980470,120.492610,路名
彰化縣埔鹽鄉永樂村永新路二段262號一樓,23.997502,120.439238,路名
彰化縣埔鹽鄉永樂村番金路94號,23.998505,120.427943,門牌
彰化縣埔鹽鄉瓦村光明路2段139號,24.011234,120.471633,門牌
彰化縣埔鹽鄉西湖村4鄰大新路2巷68-19號1樓,23.920244,120.512170,路名
彰化縣埔鹽鄉角樹村員鹿路1段128號,23.956240,120.559930,門牌
彰化縣埔鹽鄉角樹村員鹿路一段133-3號,23.980470,120.492610,路名
彰化縣埔鹽鄉角樹村員鹿路一段177-10號,23.980470,120.492610,路名
彰化縣埤頭鄉中和村彰水路1段臨600號,23.975603,120.484355,路名
彰化縣埤頭鄉中和村溪林路261巷10弄20號1樓,23.846163,120.460777,門牌
彰化縣埤頭鄉光復東路316號,23.921189,120.467808,門牌
彰化縣埤頭鄉合興村彰水路3段409號,23.889760,120.458647,門牌
彰化縣埤頭鄉和豊村六號巷153-20號,23.889489,120.495292,路名
彰化縣埤頭鄉和豊村六號巷2號1樓,23.886910,120.494346,門牌
彰化縣埤頭鄉和豊村斗苑東路180巷5-2號,23.887361,120.486114,路名
彰化縣埤頭鄉和豊村斗苑東路180巷5號,23.887084,120.491980,門牌
彰化縣埤頭鄉和豐村埔尾路120號,23.890544,120.486438,門牌
彰化縣埤頭鄉大湖村中央路241-1號,23.996063,120.463240,路名
彰化縣埤頭鄉大湖村彰水路2段347號1樓,23.865598,120.458067,門牌
彰化縣埤頭鄉大湖村彰水路二段268號1樓,24.016194,120.488269,門牌
彰化縣埤頭鄉大湖村彰水路二段400號,23.975603,120.484355,路名
彰化縣埤頭鄉崙子村彰水路3段815號,23.898488,120.462136,門牌
彰化縣埤頭鄉崙腳村和平路286巷13號1樓,23.882026,120.469449,門牌
彰化縣埤頭鄉崙腳村興工路10號,23.877679,120.462077,門牌
彰化縣埤頭鄉崙腳村興工路18之1號,23.877030,120.463830,門牌
彰化縣埤頭鄉崙腳村興工路20號,23.876471,120.464409,門牌
彰化縣埤頭鄉崙腳村興工路4號,23.878912,120.459946,門牌
彰化縣埤頭鄉平原村和平路520之1號1樓,23.886220,120.466371,門牌
彰化縣埤頭鄉平原村華泰二街136號1樓,23.892120,120.466052,門牌
彰化縣埤頭鄉庄內村溪林路261巷104號1樓,23.844398,120.461267,門牌
彰化縣埤頭鄉彰水路3段512號,23.892064,120.459567,門牌
彰化縣埤頭鄉彰水路3段534巷18號,23.892079,120.459856,門牌
彰化縣埤頭鄉興農村十號路500巷32-1號一樓,23.907523,120.473089,路名
彰化縣埤頭鄉興農村彰水路4段110號,23.907685,120.467483,門牌
彰化縣埤頭鄉興農村彰水路四段470號,24.020094,120.489987,門牌
彰化縣埤頭鄉芙朝村金安路88號,23.872682,120.478557,門牌
彰化縣埤頭鄉豐崙村光復東路107號,23.917847,120.469894,門牌
彰化縣埤頭鄉陸嘉村中華路285巷47號,23.852370,120.474048,門牌
彰化縣埤頭鄉陸嘉村中華路437號,24.051176,120.505510,路名
彰化縣大城鄉北平路173號2樓,23.855157,120.324398,門牌
彰化縣大城鄉大城村北平路67巷5號,23.856616,120.322392,門牌
彰化縣大城鄉大安路14-2號,23.835924,120.555209,路名
彰化縣大城鄉東城村南平路1-2號,23.921574,120.378094,路名
彰化縣大城鄉東港村三林路5號,23.864316,120.291095,門牌
彰化縣大城鄉東港村中央路86號,23.871008,120.293407,門牌
彰化縣大城鄉永和村太原巷99號,23.849776,120.305271,門牌
彰化縣大村鄉中山路二段333號,24.034653,120.501008,門牌
彰化縣大村鄉加錫村加錫二巷46之4號,23.991833,120.525522,路名
彰化縣大村鄉南勢村中正西路323巷32號,23.991733,120.548830,門牌
彰化縣大村鄉大崙村大崙路18號,23.985026,120.516044,門牌
彰化縣大村鄉大橋村中山路3段100號,23.931357,120.554238,門牌
彰化縣大村鄉大橋村中山路3段215巷30號,24.001183,120.556822,門牌
彰化縣大村鄉大橋村中山路三段1號,23.870098,120.313603,門牌
彰化縣大村鄉大橋村慶安路81號,23.998148,120.555799,門牌
彰化縣大村鄉大溪路13號-10,23.988225,120.539859,門牌
彰化縣大村鄉平和村中正東路287之8號1樓,23.991393,120.571132,路名
彰化縣大村鄉平和村山腳路160之8號,23.909662,120.604966,路名
彰化縣大村鄉平和村山腳路162-1號,23.909662,120.604966,路名
彰化縣大村鄉平和村山腳路183號,24.005764,120.579859,門牌
彰化縣大村鄉平和村山腳路184號,24.005443,120.579350,門牌
彰化縣大村鄉擺塘村擺塘巷16-4號,23.977391,120.564531,路名
彰化縣大村鄉村上村中山路二段300號,24.035172,120.502380,門牌
彰化縣大村鄉村上村中正東路118巷37號,23.986664,120.567582,門牌
彰化縣大村鄉村上村中正東路9號,23.989501,120.564315,門牌
彰化縣大村鄉福興二巷47弄10號2樓,23.991091,120.588442,路名
彰化縣大村鄉福興村中正東路274巷129號,23.989731,120.575265,門牌
彰化縣大村鄉福興村學府路88之1號,24.000299,120.593027,門牌
彰化縣大村鄉福興村山腳路66-8號,23.909662,120.604966,路名
彰化縣大村鄉福興村山腳路73號1樓,23.990293,120.587521,門牌
彰化縣大村鄉福興村福興二巷51弄7號1樓,23.991106,120.587930,門牌
彰化縣大村鄉美港村中山路一段6巷48號,23.986995,120.533569,路名
彰化縣大村鄉美港村美港路116號,23.981437,120.572640,門牌
彰化縣大村鄉貢旗村大崙路3-27號,23.985497,120.522284,路名
彰化縣大村鄉貢旗村大崙路6-3號,23.985497,120.522284,路名
彰化縣大村鄉貢旗村大溪路13之5號,23.970219,120.502445,路名
彰化縣大村鄉貢旗村貢旗一巷3之26號一樓,23.986298,120.538478,路名
彰化縣大村鄉過溝村中山路二段302號1樓,23.986995,120.533569,路名
彰化縣大村鄉過溝村中正西路184-43號一樓,23.990220,120.555224,路名
彰化縣大村鄉過溝村櫻花路108巷8號,23.990424,120.561644,門牌
彰化縣大村鄉過溝村櫻花路1巷14號2樓,23.992237,120.561106,門牌
彰化縣大村鄉過溝村過溝三巷28號1樓,23.991385,120.556023,門牌
彰化縣大村鄉過溝村鎮安二巷51號2樓,23.989740,120.560246,路名
彰化縣大村鄉黃厝村山腳路7-36號2樓,23.909662,120.604966,路名
彰化縣大村鄉黃厝村美港路215號,23.982876,120.574838,門牌
彰化縣彰化市一德南路26-9號,24.075230,120.599263,路名
彰化縣彰化市中央路112-1號一樓,23.996063,120.463240,路名
彰化縣彰化市中山路1段119巷9弄4號1樓,24.055733,120.533028,門牌
彰化縣彰化市中山路二段605號7樓之2,23.986995,120.533569,路名
彰化縣彰化市中庄里中山路3段346號2樓,23.917331,120.585442,門牌
彰化縣彰化市中庄里中山路3段410巷39號1樓,24.085655,120.566089,門牌
彰化縣彰化市中庄里中山路三段342號1樓,23.986995,120.533569,路名
彰化縣彰化市中庄里中山路三段359號,24.058057,120.432109,門牌
彰化縣彰化市中正路二段582號1樓,23.863707,120.584077,門牌
彰化縣彰化市五權里彰和路1段56巷33號,24.091369,120.533610,門牌
彰化縣彰化市五權里彰和路一段97巷86弄36號,24.094409,120.519654,路名
彰化縣彰化市五權里西勢街325巷16號1樓,24.087045,120.533830,門牌
彰化縣彰化市五權里金馬路三段95巷3號九樓,24.090908,120.533923,路名
彰化縣彰化市信義里成功路323號4樓,24.083047,120.541124,門牌
彰化縣彰化市南安里彰鹿路176號,24.050517,120.503536,門牌
彰化縣彰化市南瑤里中正路二段781巷26號1樓,23.997086,120.521381,路名
彰化縣彰化市南瑤里大埔路485巷181號1樓,24.043343,120.547740,路名
彰化縣彰化市南瑤里天祥路60巷28號1樓,24.063143,120.533226,路名
彰化縣彰化市南美里崙美路195號,24.060483,120.528122,門牌
彰化縣彰化市南美里崙美路450巷10-1號,24.059336,120.526086,路名
彰化縣彰化市南興里中山路一段120號,23.899954,120.367359,門牌
彰化縣彰化市南興里中山路一段150號,23.899767,120.366490,門牌
彰化縣彰化市南興里中山路一段395巷50號,23.986995,120.533569,路名
彰化縣彰化市古夷里泰和東街350號1樓,24.094882,120.556652,門牌
彰化縣彰化市古夷里泰和路3段220巷31號,24.094229,120.560757,門牌
彰化縣彰化市古夷里泰和路3段516巷2弄17號,24.092705,120.566646,門牌
彰化縣彰化市古夷里泰和路三段26巷38號1樓,24.093297,120.557230,路名
彰化縣彰化市台鳳里一德南路254巷18號1樓,24.072475,120.598353,門牌
彰化縣彰化市台鳳里一心東街23巷2號,24.073182,120.599537,門牌
彰化縣彰化市台鳳里互助三街34號,24.071495,120.602350,門牌
彰化縣彰化市向陽街165巷30號1樓,24.062226,120.529194,門牌
彰化縣彰化市向陽街179號2樓,24.062469,120.528093,門牌
彰化縣彰化市向陽里向陽街108巷26號1樓,24.063660,120.528939,門牌
彰化縣彰化市向陽里向陽街177號,24.062446,120.528193,門牌
彰化縣彰化市向陽里向陽街246號3樓,24.063576,120.526475,門牌
彰化縣彰化市向陽里向陽街32巷6弄12號1樓,24.064762,120.529762,門牌
彰化縣彰化市向陽里崙平南路319號1樓,24.062445,120.526762,門牌
彰化縣彰化市向陽里崙平南路90號2樓,24.065113,120.526037,門牌
彰化縣彰化市和調里中山路3段121巷146之2號,24.089281,120.555105,門牌
彰化縣彰化市和調里全福街11號,24.082885,120.554347,門牌
彰化縣彰化市國聖路175巷121弄55號,24.101806,120.571349,門牌
彰化縣彰化市國聖里中山路3段708-3號,23.986995,120.533569,路名
彰化縣彰化市國聖里中山路3段708-7號,23.986995,120.533569,路名
彰化縣彰化市國聖里中山路三段749號,23.986995,120.533569,路名
彰化縣彰化市國聖里國聖路175巷117號,24.102414,120.572308,門牌
彰化縣彰化市國聖里國聖路175巷121弄68號,24.102404,120.570470,門牌
彰化縣彰化市國聖里國聖路175巷132之1號,24.101048,120.571894,路名
彰化縣彰化市國聖里國聖路175巷135弄14號,24.103013,120.571435,門牌
彰化縣彰化市國聖里國聖路175巷135弄臨51號,24.101048,120.571894,路名
彰化縣彰化市國聖里國聖路258號,24.101295,120.574203,門牌
彰化縣彰化市國聖里國聖路260號,24.101466,120.574355,門牌
彰化縣彰化市國聖里國聖路5號,24.097574,120.569779,門牌
彰化縣彰化市國聖里聖安路11巷12號,24.089129,120.566458,門牌
彰化縣彰化市埔內街455巷58號,24.058640,120.539513,路名
彰化縣彰化市埔陽街198號1樓,24.064762,120.546155,門牌
彰化縣彰化市埔陽街272號,24.064105,120.545476,路名
彰化縣彰化市大埔路2巷101號,24.054146,120.555385,門牌
彰化縣彰化市大埔路528巷45號1樓,24.065333,120.544067,門牌
彰化縣彰化市大竹里彰南路二段260號,24.057288,120.601845,路名
彰化縣彰化市寶廍里寶廍路212號,24.101607,120.560265,門牌
彰化縣彰化市寶廍里寶廍路358巷2-1號,24.102615,120.560010,路名
彰化縣彰化市寶廍里寶廍路85巷2號,24.104163,120.561856,門牌
彰化縣彰化市寶廍里寶聖路32巷38號1樓,24.102849,120.565716,門牌
彰化縣彰化市崙平南路207號,24.062206,120.525125,門牌
彰化縣彰化市崙平里中央路184號10樓之12,24.065646,120.529659,門牌
彰化縣彰化市崙平里中央路184號8樓之5,24.065646,120.529659,門牌
彰化縣彰化市崙平里中央路184號9樓之14,24.065646,120.529659,門牌
彰化縣彰化市崙平里南館街76號1樓,24.068833,120.527750,門牌
彰化縣彰化市崙平里平和八街47號,24.068357,120.529326,門牌
彰化縣彰化市崙美路488號,24.055286,120.524500,門牌
彰化縣彰化市平和里平安街49-1號1樓,24.070500,120.524010,路名
彰化縣彰化市平和里平安街88號,24.070394,120.525426,門牌
彰化縣彰化市平和里平等街7號1樓,24.070450,120.527591,門牌
彰化縣彰化市平和里新平路110號,24.066625,120.521757,門牌
彰化縣彰化市平和里精誠路21巷4弄43號1樓,24.073958,120.525776,門牌
彰化縣彰化市平和里精誠路23號,24.073569,120.526490,門牌
彰化縣彰化市延和里13鄰英士路133巷7號,24.058862,120.548953,門牌
彰化縣彰化市延和里埔內街411巷101號,24.055024,120.536697,門牌
彰化縣彰化市延和里埔西街220號2樓之1,24.059010,120.537581,路名
彰化縣彰化市延和里埔西街220號2樓之3,24.059010,120.537581,路名
彰化縣彰化市延和里埔西街32巷48號1樓,24.058208,120.535439,門牌
彰化縣彰化市延和里大埔路220號,24.058526,120.545501,門牌
彰化縣彰化市延平里埔陽街176號一樓,24.064034,120.545798,門牌
彰化縣彰化市延平里大埔路440號6樓,24.063365,120.543482,門牌
彰化縣彰化市延平里大埔路575巷23號（限辦公室使用）,24.066023,120.542232,門牌
彰化縣彰化市延平里岸頭巷10-1號,24.059764,120.549004,路名
彰化縣彰化市延平里瑞陽街112號1樓,24.064589,120.544773,門牌
彰化縣彰化市延平里瑞陽街122號1樓,24.064683,120.544969,門牌
彰化縣彰化市彰南路一段361巷18號1樓,24.057288,120.601845,路名
彰化縣彰化市彰南路一段36巷1號1樓,24.057288,120.601845,路名
彰化縣彰化市彰南路五段142巷15-10號1樓,24.057288,120.601845,路名
彰化縣彰化市彰南路六段131號,24.057288,120.601845,路名
彰化縣彰化市彰安里中正路2段461巷18號,24.072018,120.537007,門牌
彰化縣彰化市彰水路186號,24.014584,120.487588,門牌
彰化縣彰化市復興里實踐路163巷1號1樓,24.083728,120.556969,門牌
彰化縣彰化市復興里實踐路163巷8號,24.084042,120.557227,門牌
彰化縣彰化市復興里竹和路200巷52號,24.080891,120.563227,門牌
彰化縣彰化市復興里竹和路200巷85號,24.081733,120.564535,門牌
彰化縣彰化市復興里自由街38巷57號1樓,24.085162,120.562078,門牌
彰化縣彰化市復興里進德路62號三樓,24.083642,120.558922,路名
彰化縣彰化市復興里進德路69號,24.085467,120.558515,門牌
彰化縣彰化市忠孝里裕民街8號,23.896319,120.368798,門牌
彰化縣彰化市忠孝里辭修路262-1號1樓,24.082792,120.536123,路名
彰化縣彰化市忠權里孝德街35號1樓,24.085302,120.532359,門牌
彰化縣彰化市忠權里彰美路一段149巷17號,24.099368,120.521152,路名
彰化縣彰化市忠權里自立街133號1樓,24.085897,120.536791,門牌
彰化縣彰化市忠權里金馬路3段253號,24.085138,120.531731,門牌
彰化縣彰化市快官里彰南路4段302之1號,24.057288,120.601845,路名
彰化縣彰化市文化里陽明街70之5號,24.085284,120.547111,路名
彰化縣彰化市文心街35號7樓之2,24.065462,120.541867,門牌
彰化縣彰化市新興里彰新路一段49巷12號1樓,24.123849,120.520520,路名
彰化縣彰化市新興里辭修北路167巷78之1號2樓,24.093176,120.540839,門牌
彰化縣彰化市新華里彰美路1段110巷64號,24.088252,120.540521,門牌
彰化縣彰化市新華里彰美路1段8巷43號,24.087122,120.541750,門牌
彰化縣彰化市東芳里彰馬路135號一樓,24.063790,120.514940,門牌
彰化縣彰化市東芳里彰馬路189巷102-2號,24.063816,120.513338,路名
彰化縣彰化市東芳里彰馬路189巷105號,24.061262,120.514732,門牌
彰化縣彰化市東芳里彰馬路520巷180號,24.067632,120.506603,門牌
彰化縣彰化市東芳里永芳路310巷28號1樓,24.068280,120.515247,門牌
彰化縣彰化市東芳里永芳路467巷70弄77號,24.065479,120.511260,門牌
彰化縣彰化市林森路203號2樓,24.073321,120.526750,門牌
彰化縣彰化市永芳路540巷31弄29號,24.067607,120.510303,門牌
彰化縣彰化市牛埔里一德南路26號,24.079429,120.601110,門牌
彰化縣彰化市牛埔里一德南路35號,24.078240,120.601387,門牌
彰化縣彰化市牛埔里彰南路3段202巷20號1樓,24.081248,120.596929,門牌
彰化縣彰化市牛埔里彰南路3段63巷16號,24.083573,120.594404,門牌
彰化縣彰化市牛埔里彰興路二段381號,24.062457,120.574736,路名
彰化縣彰化市田中里彰興路二段581號,24.062457,120.574736,路名
彰化縣彰化市田中里河濱路518號,24.096086,120.603055,門牌
彰化縣彰化市石牌里石牌路一段112號,24.053928,120.610078,路名
彰化縣彰化市磚磘里彰草路327號,24.077387,120.525431,門牌
彰化縣彰化市磚磘里彰草路582巷1號,24.080439,120.517524,門牌
彰化縣彰化市磚磘里水尾二路87巷113號,24.073052,120.505840,門牌
彰化縣彰化市磚磘里竹仔腳路66號2樓,24.082828,120.523791,門牌
彰化縣彰化市磚里水尾二路289號,24.075859,120.502347,門牌
彰化縣彰化市福安里曉陽路56號5樓,24.072322,120.541232,門牌
彰化縣彰化市福山里彰南路1段325巷33弄30之3號2樓,24.057288,120.601845,路名
彰化縣彰化市福山里彰南路一段167巷5弄18號,24.057288,120.601845,路名
彰化縣彰化市福山里彰南路一段300巷34號2樓,24.057288,120.601845,路名
彰化縣彰化市福山里彰南路一段300巷37-2號,24.057288,120.601845,路名
彰化縣彰化市福山里彰南路一段325巷33弄10-9號,24.057288,120.601845,路名
彰化縣彰化市福山里彰南路一段325巷6弄10號,24.057288,120.601845,路名
彰化縣彰化市福山里彰南路一段378巷12號,24.057288,120.601845,路名
彰化縣彰化市福山里彰南路一段378巷12號1樓,24.057288,120.601845,路名
彰化縣彰化市福山里福山街226巷21號,24.081787,120.573744,門牌
彰化縣彰化市福山里福山街333巷15號,24.081201,120.577135,門牌
彰化縣彰化市福山里西南莊59號,24.080702,120.571121,路名
彰化縣彰化市福田里福田一路31號,24.059860,120.619761,門牌
彰化縣彰化市竹中里三竹路71巷10號1樓,24.087862,120.580956,門牌
彰化縣彰化市竹中里彰南路2段1巷19-1號,24.057288,120.601845,路名
彰化縣彰化市竹中里彰南路二段55巷32號,24.057288,120.601845,路名
彰化縣彰化市自由街38巷55號,24.085200,120.562079,門牌
彰化縣彰化市興北里和平路205-1號1樓,23.966862,120.515865,路名
彰化縣彰化市茄南里茄苳路一段248之9號1樓,24.056882,120.544632,路名
彰化縣彰化市茄南里茄苳路一段248之9號2樓,24.056882,120.544632,路名
彰化縣彰化市茄南里茄苳路二段80巷56號,24.056882,120.544632,路名
彰化縣彰化市茄南里茄苳路二段80巷62號,24.056882,120.544632,路名
彰化縣彰化市茄苳路2段222之1號,24.056882,120.544632,路名
彰化縣彰化市莿桐里彰水路175號,24.019136,120.489908,門牌
彰化縣彰化市莿桐里彰水路194巷21號,24.054845,120.513058,門牌
彰化縣彰化市莿桐里彰水路33巷14號1樓,24.061841,120.519859,門牌
彰化縣彰化市莿桐里彰水路33巷34弄6之4號,23.975603,120.484355,路名
彰化縣彰化市莿桐里彰秀路59巷5號,24.053673,120.514732,門牌
彰化縣彰化市莿桐里彰鹿路123巷2號,24.055022,120.512414,門牌
彰化縣彰化市莿桐里彰鹿路93巷101號,24.056929,120.514928,門牌
彰化縣彰化市華北里中山路二段356巷4號一樓,23.986995,120.533569,路名
彰化縣彰化市華山路273巷20之8號1樓,24.074747,120.535219,門牌
彰化縣彰化市華陽里南郭路一段191巷152號,24.073690,120.549923,路名
彰化縣彰化市華陽里華陽街3號2樓,24.072686,120.549094,門牌
彰化縣彰化市萬壽里中正路二段218號2樓,23.856898,120.583739,門牌
彰化縣彰化市萬安里三福街191號2樓,24.088734,120.549716,門牌
彰化縣彰化市萬安里三福街92號1樓,24.087795,120.546838,門牌
彰化縣彰化市萬安里建國南路58號3樓之2,24.088500,120.551134,門牌
彰化縣彰化市西勢里忠孝街47號1樓,23.956253,120.583213,門牌
彰化縣彰化市西勢里自強南路288巷2弄10號1樓,24.082823,120.533989,門牌
彰化縣彰化市西勢里金馬路三段439號9樓之3,24.090908,120.533923,路名
彰化縣彰化市西安里中正路二段340巷19號1樓,23.997086,120.521381,路名
彰化縣彰化市西興里中華西路70巷5-2號,24.070236,120.529162,路名
彰化縣彰化市西興里彰草路116號,24.077181,120.529464,門牌
彰化縣彰化市西興里景宗街66巷31號,24.080015,120.533889,門牌
彰化縣彰化市西興里自強南路537號,24.084263,120.534491,路名
彰化縣彰化市西興里金馬路3段539巷26弄22號,24.077291,120.531731,門牌
彰化縣彰化市西興里金馬路3段726巷30號,24.077762,120.528765,門牌
彰化縣彰化市進德路19號1樓,24.083222,120.558376,門牌
彰化縣彰化市金馬路一段266號,24.090908,120.533923,路名
彰化縣彰化市長樂里和平路175號,24.084051,120.539914,門牌
彰化縣彰化市阿夷里泰和路2段128號1樓,24.092094,120.552562,門牌
彰化縣彰化市阿夷里泰和路2段1巷2弄11號,24.090778,120.551043,門牌
彰化縣彰化市阿夷里金馬路一段521巷3號3樓,24.090908,120.533923,路名
彰化縣彰化市陽明里中正路1段46-6號1樓,23.997086,120.521381,路名
彰化縣彰化市香山里彰南路二段366號,24.057288,120.601845,路名
彰化縣彰化市香山里彰興路二段296號,24.062457,120.574736,路名
彰化縣永靖鄉中山路三段190巷2號,23.986995,120.533569,路名
彰化縣永靖鄉五汴村中山路3段144號1樓,23.932313,120.554661,門牌
彰化縣永靖鄉五汴村中山路3段338號,23.852888,120.494739,門牌
彰化縣永靖鄉五汴村中山路三段191號1樓,24.147073,120.482388,門牌
彰化縣永靖鄉五汴村中山路三段427號,24.059251,120.430868,門牌
彰化縣永靖鄉五汴村五汴巷290-1號1樓,23.934175,120.557774,路名
彰化縣永靖鄉光雲村意善巷78號,23.927423,120.556250,門牌
彰化縣永靖鄉崙子村九分路340巷21號1樓,23.933707,120.562576,門牌
彰化縣永靖鄉崙子村九分路512號,23.936776,120.559393,門牌
彰化縣永靖鄉敦厚村圳腳巷105弄1號1樓,23.917355,120.526482,門牌
彰化縣永靖鄉敦厚村圳腳巷105弄1號2樓,23.917355,120.526482,門牌
彰化縣永靖鄉敦厚村永福路1段207號,23.920813,120.537828,門牌
彰化縣永靖鄉敦厚村頂崁巷65號,23.922161,120.527943,門牌
彰化縣永靖鄉新莊村圳中巷480弄12號1樓,23.910448,120.552823,門牌
彰化縣永靖鄉東寧村東寧巷205號,23.916320,120.562819,門牌
彰化縣永靖鄉東寧村浮圳路232巷13號1樓,23.910770,120.563787,門牌
彰化縣永靖鄉永北村水尾路200號,23.925700,120.539482,門牌
彰化縣永靖鄉永北村水尾路202巷2號1樓,23.926304,120.540418,門牌
彰化縣永靖鄉永北村永坡路160號,23.928691,120.545241,門牌
彰化縣永靖鄉永北村瑚璉路453號,23.922948,120.543636,門牌
彰化縣永靖鄉永興村永興路一段160號,23.923755,120.565311,路名
彰化縣永靖鄉永興村永裕路48巷1號,23.928730,120.565642,門牌
彰化縣永靖鄉永西村永和巷117號2樓,23.922841,120.546605,門牌
彰化縣永靖鄉永西村永寧街55號1樓,23.923018,120.547043,門牌
彰化縣永靖鄉永西村永靖街225巷6號,23.924259,120.545037,門牌
彰化縣永靖鄉浮圳村圳中巷46號,23.914509,120.559651,門牌
彰化縣永靖鄉湳港村林仔巷9號,23.911038,120.550361,門牌
彰化縣永靖鄉瑚璉村中山路2段501號,23.903767,120.538254,門牌
彰化縣永靖鄉瑚璉路167巷21弄9號,23.925160,120.550275,門牌
彰化縣永靖鄉福興村四竹路379號1樓,23.924584,120.516074,路名
彰化縣永靖鄉竹子村竹中巷69號,23.925611,120.504637,門牌
彰化縣永靖鄉竹子村竹後巷32號,23.927506,120.504314,門牌
彰化縣溪州鄉三條村九甲二巷2號,23.827329,120.494229,門牌
彰化縣溪州鄉中山路三段789號,23.986995,120.533569,路名
彰化縣溪州鄉圳寮村溪下路三段55-1號1樓,23.842533,120.514936,路名
彰化縣溪州鄉大庄村田中路52之1號,23.954469,120.473525,門牌
彰化縣溪州鄉尾厝村文化路22號,23.869437,120.511956,門牌
彰化縣溪州鄉尾厝村村市路56巷7號1樓,23.853729,120.496084,門牌
彰化縣溪州鄉尾厝村農家路200巷1號5樓,23.855213,120.499515,門牌
彰化縣溪州鄉東州村光路528號,23.840659,120.502200,門牌
彰化縣溪州鄉溪厝村中央路三段34巷25號,23.996063,120.463240,路名
彰化縣溪州鄉溪厝村興南路501號,23.848658,120.485255,門牌
彰化縣溪州鄉溪厝村興南路71號,23.874842,120.469052,路名
彰化縣溪州鄉溪州村中山路3段340號,23.852885,120.494788,門牌
彰化縣溪州鄉溪州村俊仁路34號1樓,23.849415,120.493702,門牌
彰化縣溪州鄉溪州村慶平路91號1樓,23.851950,120.495143,門牌
彰化縣溪州鄉舊眉村中山路四段270號,24.035404,120.503827,門牌
彰化縣溪州鄉舊眉村劉厝巷36號,23.851450,120.509230,門牌
彰化縣溪州鄉舊眉村溪斗路200號,23.855904,120.520105,門牌
彰化縣溪州鄉舊眉村移民路102巷16號,23.859832,120.519589,門牌
彰化縣溪州鄉舊眉村胡厝路2號1樓,23.851355,120.516626,門牌
彰化縣溪湖鎮中竹里大溪路1段92巷23號（限辦公室使用）,23.971988,120.508692,門牌
彰化縣溪湖鎮光平里彰水路3段347號,23.888183,120.458674,門牌
彰化縣溪湖鎮光平里彰水路3段378號1樓（限辦公室使用）,23.961891,120.480181,門牌
彰化縣溪湖鎮光平里行政街257號一樓,23.958923,120.481708,路名
彰化縣溪湖鎮北勢里二溪路二段125號1樓,23.950802,120.428245,路名
彰化縣溪湖鎮地政路196號2樓,23.964841,120.476660,門牌
彰化縣溪湖鎮大庭里崙子腳路59-13號,23.948829,120.496507,路名
彰化縣溪湖鎮大突里地政路37號,23.874121,120.535269,門牌
彰化縣溪湖鎮大突里大同路116巷58號1樓,23.962129,120.473733,門牌
彰化縣溪湖鎮大竹里德和街15號,23.957259,120.481510,門牌
彰化縣溪湖鎮大竹里西環路148號,23.956695,120.477963,門牌
彰化縣溪湖鎮忠覺里忠溪路28號,23.949037,120.485891,門牌
彰化縣溪湖鎮東寮里員鹿路3段500號,23.967335,120.476758,門牌
彰化縣溪湖鎮東寮里彰水路4段235巷45號,23.969895,120.478570,門牌
彰化縣溪湖鎮東寮里頂新街70號,23.968288,120.477998,門牌
彰化縣溪湖鎮東溪里員鹿路一段452號,23.980470,120.492610,路名
彰化縣溪湖鎮東溪里成功路114號,23.875980,120.418923,門牌
彰化縣溪湖鎮汴頭里弘農南街55號,23.949812,120.474009,門牌
彰化縣溪湖鎮河東里二溪路二段825號,23.950802,120.428245,路名
彰化縣溪湖鎮湖東里向上二街13號1樓,23.968896,120.484678,門牌
彰化縣溪湖鎮湖東里員鹿路二段182號3樓,23.957270,120.564654,門牌
彰化縣溪湖鎮湖東里大溪六街22號1樓,23.967311,120.484750,門牌
彰化縣溪湖鎮湖東里彰水路四段686號,23.975603,120.484355,路名
彰化縣溪湖鎮湖東里水源街143號1樓,23.966664,120.486278,門牌
彰化縣溪湖鎮番婆里彰水路二段501巷25號,23.975603,120.484355,路名
彰化縣溪湖鎮番婆里美溪路1段16之1號,23.945361,120.479887,門牌
彰化縣溪湖鎮西勢里彰水路1段748-1號,23.975603,120.484355,路名
彰化縣溪湖鎮西勢里彰水路一段170巷14號,23.975603,120.484355,路名
彰化縣溪湖鎮西勢里彰水路一段408號,24.018903,120.489458,門牌
彰化縣溪湖鎮西勢里彰水路一段92巷7號,23.975603,120.484355,路名
彰化縣溪湖鎮西勢里顯光路61巷83號,23.937659,120.464612,門牌
彰化縣溪湖鎮西寮里員鹿路三段548巷201號,23.980470,120.492610,路名
彰化縣溪湖鎮西寮里員鹿路四段2巷23號,23.980470,120.492610,路名
彰化縣溪湖鎮西寮里員鹿路四段303巷51號,23.980470,120.492610,路名
彰化縣溪湖鎮西寮里富貴十三街23號1樓,23.966756,120.474007,路名
彰化縣溪湖鎮西溪里工業路101號,23.930087,120.400234,路名
彰化縣溪湖鎮西溪里興業路12巷12號1樓,23.951205,120.485416,門牌
彰化縣田中鎮三安里同安路380巷182號,23.846239,120.590854,門牌
彰化縣田中鎮三民里拓農路147號,23.868165,120.554971,門牌
彰化縣田中鎮三民里斗中路二段335號,23.866846,120.560743,路名
彰化縣田中鎮三民里斗中路二段632號1樓,23.866846,120.560743,路名
彰化縣田中鎮三民里民生路99巷1號1樓,23.864198,120.567078,門牌
彰化縣田中鎮中潭里建國路225號,23.865583,120.583672,門牌
彰化縣田中鎮中潭里民富街28號,23.865356,120.581980,門牌
彰化縣田中鎮北路里中山街256巷66號1樓,23.859178,120.593184,門牌
彰化縣田中鎮北路里員集路二段675號1樓,23.886096,120.591011,路名
彰化縣田中鎮北路里復興路592號,23.862048,120.591442,門牌
彰化縣田中鎮北路里治富街24號,23.864443,120.586699,路名
彰化縣田中鎮北路里福中街31號1樓,23.860672,120.588922,門牌
彰化縣田中鎮北路里福安路292巷31號1樓,23.864278,120.588206,門牌
彰化縣田中鎮員集路三段465號,23.886096,120.591011,路名
彰化縣田中鎮大崙里大安路3段418巷89號,23.824667,120.598841,門牌
彰化縣田中鎮大崙里興酪路2段741巷11號1樓,23.832456,120.582865,門牌
彰化縣田中鎮大社里民光路二段211號,23.874824,120.566325,路名
彰化縣田中鎮平和里太平路188號1樓,23.830302,120.470499,門牌
彰化縣田中鎮新庄里中山街158巷77號1樓,23.858458,120.593377,門牌
彰化縣田中鎮新民里公館路7巷18號,23.850672,120.589719,門牌
彰化縣田中鎮梅州里斗中路一段429號,23.866846,120.560743,路名
彰化縣田中鎮沙崙里中州路2段455號,23.853453,120.578672,路名
彰化縣田中鎮沙崙里新工三路120號,23.848186,120.570880,門牌
彰化縣田中鎮沙崙里新工三路53號,23.849332,120.572480,門牌
彰化縣田中鎮沙崙里新工五路8號,23.845854,120.573408,門牌
彰化縣田中鎮沙崙里新工六路46號,23.845569,120.571852,門牌
彰化縣田中鎮沙崙里新工四路10號,23.847707,120.573737,門牌
彰化縣田中鎮沙崙里興酪路一段57號,23.838109,120.580514,路名
彰化縣田中鎮碧峰里中南路2段503號,23.852779,120.603738,門牌
彰化縣田中鎮興工路6號,23.878295,120.461170,門牌
彰化縣田中鎮西路里明慶街43巷68號1樓,23.862026,120.583632,門牌
彰化縣田中鎮西路里西路街163號1樓,23.860928,120.584481,門牌
彰化縣田中鎮香山里東閔路一段399巷10號1樓,23.854507,120.596640,路名
彰化縣田尾鄉北鎮村平和路二段202巷15號,23.921147,120.530021,路名
彰化縣田尾鄉北鎮村新民路3巷8號,23.896416,120.553921,門牌
彰化縣田尾鄉南曾村光復路2段127巷26號,23.886770,120.544575,門牌
彰化縣田尾鄉打簾村公園路一段48號,24.049892,120.548720,路名
彰化縣田尾鄉打簾村民生路1段223號1樓,23.904437,120.532636,門牌
彰化縣田尾鄉新厝村新仁路30號,23.900167,120.504291,門牌
彰化縣田尾鄉柳鳳村民族路2段113號2樓,23.906085,120.521742,門牌
彰化縣田尾鄉海豐村中正路3段206巷31號,23.918524,120.502347,門牌
彰化縣田尾鄉溪畔村中山路2段342號1樓,23.900749,120.537033,門牌
彰化縣田尾鄉溪畔村張厝巷72號1F,23.905878,120.535176,門牌
彰化縣田尾鄉溪畔村溪畔巷147弄32號1樓,23.904222,120.536880,門牌
彰化縣田尾鄉溪頂村三溪路一段301巷6號,23.899358,120.506254,路名
彰化縣田尾鄉豐田村中正路2段38號,23.899461,120.511645,門牌
彰化縣田尾鄉饒平村四維巷128號,23.884398,120.524971,門牌
彰化縣田尾鄉饒平村富農路三段251號1樓,23.888176,120.540069,路名
彰化縣社頭鄉協和村1鄰山腳路4段437巷2號一樓,23.935224,120.602431,門牌
彰化縣社頭鄉協和村山腳路4段340號,23.933417,120.602661,門牌
彰化縣社頭鄉山湖村清興路128號,23.904393,120.609794,門牌
彰化縣社頭鄉平和村山腳路3段83巷18號,23.915446,120.607065,門牌
彰化縣社頭鄉平和村水井巷5之2號,23.919017,120.609405,門牌
彰化縣社頭鄉平和村鴻門巷66-30號,23.902556,120.604739,路名
彰化縣社頭鄉廣福村中央巷12號,23.901020,120.595003,門牌
彰化縣社頭鄉廣興村中山路一段703號1樓,23.986995,120.533569,路名
彰化縣社頭鄉廣興村中興路133巷21號,23.901691,120.580584,門牌
彰化縣社頭鄉廣興村仁愛二路234巷1號1樓,23.900307,120.581999,門牌
彰化縣社頭鄉朝興村社石路172巷15號,23.906470,120.604227,門牌
彰化縣社頭鄉泰安村山腳路3段178號,23.917411,120.607290,門牌
彰化縣社頭鄉清水村清水岩路6-17號,23.897459,120.595896,路名
彰化縣社頭鄉清水村清水岩路9號1樓,23.887162,120.612352,門牌
彰化縣社頭鄉清水村清興路60號,23.889642,120.606120,門牌
彰化縣社頭鄉湳底村湳底路130號,23.938013,120.499184,路名
彰化縣社頭鄉湳底村湳底路170號,23.938013,120.499184,路名
彰化縣社頭鄉社頭村清水岩路339號,23.899665,120.589958,門牌
彰化縣社頭鄉里仁村員集路一段151-6號1樓,23.886096,120.591011,路名
彰化縣社頭鄉里仁村魚寮巷6-3號,23.882198,120.583975,路名
彰化縣社頭鄉龍井村水井巷9號,23.919619,120.607118,門牌
彰化縣福興鄉三汴村彰水路93巷9號1樓,24.017354,120.489440,門牌
彰化縣福興鄉三汴村番花路一段38號,24.019975,120.539511,門牌
彰化縣福興鄉三汴村興業路16號,24.013832,120.493207,門牌
彰化縣福興鄉二港村福正路181巷33號,24.049085,120.409369,門牌
彰化縣福興鄉元中村橫圳巷12號,24.020650,120.481167,門牌
彰化縣福興鄉元中村番花路一段663號,24.016785,120.505537,路名
彰化縣福興鄉元中村番花路一段686巷85號,24.016785,120.505537,路名
彰化縣福興鄉同安村南環路2段652號1樓,24.038106,120.457418,路名
彰化縣福興鄉同安村同安巷32之24號,24.031351,120.440984,門牌
彰化縣福興鄉同安村員鹿路1段370號,23.954066,120.554828,門牌
彰化縣福興鄉員鹿路1段377巷36弄25號,24.031292,120.437191,門牌
彰化縣福興鄉外中村外中街206-4號,24.016796,120.470768,路名
彰化縣福興鄉外中村外中街322號（限辦公室使用）,24.018119,120.471063,門牌
彰化縣福興鄉外埔村復興路39-1號1樓,23.958471,120.494975,路名
彰化縣福興鄉外埔村復興路47之60號,24.040242,120.466723,門牌
彰化縣福興鄉大崙村彰鹿路4段121巷32號,24.047558,120.479812,門牌
彰化縣福興鄉廈粘村廈粘街42-62號一樓,24.029145,120.403654,路名
彰化縣福興鄉廈粘村管厝街6-2號,24.027272,120.414594,路名
彰化縣福興鄉彰鹿路6段392號,24.046616,120.463375,門牌
彰化縣福興鄉彰鹿路7段529號,24.048152,120.442796,門牌
彰化縣福興鄉橋頭村彰鹿路七段330巷22號,24.052104,120.478228,路名
彰化縣福興鄉橋頭村彰鹿路七段444巷13號二樓,24.052104,120.478228,路名
彰化縣福興鄉橋頭村彰鹿路七段558巷22號,24.052104,120.478228,路名
彰化縣福興鄉橋頭村彰鹿路七段558巷29號,24.052104,120.478228,路名
彰化縣福興鄉番婆村彰鹿路六段314巷27號1樓,24.052104,120.478228,路名
彰化縣福興鄉番婆村彰鹿路六段394巷6號一樓,24.052104,120.478228,路名
彰化縣福興鄉番婆村彰鹿路六段504巷195號,24.052104,120.478228,路名
彰化縣福興鄉番婆村彰鹿路六段546巷6號,24.052104,120.478228,路名
彰化縣福興鄉番婆村番婆街59號,24.040816,120.456565,路名
彰化縣福興鄉番社村番社街49-38號,24.023847,120.453656,路名
彰化縣福興鄉番社村番花路2段147號1樓,24.021591,120.459609,門牌
彰化縣福興鄉番社村番花路二段679號,24.016785,120.505537,路名
彰化縣福興鄉福南村沿海路4段77號,24.067800,120.432955,路名
彰化縣福興鄉福南村沿海路四段401號,24.067800,120.432955,路名
彰化縣福興鄉福工路2號,24.012251,120.487767,門牌
彰化縣福興鄉福工路6號,24.011565,120.491039,門牌
彰化縣福興鄉福興村沿海路5段12號,24.044142,120.427572,門牌
彰化縣福興鄉福興村沿海路5段72號,24.044543,120.428026,門牌
彰化縣福興鄉福興村沿海路五段236-40號,24.067800,120.432955,路名
彰化縣福興鄉福興村福三路4段199號,24.042503,120.428587,門牌
彰化縣福興鄉秀厝村秀厝一街232號,24.030257,120.428033,門牌
彰化縣福興鄉秀厝村秀厝二街39巷53弄21號,24.030116,120.422823,門牌
彰化縣福興鄉萬豐村福工路12號,24.011900,120.493039,門牌
彰化縣福興鄉萬豐村福工路15號,24.011226,120.491331,門牌
彰化縣福興鄉萬豐村福工路17號,24.010783,120.492059,門牌
彰化縣福興鄉萬豐村福工路19、19-1號,24.011776,120.491476,路名
彰化縣福興鄉萬豐村福工路20號,24.013321,120.493477,門牌
彰化縣福興鄉萬豐村福工路27號,24.012470,120.493758,門牌
彰化縣福興鄉萬豐村福工路2之1號,24.011860,120.489608,門牌
彰化縣福興鄉萬豐村福工路4號,24.011757,120.490131,門牌
彰化縣福興鄉萬豐村興業路3號,24.014008,120.490227,門牌
彰化縣福興鄉萬豐村興業路7號,24.013757,120.491418,門牌
彰化縣福興鄉萬豐村萬豐巷19號,24.011504,120.483254,門牌
彰化縣福興鄉頂粘村東勢巷1-1號,24.025168,120.438978,路名
彰化縣福興鄉頂粘村東勢巷4-12號,24.025168,120.438978,路名
彰化縣福興鄉頂粘村東勢巷9號,23.912996,120.432957,門牌
彰化縣福興鄉頂粘村頂粘街10號一樓,24.031462,120.405204,門牌
彰化縣福興鄉頂粘村頂粘街10號之3一樓,24.031462,120.405204,門牌
彰化縣福興鄉頂粘村頂粘街49號,24.032049,120.405306,門牌
彰化縣福興鄉麥厝村麥厝街54-1號,24.020667,120.399586,路名
彰化縣秀水鄉下崙村12鄰崙港巷88弄15號,23.996048,120.504366,門牌
彰化縣秀水鄉下崙村三聖巷25號,24.004733,120.498602,門牌
彰化縣秀水鄉下崙村崙港巷138號,23.994139,120.501937,門牌
彰化縣秀水鄉埔崙村三越街105號,24.026973,120.490498,門牌
彰化縣秀水鄉埔崙村三越街82號,24.027505,120.490039,門牌
彰化縣秀水鄉埔崙村埔鹿街52號1樓,24.020854,120.489625,門牌
彰化縣秀水鄉埔崙村彰水路二段179號1樓,24.019217,120.489941,門牌
彰化縣秀水鄉埔崙村民生街519巷8號,24.016060,120.497806,門牌
彰化縣秀水鄉安東村中山路104號,23.939460,120.559669,門牌
彰化縣秀水鄉安東村安東巷145號1樓,24.047205,120.503396,門牌
彰化縣秀水鄉安東村安樂街75號,24.040443,120.495793,門牌
彰化縣秀水鄉安東村彰水路1段295號1樓,23.844787,120.457817,門牌
彰化縣秀水鄉安東村彰水路1段340號,23.845773,120.457900,門牌
彰化縣秀水鄉安東村彰水路1段64巷46號1樓,24.036881,120.503194,門牌
彰化縣秀水鄉安東村彰水路一段419號,23.975603,120.484355,路名
彰化縣秀水鄉安東村民意街477號二樓,24.044442,120.494026,門牌
彰化縣秀水鄉安溪村安鶴路66巷87號,24.051051,120.513527,門牌
彰化縣秀水鄉安溪村安鶴路81-1號,24.050152,120.512859,路名
彰化縣秀水鄉安溪村平安三街65號,24.051734,120.508257,門牌
彰化縣秀水鄉安溪村平安五街60號,24.052275,120.511942,門牌
彰化縣秀水鄉安溪村秀安路150號3樓,24.052693,120.509943,門牌
彰化縣秀水鄉安溪村花秀路246號,24.040531,120.510376,門牌
彰化縣秀水鄉彰水路1段439號,24.045162,120.506440,門牌
彰化縣秀水鄉曾厝村大厝巷35號,24.019274,120.509237,門牌
彰化縣秀水鄉曾厝村曾福巷93號,24.024853,120.501262,門牌
彰化縣秀水鄉曾厝村曾福巷臨91號1樓,24.024554,120.501642,門牌
彰化縣秀水鄉福安村復新街8號,24.030782,120.498682,路名
彰化縣秀水鄉福安村民意街316之2號,24.034794,120.492426,門牌
彰化縣秀水鄉福安村民意街96巷10號1樓,24.030548,120.495027,門牌
彰化縣秀水鄉福安村長美巷36號,24.034950,120.496762,門牌
彰化縣秀水鄉義興村三義巷61號,24.067926,120.489407,門牌
彰化縣秀水鄉莊雅村寶溪巷31號,24.035778,120.506988,門牌
彰化縣秀水鄉莊雅村溪心街183巷6號,24.036212,120.510502,門牌
彰化縣秀水鄉莊雅村秀中街159巷39號1樓,24.034880,120.504316,門牌
彰化縣秀水鄉莊雅村莊雅巷47號1樓,24.028034,120.510187,門牌
彰化縣秀水鄉金興村正興路131巷80號,24.059919,120.436394,路名
彰化縣秀水鄉金興村正興路161巷臨31號,24.059919,120.436394,路名
彰化縣秀水鄉金興村番花路33巷30弄臨11號,24.016785,120.505537,路名
彰化縣秀水鄉金陵村民生街483巷29號1樓,24.012574,120.497720,門牌
彰化縣秀水鄉金陵村民生街550號,24.015203,120.498704,門牌
彰化縣秀水鄉金陵村番花路377號,24.011800,120.503106,門牌
彰化縣秀水鄉金陵村番花路451號1樓,24.014958,120.495305,門牌
彰化縣秀水鄉馬興村10鄰彰馬街97巷27號1樓,24.062375,120.502309,門牌
彰化縣秀水鄉馬興村仁協巷52之1號,24.071822,120.502870,門牌
彰化縣秀水鄉馬興村雅東巷20-2號1樓,24.067976,120.498597,路名
彰化縣秀水鄉馬興村雅興街118巷41號,24.066984,120.498219,門牌
彰化縣秀水鄉馬興村雅興街201巷7號1樓,24.071601,120.496943,門牌
彰化縣秀水鄉鶴鳴村仁義巷5-1號1樓,24.047384,120.488368,路名
彰化縣秀水鄉鶴鳴村彰鹿路302巷臨98號,24.052104,120.478228,路名
彰化縣秀水鄉鶴鳴村彰鹿路369號1樓,24.049677,120.496744,門牌
彰化縣秀水鄉鶴鳴村彰鹿路525號,24.052104,120.478228,路名
彰化縣秀水鄉鶴鳴村彰鹿路661號,24.049030,120.483887,門牌
彰化縣秀水鄉鶴鳴村民主街18號,24.051290,120.495077,門牌
彰化縣秀水鄉鶴鳴村民主街55號,24.052042,120.494504,門牌
彰化縣秀水鄉鶴鳴村民主街65、67號,24.058007,120.490658,路名
彰化縣秀水鄉鶴鳴村永豐巷70-2號,24.032459,120.448503,路名
彰化縣秀水鄉鶴鳴村馬鳴路351巷21號,24.055346,120.484756,門牌
彰化縣竹塘鄉五庄村大湖路95號,23.863332,120.444000,門牌
彰化縣竹塘鄉樹腳村自強路45號,23.853255,120.433178,門牌
彰化縣竹塘鄉民靖村竹林路8之2號,23.868650,120.422036,路名
彰化縣竹塘鄉竹塘村和平街19號,23.860649,120.426507,門牌
彰化縣線西鄉下犁村下犁路118號,24.113081,120.470542,門牌
彰化縣線西鄉下犁村下犁路174-1號,24.112745,120.472026,路名
彰化縣線西鄉下犁村下犁路81-2號2樓,24.112745,120.472026,路名
彰化縣線西鄉下犁村崁頂路115巷76號,24.118310,120.474205,門牌
彰化縣線西鄉中華路853巷238號,24.136005,120.444567,門牌
彰化縣線西鄉塭仔村2鄰沿海路1段272號,24.124207,120.458983,門牌
彰化縣線西鄉塭仔村彰濱東一路1之2號,24.128270,120.434228,門牌
彰化縣線西鄉塭仔村彰濱東一路1之6號,24.126713,120.434262,門牌
彰化縣線西鄉塭仔村彰濱東一路3號,24.128046,120.433307,門牌
彰化縣線西鄉塭仔村彰濱東一路8號,24.129281,120.433250,門牌
彰化縣線西鄉塭仔村彰濱東二路11號,24.130087,120.431816,門牌
彰化縣線西鄉寓埔村中央路三段119巷150號1樓,23.996063,120.463240,路名
彰化縣線西鄉寓埔村中央路三段119巷臨156號,23.996063,120.463240,路名
彰化縣線西鄉寓埔村中華路283巷臨99號,24.051176,120.505510,路名
彰化縣線西鄉寓埔村中華路477巷128號,24.133956,120.453978,門牌
彰化縣線西鄉寓埔村中華路817巷臨226號,24.051176,120.505510,路名
彰化縣線西鄉寓埔村彰濱東七路9號,24.139935,120.434329,門牌
彰化縣線西鄉寓埔村彰濱東九路9號,24.143921,120.436541,門牌
彰化縣線西鄉寓埔村彰濱東八路7號,24.141408,120.435642,門牌
彰化縣線西鄉寓埔村彰濱東六路16號,24.139413,120.433014,門牌
彰化縣線西鄉寓埔村彰濱西三路1號,24.142760,120.433508,門牌
彰化縣線西鄉寓埔村彰濱西四路23號,24.150132,120.437113,路名
彰化縣線西鄉寓埔村沿海路1段849巷49號,24.134067,120.461956,門牌
彰化縣線西鄉寓埔村線伸路7號,24.137662,120.473224,路名
彰化縣線西鄉寓埔村線工南三街2號,24.143738,120.437966,門牌
彰化縣線西鄉彰濱東二路9號,24.129959,120.432605,門牌
彰化縣線西鄉德興村見興路84巷135號,24.135194,120.478295,門牌
彰化縣線西鄉溝內村彰濱東三路10號,24.132323,120.433142,路名
彰化縣線西鄉溝內村彰濱東三路12號,24.133905,120.429498,門牌
彰化縣線西鄉溝內村彰濱東三路7號,24.131777,120.433315,門牌
彰化縣線西鄉溝內村彰濱東三路8號,24.132932,120.430925,門牌
彰化縣線西鄉溝內村彰濱東二路2號,24.130976,120.435725,門牌
彰化縣線西鄉溝內村彰濱東四路10號,24.135524,120.431023,門牌
彰化縣線西鄉溝內村彰濱東四路5號,24.134614,120.430942,門牌
彰化縣線西鄉溝內村彰濱西一路12號,24.133177,120.423659,路名
彰化縣線西鄉溝內村彰濱西一路15號,24.135060,120.421041,門牌
彰化縣線西鄉溝內村彰濱西一路1號,24.131820,120.425551,門牌
彰化縣線西鄉溝內村復興路240巷30號1樓,24.130604,120.456455,門牌
彰化縣線西鄉溝內村沿海路一段595巷6號,24.067800,120.432955,路名
彰化縣線西鄉線工南二路2號,24.127891,120.431343,門牌
彰化縣線西鄉線西村彰濱東十一路11號,24.150703,120.444849,路名
彰化縣線西鄉線西村彰濱東十路12號,24.147809,120.440737,門牌
彰化縣線西鄉線西村彰濱東十路2號,24.149976,120.442664,門牌
彰化縣線西鄉線西村彰濱西四路16號,24.150579,120.436639,門牌
彰化縣線西鄉線西村沿海路二段195巷41號,24.067800,120.432955,路名
彰化縣線西鄉線西村線工路12號,24.148306,120.434386,門牌
彰化縣線西鄉線西村線工路16號,24.147202,120.435541,路名
彰化縣線西鄉線西村線工路2號,24.146695,120.436952,門牌
彰化縣線西鄉線西村線工路6號,24.147079,120.436311,門牌
彰化縣線西鄉線西村線工路8號,24.147466,120.435687,門牌
彰化縣線西鄉頂庄村彰濱西五路1號,24.151847,120.440991,門牌
彰化縣線西鄉頂庄村線工北三路1號,24.150995,120.443695,門牌
彰化縣線西鄉頂庄村金馬路823巷7號1樓,24.139463,120.464521,門牌
彰化縣線西鄉頂犁村和線路185巷臨133號,24.119493,120.484121,路名
彰化縣線西鄉頂犁村和線路502號,24.124989,120.475838,門牌
彰化縣線西鄉頂犁村和線路89巷240號,24.116011,120.481056,門牌
彰化縣線西鄉頂犁村線東路75號1樓,24.123881,120.478392,門牌
彰化縣線西鄉頂犁村草豐路323巷2號,24.125105,120.471749,門牌
彰化縣線西鄉頂犁村草豐路323巷32弄12號1樓,24.125676,120.467994,路名
彰化縣線西鄉頂犁村草豐路501巷5號,24.125984,120.466616,門牌
彰化縣線西鄉頂犁村草豐路502巷37號,24.127146,120.466140,門牌
彰化縣芬園鄉同安村大彰路二段967號1樓,23.979228,120.619710,路名
彰化縣芬園鄉嘉興村嘉東街445號一樓,24.010291,120.657789,門牌
彰化縣芬園鄉嘉興村護岸街1段477巷14弄42號,24.016739,120.665473,門牌
彰化縣芬園鄉圳墘村碧園路1段399巷27號,23.982313,120.639635,門牌
彰化縣芬園鄉大埔村德興路一段235號,24.088178,120.539036,路名
彰化縣芬園鄉大埔村德興路一段241號,24.088178,120.539036,路名
彰化縣芬園鄉溪頭村員草路一段326巷84號,23.972749,120.630947,路名
彰化縣芬園鄉溪頭村彰南路一段27號,24.057288,120.601845,路名
彰化縣芬園鄉社口村彰南路4段164號1樓,24.015009,120.628762,門牌
彰化縣芬園鄉社口村民族路119號2樓（限辦公室使用）,23.870545,120.526115,門牌
彰化縣芬園鄉竹林村民族路262巷1號1樓,24.017057,120.627026,門牌
彰化縣芬園鄉縣庄村彰南路2段731巷14號,23.999067,120.630423,門牌
彰化縣芬園鄉縣庄村彰南路二段324號1樓,24.057288,120.601845,路名
彰化縣芬園鄉茄荖村光華路346巷490號1樓,24.020642,120.652333,門牌
彰化縣芬園鄉茄荖村原新街725號,24.019789,120.649427,門牌
彰化縣芬園鄉茄荖村嘉北街401巷88號1樓,24.018524,120.640909,門牌
彰化縣花壇鄉三春村三芬路126號,24.017494,120.566594,門牌
彰化縣花壇鄉三春村彰員路一段676號,24.029796,120.556155,路名
彰化縣花壇鄉中口村中山路二段569號,23.986995,120.533569,路名
彰化縣花壇鄉中口村中山路二段573之1號,23.986995,120.533569,路名
彰化縣花壇鄉中口村口庄街6號,24.040188,120.534685,門牌
彰化縣花壇鄉中口村溪南街441號,24.039721,120.536973,門牌
彰化縣花壇鄉中山路二段498-1、498-2號,23.986995,120.533569,路名
彰化縣花壇鄉中庄村中山路1段12巷68號,24.005233,120.558404,門牌
彰化縣花壇鄉中庄村中山路一段12巷43弄16號,23.986995,120.533569,路名
彰化縣花壇鄉中庄村中山路一段12巷43弄17號,23.986995,120.533569,路名
彰化縣花壇鄉中庄村中山路一段37之2號,23.986995,120.533569,路名
彰化縣花壇鄉中庄村中山路一段37號,23.842550,120.339746,門牌
彰化縣花壇鄉中庄村中山路一段44號,23.841379,120.321668,門牌
彰化縣花壇鄉中庄村東外環路1段臨27號,24.018634,120.553827,路名
彰化縣花壇鄉北口村中山路2段789號,24.050251,120.532602,門牌
彰化縣花壇鄉北口村中山路二段698號,23.986995,120.533569,路名
彰化縣花壇鄉北口村中山路二段725-5號1樓,23.986995,120.533569,路名
彰化縣花壇鄉北口村中山路二段767號,24.148291,120.471429,門牌
彰化縣花壇鄉北口村口庄街251巷42號,24.044895,120.529114,門牌
彰化縣花壇鄉北口村口庄街415號,24.045142,120.533094,門牌
彰化縣花壇鄉北口村廖厝巷100號1樓,24.045257,120.534724,門牌
彰化縣花壇鄉北口村田寮巷65號,24.043965,120.526208,門牌
彰化縣花壇鄉北口村田寮巷臨122號,24.045120,120.521364,路名
彰化縣花壇鄉南口村中山路二段372之11號,23.986995,120.533569,路名
彰化縣花壇鄉岩竹村大嶺巷3號,24.043838,120.560063,門牌
彰化縣花壇鄉岩竹村泰元街1號,24.041010,120.552886,門牌
彰化縣花壇鄉岩竹村虎山街6號,24.044431,120.558679,門牌
彰化縣花壇鄉文德村宏宅街188巷6弄2-1號1樓,24.042901,120.543240,路名
彰化縣花壇鄉文德村彰員路二段1116號,24.029796,120.556155,路名
彰化縣花壇鄉橋頭村中橋街679號,24.024921,120.549441,門牌
彰化縣花壇鄉橋頭村彰員路2段252號,24.024076,120.554674,門牌
彰化縣花壇鄉橋頭村彰員路2段286巷2號1樓,24.024313,120.554005,門牌
彰化縣花壇鄉橋頭村彰員路二段408號,24.029796,120.556155,路名
彰化縣花壇鄉橋頭村花橋街239號,24.025724,120.542842,門牌
彰化縣花壇鄉橋頭村長昇街100巷11號,24.027681,120.555949,門牌
彰化縣花壇鄉橋頭村長昇街100巷8號,24.027338,120.555752,門牌
彰化縣花壇鄉橋頭村長昇街11號,24.025615,120.555946,門牌
彰化縣花壇鄉橋頭村長昇街20巷41號1樓,24.026253,120.557038,門牌
彰化縣花壇鄉橋頭村長昇街98號,24.026061,120.555258,門牌
彰化縣花壇鄉永春村油車巷80弄2號,24.010740,120.571871,門牌
彰化縣花壇鄉灣東村灣東路126號,24.022973,120.570796,門牌
彰化縣花壇鄉白沙村大厝巷182弄7號1樓,24.049134,120.542171,門牌
彰化縣花壇鄉白沙村彰員路三段450號1樓,24.029796,120.556155,路名
彰化縣花壇鄉白沙村溪北街53巷45弄1、3、5號,24.044647,120.545076,路名
彰化縣花壇鄉白沙村田墘巷2號,23.924929,120.526653,門牌
彰化縣花壇鄉白沙村觀音巷80弄4-31號1樓,24.046798,120.547336,路名
彰化縣花壇鄉花南路159號,24.021285,120.548658,路名
彰化縣花壇鄉花壇村中山路一段397-4號1樓,23.986995,120.533569,路名
彰化縣花壇鄉花壇村光明路79巷39弄2號,24.021632,120.541093,門牌
彰化縣花壇鄉花壇村花秀路153巷90號,24.025959,120.533702,門牌
彰化縣花壇鄉花壇村金墩街333號,24.017767,120.546814,路名
彰化縣花壇鄉長春村彰員路一段148號,24.029796,120.556155,路名
彰化縣花壇鄉長春村福德巷28弄5號,24.014546,120.576111,門牌
彰化縣花壇鄉長沙村中正東街10巷28號,24.028214,120.549741,門牌
彰化縣花壇鄉長沙村中正路63巷1號,24.027328,120.545678,門牌
彰化縣花壇鄉長沙村仁山巷56弄1號,24.034543,120.550158,門牌
彰化縣花壇鄉長沙村彰員路二段456號,24.029796,120.556155,路名
彰化縣花壇鄉長沙村彰員路二段500巷6號1樓,24.029796,120.556155,路名
彰化縣花壇鄉長沙村忠孝街156號,23.862634,120.425118,門牌
彰化縣花壇鄉長沙村鳥松巷7號,24.026755,120.551645,門牌
彰化縣芳苑鄉五俊村民權路62號,23.935371,120.347876,門牌
彰化縣芳苑鄉崙腳村川合路18號一樓,23.978558,120.368017,門牌
彰化縣芳苑鄉後寮村工區三路22號,23.912179,120.350281,門牌
彰化縣芳苑鄉後寮村工區二路19號,23.911133,120.349160,門牌
彰化縣芳苑鄉後寮村工區五路6號,23.914791,120.350699,門牌
彰化縣芳苑鄉後寮村工區四路9號,23.913436,120.348843,門牌
彰化縣芳苑鄉後寮村工區路24號,23.913616,120.347187,門牌
彰化縣芳苑鄉後寮村工區路25號,23.915995,120.347090,門牌
彰化縣芳苑鄉後寮村工區路26號,23.914157,120.347365,門牌
彰化縣芳苑鄉後寮村工區路29號,23.917139,120.347550,門牌
彰化縣芳苑鄉後寮村工區路5號,23.910364,120.345804,門牌
彰化縣芳苑鄉後寮村工業路22號,23.916686,120.352944,門牌
彰化縣芳苑鄉後寮村斗苑路6號,23.898088,120.430188,門牌
彰化縣芳苑鄉文津村芳草路41之1號,23.950980,120.364585,門牌
彰化縣芳苑鄉新寶村安家新邨六街20號1樓,23.979907,120.344248,門牌
彰化縣芳苑鄉新生村新復路1段314號,23.982410,120.393176,門牌
彰化縣芳苑鄉新生村草崙路33-1號,23.966112,120.370096,路名
彰化縣芳苑鄉草湖村愛鄉路2-2號1樓,24.039573,120.451880,路名
彰化縣鹿港鎮吉安路261號,24.080424,120.416347,門牌
彰化縣鹿港鎮埔崙里3鄰永安二路200巷6號,24.062486,120.440456,路名
彰化縣鹿港鎮埔崙里中正路170號,23.874167,120.521949,門牌
彰化縣鹿港鎮埔崙里民權路115號,24.057562,120.436987,門牌
彰化縣鹿港鎮埔崙里自由路21號,24.058976,120.436468,門牌
彰化縣鹿港鎮埔崙里自由路329巷11弄2號1樓,24.061510,120.437624,路名
彰化縣鹿港鎮山崙里19鄰崙尾巷27-22號,24.112942,120.445552,路名
彰化縣鹿港鎮山崙里山寮巷5之3號,24.107250,120.450215,路名
彰化縣鹿港鎮山崙里崙尾巷13-20號1樓,24.112942,120.445552,路名
彰化縣鹿港鎮山崙里崙尾巷72-42號,24.112942,120.445552,路名
彰化縣鹿港鎮工業東二路7號,24.072123,120.406091,門牌
彰化縣鹿港鎮工業東四路15號,24.083058,120.408436,門牌
彰化縣鹿港鎮工業東四路17號,24.082857,120.407815,門牌
彰化縣鹿港鎮工業西一路19號,24.060054,120.391275,門牌
彰化縣鹿港鎮工業西一路1號,24.060262,120.397892,門牌
彰化縣鹿港鎮工業西六路25號,24.072596,120.394154,門牌
彰化縣鹿港鎮工業西六路51號,24.072438,120.386138,門牌
彰化縣鹿港鎮廖厝里廖厝巷15之10號,24.078411,120.471075,門牌
彰化縣鹿港鎮廖厝里廖厝巷168號,24.084031,120.470552,門牌
彰化縣鹿港鎮廖厝里廖厝巷330號1樓,24.073476,120.470239,門牌
彰化縣鹿港鎮廖厝里廖厝巷79號,24.077448,120.470113,門牌
彰化縣鹿港鎮廖厝里鹿和路三段200之3號,24.085471,120.475258,路名
彰化縣鹿港鎮廖厝里鹿和路三段432巷96號,24.085471,120.475258,路名
彰化縣鹿港鎮廖厝里鹿和路二段262巷147弄9號一樓,24.085471,120.475258,路名
彰化縣鹿港鎮彰頂路22巷103之1號,24.085133,120.485254,路名
彰化縣鹿港鎮彰鹿路五段2巷107號1樓,24.052104,120.478228,路名
彰化縣鹿港鎮景福里萬壽路230巷15號,24.057201,120.436995,門牌
彰化縣鹿港鎮東崎里富麗一街6號3樓,24.056257,120.462207,門牌
彰化縣鹿港鎮東崎里彰鹿路5段158號1樓,24.048904,120.475940,門牌
彰化縣鹿港鎮東崎里彰鹿路5段57號,24.052104,120.478228,路名
彰化縣鹿港鎮東崎里打鐵巷17-17號,24.054946,120.460777,路名
彰化縣鹿港鎮東崎里打鐵巷5-19號一樓,24.054946,120.460777,路名
彰化縣鹿港鎮東崎里打鐵巷6-23號,24.054946,120.460777,路名
彰化縣鹿港鎮東崎里東勢巷1號（限辦公室使用）,23.912577,120.436154,門牌
彰化縣鹿港鎮東崎里東崎五巷80號,24.054717,120.470668,門牌
彰化縣鹿港鎮東崎里石碑巷2-9號,24.062006,120.467194,路名
彰化縣鹿港鎮東崎里石碑巷2號,24.062032,120.468790,門牌
彰化縣鹿港鎮東崎里石碑巷8號,24.062556,120.466733,門牌
彰化縣鹿港鎮東崎里祥和一街2巷6號2樓,24.055873,120.462209,門牌
彰化縣鹿港鎮東石里2鄰永泰路236號,24.064234,120.433378,路名
彰化縣鹿港鎮東石里北興街14號,24.064629,120.429848,門牌
彰化縣鹿港鎮東石里工業東二路12號,24.072961,120.406359,門牌
彰化縣鹿港鎮東石里工業東二路18號,24.073114,120.405702,門牌
彰化縣鹿港鎮東石里工業西一路23號,24.059832,120.389027,門牌
彰化縣鹿港鎮東石里工業西一路31號,24.060062,120.386458,門牌
彰化縣鹿港鎮東石里工業西一路40之1號,24.060292,120.392352,路名
彰化縣鹿港鎮東石里工業西一路8號,24.060541,120.396941,門牌
彰化縣鹿港鎮東石里工業西五路3號,24.070593,120.402017,門牌
彰化縣鹿港鎮東石里工業西六路45號,24.072501,120.387516,門牌
彰化縣鹿港鎮東石里海浴路263號,24.067122,120.428418,門牌
彰化縣鹿港鎮東石里環工七路18號,24.063332,120.395435,門牌
彰化縣鹿港鎮東石里環工三路1號,24.062920,120.395240,路名
彰化縣鹿港鎮東石里環工三路43號,24.062860,120.394321,門牌
彰化縣鹿港鎮東石里環工九路1號,24.065380,120.397645,門牌
彰化縣鹿港鎮東石里環工九路3號,24.064602,120.397486,路名
彰化縣鹿港鎮東石里鹿工南三路12號,24.071957,120.397605,門牌
彰化縣鹿港鎮東石里鹿工南三路20號,24.071158,120.397844,門牌
彰化縣鹿港鎮東石里鹿工南三路22號,24.070904,120.397789,門牌
彰化縣鹿港鎮東石里鹿工南三路8號,24.072522,120.397747,門牌
彰化縣鹿港鎮東石里鹿工南二路18號,24.070635,120.405290,門牌
彰化縣鹿港鎮東石里鹿工南二路26號,24.068566,120.403962,門牌
彰化縣鹿港鎮東石里鹿工南五路13號,24.066297,120.392900,路名
彰化縣鹿港鎮東石里鹿工南五路15號一樓,24.070250,120.393334,門牌
彰化縣鹿港鎮東石里鹿工南四路25號,24.068439,120.395988,門牌
彰化縣鹿港鎮東石里鹿工路37號,24.077611,120.401234,路名
彰化縣鹿港鎮東石里鹿西路441巷80弄8號一樓,24.064257,120.412394,門牌
彰化縣鹿港鎮永安里永安三路45-3號5樓,24.058394,120.440658,路名
彰化縣鹿港鎮永安里自治街30號1樓,24.058551,120.441177,門牌
彰化縣鹿港鎮洋厝里新厝巷臨360號,24.090460,120.448218,路名
彰化縣鹿港鎮洋厝里鹿草路三段375巷3號,24.087208,120.445816,路名
彰化縣鹿港鎮洛津里成功路55號,23.964621,120.579738,門牌
彰化縣鹿港鎮海埔里工業東四路2-1號,24.083471,120.408479,路名
彰化縣鹿港鎮海埔里工業東四路3號,24.083471,120.408479,路名
彰化縣鹿港鎮海埔里海明街130巷22號1樓,24.076886,120.424280,門牌
彰化縣鹿港鎮海埔里海浴路632號,24.065822,120.427876,路名
彰化縣鹿港鎮海埔里環工七路7號,24.064009,120.396107,門牌
彰化縣鹿港鎮海埔里輔導路398號,24.079258,120.421140,門牌
彰化縣鹿港鎮海埔里鹿工北一路15號,24.084715,120.414839,門牌
彰化縣鹿港鎮海埔里鹿工北一路19號,24.085336,120.414824,門牌
彰化縣鹿港鎮海埔里鹿工北三路7號,24.079584,120.394743,路名
彰化縣鹿港鎮海埔里鹿工南二路27號,24.067841,120.405072,門牌
彰化縣鹿港鎮海埔里鹿工路28號,24.077776,120.395547,門牌
彰化縣鹿港鎮海埔里鹿工路30號,24.077950,120.394833,門牌
彰化縣鹿港鎮海埔里鹿工路32號,24.077671,120.394241,門牌
彰化縣鹿港鎮海埔里鹿工路36號,24.077646,120.393971,門牌
彰化縣鹿港鎮海埔里鹿草路二段783巷21號,24.087208,120.445816,路名
彰化縣鹿港鎮溝墘里19鄰鹿和路3段620巷11號,24.084813,120.480237,門牌
彰化縣鹿港鎮溝墘里棋盤巷43號,24.064816,120.475415,門牌
彰化縣鹿港鎮溝墘里溝墘巷87-77號,24.081133,120.482464,路名
彰化縣鹿港鎮溝墘里溝墘巷88弄1之3號,24.083677,120.483605,門牌
彰化縣鹿港鎮溝墘里溝尾巷臨164-8號,24.077863,120.485971,路名
彰化縣鹿港鎮溝墘里鹿和路3段432巷165號,24.078657,120.476253,門牌
彰化縣鹿港鎮興業路8號,24.069111,120.398687,門牌
彰化縣鹿港鎮草中里慶安街85號,24.107679,120.457470,門牌
彰化縣鹿港鎮草中里草港巷159號,24.108319,120.447385,門牌
彰化縣鹿港鎮草中里頂草路4段233巷310號1樓,24.098564,120.459983,門牌
彰化縣鹿港鎮街尾里復興南路72號1樓,24.047302,120.437744,門牌
彰化縣鹿港鎮街尾里文化街4號2樓,23.854469,120.588428,門牌
彰化縣鹿港鎮街尾里新興街71-1號1樓,24.013612,120.505348,路名
彰化縣鹿港鎮街尾里金門巷132-3號,24.048804,120.435054,路名
彰化縣鹿港鎮街尾里青雲路61號1樓,24.047910,120.437183,路名
彰化縣鹿港鎮詔安里吳厝巷39號,24.071483,120.450186,門牌
彰化縣鹿港鎮詔安里施厝巷51、52號,24.070746,120.454762,路名
彰化縣鹿港鎮詔安里田洋巷2號1樓,23.995010,120.543475,門牌
彰化縣鹿港鎮詔安里田洋巷36號,24.074076,120.454945,門牌
彰化縣鹿港鎮詔安里詔安巷79之6號,24.077868,120.446368,門牌
彰化縣鹿港鎮詔安里詔安巷82號,24.078337,120.448817,門牌
彰化縣鹿港鎮詔安里詔安巷97號,24.079710,120.453340,門牌
彰化縣鹿港鎮進德街47號1樓,24.066077,120.433389,門牌
彰化縣鹿港鎮頂厝里明禮街27巷6號,24.060718,120.445642,門牌
彰化縣鹿港鎮頂厝里明禮街56號,24.061180,120.445105,門牌
彰化縣鹿港鎮頂厝里港后路123號1樓,24.061259,120.444357,路名
彰化縣鹿港鎮頂厝里鹿和路一段283號1樓,24.085471,120.475258,路名
彰化縣鹿港鎮頂番里埤頭巷152之6號,24.099028,120.480308,門牌
彰化縣鹿港鎮頂番里埤頭巷16-1號,24.092988,120.486531,路名
彰化縣鹿港鎮頂番里埤頭巷29-1號,24.092988,120.486531,路名
彰化縣鹿港鎮頂番里彰頂路22巷97號,24.084574,120.487927,門牌
彰化縣鹿港鎮頂番里彰頂路353號3樓,24.085737,120.481728,門牌
彰化縣鹿港鎮頂番里彰頂路355號1樓,24.085762,120.481642,門牌
彰化縣鹿港鎮頂番里鹿和路4段626號,24.094306,120.487898,門牌
彰化縣鹿港鎮頂番里鹿和路四段360巷69弄3號1樓,24.085471,120.475258,路名
彰化縣鹿港鎮順興里復興路574號1樓,24.059664,120.432659,門牌
彰化縣鹿港鎮頭南里南勢巷18-6號1樓,24.044438,120.495915,路名
彰化縣鹿港鎮頭南里南勢巷1之29號,24.091105,120.464867,門牌
彰化縣鹿港鎮頭南里南勢巷20-3號,24.044438,120.495915,路名
彰化縣鹿港鎮頭南里南勢巷26-2號,24.044438,120.495915,路名
彰化縣鹿港鎮頭南里頭庄巷1之13號,24.099285,120.473218,門牌
彰化縣鹿港鎮頭崙里埔尾巷31號,24.089266,120.470311,門牌
彰化縣鹿港鎮頭崙里埔尾巷45-1號1樓,24.089884,120.471261,路名
彰化縣鹿港鎮頭崙里頂草路2段130巷9號,24.092060,120.477750,門牌
彰化縣鹿港鎮頭崙里頂草路2段345號,24.094089,120.473203,門牌
彰化縣鹿港鎮頭崙里頂草路2段420巷21號,24.097272,120.472380,門牌
彰化縣鹿港鎮頭崙里頭崙巷30號,24.095071,120.476048,路名
彰化縣鹿港鎮鹿和路二段329號,24.085471,120.475258,路名
彰化縣鹿港鎮鹿和里鹿和路一段347巷21號,24.085471,120.475258,路名
彰化縣鹿港鎮鹿工北一路12號,24.084255,120.416094,門牌
彰化縣鹿港鎮鹿工南三路31號,24.069696,120.398184,路名
彰化縣鹿港鎮鹿工南三路38號,24.069008,120.397965,門牌
彰化縣鹿港鎮鹿工南三路48號,24.067668,120.397795,門牌
彰化縣鹿港鎮鹿工南二路17號,24.070462,120.406282,門牌
彰化縣鹿港鎮鹿工南二路36號,24.066278,120.403094,門牌
彰化縣鹿港鎮鹿工南五路26號,24.068161,120.392179,門牌
彰化縣鹿港鎮鹿工南六路23號1樓、2樓,24.067055,120.389576,門牌
彰化縣鹿港鎮鹿工南六路3號,24.074787,120.389512,門牌
彰化縣鹿港鎮鹿工南四路16號,24.071055,120.395481,門牌
彰化縣鹿港鎮鹿工路10號,24.077918,120.406012,門牌
彰化縣鹿港鎮鹿工路13號,24.076383,120.395910,門牌
彰化縣鹿港鎮鹿工路17號,24.076440,120.393950,門牌
彰化縣鹿港鎮鹿工路24號,24.078339,120.397590,門牌
新北市三峽區三樹路222巷33號,24.942582,121.381294,門牌
新北市三峽區三樹路255號8樓,24.943038,121.378845,門牌
新北市三峽區中園街106之5號,24.923270,121.366800,門牌
新北市三峽區中園街173號3樓,24.921711,121.367230,門牌
新北市三峽區中山路152巷4之1號,24.936465,121.365061,門牌
新北市三峽區中山路152巷4之2號,24.936500,121.365087,門牌
新北市三峽區中山路152巷4之2號1樓,24.936500,121.365087,門牌
新北市三峽區中山路567巷51號,25.033328,121.476094,路名
新北市三峽區中正路1段108巷17號2樓,24.930246,121.373210,門牌
新北市三峽區中正路1段175號,24.928171,121.372840,門牌
新北市三峽區中正路1段328之7號1樓,24.924911,121.370792,門牌
新北市三峽區中正路3段170巷13號,24.904109,121.352504,門牌
新北市三峽區中華路15巷5號12樓-3,24.931567,121.373676,門牌
新北市三峽區中華路15巷5號8樓之3,24.931567,121.373676,門牌
新北市三峽區中華路44巷13號11樓之1,24.930933,121.371335,門牌
新北市三峽區中華路46之8號6樓,24.930259,121.371852,門牌
新北市三峽區中華路74之1號,24.929454,121.371459,門牌
新北市三峽區二鬮路136巷12號(1樓),24.907949,121.359324,門牌
新北市三峽區二鬮路136巷12號（1樓）,24.907949,121.359324,門牌
新北市三峽區二鬮路136巷18弄10號,24.908504,121.358885,門牌
新北市三峽區二鬮路136巷18弄12號1樓,24.908548,121.358906,門牌
新北市三峽區二鬮路136巷1弄4號(1樓),24.907746,121.359390,門牌
新北市三峽區二鬮路136巷20弄91號8樓,24.909095,121.358592,門牌
新北市三峽區二鬮路136巷20弄99號10樓,24.908826,121.358574,門牌
新北市三峽區二鬮路136巷91號3樓,24.909677,121.356334,門牌
新北市三峽區介壽路1段318巷15號,24.929421,121.381120,門牌
新北市三峽區介壽路1段406之1號1樓,24.930845,121.383928,門牌
新北市三峽區介壽路2段138巷1弄148之1號,24.929960,121.399616,門牌
新北市三峽區介壽路3段120號、2樓、3樓、4樓,24.941852,121.399135,門牌
新北市三峽區介壽路3段124之2號,24.959357,121.410886,路名
新北市三峽區介壽路3段233巷2之1號,24.947874,121.405939,門牌
新北市三峽區介壽路3段73號2樓,24.938273,121.395323,門牌
新北市三峽區介壽路一段412巷18號,24.959357,121.410886,路名
新北市三峽區光明路106巷50號,24.926915,121.375349,門牌
新北市三峽區嘉添225之2號,24.910085,121.370316,門牌
新北市三峽區嘉添227之5號,24.909720,121.370432,門牌
新北市三峽區國光街12巷4號(1樓),24.937146,121.375839,門牌
新北市三峽區國光街326號3樓,24.939602,121.372215,門牌
新北市三峽區國光街360號,24.939697,121.371108,門牌
新北市三峽區國學街53號,24.942799,121.372417,門牌
新北市三峽區國慶路102號7樓,24.939305,121.376535,門牌
新北市三峽區國際二街25號6樓,24.943393,121.372870,門牌
新北市三峽區大仁路18巷6號7樓,24.937959,121.366635,門牌
新北市三峽區大利路22號,24.911542,121.367035,門牌
新北市三峽區大利路22號2樓,24.911542,121.367035,門牌
新北市三峽區大利路8號,24.911534,121.366550,門牌
新北市三峽區大勇路19號,25.177109,121.683254,門牌
新北市三峽區大同路231之6號2樓,24.926370,121.367195,門牌
新北市三峽區大同路270巷3號4樓,24.925513,121.365225,門牌
新北市三峽區大同路30號(1樓),24.929234,121.377606,門牌
新北市三峽區大埔路179巷7號3樓,24.905283,121.367172,門牌
新北市三峽區大學路33號6樓,24.940232,121.377062,門牌
新北市三峽區大學路80巷17號（1樓）,24.942407,121.376466,門牌
新北市三峽區大德路61號1樓,24.942607,121.376703,門牌
新北市三峽區大觀路8號10樓,24.943830,121.375927,門牌
新北市三峽區學勤路188號6樓,24.945700,121.377213,門牌
新北市三峽區學成路311號10樓,24.944147,121.376962,門牌
新北市三峽區學成路335號3樓之5,24.944902,121.376733,門牌
新北市三峽區建安91之2號,24.920868,121.456090,門牌
新北市三峽區弘道188之1號,24.911750,121.340103,門牌
新北市三峽區弘道67之2號,24.917111,121.350654,路名
新北市三峽區弘道里麻園24之1號,24.918099,121.363514,門牌
新北市三峽區復興路100號(1樓),25.087008,121.475874,門牌
新北市三峽區復興路101巷1弄11號(1樓),24.937301,121.372180,門牌
新北市三峽區復興路134號（2樓）,25.087531,121.476799,門牌
新北市三峽區復興路160巷2弄3號10樓,24.938638,121.371233,門牌
新北市三峽區復興路365號,24.938508,121.363619,門牌
新北市三峽區復興路369號7樓之2,24.938502,121.363519,門牌
新北市三峽區復興路36之1號12樓之1,24.936510,121.374149,門牌
新北市三峽區愛國路228號7樓,24.933392,121.374126,路名
新北市三峽區愛國路2之9號9樓之1,24.933874,121.373547,門牌
新北市三峽區成福路105巷23號1樓,24.932627,121.418398,門牌
新北市三峽區成福路105巷9號,24.930475,121.418797,門牌
新北市三峽區成福路170號1樓,24.927878,121.424385,門牌
新北市三峽區成福路208之1號,24.925746,121.426684,門牌
新北市三峽區成福路239號,24.925992,121.427021,門牌
新北市三峽區成福路60號之6,24.927764,121.423456,路名
新北市三峽區文化路104號(1樓),24.936251,121.371478,門牌
新北市三峽區文化路242號(1樓),24.935919,121.367520,門牌
新北市三峽區橫溪路99巷52號(1樓),24.937000,121.400187,門牌
新北市三峽區民族街178之2號,24.927912,121.368476,門牌
新北市三峽區民權街170巷2號2樓,24.930145,121.367591,門牌
新北市三峽區民生街106之2號3樓,25.014970,121.463970,路名
新北市三峽區民生街152之1號7樓,24.934972,121.372073,門牌
新北市三峽區永安街174號(1樓),24.928392,121.373412,門牌
新北市三峽區永安街188號5樓之3,24.927939,121.373293,門牌
新北市三峽區永安街77巷8號1樓,24.929193,121.375607,門牌
新北市三峽區永安街95巷27號3樓,24.928128,121.374332,門牌
新北市三峽區添福13之8號,24.906181,121.372934,門牌
新北市三峽區添福14之36號,24.900757,121.371841,門牌
新北市三峽區添福14之43號,24.901494,121.374652,路名
新北市三峽區溪東路31號,24.935054,121.400255,門牌
新北市三峽區溪東路338巷1號及36號,24.929900,121.410522,門牌
新北市三峽區溪東路422號4樓,24.927563,121.415050,門牌
新北市三峽區溪東路473巷26號,24.931560,121.408705,路名
新北市三峽區竹崙路8巷10號(1樓),24.922886,121.426210,門牌
新北市三峽區隆恩街178巷20之18號,24.942745,121.361498,路名
新北市三芝區三民街26號2樓,25.258741,121.504804,門牌
新北市三芝區中山路1段112號(1樓),25.256193,121.502448,門牌
新北市三芝區中山路2段47巷1號,25.254712,121.502801,門牌
新北市三芝區中正路1段18巷7號(1樓),25.258887,121.503499,門牌
新北市三芝區中正路1段84巷2弄33號(1樓),25.256743,121.504861,門牌
新北市三芝區中正路2段39號(1樓),25.254838,121.503737,門牌
新北市三芝區中正路2段39號5樓之1（現場僅供辦公室使用）,25.254838,121.503737,門牌
新北市三芝區中正路3段18巷3號,25.253358,121.502389,門牌
新北市三芝區中興街1段30之2號5樓,25.257867,121.497917,門牌
新北市三芝區中興街1段55號3樓,25.256887,121.498085,門牌
新北市三芝區埔坪里忠孝街116之3號3樓,25.257480,121.505542,門牌
新北市三芝區大湖8號,25.148484,121.632871,路名
新北市三芝區大片頭83之14號,25.243874,121.455388,門牌
新北市三芝區後厝里番社后20號,25.251605,121.481168,路名
新北市三芝區忠孝街120號,25.257640,121.505823,門牌
新北市三芝區忠孝街176巷6號,25.259402,121.505958,門牌
新北市三芝區新庄子95之17號,25.273999,121.514124,門牌
新北市三芝區楓子林56之2號,25.214733,121.498827,門牌
新北市三芝區淺水灣街6號5樓,25.249722,121.471921,門牌
新北市三芝區蘭陽街7號,25.242899,121.474135,門牌
新北市三重區三信路130號3樓,25.088095,121.489599,門牌
新北市三重區三光街4號(1樓),25.060758,121.485274,門牌
新北市三重區三和路1段47巷18之2號(1樓),25.065628,121.503617,門牌
新北市三重區三和路1段93號14樓,25.066185,121.502259,門牌
新北市三重區三和路2段107號2樓,25.075705,121.488459,路名
新北市三重區三和路2段164號4樓,25.068603,121.499152,門牌
新北市三重區三和路3段151巷40號1樓,25.074259,121.493366,門牌
新北市三重區三和路3段151巷60號4樓,25.074415,121.493928,門牌
新北市三重區三和路4段101巷26號,25.075705,121.488459,路名
新北市三重區三和路4段103之1號10樓,25.076815,121.486997,門牌
新北市三重區三和路4段111-3號,25.075705,121.488459,路名
新北市三重區三和路4段117巷47號,25.075705,121.488459,路名
新北市三重區三和路4段118巷14號1樓,25.074706,121.488098,門牌
新北市三重區三和路4段146號10樓,25.075529,121.488424,門牌
新北市三重區三和路4段16號13樓,25.073940,121.491122,門牌
新北市三重區三和路4段16號5樓之5,25.073940,121.491122,門牌
新北市三重區三和路4段211號3樓之20,25.079593,121.481755,門牌
新北市三重區三和路4段218巷18號,25.076392,121.485562,門牌
新北市三重區三和路4段231巷41號1樓（現場僅供辦公室使用）,25.080192,121.482342,門牌
新北市三重區三和路4段264巷6弄1號1樓,25.076760,121.484877,門牌
新北市三重區三和路4段264巷6弄1號2樓,25.076760,121.484877,門牌
新北市三重區三和路4段382巷2號3樓之1,25.078629,121.481907,門牌
新北市三重區三和路4段382巷68號3樓,25.078241,121.480517,門牌
新北市三重區三和路4段400巷7號,25.079452,121.480968,門牌
新北市三重區三和路4段400巷7號1樓,25.079452,121.480968,門牌
新北市三重區三和路4段400巷7號2樓,25.079452,121.480968,門牌
新北市三重區三和路4段77號、79號,25.075271,121.489725,門牌
新北市三重區三和路4段97之10號2樓,25.076568,121.488126,門牌
新北市三重區三寧街9號4樓,25.059491,121.489104,門牌
新北市三重區三張街153號4樓,25.069630,121.486428,門牌
新北市三重區三民街100號3樓,25.063172,121.485312,門牌
新北市三重區三民街146巷4號,25.064814,121.482135,門牌
新北市三重區三民街155巷22號(1樓),25.064883,121.484372,門牌
新北市三重區三民街195號,25.065814,121.482161,門牌
新北市三重區三民街197號1樓,25.065852,121.482098,門牌
新北市三重區三民街255號6樓,25.068034,121.479678,門牌
新北市三重區三民街268號1樓,25.068053,121.479070,門牌
新北市三重區三陽路100巷1弄8號,25.058447,121.483325,門牌
新北市三重區三陽路134巷12號(1樓),25.058281,121.482320,門牌
新北市三重區三陽路137巷2號1樓,25.059115,121.482929,門牌
新北市三重區三陽路13巷12號3樓,25.059653,121.485962,門牌
新北市三重區中央北路15巷11號,25.064346,121.501299,門牌
新北市三重區中央南路95巷3號4樓（現場僅供辦公室使用）,25.060611,121.501209,門牌
新北市三重區中正北路133號1樓,25.067241,121.483019,門牌
新北市三重區中正北路145巷5弄14號2樓,25.067259,121.485146,門牌
新北市三重區中正北路15號8樓,25.061679,121.492635,門牌
新北市三重區中正北路174之8號7樓,25.066638,121.483321,門牌
新北市三重區中正北路191巷6號2樓,25.069977,121.477478,門牌
新北市三重區中正北路191巷8號(1樓),25.069991,121.477536,門牌
新北市三重區中正北路193巷11弄32號,25.070574,121.478157,門牌
新北市三重區中正北路193巷11弄5號,25.070266,121.477518,門牌
新北市三重區中正北路193巷35弄1號,25.070828,121.476326,門牌
新北市三重區中正北路193巷35弄4號,25.070904,121.476051,門牌
新北市三重區中正北路193巷35弄88號,25.071600,121.479021,門牌
新北市三重區中正北路20巷21號1樓,25.062693,121.487958,門牌
新北市三重區中正北路25巷21號2樓,25.062497,121.493100,門牌
新北市三重區中正北路315巷6弄37.39號,25.069004,121.478892,路名
新北市三重區中正北路319號,25.071585,121.473790,門牌
新北市三重區中正北路343號,25.071758,121.473027,門牌
新北市三重區中正北路393巷5號,25.072746,121.471676,門牌
新北市三重區中正北路394巷2弄3號5樓（現場僅供辦公室使用）,25.069457,121.475909,門牌
新北市三重區中正北路428巷7弄17號1樓,25.069783,121.474122,門牌
新北市三重區中正北路440號(1樓),25.071225,121.474189,門牌
新北市三重區中正北路560巷100弄27號,25.069068,121.472736,門牌
新北市三重區中正北路560巷30號3樓,25.070822,121.470978,門牌
新北市三重區中正北路560巷35號,25.070832,121.470817,門牌
新北市三重區中正北路66號4樓,25.064473,121.486593,門牌
新北市三重區中正南路214號,25.055030,121.493884,門牌
新北市三重區中正南路250巷13號3樓,25.053525,121.493698,門牌
新北市三重區中正南路259號4樓,25.053164,121.493008,門牌
新北市三重區中正南路293號1樓,25.052040,121.492579,門牌
新北市三重區中正南路66巷6號4樓,25.059666,121.494375,門牌
新北市三重區中興北街131-15號(1樓),25.053702,121.468996,路名
新北市三重區中興北街131之23號,25.050684,121.470516,門牌
新北市三重區中興北街132之6號9樓,25.055584,121.468533,門牌
新北市三重區中興北街132號,25.055721,121.468919,門牌
新北市三重區中興北街136巷18弄18號,25.055195,121.467995,門牌
新北市三重區中興北街136巷39號,25.053702,121.468996,路名
新北市三重區中興北街153之5號,25.053464,121.469102,門牌
新北市三重區中興北街175巷18號,25.056083,121.470597,門牌
新北市三重區中興北街193巷17號,25.056566,121.469912,門牌
新北市三重區中興北街204巷12號1樓,25.058983,121.468265,門牌
新北市三重區中興北街204巷20號,25.058940,121.468017,門牌
新北市三重區中興北街240巷47號,25.060964,121.467229,門牌
新北市三重區中興北街245號(1樓),25.059137,121.469116,門牌
新北市三重區中興北街247巷1號,25.053702,121.468996,路名
新北市三重區中興南街29號,25.044560,121.470509,路名
新北市三重區中華路50巷1弄24之2號,25.062543,121.482916,門牌
新北市三重區五華街141巷17號,25.085245,121.491864,門牌
新北市三重區五華街35巷35號3樓,25.081373,121.495413,門牌
新北市三重區五華街71巷42號,25.083434,121.493378,門牌
新北市三重區五華街7巷33號,25.080344,121.495913,門牌
新北市三重區五華街93巷101號3樓,25.085204,121.494296,門牌
新北市三重區五谷王北街58巷44號,25.051682,121.474269,門牌
新北市三重區五谷王北街80巷57號,25.052943,121.474851,門牌
新北市三重區仁化街115號,25.057821,121.494519,門牌
新北市三重區仁化街165號4樓,25.056842,121.494794,門牌
新北市三重區仁化街31巷22弄7號4樓（現場僅供辦公室使用）,25.058789,121.493223,門牌
新北市三重區仁厚街70號（1樓）,25.076751,121.500614,門牌
新北市三重區仁忠街67號1樓,25.080899,121.493830,門牌
新北市三重區仁愛街125巷36號(1樓),25.076031,121.497997,門牌
新北市三重區仁愛街125巷36號1樓,25.076031,121.497997,門牌
新北市三重區仁愛街269巷7號2樓,25.078855,121.493327,門牌
新北市三重區仁愛街377巷24號,25.080702,121.492020,門牌
新北市三重區仁愛街479之2號,25.082190,121.488933,門牌
新北市三重區仁愛街55巷172號,25.073189,121.500104,門牌
新北市三重區仁政街86巷20號4樓,25.077300,121.491641,門牌
新北市三重區仁昌街2號12樓,25.073851,121.495913,門牌
新北市三重區仁昌街86之2號,25.074919,121.499096,門牌
新北市三重區仁福街29號,25.074388,121.496339,門牌
新北市三重區仁福街64巷16號,25.075118,121.497626,門牌
新北市三重區仁美街46號3樓,25.077756,121.487295,門牌
新北市三重區仁義街220巷33號2樓,25.083553,121.494155,門牌
新北市三重區仁興街33巷38之1號4樓,25.075894,121.500198,門牌
新北市三重區仁興街39巷16號2樓,25.076251,121.500141,門牌
新北市三重區仁興街39巷16號之1,25.076251,121.500141,門牌
新北市三重區仁華街62巷16號,25.083326,121.483707,門牌
新北市三重區仁華街82號,25.083020,121.484900,門牌
新北市三重區仁賢街24號(1樓),25.074846,121.496251,門牌
新北市三重區仁賢街43號,25.074904,121.496810,門牌
新北市三重區光復路1段121號,25.058409,121.470587,路名
新北市三重區光復路1段129號,25.052794,121.472288,門牌
新北市三重區光復路1段30巷29號,25.047304,121.470505,門牌
新北市三重區光復路1段61巷25弄1號,25.048530,121.473415,門牌
新北市三重區光復路1段61巷26號8樓之1,25.049375,121.473640,門牌
新北市三重區光復路1段61巷27號3樓之3,25.048989,121.473868,門牌
新北市三重區光復路1段79號2樓,25.049984,121.472239,門牌
新北市三重區光復路1段80號8樓,25.050250,121.471908,門牌
新北市三重區光復路1段85號3樓,25.050278,121.472239,門牌
新北市三重區光復路1段88之3號7樓,25.050570,121.471681,門牌
新北市三重區光復路2段102巷32號,25.058035,121.470322,門牌
新北市三重區光復路2段129巷6號3樓,25.059156,121.473236,門牌
新北市三重區光復路2段130號,25.059157,121.471965,門牌
新北市三重區光復路2段133號,25.059149,121.472232,門牌
新北市三重區光復路2段133號(2樓),25.059149,121.472232,門牌
新北市三重區光復路2段3號,25.053781,121.472226,門牌
新北市三重區光復路2段42巷36號,25.054523,121.469735,門牌
新北市三重區光復路2段69號30樓,25.056943,121.472250,門牌
新北市三重區光復路2段69號4樓,25.056943,121.472250,門牌
新北市三重區光復路2段69號9樓,25.056943,121.472250,門牌
新北市三重區光復路2段80之2號,25.056942,121.471278,門牌
新北市三重區光復路2段80之7號,25.056902,121.470966,門牌
新北市三重區光復路2段80號6樓之9,25.056961,121.471945,門牌
新北市三重區光復路2段87巷10之12號,25.058830,121.473867,門牌
新北市三重區光復路2段88巷22弄5號,25.057073,121.470955,門牌
新北市三重區光復路2段88巷31號,25.057474,121.470423,門牌
新北市三重區光復路2段88巷43號,25.057403,121.469741,門牌
新北市三重區光復路一段61巷20號13樓,25.058409,121.470587,路名
新北市三重區光復路一段83巷1號1樓,25.058409,121.470587,路名
新北市三重區光復路二段25號,25.058409,121.470587,路名
新北市三重區光復路二段73號,25.058409,121.470587,路名
新北市三重區光明路32巷34弄34之7號4樓,25.059187,121.491353,門牌
新北市三重區光華路34號,25.059739,121.468521,門牌
新北市三重區六合里自強路2段67巷14號6樓,25.070130,121.489163,門牌
新北市三重區六張街194巷1弄17號2樓,25.068177,121.488008,門牌
新北市三重區六張街255巷7號2樓,25.068621,121.487274,門牌
新北市三重區力行路1段123巷20號之3(4樓),25.068822,121.486408,門牌
新北市三重區力行路1段163號4樓,25.069353,121.484728,門牌
新北市三重區力行路1段23巷2號1樓,25.067508,121.487959,門牌
新北市三重區力行路1段58巷2號2樓,25.068886,121.484613,門牌
新北市三重區力行路1段60-3號,25.059698,121.489952,路名
新北市三重區力行路1段62號10樓之3,25.069202,121.484376,門牌
新北市三重區力行路2段136巷23弄22號7樓,25.076089,121.481202,門牌
新北市三重區力行路2段136巷45弄12號(1樓),25.075428,121.479254,門牌
新北市三重區力行路2段15號3樓,25.072311,121.482068,門牌
新北市三重區力行路2段76巷1弄6號4樓,25.073806,121.481541,門牌
新北市三重區力行路2段9巷6號,25.072230,121.482676,門牌
新北市三重區同安街103號2樓,25.056505,121.494609,門牌
新北市三重區同安街135號5樓,25.056139,121.493396,門牌
新北市三重區同安街137號3樓,25.056115,121.493331,門牌
新北市三重區同安街137號5樓,25.056115,121.493331,門牌
新北市三重區名源街28巷6號1樓,25.060227,121.482411,門牌
新北市三重區和平街20號1樓（僅得使用一樓）,25.070841,121.663284,門牌
新北市三重區和平街40號7樓,25.070863,121.662610,門牌
新北市三重區和平街67號(1樓),25.070747,121.661500,門牌
新北市三重區國道路1段25號(1樓),25.073162,121.485346,門牌
新北市三重區國道路1段39巷3號,25.072921,121.484021,門牌
新北市三重區國道路1段55號,25.072776,121.481449,門牌
新北市三重區國道路1段59號,25.072779,121.481132,門牌
新北市三重區國隆路21號11樓,25.063548,121.492825,路名
新北市三重區大仁街30號,25.175232,121.442646,門牌
新北市三重區大勇街11號,25.071493,121.483436,門牌
新北市三重區大勇街2號3樓,25.174785,121.441906,門牌
新北市三重區大勇街71號5樓,24.995102,121.517876,門牌
新北市三重區大勇街82巷26弄29號,25.072114,121.478464,門牌
新北市三重區大勇街82巷26弄32號1樓,25.071961,121.478430,門牌
新北市三重區大勇街82巷26弄46號（1樓）,25.071733,121.478009,門牌
新北市三重區大同北路115巷26號3樓,25.065435,121.493652,門牌
新北市三重區大同北路156巷60號,25.064920,121.490503,門牌
新北市三重區大同北路191號1樓,25.065631,121.492339,門牌
新北市三重區大同北路217號3樓,25.066061,121.491624,門牌
新北市三重區大同北路221巷14號2樓,25.066461,121.492013,門牌
新北市三重區大同北路34巷54弄8號3樓（現場僅供辦公室使用）,25.061979,121.493909,門牌
新北市三重區大同南路139巷17號2樓,25.057423,121.495727,門牌
新北市三重區大同南路161巷3之3號,25.055644,121.496648,門牌
新北市三重區安慶街297巷1弄16號6樓,25.067905,121.489507,門牌
新北市三重區富福街116號,25.085786,121.493572,門牌
新北市三重區富華街32號,25.082724,121.489831,門牌
新北市三重區富華街5號1樓,25.082747,121.490130,門牌
新北市三重區後埔街80號,25.047421,121.477526,門牌
新北市三重區後竹圍街207號,25.071587,121.484906,門牌
新北市三重區忠孝路1段45巷5號,25.072334,121.491174,門牌
新北市三重區忠孝路3段40巷15號7樓,25.066087,121.482292,門牌
新北市三重區忠孝路3段40巷21號7樓,25.065927,121.482521,門牌
新北市三重區忠孝路3段50巷2號(1樓),25.065780,121.481061,門牌
新北市三重區忠孝路3段75巷7號4樓,25.066126,121.480264,門牌
新北市三重區忠孝路3段84巷34號(1樓),25.064193,121.481653,門牌
新北市三重區慈愛街121號,25.079753,121.488235,門牌
新北市三重區慈愛街30號4樓,25.078929,121.485132,門牌
新北市三重區成功路106號8樓之6,25.082320,121.472440,門牌
新北市三重區成功路108巷12號5樓,25.050963,121.487247,門牌
新北市三重區成功路110號7樓之17,25.082387,121.472401,門牌
新北市三重區成功路187號4樓,25.083697,121.471170,門牌
新北市三重區成功路52號8樓之1,25.079854,121.473010,門牌
新北市三重區成功路66號2樓之5,24.992085,121.525918,門牌
新北市三重區文化北路226巷2號5樓,25.069073,121.497041,門牌
新北市三重區文化南路10巷4號(1樓),25.062160,121.500403,門牌
新北市三重區文化南路65巷29號1樓,25.060789,121.499135,門牌
新北市三重區新北大道1段123號11樓,25.061319,121.483101,門牌
新北市三重區新北大道1段129號4樓,25.061315,121.482898,門牌
新北市三重區新北大道1段180號12樓,25.061902,121.483016,門牌
新北市三重區新北大道1段182號9樓,25.061898,121.482883,門牌
新北市三重區新北大道1段206巷18號3樓,25.062228,121.482574,門牌
新北市三重區新北大道2段139巷21號,25.060446,121.466609,門牌
新北市三重區新北大道2段260號11樓之3,25.061721,121.466037,門牌
新北市三重區新北大道2段260號11樓之5,25.061721,121.466037,門牌
新北市三重區新北大道2段88號2樓,25.046564,121.446758,路名
新北市三重區新生街37號1樓,25.174860,121.440028,門牌
新北市三重區昌隆街51號,25.051392,121.491216,門牌
新北市三重區朝陽街16巷1號6樓,25.012037,121.534121,路名
新北市三重區朝陽街51號,25.012037,121.534121,路名
新北市三重區正義北路119號9樓之5,25.066028,121.496888,門牌
新北市三重區正義北路314巷24號4樓,25.069972,121.494260,門牌
新北市三重區正義南路119號14樓,25.058166,121.498649,門牌
新北市三重區正義南路37巷55號3樓,25.060764,121.496468,門牌
新北市三重區正義南路45巷8號,25.060675,121.497799,門牌
新北市三重區正義南路89巷5號5樓,25.059587,121.497970,門牌
新北市三重區民生東街27號,25.069141,121.493609,門牌
新北市三重區民生街25號,25.078947,121.475878,門牌
新北市三重區永安北路1段17巷30號,25.075234,121.477893,門牌
新北市三重區永安北路1段33巷26號1樓,25.075933,121.477373,門牌
新北市三重區永安北路1段3巷2號,25.074438,121.476093,門牌
新北市三重區永安北路2段25巷3號2樓,25.081703,121.482309,門牌
新北市三重區永德街27號,25.072831,121.488648,門牌
新北市三重區永德街27號(1樓),25.072831,121.488648,門牌
新北市三重區永福街121號3樓,25.077106,121.479044,門牌
新北市三重區永福街177巷7號,25.075274,121.478334,門牌
新北市三重區永福街197巷24號,25.074513,121.477325,門牌
新北市三重區永福街197巷37弄25號5樓,25.074148,121.477533,門牌
新北市三重區永福街211巷5號(1樓),25.074212,121.479696,門牌
新北市三重區永福街241號,25.074297,121.480794,門牌
新北市三重區永福街255號8樓,25.074040,121.480935,門牌
新北市三重區永福街94號,25.076079,121.478859,門牌
新北市三重區永福街94號3樓,25.076079,121.478859,門牌
新北市三重區永福街98巷2號3樓,25.075980,121.478937,門牌
新北市三重區河邊北街110巷23號,25.070794,121.503341,門牌
新北市三重區河邊北街52號9樓之1,25.067264,121.504444,門牌
新北市三重區洛陽街45巷23號(1樓),25.063901,121.482626,門牌
新北市三重區溪尾街126巷3號,25.079340,121.489081,門牌
新北市三重區溪尾街291巷2號(1樓),25.083175,121.487806,門牌
新北市三重區溪尾街325巷19號（1樓）,25.083550,121.488490,門牌
新北市三重區溪尾街96號(1樓),25.078575,121.489638,門牌
新北市三重區溪美里福隆路52號4樓,25.078575,121.492502,門牌
新北市三重區環河北路3段496號6樓,25.086686,121.494274,路名
新北市三重區環河北路3段522之1號7樓,25.090671,121.489000,門牌
新北市三重區環河北路3段68號4樓,25.084646,121.497166,門牌
新北市三重區環河北路3段68號7樓,25.084646,121.497166,門牌
新北市三重區環河南路35號17樓,25.061585,121.502971,門牌
新北市三重區環漢路1段158號,25.045035,121.474601,門牌
新北市三重區疏洪西路38巷18號,25.061435,121.471257,路名
新北市三重區碧華街112巷16號1樓,25.082310,121.484259,門牌
新北市三重區碧華街54之1號4樓,25.081560,121.483690,門牌
新北市三重區神農街363號23樓,25.054356,121.474104,路名
新北市三重區神農街426號,25.054356,121.474104,路名
新北市三重區福和街14號（1樓）,25.061633,121.502241,門牌
新北市三重區福德北路12號5樓,25.064455,121.502269,門牌
新北市三重區福德南路40號3樓之1,25.062596,121.502992,門牌
新北市三重區福德南路45號,25.061931,121.502934,門牌
新北市三重區福德南路46號,25.062454,121.503029,門牌
新北市三重區福德南路59之4號(1樓),25.061042,121.502567,門牌
新北市三重區福德南路65巷10號1樓,25.060617,121.502209,門牌
新北市三重區福隆路121號4樓,25.078516,121.492834,門牌
新北市三重區自強路2段26巷30號1樓,25.068895,121.488581,門牌
新北市三重區自強路3段110巷14號(1樓),25.074489,121.486384,門牌
新北市三重區自強路3段62巷11號1樓,25.073060,121.486102,門牌
新北市三重區自強路3段7巷7號2樓,25.072397,121.488833,門牌
新北市三重區自強路4段102號3樓,25.079801,121.491252,門牌
新北市三重區自強路4段3巷6號,25.076291,121.489148,門牌
新北市三重區自強路4段3巷9號,25.076145,121.489109,門牌
新北市三重區自由街11號3樓,24.974959,121.535452,門牌
新北市三重區興德路100號8樓,25.053064,121.472335,門牌
新北市三重區興德路111之8號7樓,25.054213,121.471166,門牌
新北市三重區興德路123之3號4樓,25.053577,121.470585,門牌
新北市三重區興德路123之7號13樓,25.053814,121.470531,門牌
新北市三重區興德路129號8樓,25.053107,121.470365,門牌
新北市三重區興德路88號14樓,25.053299,121.473469,門牌
新北市三重區貴陽街47巷7號5樓,25.062682,121.484512,門牌
新北市三重區車路頭街10號5樓,25.070454,121.483701,門牌
新北市三重區車路頭街117巷45號2樓,25.075561,121.485221,門牌
新北市三重區車路頭街129號,25.075577,121.484232,門牌
新北市三重區車路頭街31巷5號(1樓),25.070815,121.484185,門牌
新北市三重區車路頭街51巷4號2樓,25.072406,121.484547,門牌
新北市三重區過圳街18號12樓之1,25.059050,121.488152,門牌
新北市三重區過圳街7巷4號5樓之4,25.059042,121.489183,門牌
新北市三重區重化街38號(1樓),25.064033,121.466517,路名
新北市三重區重安街102號4樓,25.055849,121.492999,門牌
新北市三重區重安街29巷5號,25.056805,121.490738,門牌
新北市三重區重安街53巷5號2樓,25.056315,121.491524,門牌
新北市三重區重安街87巷17號3樓,25.055163,121.492955,門牌
新北市三重區重新路1段84號（3樓）,25.063486,121.501710,門牌
新北市三重區重新路1段99號,25.063394,121.500766,門牌
新北市三重區重新路2段14號3樓,25.062686,121.499496,門牌
新北市三重區重新路2段21號11樓,25.062408,121.498044,門牌
新北市三重區重新路2段46之8號3樓,25.062284,121.498405,門牌
新北市三重區重新路2段78號15樓,25.061885,121.497293,門牌
新北市三重區重新路2段78號9樓,25.061885,121.497293,門牌
新北市三重區重新路3段10號5樓,25.061403,121.495269,門牌
新北市三重區重新路3段111號3樓,25.059744,121.491014,門牌
新北市三重區重新路3段188號2樓,25.058876,121.490476,門牌
新北市三重區重新路3段46號10樓之7,25.061223,121.494137,門牌
新北市三重區重新路4段144巷26號,25.055260,121.487162,門牌
新北市三重區重新路4段144巷3之1號3樓,25.055720,121.486904,門牌
新北市三重區重新路4段176號14樓之1,25.055325,121.486389,門牌
新北市三重區重新路4段176號6樓之1,25.055325,121.486389,門牌
新北市三重區重新路4段184巷11號5樓,25.054860,121.486948,門牌
新北市三重區重新路4段214巷5弄13號,25.053914,121.486353,門牌
新北市三重區重新路4段244巷16號1樓,25.053559,121.486444,門牌
新北市三重區重新路4段53號14樓,25.057448,121.487703,門牌
新北市三重區重新路4段53號15樓之1,25.057448,121.487703,門牌
新北市三重區重新路4段63號14樓之2,25.057218,121.487379,門牌
新北市三重區重新路4段65號3樓之2,25.057125,121.487227,門牌
新北市三重區重新路4段93巷3號(1樓),25.055331,121.485882,門牌
新北市三重區重新路4段97號14樓,25.054781,121.485788,門牌
新北市三重區重新路4段97號14樓之2,25.054781,121.485788,門牌
新北市三重區重新路4段97號25樓之1,25.054781,121.485788,門牌
新北市三重區重新路5段609巷10號10樓之2,25.045901,121.468503,門牌
新北市三重區重新路5段609巷12號9樓之17,25.046786,121.467951,門牌
新北市三重區重新路5段609巷12號9樓之9,25.046786,121.467951,門牌
新北市三重區重新路5段609巷16號8樓之11,25.046771,121.467426,門牌
新北市三重區重新路5段609巷18號10樓之4,25.045927,121.467142,門牌
新北市三重區重新路5段609巷18號5樓,25.045927,121.467142,門牌
新北市三重區重新路5段609巷2之6號,25.055066,121.485998,路名
新北市三重區重新路5段609巷2號4樓之1,25.045563,121.468435,門牌
新北市三重區重新路5段609巷4號7樓之9,25.045542,121.467743,門牌
新北市三重區重新路5段609巷4號8樓之7,25.045542,121.467743,門牌
新北市三重區重新路5段609巷6號8樓之11,25.045456,121.467185,門牌
新北市三重區重新路5段609巷6號9樓,25.045456,121.467185,門牌
新北市三重區重新路5段627巷36號,25.043962,121.466193,門牌
新北市三重區重新路5段637之1號8樓,25.043490,121.466902,門牌
新北市三重區重新路5段637號5樓,25.043552,121.466970,門牌
新北市三重區重新路二段78號8樓,25.055066,121.485998,路名
新北市三重區重新路五段609巷14號8樓之12,25.055066,121.485998,路名
新北市三重區重新路五段609巷16號2樓之12,25.055066,121.485998,路名
新北市三重區重新路四段39號4樓之7,25.055066,121.485998,路名
新北市三重區重新路四段97號25樓,25.055066,121.485998,路名
新北市三重區重陽路1段44巷15號,25.057876,121.485802,門牌
新北市三重區重陽路1段44巷61號,25.057907,121.484477,門牌
新北市三重區重陽路1段60巷93號3樓,25.058198,121.483883,門牌
新北市三重區重陽路1段89號4樓,25.059180,121.486880,門牌
新北市三重區重陽路2段34巷46號(1樓),25.063813,121.485663,門牌
新北市三重區重陽路2段34巷55號2樓,25.064317,121.485256,門牌
新北市三重區重陽路3段176之2號5樓,25.068074,121.489965,門牌
新北市三重區重陽路3段192之2號14樓,25.068493,121.490266,門牌
新北市三重區重陽路3段192之2號6樓,25.068493,121.490266,門牌
新北市三重區重陽路3段192號7樓,25.068579,121.490358,門牌
新北市三重區重陽路3段27巷10號2樓,25.066633,121.489863,門牌
新北市三重區重陽路3段86號之1,25.063338,121.487840,路名
新北市三重區重陽路3段99號10樓,25.068168,121.490461,門牌
新北市三重區重陽路3段臨86號,25.063338,121.487840,路名
新北市三重區重陽路4段150號,25.071991,121.493012,門牌
新北市三重區重陽路4段37號4樓,25.069753,121.491781,門牌
新北市三重區重陽路4段53號1樓,25.070069,121.491913,門牌
新北市三重區錦通街9號4樓,25.064430,121.499555,門牌
新北市三重區長壽街61之1號,24.996017,121.419819,門牌
新北市三重區長壽西街7之1號,25.067606,121.497788,門牌
新北市三重區長興街18號(1樓),25.170855,121.443964,門牌
新北市三重區集美街112巷39號,25.054279,121.490511,門牌
新北市三重區集美街247巷15號,25.054842,121.492593,門牌
新北市三重區集賢路120號,25.089729,121.490895,門牌
新北市三重區集賢路201之1號1樓,25.087520,121.484003,門牌
新北市三重區集賢路6號7樓,25.087361,121.494687,門牌
新北市三重區雙園街57巷22號,25.067993,121.494661,門牌
新北市三重區頂崁街209號4樓,25.067737,121.477260,門牌
新北市三重區頂崁街209號4樓（現場僅供辦公室使用）,25.067737,121.477260,門牌
新北市三重區頂崁街210巷55號,25.068184,121.474498,門牌
新北市三重區頂崁街210巷61號(1樓),25.068192,121.474291,門牌
新北市三重區頂崁街217巷12號,25.067652,121.478141,門牌
新北市三重區龍濱路2號,25.066885,121.503215,門牌
新北市三重區龍門路31號2樓,25.072047,121.495753,門牌
新北市中和區中原二街156號,25.012130,121.486435,門牌
新北市中和區中原二街28號18樓,25.012062,121.486258,路名
新北市中和區中和路102號10樓之6,24.999660,121.502276,門牌
新北市中和區中和路10號5樓,25.002115,121.499561,門牌
新北市中和區中和路217巷18弄2號,25.000261,121.504596,門牌
新北市中和區中和路219號,24.999861,121.504198,門牌
新北市中和區中和路362之1號9樓,25.001784,121.510535,門牌
新北市中和區中和路366號14樓之1,25.001908,121.510559,門牌
新北市中和區中和路366號3樓之3,25.001908,121.510559,門牌
新北市中和區中和路366號6樓之5,25.001908,121.510559,門牌
新北市中和區中和路380號10樓,25.002113,121.510757,門牌
新北市中和區中和路456號15樓之8,25.003730,121.512179,門牌
新北市中和區中山路2段100號4樓,25.155196,121.407625,門牌
新北市中和區中山路2段122號5樓之1,24.983164,121.413466,門牌
新北市中和區中山路2段131巷30號4樓,25.002724,121.504116,門牌
新北市中和區中山路2段136巷16號,25.004046,121.501655,門牌
新北市中和區中山路2段228號15樓之17,25.151469,121.405157,門牌
新北市中和區中山路2段250巷1之1號,25.002849,121.497487,門牌
新北市中和區中山路2段296號4樓之6,25.002526,121.496199,門牌
新北市中和區中山路2段299號6樓之3,25.148099,121.401210,門牌
新北市中和區中山路2段2巷1弄1號（1樓）,25.005920,121.504992,門牌
新北市中和區中山路2段305號2樓,25.002019,121.495189,門牌
新北市中和區中山路2段312巷33弄19號,25.003938,121.494742,門牌
新北市中和區中山路2段315巷2號3樓,25.001777,121.494031,門牌
新北市中和區中山路2段323號,25.002098,121.493378,門牌
新北市中和區中山路2段327巷9號,25.000964,121.493435,門牌
新北市中和區中山路2段332巷1號3樓,25.033328,121.476094,路名
新北市中和區中山路2段332巷25號7樓,25.033328,121.476094,路名
新北市中和區中山路2段332巷33號15樓,25.033328,121.476094,路名
新北市中和區中山路2段33號10樓之5,25.155523,121.408689,門牌
新北市中和區中山路2段340巷21之1號1樓,25.003063,121.493424,門牌
新北市中和區中山路2段351號4樓之6,25.147163,121.399202,門牌
新北市中和區中山路2段351號4樓之9,25.147163,121.399202,門牌
新北市中和區中山路2段362號5樓,25.002779,121.492584,門牌
新北市中和區中山路2段366巷20號1樓,25.004530,121.491839,門牌
新北市中和區中山路2段380巷16號,25.005101,121.490861,門牌
新北市中和區中山路2段380巷17號,25.004313,121.490834,門牌
新北市中和區中山路2段380巷2號1樓,25.004215,121.491020,門牌
新北市中和區中山路2段407號9樓,25.146591,121.397815,門牌
新北市中和區中山路2段413號8樓,25.146319,121.397361,門牌
新北市中和區中山路2段449巷1弄2號,25.004243,121.483762,門牌
新北市中和區中山路2段488之3號,25.005063,121.487369,門牌
新北市中和區中山路2段523巷1弄7號4樓,25.004825,121.482036,門牌
新北市中和區中山路2段523巷38號,25.003603,121.481855,門牌
新北市中和區中山路2段553之4號,25.005492,121.480838,門牌
新北市中和區中山路3段110號4樓,25.142241,121.390622,門牌
新北市中和區中山路3段114巷23號,25.008203,121.475429,門牌
新北市中和區中山路3段114巷27號5樓,25.008352,121.475472,門牌
新北市中和區中山路3段120之19號4樓,25.008576,121.473948,門牌
新北市中和區中山路3段120之26號7樓,25.008209,121.473590,門牌
新北市中和區中山路3段170巷8弄14號（1樓）（現場僅供辦公室使用）,25.007554,121.472844,門牌
新北市中和區中山路3段181巷18弄37之2號,25.004940,121.472550,門牌
新北市中和區中山路3段32巷2弄7之3號,25.006582,121.479147,門牌
新北市中和區中山路3段35號6樓之2,25.005538,121.478346,門牌
新北市中和區中山路3段37巷42號2樓,25.005035,121.478559,門牌
新北市中和區中山路3段63巷11弄4號,25.004108,121.477364,門牌
新北市中和區中山路二段299號2樓,25.080074,121.383921,門牌
新北市中和區中山里連城路319巷14弄1號5樓,24.994938,121.489059,門牌
新北市中和區中正路1203號5樓之2,25.010038,121.480160,門牌
新北市中和區中正路1213號14樓,25.010022,121.480037,門牌
新北市中和區中正路1213號6樓之3,25.010022,121.480037,門牌
新北市中和區中正路211巷13弄22號5樓,24.992992,121.497667,門牌
新北市中和區中正路211巷52號2樓,24.992289,121.497832,門牌
新北市中和區中正路250號（現場僅供辦公室使用）,25.077767,121.389842,門牌
新北市中和區中正路277之7號,24.993522,121.495152,門牌
新北市中和區中正路509號9樓,25.077475,121.382998,門牌
新北市中和區中正路544之2號3樓,24.994620,121.487339,門牌
新北市中和區中正路551之1號,24.994142,121.487256,門牌
新北市中和區中正路598巷4弄1號3樓,24.995371,121.486154,門牌
新北市中和區中正路631號1-12樓(包括地下1至3層),24.989191,121.533821,門牌
新北市中和區中正路677號12樓,25.013391,121.411862,門牌
新北市中和區中正路679號6樓,25.013415,121.411844,門牌
新北市中和區中正路716號10之7、之8、之9,25.017951,121.409193,門牌
新北市中和區中正路716號12樓之3,25.017951,121.409193,門牌
新北市中和區中正路736號17樓之2,25.023108,121.413738,門牌
新北市中和區中正路736號17樓之3,25.023108,121.413738,門牌
新北市中和區中正路736號17樓之6,25.023108,121.413738,門牌
新北市中和區中正路736號17樓之7,25.023108,121.413738,門牌
新北市中和區中正路736號18樓,25.023108,121.413738,門牌
新北市中和區中正路738號11樓,25.023087,121.413702,門牌
新北市中和區中正路753號4樓,25.014849,121.410768,門牌
新北市中和區中正路753號7樓,25.014849,121.410768,門牌
新北市中和區中正路755號5樓,25.015275,121.410403,門牌
新北市中和區中正路756號4樓,24.999092,121.485430,門牌
新北市中和區中正路774號6樓,25.000071,121.485279,門牌
新北市中和區中正路797號20樓之1,25.016416,121.409579,門牌
新北市中和區中正路801號3樓,25.016512,121.409509,門牌
新北市中和區中正路809號,25.016718,121.409397,門牌
新北市中和區中正路839巷15號1樓,25.002312,121.484019,門牌
新北市中和區中正路866之6號16樓,25.006070,121.484691,門牌
新北市中和區中正路866之6號9樓,25.006070,121.484691,門牌
新北市中和區中正路866之7號17樓,25.006068,121.484802,門牌
新北市中和區中正路868之6號8樓,25.005312,121.485166,門牌
新北市中和區中正路872號7樓之6,25.006294,121.484184,門牌
新北市中和區中正路880號16樓之2,25.006495,121.484061,門牌
新北市中和區中正路880號5樓之6,25.006495,121.484061,門牌
新北市中和區中正路881號2樓,25.025438,121.417540,門牌
新北市中和區中正路903號13樓之2,25.021331,121.411164,門牌
新北市中和區中正路907號,25.021278,121.411083,門牌
新北市中和區中正路920號9樓,25.008378,121.482960,門牌
新北市中和區中正路922號13樓,25.008452,121.482897,門牌
新北市中和區中正路922號5樓,25.008452,121.482897,門牌
新北市中和區中正路928號4樓,25.008446,121.483073,門牌
新北市中和區中正路957號12樓,25.006897,121.483334,門牌
新北市中和區中正路957號6樓,25.006897,121.483334,門牌
新北市中和區中正路990號3樓,25.030220,121.463391,路名
新北市中和區中興街125巷2號,24.991680,121.500173,門牌
新北市中和區中興街161巷6弄12號,24.990608,121.500690,門牌
新北市中和區中興街180巷50弄15-2號,25.025186,121.489366,路名
新北市中和區中興街202巷16號10樓之3,24.989864,121.498817,門牌
新北市中和區保健路106巷22弄23之2號,24.995617,121.510661,門牌
新北市中和區保健路48巷56號(1樓),24.995929,121.509142,門牌
新北市中和區保健路50巷9號,24.996452,121.510197,門牌
新北市中和區保健路73巷3之2號,24.996982,121.510701,門牌
新北市中和區光華街31巷22弄6號,25.004625,121.505510,門牌
新北市中和區光華街31巷29號,25.004826,121.505327,門牌
新北市中和區光華街75號2樓,25.002815,121.506795,門牌
新北市中和區南山路127巷18弄20之4號,24.997002,121.503352,門牌
新北市中和區南山路127巷29號,24.997544,121.503465,門牌
新北市中和區南山路174之6號5樓,24.990967,121.504874,門牌
新北市中和區南山路236巷20弄21之3號,24.989497,121.505162,門牌
新北市中和區南山路236巷24弄15號(1樓),24.989193,121.504621,門牌
新北市中和區南山路236巷24弄52之1號（現場僅供辦公室使用）,24.988761,121.504460,門牌
新北市中和區南山路256號14樓,24.988344,121.507768,門牌
新北市中和區南山路320巷10弄16號2樓,24.986791,121.507080,門牌
新北市中和區南山路499號(1樓),24.987724,121.508067,門牌
新北市中和區南工路42號5樓,25.001214,121.506033,門牌
新北市中和區南工路48號,25.001310,121.505971,門牌
新北市中和區南華路30之7號9樓,24.995832,121.503334,門牌
新北市中和區員山路143巷28弄7號,24.996063,121.479613,門牌
新北市中和區員山路143巷6之3號,24.996230,121.480702,門牌
新北市中和區員山路151巷2弄2-1號,25.000882,121.480530,路名
新北市中和區員山路181巷17號3樓,24.997104,121.480434,門牌
新北市中和區員山路226巷20之1號,25.000333,121.481847,門牌
新北市中和區員山路268巷5弄8號(1樓),25.002291,121.481919,門牌
新北市中和區員山路327巷45號,25.002223,121.479404,門牌
新北市中和區員山路327巷53號,25.002071,121.479107,門牌
新北市中和區員山路370之4號2樓,25.004097,121.480814,門牌
新北市中和區員山路381巷1弄6號5樓,25.002343,121.480683,門牌
新北市中和區員山路423巷32號2樓︵現場僅供辦公室使用︶,25.002431,121.480338,門牌
新北市中和區員山路466巷21弄46號,25.007485,121.481025,門牌
新北市中和區員山路502號7樓之3,25.007398,121.479774,門牌
新北市中和區員山路506之1號3樓,25.008774,121.479764,門牌
新北市中和區員山路512號7樓,25.009013,121.479299,門牌
新北市中和區員山路534號,25.010115,121.479285,門牌
新北市中和區員山路579號,25.008734,121.478788,門牌
新北市中和區員山路581巷31弄26之1號,25.010587,121.476611,門牌
新北市中和區員山路90號,24.994365,121.480954,門牌
新北市中和區國光街107巷2弄17號2樓,24.999502,121.469842,門牌
新北市中和區國光街112巷16弄5之3號,25.001625,121.470001,門牌
新北市中和區國光街112巷20弄5號1樓,25.001866,121.470692,門牌
新北市中和區國光街112巷22弄9號,25.002439,121.469988,門牌
新北市中和區國光街215巷4弄15樓,24.993984,121.457268,路名
新北市中和區國光街215巷4弄17號(1樓),25.001692,121.465950,門牌
新北市中和區國光街215巷6弄17號（1樓）（現場僅供辦公室使用）,25.001437,121.466151,門牌
新北市中和區圓通路124號,24.995916,121.498689,門牌
新北市中和區圓通路137號4樓之3,24.995810,121.499006,門牌
新北市中和區圓通路158巷5弄9號5樓,24.996679,121.497712,門牌
新北市中和區圓通路180號3樓之3,24.994636,121.496582,門牌
新北市中和區圓通路198巷27號4樓,24.995238,121.495243,門牌
新北市中和區圓通路232巷8號(1樓),24.993272,121.494970,門牌
新北市中和區圓通路240巷3弄3號4樓,24.992429,121.494403,門牌
新北市中和區圓通路265巷25號,24.992694,121.496041,門牌
新北市中和區圓通路274號5樓之6,24.990826,121.492294,門牌
新北市中和區圓通路305巷18號5樓之1,24.988874,121.494859,門牌
新北市中和區圓通路367巷12號1樓,24.988992,121.491505,門牌
新北市中和區圓通路367巷13弄52號4樓,24.990733,121.493735,路名
新北市中和區圓通路367巷1之1號,24.988603,121.491991,門牌
新北市中和區圓通路367巷33弄107號,24.983979,121.495270,門牌
新北市中和區圓通路369巷187號3樓,24.981465,121.489454,門牌
新北市中和區圓通路403之1號8樓,24.989123,121.489209,門牌
新北市中和區大仁街10巷27弄3之2號,24.992680,121.519011,門牌
新北市中和區大仁街10巷27弄6號4樓,24.992744,121.519255,門牌
新北市中和區大勇街60巷13號(2樓),24.994839,121.518593,門牌
新北市中和區安和里保健路50巷9號,24.996452,121.510197,門牌
新北市中和區安平路121號12樓,24.997777,121.511780,門牌
新北市中和區安平路83號2樓之3,24.996144,121.510399,門牌
新北市中和區安樂路143巷35號,24.996717,121.513346,門牌
新北市中和區安樂路2巷30弄49號,24.990997,121.512730,門牌
新北市中和區宜安路1巷28弄4號,24.994272,121.512336,門牌
新北市中和區宜安路38之3號,24.996296,121.511713,路名
新北市中和區宜安里宜安路18巷5之1號2樓,24.995906,121.513563,門牌
新北市中和區建一路101號2樓,25.001622,121.488172,門牌
新北市中和區建一路148號7樓,24.998804,121.487974,門牌
新北市中和區建一路150號11樓之1,24.998435,121.487820,門牌
新北市中和區建一路150號3樓,24.998435,121.487820,門牌
新北市中和區建一路166號12樓,24.997800,121.487820,門牌
新北市中和區建一路176號7樓之1,24.997323,121.487805,門牌
新北市中和區建一路176號9樓,24.997323,121.487805,門牌
新北市中和區建一路186號16樓之2,24.996681,121.487813,門牌
新北市中和區建一路186號3樓,24.996681,121.487813,門牌
新北市中和區建一路7號5樓,25.003641,121.488209,門牌
新北市中和區建二路111號,25.003816,121.486417,門牌
新北市中和區建八路119號,24.998822,121.489285,門牌
新北市中和區建八路122號(4樓),24.998505,121.488470,門牌
新北市中和區建八路139巷2號(2樓),24.998942,121.490254,門牌
新北市中和區建八路169號8樓,24.999458,121.491097,門牌
新北市中和區建八路16號17樓之4,24.998233,121.486842,門牌
新北市中和區建八路16號18樓之2,24.998233,121.486842,門牌
新北市中和區建八路187號10樓,24.999539,121.491095,門牌
新北市中和區建八路206號15樓,24.998888,121.489700,路名
新北市中和區建八路206號2樓,24.998888,121.489700,路名
新北市中和區建八路209號14樓,24.999558,121.490277,門牌
新北市中和區建八路217號12樓,24.999550,121.490628,門牌
新北市中和區建八路2號12樓,24.998328,121.486187,門牌
新北市中和區建六路57號(1樓),25.002283,121.486636,門牌
新北市中和區建六路67巷10號,25.002556,121.486884,門牌
新北市中和區建康路130號6樓、6樓之1之9之10之11之12,25.000102,121.489022,門牌
新北市中和區建康路130號8樓之2,25.000102,121.489022,門牌
新北市中和區建康路158號10樓,25.000115,121.490392,門牌
新北市中和區建康路164號10樓,25.000118,121.490809,門牌
新北市中和區建康路168號2樓,25.000115,121.491139,門牌
新北市中和區建康路2號9樓,25.000059,121.485646,門牌
新北市中和區復興路280巷13之1號,24.991286,121.502122,門牌
新北市中和區復興路280巷3弄2之2號,24.990996,121.501968,門牌
新北市中和區復興路306之1號,24.990374,121.501313,門牌
新北市中和區復興路49巷2號5樓,24.989847,121.504587,門牌
新北市中和區德光路119號7樓,25.003063,121.467973,門牌
新北市中和區德光路77巷23號5樓,25.003268,121.470052,門牌
新北市中和區忠孝街2巷1號1樓,24.982535,121.510154,門牌
新北市中和區忠孝街46之7號11樓,24.983241,121.511238,門牌
新北市中和區忠孝街62巷9弄18號1樓,24.984066,121.512983,門牌
新北市中和區忠孝街81號,25.036791,121.443869,門牌
新北市中和區成功路17號12樓,24.993760,121.526391,門牌
新北市中和區新民街112號4樓,25.008369,121.480438,門牌
新北市中和區新民街112號5樓,25.008369,121.480438,門牌
新北市中和區新生街166巷8之3號（現場僅供辦公室使用）,25.000256,121.483222,門牌
新北市中和區新生街177巷1號4樓,25.000780,121.483955,門牌
新北市中和區新生街233巷12號6樓,24.998829,121.484249,門牌
新北市中和區新生街237之3號,24.998983,121.483888,門牌
新北市中和區新生街245之3號,24.998801,121.483892,門牌
新北市中和區景安路183號2樓,24.993128,121.504972,門牌
新北市中和區景安路223巷6號,24.991075,121.504489,門牌
新北市中和區景安路82巷5號,24.996159,121.505207,門牌
新北市中和區景平路110號,24.991699,121.519702,門牌
新北市中和區景平路150號6樓之6,24.992114,121.518262,門牌
新北市中和區景平路151巷13號,24.991611,121.514205,門牌
新北市中和區景平路166之1號,24.992265,121.517156,門牌
新北市中和區景平路182號9樓之7,24.992377,121.516453,門牌
新北市中和區景平路200號16樓之2,24.992456,121.515783,門牌
新北市中和區景平路241巷46號,24.992417,121.508286,門牌
新北市中和區景平路241巷82弄22號1樓,24.992238,121.506965,門牌
新北市中和區景平路279號,24.992959,121.507765,門牌
新北市中和區景平路37號,24.990422,121.522053,門牌
新北市中和區景平路385巷53號1樓,24.994332,121.501580,門牌
新北市中和區景平路422巷14號1樓,24.993705,121.508161,門牌
新北市中和區景平路432號1樓,24.993441,121.507137,門牌
新北市中和區景平路493巷15號2樓,24.997112,121.499436,門牌
新北市中和區景平路545巷1弄17之4號(5樓),24.998790,121.498896,門牌
新北市中和區景平路545巷1弄17之4號（現場僅供辦公室使用）,24.998790,121.498896,門牌
新北市中和區景平路566之2號3樓,24.995267,121.501982,門牌
新北市中和區景平路738號,25.004127,121.496648,門牌
新北市中和區景平路761號4樓之3,25.005071,121.495971,門牌
新北市中和區景平路763號8樓之1,25.005124,121.495942,門牌
新北市中和區景平路778號,25.005350,121.496189,門牌
新北市中和區景平路792號(1樓),25.006057,121.496001,門牌
新北市中和區景德街30號25樓,24.991450,121.518236,門牌
新北市中和區景德街37號4樓,24.991271,121.518148,門牌
新北市中和區景德街47號5樓之1,24.991320,121.517782,門牌
新北市中和區景新街168之1號4樓,24.996926,121.505797,門牌
新北市中和區景新街210巷31號,24.994098,121.507207,門牌
新北市中和區景新街273巷16之1號,24.993845,121.510104,門牌
新北市中和區景新街298巷4號3樓,24.991808,121.510960,門牌
新北市中和區景新街338號12樓,24.990736,121.511924,門牌
新北市中和區景新街383巷35號,24.990585,121.513011,門牌
新北市中和區景新街399巷1之2號,24.989889,121.512694,門牌
新北市中和區景新街418巷18弄2號,24.988593,121.512207,門牌
新北市中和區景新街467巷32弄7號3樓,24.988181,121.514727,門牌
新北市中和區景新街68號,24.998925,121.504226,門牌
新北市中和區景新街73巷1號1樓,24.998778,121.505200,門牌
新北市中和區板南路659號16樓,25.008287,121.483610,門牌
新北市中和區板南路665號6樓,25.008098,121.483619,門牌
新北市中和區板南路667號14樓,25.008055,121.483711,門牌
新北市中和區橋和路11號8樓,25.005897,121.493543,路名
新北市中和區橋和路120號4樓,25.005694,121.492211,門牌
新北市中和區橋和路13號13樓,25.005897,121.493543,路名
新北市中和區橋和路160巷27號13樓,25.005325,121.494639,門牌
新北市中和區橋和路160巷6號,25.005838,121.494232,門牌
新北市中和區橋和路288號,25.006877,121.496632,門牌
新北市中和區橋安街16號4樓,25.005168,121.492699,門牌
新北市中和區橋安街35號10樓,25.005370,121.492110,門牌
新北市中和區民享街119巷1號,24.998852,121.474566,門牌
新北市中和區民享街32巷18號1樓,25.003237,121.473038,門牌
新北市中和區民享街35巷7號2樓,25.004078,121.474678,門牌
新北市中和區民享街38號,25.003049,121.473777,門牌
新北市中和區民享街60巷2號4樓,25.002244,121.473888,門牌
新北市中和區民享街68巷14之1號,25.001832,121.473381,門牌
新北市中和區民享街86巷30弄3號1樓,25.000817,121.473078,門牌
新北市中和區民利街118巷9號4樓,24.997345,121.476742,門牌
新北市中和區民利街40巷1弄6之1號2樓,24.999170,121.479238,門牌
新北市中和區民利街40巷1弄6號2樓,24.999170,121.479238,門牌
新北市中和區民利街45號1樓,24.998817,121.479625,門牌
新北市中和區民利街68巷1弄9號,24.998379,121.478063,門牌
新北市中和區民利街68巷5弄30號,24.998850,121.477380,門牌
新北市中和區民安街101號4樓,24.999400,121.476057,路名
新北市中和區民安街25巷12弄24之1號,24.999758,121.479856,門牌
新北市中和區民德路146巷4號2樓,25.000500,121.468353,門牌
新北市中和區民德路146巷7弄16號2樓,24.999983,121.467872,門牌
新北市中和區民德路154號5樓,24.999978,121.468336,門牌
新北市中和區民德路172號12樓,24.999788,121.468288,門牌
新北市中和區民德路175號13樓,24.999509,121.468654,門牌
新北市中和區民德路25巷6號4樓（現場僅供辦公室使用）,25.002702,121.469240,門牌
新北市中和區民德路25巷8號5樓,25.002733,121.469305,門牌
新北市中和區民德路290巷10號,24.995852,121.467170,門牌
新北市中和區民德路76號4樓,25.001646,121.468597,門牌
新北市中和區民德路8巷12號,25.003053,121.468299,門牌
新北市中和區民有街26號,25.076495,121.372111,門牌
新北市中和區民有街35號8樓,25.005048,121.475871,門牌
新北市中和區民治街11巷7號,25.004393,121.475607,門牌
新北市中和區民治街23巷2號3樓,25.002053,121.475446,門牌
新北市中和區民治街5巷5之1號（現場僅供辦公室使用）,25.005146,121.475300,門牌
新北市中和區民治街9巷7之2號,25.004622,121.475563,門牌
新北市中和區水源路111號1樓,25.003275,121.507722,門牌
新北市中和區水源路26之2號,25.003499,121.504446,門牌
新北市中和區水源路2巷4號4樓,25.003185,121.502700,門牌
新北市中和區水源路34巷21弄2號4樓,25.002786,121.504759,門牌
新北市中和區永和路101號,25.009135,121.504095,路名
新北市中和區永和路9巷28號,25.003669,121.498162,門牌
新北市中和區永貞路284號(1樓),25.004075,121.513121,門牌
新北市中和區泰和街44巷28之4號,25.000867,121.498436,門牌
新北市中和區泰和街44巷44之1號,25.001389,121.498119,門牌
新北市中和區福祥路112號(1樓),25.006248,121.499087,門牌
新北市中和區福祥路158號4樓,25.007573,121.498610,門牌
新北市中和區秀峰街103巷3弄9號,24.989912,121.520889,門牌
新北市中和區秀峰街79巷2號(1樓),24.990212,121.521842,門牌
新北市中和區秀成里大智街109巷12號,24.993022,121.523852,門牌
新北市中和區秀景里秀朗路3段145號3樓,24.992318,121.524951,門牌
新北市中和區秀朗路3段10巷16弄1號,24.996152,121.523665,門牌
新北市中和區秀朗路3段128巷7弄2號1樓,24.992943,121.524525,門牌
新北市中和區秀朗路3段150巷4號4樓,24.990988,121.524036,門牌
新北市中和區秀朗路3段60巷7號,24.995012,121.525858,門牌
新北市中和區秀朗路3段78巷4弄11號4樓,24.994126,121.525181,門牌
新北市中和區立人街14巷42號,24.995626,121.518827,門牌
新北市中和區立人街25巷1號2樓,24.993819,121.521239,門牌
新北市中和區立德街103號5樓及105號5樓,25.008519,121.486062,門牌
新北市中和區立德街156號4樓,25.008765,121.486039,門牌
新北市中和區立德街306號2樓,25.010379,121.482910,門牌
新北市中和區立德街52巷2號,25.007708,121.488640,門牌
新北市中和區立德街98巷46號,25.008991,121.487814,門牌
新北市中和區立言街37號,25.006487,121.485723,門牌
新北市中和區立言街38號,25.005944,121.486801,門牌
新北市中和區自強路38巷5弄4號,24.995126,121.519797,門牌
新北市中和區自立路99巷18號3樓,24.994561,121.523038,門牌
新北市中和區自立路99巷36弄16號1樓,24.994076,121.523861,門牌
新北市中和區自立路99巷36弄8號,24.994299,121.523519,門牌
新北市中和區興南路1段50號(1樓),24.990636,121.510934,門牌
新北市中和區興南路1段93巷65之2號,24.986960,121.510339,門牌
新北市中和區興南路2段128巷5弄2之3號,24.984003,121.503646,門牌
新北市中和區興南路2段132號,24.983491,121.504176,門牌
新北市中和區興南路2段142巷19弄46號4樓,24.983574,121.502310,門牌
新北市中和區興南路2段242巷21之2號,24.982957,121.502410,門牌
新北市中和區興南路2段34巷22弄1號2樓,24.986645,121.505884,門牌
新北市中和區興南路2段34巷42號5樓,24.986001,121.504755,門牌
新北市中和區興南路2段34巷45號2樓,24.986358,121.505301,門牌
新北市中和區興南路2段3巷9號(1樓),24.986314,121.508216,門牌
新北市中和區興南路3段52巷臨16號,24.984943,121.505878,路名
新北市中和區興南路一段142號,24.984943,121.505878,路名
新北市中和區莊敬路33巷34弄23之3號,25.006050,121.501125,門牌
新北市中和區莒光路141之4號(5樓),25.001468,121.472685,門牌
新北市中和區莒光路3巷6號3樓,25.005949,121.472337,門牌
新北市中和區華南里忠孝街46之3號11樓,24.983357,121.511191,門牌
新北市中和區華安街16巷11號7樓,24.997739,121.466106,門牌
新北市中和區華安街17巷31之3號4樓,24.998349,121.467541,門牌
新北市中和區華新街143巷106弄22號2樓,24.978894,121.505995,門牌
新北市中和區華新街143巷57弄6號2樓,24.979683,121.506525,門牌
新北市中和區華新街144巷10弄6號4樓,24.983105,121.507849,門牌
新北市中和區華新街161巷1之3號（現場僅供辦公室使用）,24.981364,121.506136,門牌
新北市中和區華新街232巷15弄3號2樓,24.981876,121.505579,門牌
新北市中和區華新街9之2號,24.985247,121.507719,門牌
新北市中和區華福街86號,24.996382,121.467495,門牌
新北市中和區連勝街121巷8號,24.994754,121.494993,門牌
新北市中和區連勝街136號,24.996911,121.494290,門牌
新北市中和區連勝街40號,24.997653,121.497990,門牌
新北市中和區連城路112之1號,24.999811,121.496209,門牌
新北市中和區連城路127巷3號,24.999144,121.496410,門牌
新北市中和區連城路134巷14號,24.999483,121.495608,門牌
新北市中和區連城路134巷17號,25.000625,121.494910,門牌
新北市中和區連城路134巷18號3樓,25.000040,121.495348,門牌
新北市中和區連城路164之1號,24.997759,121.494077,門牌
新北市中和區連城路203巷7號4樓,24.997517,121.495025,門牌
新北市中和區連城路222巷2弄7號,24.997281,121.491656,門牌
新北市中和區連城路230號10樓,24.996810,121.489541,門牌
新北市中和區連城路232號5樓,24.996986,121.489500,門牌
新北市中和區連城路23巷1號,25.001852,121.499012,門牌
新北市中和區連城路23巷2號,25.001841,121.498865,門牌
新北市中和區連城路249巷12弄2號,24.996299,121.493777,門牌
新北市中和區連城路258號3樓之1,24.996445,121.487238,門牌
新北市中和區連城路258號6樓之2,24.996445,121.487238,門牌
新北市中和區連城路263巷23號7樓,24.994863,121.492680,門牌
新北市中和區連城路268號10樓之1,24.996609,121.486861,門牌
新北市中和區連城路319巷4弄15號1樓,24.995256,121.488913,門牌
新北市中和區連城路347巷6弄7號3樓,24.995262,121.487839,門牌
新北市中和區連城路374巷5號1樓,24.995521,121.481359,門牌
新北市中和區連城路428巷5弄8號,24.995236,121.479482,門牌
新北市中和區連城路469巷21弄12號,24.995030,121.484000,門牌
新北市中和區連城路469巷21弄1號(1樓),24.995163,121.483848,門牌
新北市中和區連城路469巷31號1樓,24.994764,121.483613,門牌
新北市中和區連城路477巷6弄1號2樓,24.995003,121.483078,門牌
新北市中和區連城路569巷9弄15號13樓,24.994396,121.479747,門牌
新北市中和區錦和路134號,24.998027,121.489299,門牌
新北市中和區錦和路194號4樓,24.995068,121.490133,門牌
新北市五股區中興路1段126號9樓,25.073551,121.465615,門牌
新北市五股區中興路1段170號,25.074928,121.463817,門牌
新北市五股區中興路1段171巷43號之2,25.032224,121.520709,路名
新北市五股區中興路1段1巷2號,25.071989,121.469600,門牌
新北市五股區中興路1段46巷5號(2樓),25.073047,121.468144,門牌
新北市五股區中興路1段49號,25.072444,121.468243,門牌
新北市五股區中興路1段56號,25.072747,121.467890,門牌
新北市五股區中興路1段8號8樓-3,25.073437,121.469633,門牌
新北市五股區中興路1段95巷18弄5號,25.072284,121.466121,門牌
新北市五股區中興路2段19號,25.074555,121.462715,門牌
新北市五股區中興路3段45巷5-8號,25.032224,121.520709,路名
新北市五股區中興路4段27巷11號1樓,25.082316,121.438604,門牌
新北市五股區中興路4段48巷10號之3（4樓）（現場僅供辦公室使用）,25.083220,121.438534,門牌
新北市五股區五工一路122號(4樓),25.071119,121.452181,門牌
新北市五股區五工三路111號,25.067281,121.455885,門牌
新北市五股區五工二路106巷3號,25.068684,121.457794,門牌
新北市五股區五工二路116巷9號,25.070709,121.455364,門牌
新北市五股區五工二路119號(1樓),25.070277,121.454698,門牌
新北市五股區五工五路24號,25.064789,121.452099,門牌
新北市五股區五工五路32號1樓,25.065984,121.450563,門牌
新北市五股區五工五路52號1樓,25.067796,121.448329,門牌
新北市五股區五工五路63號,25.068233,121.447333,門牌
新北市五股區五工六路18號,25.062472,121.450160,門牌
新北市五股區五工六路21號,25.062753,121.449245,門牌
新北市五股區五工六路23號之1,25.062749,121.448816,門牌
新北市五股區五工六路47號,25.065406,121.446104,門牌
新北市五股區五工六路55號,25.068314,121.446580,門牌
新北市五股區五工六路62號,25.069066,121.448076,門牌
新北市五股區五工路103號,25.065276,121.455078,門牌
新北市五股區五工路105號(6樓),25.065594,121.454913,門牌
新北市五股區五工路110號,25.066016,121.454996,門牌
新北市五股區五工路144號1樓,25.070356,121.449645,門牌
新北市五股區五權七路20號8樓,25.066468,121.448471,門牌
新北市五股區五權七路26號,25.067760,121.449381,門牌
新北市五股區五權七路29號,25.068055,121.449117,門牌
新北市五股區五權七路32號1樓,25.068253,121.449709,門牌
新北市五股區五權七路77號,25.070645,121.453743,門牌
新北市五股區五權三路1號,25.062331,121.451111,門牌
新北市五股區五權三路28號,25.065251,121.454061,門牌
新北市五股區五權二路11號1樓,25.064755,121.455214,門牌
新北市五股區五權二路17號,25.066075,121.456464,門牌
新北市五股區五權五路31號,25.065913,121.452134,門牌
新北市五股區五權五路33號,25.066122,121.452182,門牌
新北市五股區五權五路41號,25.066742,121.452761,門牌
新北市五股區五權八路16號(3樓),25.067047,121.447453,門牌
新北市五股區五權八路24號,25.067581,121.447955,門牌
新北市五股區五權八路26號,25.068181,121.448360,門牌
新北市五股區五權八路29號,25.068647,121.448333,門牌
新北市五股區五權八路39號,25.069301,121.448898,門牌
新北市五股區五權六路18號,25.065527,121.450653,路名
新北市五股區五權六路26號,25.065784,121.451269,門牌
新北市五股區五權六路30號,25.066160,121.451474,門牌
新北市五股區五權六路39號,25.067203,121.451792,門牌
新北市五股區五權路23號,25.066818,121.450033,門牌
新北市五股區五權路2之1號3樓,25.064309,121.448559,門牌
新北市五股區五權路2之1號7樓,25.064309,121.448559,門牌
新北市五股區五權路2之1號8樓,25.064309,121.448559,門牌
新北市五股區五權路36號,25.067428,121.451153,門牌
新北市五股區五權路43號9樓,25.069140,121.452235,門牌
新北市五股區五權路49號3樓,25.069109,121.452758,門牌
新北市五股區五權路54號,25.069071,121.454123,門牌
新北市五股區五權路7巷6號4樓,25.065207,121.448335,門牌
新北市五股區五權路8號,25.064615,121.448829,門牌
新北市五股區五權路9號5樓,25.065682,121.448828,門牌
新北市五股區五福路14巷28號2樓,25.088836,121.435613,門牌
新北市五股區五福路32巷12號,25.089371,121.434579,門牌
新北市五股區五福路42巷23號3樓,25.090052,121.434735,門牌
新北市五股區五福路75號8樓,25.090084,121.432462,門牌
新北市五股區五股里成泰路2段110號(1樓),25.083253,121.437894,門牌
新北市五股區凌雲路1段149巷24之3號,25.103945,121.446472,路名
新北市五股區凌雲路2段16號,25.103206,121.444788,門牌
新北市五股區凌雲路2段2號之1,25.103002,121.447325,門牌
新北市五股區凌雲路3段2號之6(1樓),25.103235,121.438806,門牌
新北市五股區四維路114之3號9樓,25.074104,121.467936,門牌
新北市五股區四維路115號3樓,25.073617,121.467403,門牌
新北市五股區四維路116之1號4樓,25.074436,121.467950,門牌
新北市五股區四維路155巷36弄12號,25.074923,121.466888,門牌
新北市五股區四維路30巷34弄16號,25.070842,121.468498,門牌
新北市五股區工商路162號6樓,25.087955,121.433557,門牌
新北市五股區工商路168號,25.087804,121.433298,門牌
新北市五股區工商路185號4樓,25.086936,121.433927,門牌
新北市五股區工商路85巷11號3樓,25.084634,121.437896,門牌
新北市五股區御史路1巷31號,25.089843,121.440993,門牌
新北市五股區御史路1巷31號5樓,25.089843,121.440993,門牌
新北市五股區御史路41巷11號,25.092471,121.441991,門牌
新北市五股區御史路85號10樓,25.094723,121.440439,門牌
新北市五股區御史路97號6樓,25.094798,121.439999,門牌
新北市五股區成泰路1段189巷16號12樓,25.076684,121.433945,門牌
新北市五股區成泰路1段189巷16號5樓,25.076684,121.433945,門牌
新北市五股區成泰路1段189巷16號6樓,25.076684,121.433945,門牌
新北市五股區成泰路1段189巷16號8樓,25.076684,121.433945,門牌
新北市五股區成泰路1段189巷32弄15號3樓,25.076370,121.432954,門牌
新北市五股區成泰路1段189巷4弄5號4樓,25.076902,121.434524,門牌
新北市五股區成泰路1段2-9號4樓,25.088278,121.442729,路名
新北市五股區成泰路1段235號之12十四樓之1,25.079609,121.436224,門牌
新北市五股區成泰路1段2之9號4樓,25.067125,121.434226,門牌
新北市五股區成泰路1段2號10樓,25.066729,121.433827,門牌
新北市五股區成泰路1段2號3樓,25.066729,121.433827,門牌
新北市五股區成泰路1段2號4樓,25.066729,121.433827,門牌
新北市五股區成泰路1段2號6樓,25.066729,121.433827,門牌
新北市五股區成泰路1段2號7樓,25.066729,121.433827,門牌
新北市五股區成泰路1段2號8樓,25.066729,121.433827,門牌
新北市五股區成泰路1段2號9樓,25.066729,121.433827,門牌
新北市五股區成泰路1段7巷13號(1樓),25.066918,121.432664,門牌
新北市五股區成泰路1段8巷1號,25.067215,121.435783,門牌
新北市五股區成泰路2段145號,25.085294,121.438888,門牌
新北市五股區成泰路2段197巷17號,25.088113,121.440293,門牌
新北市五股區成泰路2段91巷17號16樓,25.084121,121.437216,門牌
新北市五股區成泰路3段221巷40號,25.093848,121.446026,門牌
新北市五股區成泰路3段2巷3號,25.086251,121.441049,門牌
新北市五股區成泰路3段42號3樓,25.088769,121.442410,門牌
新北市五股區成泰路3段449號(1樓),25.098154,121.450064,門牌
新北市五股區成泰路3段491巷9號1樓,25.099094,121.449918,門牌
新北市五股區成泰路3段577巷109號9樓,25.103781,121.448533,門牌
新北市五股區成泰路3段577巷14號1樓,25.102825,121.451843,門牌
新北市五股區成泰路3段577巷54弄15號,25.103836,121.450734,門牌
新北市五股區成泰路3段577巷54弄38號,25.103631,121.451314,門牌
新北市五股區成泰路4段22巷24號,25.107827,121.455358,門牌
新北市五股區成泰路4段22巷2號2樓之5,25.106610,121.453974,門牌
新北市五股區成泰路4段60號7樓,25.088278,121.442729,路名
新北市五股區成泰路4段72號10樓,25.088278,121.442729,路名
新北市五股區成泰路一段189巷16號地下2樓,25.088278,121.442729,路名
新北市五股區成泰路一段2號7樓,25.088278,121.442729,路名
新北市五股區成泰路三段341號之1,25.088278,121.442729,路名
新北市五股區成泰里御成路113號4樓,25.093846,121.441030,門牌
新北市五股區新五路2段215號(1樓),25.080604,121.442676,路名
新北市五股區新五路2段235號,25.080604,121.442676,路名
新北市五股區新五路2段285號8樓,25.080604,121.442676,路名
新北市五股區新五路3段12號(1樓),25.087133,121.444128,門牌
新北市五股區新五路3段171號8樓,25.080604,121.442676,路名
新北市五股區新五路3段210號(2樓),25.090149,121.446458,門牌
新北市五股區新五路3段26號,25.087245,121.444227,門牌
新北市五股區新五路3段280號13樓,25.080604,121.442676,路名
新北市五股區新五路三段302號(3樓),25.080604,121.442676,路名
新北市五股區新城一路55號3樓,25.084920,121.441105,門牌
新北市五股區新城一路77號7樓,25.085240,121.440922,門牌
新北市五股區新城八路10號9樓,25.089358,121.447176,門牌
新北市五股區新城八路310號(1樓),25.091547,121.445982,門牌
新北市五股區新城八路330號15樓,25.090393,121.446864,路名
新北市五股區民義路1段101之3號,25.086137,121.434163,門牌
新北市五股區民義路1段101號(1樓),25.085928,121.434403,門牌
新北市五股區民義路1段109之3號7樓,25.086336,121.433885,門牌
新北市五股區民義路1段163號之5二樓,25.087834,121.432315,門牌
新北市五股區民義路1段183巷14號,25.087057,121.431014,門牌
新北市五股區民義路1段193巷4號2樓,25.088345,121.430881,門牌
新北市五股區民義路1段220巷14號,25.092332,121.428679,門牌
新北市五股區民義路1段53巷4號2樓,25.084604,121.435765,門牌
新北市五股區水碓一路14號7樓,25.073025,121.432419,門牌
新北市五股區水碓五路130號(1樓),25.072820,121.431053,門牌
新北市五股區水碓五路159號,25.073370,121.431052,門牌
新北市五股區登林路81之7號13樓,25.069885,121.427626,門牌
新北市五股區自強路137號6樓,25.069593,121.432165,門牌
新北市五股區自強路30號(1樓),25.216611,121.640097,門牌
新北市五股區自強路43號3樓,25.073753,121.433593,門牌
新北市五股區自強路68號2樓,25.073579,121.433172,門牌
新北市五股區芳洲五路60號,25.086444,121.444975,門牌
新北市五股區芳洲五路66號,25.086435,121.445120,門牌
新北市五股區芳洲八路158號6樓,25.088929,121.446450,門牌
新北市五股區芳洲八路80號,25.087351,121.446441,門牌
新北市五股區芳洲八路80號15樓,25.087351,121.446441,門牌
新北市五股區西雲路116之20號6樓,25.093141,121.444698,門牌
新北市五股區西雲路118號7樓,25.093624,121.444909,門牌
新北市五股區西雲路183號之2四樓,25.095533,121.447563,門牌
新北市五股區西雲路207號3樓,25.096692,121.448548,門牌
新北市五股區西雲路213號2樓,25.096822,121.448644,門牌
新北市五股區西雲路215巷20號4樓,25.097284,121.448307,門牌
新北市五股區西雲路215巷22號,25.097232,121.448244,門牌
新北市五股區西雲路76巷4號,25.091754,121.444028,門牌
新北市五股區西雲路94巷3號2樓,25.092560,121.444189,門牌
新北市八里區下罟子61之4號1樓,25.135594,121.386083,門牌
新北市八里區下罟里5鄰中山路三段388之5號,25.033328,121.476094,路名
新北市八里區中山路1段217巷38號(1樓),25.157052,121.411549,門牌
新北市八里區中山路1段268巷49號,25.160522,121.413912,門牌
新北市八里區中山路1段268巷5弄32號,25.160943,121.414467,門牌
新北市八里區中山路1段372號9樓,25.158812,121.412164,門牌
新北市八里區中山路2段181號7樓,25.150170,121.404890,門牌
新北市八里區中山路2段438號2樓,25.147456,121.399518,門牌
新北市八里區中山路2段447巷17號,25.145406,121.397121,門牌
新北市八里區中山路2段447巷18號,25.144996,121.397205,門牌
新北市八里區中山路2段447巷9號3樓,25.145899,121.397246,門牌
新北市八里區中山路2段96號,25.155353,121.407657,門牌
新北市八里區中華路1段272號5樓,25.155436,121.416029,門牌
新北市八里區中華路2段308巷6弄29號,25.149364,121.404220,門牌
新北市八里區中華路2段340號,25.147798,121.403008,門牌
新北市八里區中華路2段346號14樓,25.147693,121.402878,門牌
新北市八里區中華路2段360號9樓,25.147907,121.402790,門牌
新北市八里區中華路2段388號2樓,25.147086,121.402138,門牌
新北市八里區中華路2段506號10樓之1,25.145530,121.399733,門牌
新北市八里區中華路2段536之5號5樓,25.145257,121.399119,門牌
新北市八里區中華路2段566號6樓,25.144853,121.398655,門牌
新北市八里區中華路3段175號,25.129254,121.392371,門牌
新北市八里區中華路3段43號之3,25.142105,121.395905,門牌
新北市八里區仁愛路106號,25.055443,121.433388,門牌
新北市八里區仁愛路161號,25.157628,121.408884,門牌
新北市八里區仁愛路195號(1樓),25.156316,121.407277,門牌
新北市八里區仁愛路21號11樓,25.219130,121.637436,門牌
新北市八里區厦竹圍27之3號,25.156849,121.392117,路名
新北市八里區商港六路88號,25.148484,121.396397,路名
新北市八里區商港路133號,25.146751,121.395515,路名
新北市八里區商港路6號2樓,25.144589,121.397267,門牌
新北市八里區四維街15號2樓,24.987131,121.513175,門牌
新北市八里區忠孝路171號,25.160619,121.423353,門牌
新北市八里區忠孝路299號4樓,25.037217,121.456563,路名
新北市八里區忠孝路416號,25.161428,121.416816,門牌
新北市八里區忠孝路47之5號,25.160075,121.428338,門牌
新北市八里區文化街127號,25.159915,121.422185,門牌
新北市八里區文心街49號,25.160603,121.428475,門牌
新北市八里區舊城里中華路2段510號,25.145404,121.399546,門牌
新北市八里區華峰一街20號,25.146782,121.399226,門牌
新北市八里區華峰三街31號(1樓),25.145752,121.399458,門牌
新北市八里區觀海大道170號4樓,25.162393,121.422624,門牌
新北市八里區訊塘里厦竹圍22-1號,25.156849,121.392117,路名
新北市八里區賢一街219號(1樓),25.155847,121.415680,門牌
新北市八里區長坑口40號,25.130508,121.388457,門牌
新北市八里區頂寮一街18號,25.124650,121.452185,門牌
新北市八里區頂寮二街15號,25.124373,121.450628,門牌
新北市八里區頂寮二街71號4樓,25.125294,121.449612,門牌
新北市八里區龍形一街19巷1弄11號5樓,25.130291,121.450715,門牌
新北市八里區龍形二街9巷2號4樓,25.131217,121.450300,門牌
新北市八里區龍形五街33號2樓,25.133128,121.449721,門牌
新北市八里區龍米路1段127號3樓,25.126628,121.452152,門牌
新北市八里區龍米路1段358號7樓之1,25.131229,121.451607,門牌
新北市八里區龍米路1段390號,25.132892,121.451477,門牌
新北市八里區龍米路1段65巷30號,25.121047,121.455000,門牌
新北市八里區龍米路2段200巷16號16樓,25.159470,121.433236,門牌
新北市八里區龍米路2段221之1號,25.158581,121.430458,門牌
新北市八里區龍米路2段228之8號9樓,25.158772,121.432391,門牌
新北市八里區龍米路2段228之9號7樓,25.158886,121.432392,門牌
新北市八里區龍米路2段232巷1弄3號,25.159198,121.431250,門牌
新北市八里區龍米路2段232巷8號,25.159089,121.431868,門牌
新北市八里區龍米路2段36號11樓之5,25.140194,121.448587,門牌
新北市八里區龍米路二段200巷6弄3號1樓,25.141106,121.444892,路名
新北市土城區中央路1段118巷1弄1號1樓,24.988138,121.446152,門牌
新北市土城區中央路1段121巷10弄4號(1樓),24.987727,121.447781,門牌
新北市土城區中央路1段156巷4號4樓,24.987419,121.445807,門牌
新北市土城區中央路1段256巷2號5樓,24.984478,121.444060,門牌
新北市土城區中央路1段260巷13號3樓,24.984436,121.443499,門牌
新北市土城區中央路1段292巷10弄12號5樓,24.983050,121.443236,門牌
新北市土城區中央路1段365巷19號,24.980389,121.445561,門牌
新北市土城區中央路2段149巷34號,24.976476,121.443575,門牌
新北市土城區中央路2段191號15樓之1,24.975519,121.442127,門牌
新北市土城區中央路2段211號13樓之1,24.974197,121.441452,門牌
新北市土城區中央路2段211號5樓之1,24.974197,121.441452,門牌
新北市土城區中央路2段270巷8號6樓,24.974844,121.441120,門牌
新北市土城區中央路2段306巷1號3樓,24.973286,121.440198,門牌
新北市土城區中央路2段50巷28號3樓,24.980306,121.440752,門牌
新北市土城區中央路3段126巷10號,24.966599,121.434764,門牌
新北市土城區中央路3段126巷36弄1號,24.968089,121.434424,門牌
新北市土城區中央路3段126巷36弄9號,24.968008,121.434728,門牌
新北市土城區中央路3段141之2號2樓,24.965292,121.433417,門牌
新北市土城區中央路3段184巷9之1號,24.965582,121.429725,門牌
新北市土城區中央路3段1號1樓,24.970585,121.439590,門牌
新北市土城區中央路3段222之1號,24.965030,121.429088,門牌
新北市土城區中央路3段235巷2號,24.963986,121.428858,門牌
新北市土城區中央路3段239巷10號10樓,24.963857,121.428431,門牌
新北市土城區中央路3段244巷1號,24.964813,121.427777,門牌
新北市土城區中央路3段249巷6號,24.963599,121.427892,門牌
新北市土城區中央路3段281巷15弄14號(1樓),24.962137,121.426538,門牌
新北市土城區中央路3段52號4樓,24.967703,121.437018,門牌
新北市土城區中央路3段52號5樓,24.967703,121.437018,門牌
新北市土城區中央路3段86號4樓,24.967062,121.436131,門牌
新北市土城區中央路3段87號3樓,24.967806,121.437841,門牌
新北市土城區中央路3段93號3樓,24.967598,121.437569,門牌
新北市土城區中央路4段125巷75號(1樓),24.991404,121.450762,路名
新北市土城區中央路4段279巷3號11樓之3,24.953713,121.413216,門牌
新北市土城區中央路4段279巷8號4樓,24.953779,121.413814,門牌
新北市土城區中央路4段2號3樓之5,24.963418,121.425957,門牌
新北市土城區中央路4段321巷26號5樓,24.951246,121.411325,門牌
新北市土城區中央路4段37巷17、19號,24.991404,121.450762,路名
新北市土城區中央路4段37巷30號,24.961023,121.423655,門牌
新北市土城區中央路4段67巷24號4樓,24.957285,121.417580,門牌
新北市土城區中央路四段49號,24.977372,121.532836,門牌
新北市土城區中山路10號,25.033003,121.865099,門牌
新北市土城區中山路11之1號,25.290493,121.565806,門牌
新北市土城區中山路19號,25.290340,121.566092,門牌
新北市土城區中山路30號、32號,25.032694,121.865517,門牌
新北市土城區中山路48之1號,24.965646,121.427396,門牌
新北市土城區中山路48號、48號2樓,25.078567,121.395303,門牌
新北市土城區中山路4巷3號,24.959577,121.413475,門牌
新北市土城區中山路56號,25.031749,121.867138,門牌
新北市土城區中山路68號8樓之2,25.291531,121.567897,門牌
新北市土城區中山路69號,25.218382,121.640508,門牌
新北市土城區中山路71號,25.218436,121.640442,門牌
新北市土城區中山路74號,24.970990,121.432045,門牌
新北市土城區中山路9號,25.032579,121.864982,門牌
新北市土城區中州路1之5號7樓,24.957325,121.414497,門牌
新北市土城區中州路3巷22號(1樓),24.957108,121.413991,門牌
新北市土城區中州路3巷31弄6號3樓,24.956545,121.413890,門牌
新北市土城區中州路68號3樓,24.958192,121.412140,門牌
新北市土城區中正路1號8樓之5,25.222486,121.637371,門牌
新北市土城區中興路16號,25.059466,121.637148,門牌
新北市土城區中興路17號,24.966592,121.425087,門牌
新北市土城區中興路18之1號1樓,24.966270,121.425511,門牌
新北市土城區中興路23號,24.966874,121.426027,門牌
新北市土城區中興路6之1號,24.964579,121.424324,門牌
新北市土城區中興路9號,24.964233,121.422928,門牌
新北市土城區中華路1段121號2樓,24.986740,121.444484,門牌
新北市土城區中華路1段172號,24.982855,121.441198,門牌
新北市土城區中華路1段215號6樓,24.984318,121.442548,門牌
新北市土城區中華路1段219號8樓,25.033563,121.465018,路名
新北市土城區中華路1段36號3樓之5,25.158297,121.422066,門牌
新北市土城區中華路1段39之2號,24.988558,121.446076,門牌
新北市土城區中華路1段60號4樓,24.988314,121.445356,門牌
新北市土城區中華路1段70巷11號,24.988674,121.444530,門牌
新北市土城區中華路2段108號,24.974236,121.437902,門牌
新北市土城區中華路2段123號7樓,24.976599,121.439164,門牌
新北市土城區中華路2段239號,24.972599,121.437761,門牌
新北市土城區中華路2段243號,24.972529,121.437736,門牌
新北市土城區亞洲路11巷3弄20號,24.971366,121.435838,門牌
新北市土城區亞洲路20號（1樓）,24.974676,121.436420,門牌
新北市土城區亞洲路41號,24.971557,121.433700,門牌
新北市土城區亞洲路58巷3弄14號,24.973524,121.434563,門牌
新北市土城區亞洲路90巷39號5樓,24.973016,121.433735,門牌
新北市土城區仁愛路50之2號,24.978582,121.461986,門牌
新北市土城區勝利街10巷6號5樓,24.970018,121.429230,門牌
新北市土城區千歲路3巷12號,24.970285,121.441085,門牌
新北市土城區南天母路137之1號3樓,24.953881,121.447953,門牌
新北市土城區南天母路156號5樓,24.952472,121.447574,門牌
新北市土城區和平路6巷2號5樓,24.974461,121.442514,門牌
新北市土城區國際路139巷12號,24.976813,121.468554,門牌
新北市土城區國際路55號,24.977991,121.466737,門牌
新北市土城區國際路64號,24.977429,121.466491,門牌
新北市土城區大同街18號,25.035050,121.864749,門牌
新北市土城區大同街21號,24.959743,121.416381,門牌
新北市土城區大同街23號4樓~8樓,24.959506,121.415995,門牌
新北市土城區大同街25號,24.959239,121.415583,門牌
新北市土城區大安里亞洲路11巷3弄22號,24.971418,121.436030,門牌
新北市土城區大安里忠承路32號1樓,24.965325,121.438479,門牌
新北市土城區大暖路124、126號,24.959028,121.422964,路名
新北市土城區大暖路148號,24.955321,121.423823,門牌
新北市土城區大暖路28號5樓,24.959885,121.423416,門牌
新北市土城區大暖路67號,24.957301,121.422910,門牌
新北市土城區大暖路71號,24.956751,121.423293,門牌
新北市土城區學士路287號10樓,24.971711,121.431419,路名
新北市土城區學士路398號4樓,24.971711,121.431419,路名
新北市土城區學士路57號7樓,24.981680,121.452392,門牌
新北市土城區學府路1段115巷22號14樓,24.986443,121.455999,門牌
新北市土城區學府路1段115巷5號10樓,24.987369,121.456205,門牌
新北市土城區學府路1段13號6樓,24.987868,121.458743,門牌
新北市土城區學府路1段164巷4弄13號5樓,24.987481,121.454083,門牌
新北市土城區學府路1段164巷4弄13號5樓（現場僅供辦公室使用）,24.987481,121.454083,門牌
新北市土城區學府路1段209巷6號3樓,24.984248,121.451896,門牌
新北市土城區學府路1段23巷31號,24.986759,121.457536,門牌
新北市土城區學府路1段280巷11號6樓,24.982829,121.449499,門牌
新北市土城區學府路1段280巷13號5樓,24.982704,121.449486,門牌
新北市土城區學府路1段91號(1樓),24.987967,121.456407,門牌
新北市土城區學府路2段39號3樓,24.981004,121.450026,門牌
新北市土城區學成路161號2樓,24.988996,121.448427,門牌
新北市土城區學成路22巷1弄8號2樓,24.987435,121.453043,門牌
新北市土城區學成路72號2樓（現場僅供辦公室使用）,24.988154,121.451552,門牌
新北市土城區學成路78巷1號5樓,24.988633,121.450962,門牌
新北市土城區學成路88號4樓（現場僅供辦公室使用）,24.988791,121.450621,門牌
新北市土城區學成路94巷16號3樓,24.989520,121.450975,門牌
新北市土城區峯廷街5號13樓之1,24.987228,121.469152,門牌
新北市土城區平和里延平街50號,25.056995,121.924972,門牌
新北市土城區廣明街68巷2號5樓,24.993743,121.455313,門牌
新北市土城區廣明街78巷3號3樓,24.994170,121.455176,門牌
新北市土城區廣福街100號7樓,24.992238,121.456459,門牌
新北市土城區廣福街14巷25號,24.989243,121.457989,門牌
新北市土城區廣福街23號2樓,24.989159,121.456907,門牌
新北市土城區延吉街106巷11號5樓,24.986656,121.470024,門牌
新北市土城區延吉街137巷12弄9號,24.985358,121.470585,門牌
新北市土城區延吉街137巷2弄1號,24.985892,121.470775,門牌
新北市土城區延吉街165巷26號4樓,24.985264,121.470197,門牌
新北市土城區延吉街291巷11號7樓,24.984244,121.467202,門牌
新北市土城區延吉街296巷1弄3號3樓,24.984325,121.464304,門牌
新北市土城區延吉街296巷4號,24.984440,121.464535,門牌
新北市土城區延吉街307之1號6樓,24.984412,121.466275,門牌
新北市土城區延吉街329號17樓,24.984192,121.465518,門牌
新北市土城區延和路105巷1弄13號1樓,24.990165,121.466974,門牌
新北市土城區延和路105巷1弄4號8樓,24.990464,121.467338,門牌
新北市土城區延和路105巷5弄8號5樓,24.991067,121.466946,門牌
新北市土城區延和路125巷9號,24.991171,121.468655,門牌
新北市土城區延和路177巷11弄6號2樓（現場僅供辦公室使用）,24.990908,121.469772,門牌
新北市土城區延和路201號1樓,24.990182,121.469536,門牌
新北市土城區延和路63號2樓,24.989823,121.466801,門牌
新北市土城區延和路86號3樓,24.989380,121.466362,門牌
新北市土城區延和路91號2樓,24.989998,121.467131,門牌
新北市土城區延壽路13巷17號2樓,24.991286,121.469976,門牌
新北市土城區延壽路77巷4弄31號2樓,24.993217,121.468930,門牌
新北市土城區延安街35巷14號4樓,24.984506,121.468563,門牌
新北市土城區延峯街23號,24.986049,121.469313,門牌
新北市土城區延峯街29巷2號3樓,24.985125,121.469559,門牌
新北市土城區延平街50號2樓,25.056995,121.924972,門牌
新北市土城區延平街69巷10號,24.992669,121.467321,門牌
新北市土城區延平街69巷6號(1樓),24.993056,121.467400,門牌
新北市土城區延平街71號4樓,25.055918,121.924463,門牌
新北市土城區復興街17號,24.968971,121.427446,門牌
新北市土城區復興街5號,25.026540,121.927490,門牌
新北市土城區德興街133號3樓,24.991851,121.455090,門牌
新北市土城區忠承路101號4樓,24.964846,121.438594,門牌
新北市土城區忠承路105號5樓,24.964715,121.438447,門牌
新北市土城區忠承路29巷1、3號,24.966366,121.440254,路名
新北市土城區忠義路21號,25.260963,121.626893,門牌
新北市土城區忠義路36巷15號,24.969563,121.439896,門牌
新北市土城區忠義路55巷2號2樓,24.968521,121.441035,門牌
新北市土城區忠義路55巷2號5樓,24.968521,121.441035,門牌
新北市土城區忠義路55巷31號,24.967493,121.443005,門牌
新北市土城區忠義路55巷58號,24.967272,121.443086,門牌
新北市土城區慶安街18號,24.973457,121.441752,門牌
新北市土城區慶祥街116號,24.972328,121.435189,門牌
新北市土城區成功街7號,24.967567,121.425681,門牌
新北市土城區承天路107巷6號6樓,24.954493,121.446653,門牌
新北市土城區承天路27號,24.965513,121.436765,門牌
新北市土城區承天路28號,24.963226,121.439804,門牌
新北市土城區承天路35之1號9樓,24.961500,121.440461,路名
新北市土城區承天路4巷1之1號,24.963679,121.436445,門牌
新北市土城區承天路4巷2之17號,24.962826,121.436310,門牌
新北市土城區承天路65號1樓,24.963589,121.439507,門牌
新北市土城區承天路71巷11號,24.963583,121.440388,門牌
新北市土城區承天路71巷4弄15之1號,24.961500,121.440461,路名
新北市土城區承天路90之1號,24.956870,121.444959,門牌
新北市土城區日新街37巷7號,24.987895,121.442642,門牌
新北市土城區日新街43號,24.988515,121.442642,門牌
新北市土城區明德路1段196巷11號,24.978333,121.461462,門牌
新北市土城區明德路1段20巷1弄3號,24.984778,121.464800,門牌
新北市土城區明德路1段20巷2弄5號5樓（現場僅供辦公室使用）,24.985058,121.464599,門牌
新北市土城區明德路1段240巷26弄27號4樓,24.978476,121.460831,門牌
新北市土城區明德路1段303號3樓,24.977110,121.459802,門牌
新北市土城區明德路1段313巷11弄3號,24.975909,121.459933,門牌
新北市土城區明德路1段48巷6號,24.983827,121.464901,門牌
新北市土城區明德路1段60巷6號2樓,24.983496,121.465006,門牌
新北市土城區明德路2段167巷7號3樓,24.982776,121.448064,門牌
新北市土城區明德路2段45號10樓,24.990433,121.470714,路名
新北市土城區明德路2段58號17樓之1,24.983267,121.448992,門牌
新北市土城區明德路2段60號14樓之5,24.983515,121.448619,門牌
新北市土城區明德路2段60號21樓之7,24.983515,121.448619,門牌
新北市土城區明德路2段62號5樓.5樓之1.5樓之2,24.983120,121.448414,門牌
新北市土城區明德路2段68號(1樓),24.983323,121.447753,門牌
新北市土城區明德路2段69號7樓,24.981052,121.451268,門牌
新北市土城區柑林里裕民路275號3樓,24.981896,121.455772,門牌
新北市土城區民族街62巷2號,24.964127,121.418430,門牌
新北市土城區民權街14號,24.964395,121.415801,門牌
新北市土城區水源街35巷8號2樓,24.975481,121.440534,門牌
新北市土城區水源街89號12樓,24.976569,121.439418,門牌
新北市土城區永安街17號4樓（現場僅供辦公室使用）,24.964743,121.433765,門牌
新北市土城區永安街27號,24.964449,121.433271,門牌
新北市土城區永安街7號2樓,24.965119,121.434202,門牌
新北市土城區永寧路22號7樓,24.961543,121.429712,門牌
新北市土城區永寧路32巷10弄33號(1樓),24.961169,121.428541,門牌
新北市土城區永寧路32巷10弄45號,24.961263,121.429002,門牌
新北市土城區永寧路32巷21號1樓,24.960695,121.428639,門牌
新北市土城區永寧里大安路157號8樓,24.970356,121.433303,門牌
新北市土城區永平街40號,25.091236,121.458315,門牌
新北市土城區永平街6號(3樓),25.090547,121.459555,門牌
新北市土城區永豐路151巷29號11樓,24.982982,121.467837,門牌
新北市土城區永豐路191號,24.978098,121.470953,門牌
新北市土城區永豐路195巷10號,24.978785,121.472557,門牌
新北市土城區永豐路195巷13號,24.979141,121.473113,門牌
新北市土城區永豐路195巷20號,24.979142,121.473368,門牌
新北市土城區永豐路195巷27弄32號,24.980397,121.472679,門牌
新北市土城區永豐路195巷2之11號3樓,24.978498,121.472028,門牌
新北市土城區永豐路195巷2之1號5樓,24.978447,121.471931,門牌
新北市土城區永豐路195巷7弄25之1號,24.979217,121.471029,門牌
新北市土城區永豐路195巷7弄27號,24.979449,121.470915,門牌
新北市土城區永豐路270巷19弄9號5樓,24.976776,121.470412,門牌
新北市土城區永豐路31巷12號4樓,24.988072,121.463356,門牌
新北市土城區清水路258巷10號(1樓),24.982728,121.461785,門牌
新北市土城區清水路282號6樓,24.983512,121.462196,門牌
新北市土城區清水路320號6樓,24.985198,121.463838,門牌
新北市土城區清水路68號6樓,24.981586,121.456322,門牌
新北市土城區清水里明德路1段178之1號,24.978291,121.462317,門牌
新北市土城區清溪里永豐路138號,24.986498,121.463610,門牌
新北市土城區清溪里金城路2段396號10樓,24.985644,121.463865,門牌
新北市土城區石門路47號,24.964658,121.457631,門牌
新北市土城區石門路95巷3之1號,24.957773,121.469312,門牌
新北市土城區福仁街55號,24.974723,121.439666,門牌
新北市土城區福仁街75巷11號5樓,24.974434,121.439740,門牌
新北市土城區福安街100之6號,24.964289,121.417429,門牌
新北市土城區福安街12巷1號(4樓),24.965310,121.419897,門牌
新北市土城區福安街80之10號,24.964710,121.417447,門牌
新北市土城區福祥街61號,24.980456,121.440942,門牌
新北市土城區福祥街75號6樓,24.980846,121.441152,門牌
新北市土城區立德路135巷5弄10號(1樓),24.987434,121.464701,門牌
新北市土城區立德路17巷2號7樓,24.988385,121.461738,門牌
新北市土城區立德路32號(1樓),24.987502,121.463276,門牌
新北市土城區立雲街5巷7號9樓,24.983412,121.459892,門牌
新北市土城區自強街27、27之1號2樓,25.042090,121.458560,路名
新北市土城區自強街27之1號3樓,24.971626,121.431582,門牌
新北市土城區自由街1號,24.966178,121.423751,門牌
新北市土城區裕民路114巷22號4樓,24.985764,121.450184,門牌
新北市土城區裕民路116號4樓之10,24.986515,121.451029,門牌
新北市土城區裕民路136巷8弄8號2樓,24.985355,121.450428,門牌
新北市土城區裕民路185巷28號1樓,24.984957,121.454355,門牌
新北市土城區裕民路195巷12號5樓,24.983690,121.454544,門牌
新北市土城區裕民路195巷14號2樓,24.983816,121.454564,門牌
新北市土城區裕民路259巷14號,24.982592,121.455354,門牌
新北市土城區裕民路55巷19弄6號5樓,24.988611,121.449046,門牌
新北市土城區裕民路92巷24弄5號3樓,24.986105,121.449231,門牌
新北市土城區裕民路92巷25弄8號3樓,24.985752,121.449755,門牌
新北市土城區裕民路92巷26弄2號3樓（現場僅供辦公室使用）,24.985842,121.449259,門牌
新北市土城區裕生路100巷2號4樓,24.984969,121.446798,門牌
新北市土城區裕生路104巷16號3樓,24.984665,121.445843,門牌
新北市土城區裕生路35號2樓,24.986984,121.448082,門牌
新北市土城區裕生路75號5樓,24.984456,121.447057,門牌
新北市土城區裕生路83巷13號3樓,24.984144,121.447505,門牌
新北市土城區金城路2段215號,24.982024,121.454730,門牌
新北市土城區金城路2段215號3樓,24.982024,121.454730,門牌
新北市土城區金城路2段245巷19號3樓,24.983354,121.455210,門牌
新北市土城區金城路2段245巷48號3樓,24.983497,121.455284,門牌
新北市土城區金城路2段265號13樓,24.985993,121.463827,門牌
新北市土城區金城路2段396號10樓,24.985644,121.463865,門牌
新北市土城區金城路3段121號16樓,24.987912,121.467648,門牌
新北市土城區金城路3段131巷18號3樓,24.988962,121.467541,門牌
新北市土城區金城路3段162號11樓,24.987345,121.467346,門牌
新北市土城區金城路3段17號12樓,24.986442,121.464907,門牌
新北市土城區金城路3段22號18樓,24.985971,121.465320,門牌
新北市土城區金城路3段255號3樓,24.990672,121.472216,門牌
新北市土城區金城路3段33巷12弄11號,24.987757,121.465157,門牌
新北市土城區金城路3段33巷21號,24.987296,121.465081,門牌
新北市土城區金城路3段60巷11號14樓,24.986709,121.466672,門牌
新北市土城區金城路二段245巷3號4樓,24.985010,121.462728,路名
新北市土城區青仁路3號5樓,24.978652,121.459352,門牌
新北市土城區青山路1巷5號5樓,24.977266,121.461180,門牌
新北市土城區青山路28巷6號1樓,24.974974,121.463550,門牌
新北市土城區青雲路172巷15號,24.982126,121.458682,門牌
新北市土城區青雲路269巷1號5樓,24.980554,121.459367,門牌
新北市土城區青雲路295巷16弄33號11樓,24.979382,121.460575,門牌
新北市土城區青雲路295巷16弄8號,24.979361,121.460070,門牌
新北市土城區青雲路301巷3號5樓,24.979530,121.459328,門牌
新北市土城區青雲路411巷13弄3之3號,24.975991,121.459592,門牌
新北市土城區青雲路49巷5號7樓,24.986893,121.459844,門牌
新北市土城區青雲路50號3樓,24.988016,121.459722,門牌
新北市土城區青雲路521巷1號2樓,24.973015,121.459048,門牌
新北市土城區青雲路521巷25號1樓,24.973502,121.459231,門牌
新北市土城區青雲路563號1樓,24.972171,121.458978,門牌
新北市土城區青雲路587巷42號2樓,24.971121,121.460770,門牌
新北市土城區青雲路65巷2號4樓,24.986300,121.459705,門牌
新北市土城區青雲路665之8號(1樓),24.964415,121.465638,門牌
新北市土城區青雲路669之3號1樓,24.964892,121.467331,門牌
新北市土城區青雲路80巷4號,24.986986,121.459162,門牌
新北市土城區青雲路8之2號5樓,24.989236,121.460052,門牌
新北市土城區頂埔街19巷9之1號（現場僅供辦公室使用）,24.958786,121.416232,門牌
新北市土城區順風路32號,24.976791,121.440987,門牌
新北市土城區龍泉路43之5號,24.943214,121.418716,門牌
新北市坪林區北宜路8段188號,24.934547,121.708002,門牌
新北市坪林區坪林里水柳腳148號之1,24.935948,121.709021,路名
新北市平溪區石底街85號,25.023554,121.737106,路名
新北市平溪區靜安路2段238號,25.022000,121.724207,門牌
新北市新店區三民路117巷8弄10號1樓,24.971256,121.533675,門牌
新北市新店區三民路84巷2號,24.972734,121.534665,門牌
新北市新店區中央一街20號8樓,24.973066,121.528323,門牌
新北市新店區中央二街19號,24.973484,121.528774,門牌
新北市新店區中央二街40號,24.973944,121.527631,門牌
新北市新店區中央八街112號5樓,24.977943,121.525808,門牌
新北市新店區中央六街15號,24.974782,121.529909,門牌
新北市新店區中央路73號3樓,24.976677,121.532434,門牌
新北市新店區中央路97號,25.084079,121.472541,門牌
新北市新店區中正路128巷11號2樓,24.972072,121.542530,門牌
新北市新店區中正路247巷6弄5號5樓,24.972757,121.538298,門牌
新北市新店區中正路328巷3號1樓,24.975197,121.537028,門牌
新北市新店區中正路328巷6號4樓,24.975228,121.537265,門牌
新北市新店區中正路399巷26號(1樓),24.976597,121.533811,門牌
新北市新店區中正路409巷15號(1樓),24.977073,121.533883,門牌
新北市新店區中正路487之2號12樓之2,24.982030,121.533246,門牌
新北市新店區中正路510號3樓,25.077265,121.381923,門牌
新北市新店區中正路518巷11號1樓,24.983586,121.534324,門牌
新北市新店區中正路529號3樓,25.077248,121.382493,門牌
新北市新店區中正路538巷8號5樓,24.984040,121.534334,門牌
新北市新店區中正路54巷14號2樓,24.970460,121.545338,門牌
新北市新店區中正路558號4樓,25.014615,121.411334,門牌
新北市新店區中正路568號4樓,25.014813,121.411177,門牌
新北市新店區中正路643號,24.989626,121.533843,門牌
新北市新店區中興路1段24號12樓之1,25.072478,121.468868,門牌
新北市新店區中興路1段279號1樓,24.968301,121.545131,門牌
新北市新店區中興路2段190號9樓,24.973098,121.548465,門牌
新北市新店區中興路2段67巷9號(1樓),24.970999,121.546125,門牌
新北市新店區中興路2段91巷17號3樓,24.971771,121.546160,門牌
新北市新店區中興路3段204號4樓,24.982212,121.543907,門牌
新北市新店區中興路3段220巷17號4樓,24.983114,121.544742,門牌
新北市新店區中興路3段3號2樓,24.977564,121.545244,門牌
新北市新店區中興路三段236號3樓,25.067836,121.629954,門牌
新北市新店區中華路48巷35號(1樓),24.969555,121.541341,門牌
新北市新店區二十張路25巷18弄18號5樓,24.981638,121.539104,門牌
新北市新店區二十張路46巷37弄23號3樓,24.981528,121.535971,門牌
新北市新店區五峯路48巷3號,24.968568,121.544954,門牌
新北市新店區僑信路44巷10號,24.950735,121.499061,門牌
新北市新店區僑信路68巷51號,24.947998,121.498402,門牌
新北市新店區僑愛一路12號,24.945068,121.499471,門牌
新北市新店區僑愛三路39號(1樓),24.944612,121.498983,門牌
新北市新店區光明街197號,24.963478,121.540037,門牌
新北市新店區光明街76號,24.956008,121.346925,門牌
新北市新店區光華街5巷18號4樓（現場僅供辦公室使用）,24.968403,121.517585,門牌
新北市新店區光華街8巷17號4樓,24.969452,121.517916,門牌
新北市新店區北宜路1段39巷27號2樓,24.958068,121.539384,門牌
新北市新店區北宜路1段79號1樓,24.956327,121.538619,門牌
新北市新店區北宜路1段86巷8號3樓,24.955357,121.538632,門牌
新北市新店區北宜路2段153號8樓之2,24.953302,121.551962,門牌
新北市新店區北宜路2段30巷3號4樓,24.950867,121.548191,門牌
新北市新店區北宜路2段35號2樓,24.951533,121.548610,門牌
新北市新店區北宜路2段391巷2之1號6樓之1,24.955010,121.560226,門牌
新北市新店區北宜路2段421巷2弄79號8樓,24.956228,121.560809,門牌
新北市新店區北宜路2段431之6號,24.954403,121.560938,門牌
新北市新店區北宜路2段56巷1弄2號2樓,24.951064,121.549352,門牌
新北市新店區北宜路2段82之17號12樓,24.953189,121.554637,門牌
新北市新店區北宜路2段82之3號3樓,24.953336,121.553872,門牌
新北市新店區北宜路3段320號,24.956304,121.606660,門牌
新北市新店區北新路1段105號4樓,24.962305,121.539088,門牌
新北市新店區北新路1段10號16樓,25.180928,121.454075,門牌
新北市新店區北新路1段12號16樓,24.965505,121.540905,門牌
新北市新店區北新路1段147號4樓之1,24.963410,121.539456,門牌
新北市新店區北新路1段34巷1號1樓,24.965856,121.541233,門牌
新北市新店區北新路1段64巷39弄28號4樓,24.966266,121.542419,門牌
新北市新店區北新路1段75號3樓,24.960469,121.538392,門牌
新北市新店區北新路1段89號12樓之5,24.961323,121.538545,門牌
新北市新店區北新路1段89號4樓,24.961323,121.538545,門牌
新北市新店區北新路1段89號4樓之1,24.961323,121.538545,門牌
新北市新店區北新路2段173號9樓,24.976611,121.542743,門牌
新北市新店區北新路2段228巷10號2樓,24.976774,121.543750,門牌
新北市新店區北新路2段97巷10弄25號,24.974949,121.541643,門牌
新北市新店區北新路3段207之2號4樓,24.984790,121.540035,門牌
新北市新店區北新路3段207號3樓,24.984654,121.540011,門牌
新北市新店區北新路3段213號16樓,24.985365,121.540195,門牌
新北市新店區北新路3段225號6樓,24.986083,121.539841,門牌
新北市新店區北新路3段238號2樓,25.064902,121.503846,路名
新北市新店區北新路3段74號5樓,25.187758,121.485416,門牌
新北市新店區北新路3段82號5樓之1,25.187844,121.485586,門牌
新北市新店區北新路一段64巷6-5號1樓,25.064902,121.503846,路名
新北市新店區北新路一段86號20樓之6,25.178287,121.446804,門牌
新北市新店區北新路一段86號31樓之2,25.178287,121.446804,門牌
新北市新店區北新路三段205號11樓,25.180529,121.450340,門牌
新北市新店區北新路三段213號16樓,25.064902,121.503846,路名
新北市新店區北新路三段219號16樓,25.064902,121.503846,路名
新北市新店區大學街25巷19號1樓,24.949610,121.511538,門牌
新北市新店區大新街9巷3號(1樓),24.968107,121.543412,門牌
新北市新店區如意街3巷14號4樓,24.949011,121.496008,門牌
新北市新店區安光路45號9樓,24.963533,121.512901,路名
新北市新店區安光路51號2樓,24.963533,121.512901,路名
新北市新店區安光路7巷1號1樓,24.963571,121.513760,門牌
新北市新店區安和路1段21號6樓之2,24.992850,121.514091,路名
新北市新店區安和路2段100巷16號之1,24.992850,121.514091,路名
新北市新店區安和路2段183號(1樓),24.974695,121.518248,門牌
新北市新店區安和路2段217巷1號13樓,24.975254,121.517499,門牌
新北市新店區安和路2段55號(1樓),24.968124,121.518072,門牌
新北市新店區安和路3段111巷7弄8號(2樓),24.984595,121.516586,門牌
新北市新店區安和路3段173號4樓,24.986137,121.515830,門牌
新北市新店區安和路3段47巷7號8樓,24.982525,121.517128,門牌
新北市新店區安和路3段47巷9號4樓,24.982616,121.516924,門牌
新北市新店區安和路3段91號2樓,24.984022,121.517684,門牌
新北市新店區安和路3段9巷4號,24.980704,121.517676,門牌
新北市新店區安康路2段149-33號7樓,24.956957,121.505296,路名
新北市新店區安康路2段219巷1號2樓,24.958605,121.508808,門牌
新北市新店區安康路2段219巷1號5樓,24.958605,121.508808,門牌
新北市新店區安康路2段234巷4號,24.959535,121.509316,門牌
新北市新店區安康路2段72巷2號(1樓),24.963899,121.514268,門牌
新北市新店區安康路2段85巷5弄1號5樓,24.962534,121.513704,門牌
新北市新店區安康路2段85巷6號5樓,24.962586,121.513455,門牌
新北市新店區安康路3段235號,24.950291,121.487816,門牌
新北市新店區安康路3段30號5樓,24.953208,121.493039,門牌
新北市新店區安康路3段31巷2弄14號3樓,24.952516,121.493015,門牌
新北市新店區安康路3段525巷12號,24.944527,121.482109,門牌
新北市新店區安康路3段539號,24.947190,121.479976,門牌
新北市新店區安康路3段628號,24.945290,121.477115,門牌
新北市新店區安德街121號5樓,24.960556,121.509320,門牌
新北市新店區安德街160之1號1樓,24.959125,121.508479,門牌
新北市新店區安德街42號8樓,24.962640,121.511343,門牌
新北市新店區安德街46巷6號8樓,24.962731,121.511233,門牌
新北市新店區安德街51巷11號7樓,24.961950,121.511180,門牌
新北市新店區安德街82巷9號1樓,24.961718,121.509777,門牌
新北市新店區安忠路38號14樓,24.959833,121.513061,門牌
新北市新店區安忠路57巷26弄56號,24.957387,121.511882,門牌
新北市新店區安忠路84巷16號2樓,24.959150,121.511686,門牌
新北市新店區安民街156巷18號(1樓),24.969905,121.517241,門牌
新北市新店區安民街156巷33號,24.970267,121.517737,門牌
新北市新店區安民街171號4樓,24.970226,121.516652,門牌
新北市新店區安民街379巷28號3樓,24.976085,121.515550,門牌
新北市新店區安民街379巷9號5樓,24.976024,121.515712,門牌
新北市新店區安民街39號3樓,24.965582,121.515486,門牌
新北市新店區安民街3巷17號,24.964047,121.514311,門牌
新北市新店區安民街45號3樓,24.965735,121.515867,門牌
新北市新店區安民街70巷5號4樓,24.966562,121.516913,門牌
新北市新店區安民街76號2樓,24.966904,121.516715,門牌
新北市新店區安祥路102巷42弄15號1樓,24.964088,121.484818,門牌
新北市新店區安祥路102巷46弄69號,24.963520,121.486586,門牌
新北市新店區安祥路104巷11弄20號9樓,24.963655,121.480815,門牌
新北市新店區安祥路106巷244號,24.959805,121.473513,門牌
新北市新店區安祥路106巷274號,24.958842,121.473079,門牌
新北市新店區安祥路109巷90弄68號,24.958439,121.475832,門牌
新北市新店區安祥路110巷25號,24.956009,121.473718,門牌
新北市新店區安祥路145巷29號1樓,24.956552,121.475397,門牌
新北市新店區安祥路20號,24.955064,121.493215,門牌
新北市新店區安祥路73巷25號,24.961564,121.481475,門牌
新北市新店區安祥路73巷25號(1樓),24.961564,121.481475,門牌
新北市新店區安興路109號11樓之6,24.978564,121.515033,門牌
新北市新店區安興路109號9樓之5,24.978564,121.515033,門牌
新北市新店區安興路115號13之3,24.979121,121.515252,門牌
新北市新店區安興路115號13樓之1,24.979121,121.515252,門牌
新北市新店區安興路115號13樓之2,24.979121,121.515252,門牌
新北市新店區安興路117號14樓之7,24.979199,121.515349,門牌
新北市新店區安興路125號3樓,24.978275,121.514669,門牌
新北市新店區安興路127之10號(1樓),24.979121,121.514704,門牌
新北市新店區安興路127之2號3樓,24.978919,121.514720,門牌
新北市新店區安興路127之7號12樓,24.979201,121.514905,門牌
新北市新店區安興路5號地下1層之32,24.968168,121.514726,門牌
新北市新店區安興路91巷7號,24.975362,121.513066,門牌
新北市新店區寶中路119號10樓,24.979829,121.549481,門牌
新北市新店區寶中路132號(2樓),24.978490,121.550199,門牌
新北市新店區寶中路88號7樓,24.980360,121.548628,門牌
新北市新店區寶中路90號,24.980276,121.548698,門牌
新北市新店區寶中路92號3樓之1,24.980165,121.548771,門牌
新北市新店區寶中路93巷11號,24.981071,121.547669,門牌
新北市新店區寶中路94號9樓之1,24.979911,121.548977,門牌
新北市新店區寶中路95之6號,24.983062,121.548483,門牌
新北市新店區寶元路1段85巷6弄24號,24.985680,121.543681,門牌
新北市新店區寶元路1段97之1號,24.985035,121.543821,門牌
新北市新店區寶元路2段18巷6號4樓,24.982040,121.546012,門牌
新北市新店區寶元路2段31巷13號1樓,24.981783,121.547132,門牌
新北市新店區寶元路2段35巷8號,24.981491,121.547650,門牌
新北市新店區寶安街68巷8號（1樓）,24.984352,121.542097,門牌
新北市新店區寶宏路9號2樓,24.976024,121.549398,門牌
新北市新店區寶強路6號5樓,24.978789,121.543271,門牌
新北市新店區寶慶街10號5樓之3,24.987104,121.543356,門牌
新北市新店區寶慶街41號1樓,24.986550,121.542863,門牌
新北市新店區寶慶街48號1樓,24.986829,121.542566,門牌
新北市新店區寶慶街78號(1樓),24.986870,121.541538,門牌
新北市新店區寶橋路11號2樓,24.973999,121.543646,門牌
新北市新店區寶橋路148號6樓,24.977007,121.547680,路名
新北市新店區寶橋路229號,24.977816,121.549558,門牌
新北市新店區寶橋路233-1號3樓及233-2號3樓,24.977007,121.547680,路名
新北市新店區寶橋路233號,24.978997,121.551327,門牌
新北市新店區寶橋路235巷127號7樓,24.983504,121.551132,門牌
新北市新店區寶橋路235巷131號3樓之4,24.983807,121.551620,門牌
新北市新店區寶橋路235巷16弄2號2樓,24.980916,121.551553,門牌
新北市新店區寶橋路235巷6弄6號6樓,24.980672,121.552262,門牌
新北市新店區寶橋路78巷2之2號7樓,24.974612,121.547072,門牌
新北市新店區寶橋路78巷66號5樓,24.973975,121.547000,門牌
新北市新店區寶興路45巷2弄20號8樓,24.973052,121.550224,門牌
新北市新店區寶興路45巷5號(1樓),24.974219,121.549887,門牌
新北市新店區寶興路45巷6弄5號3樓,24.974200,121.550443,門牌
新北市新店區寶興路45巷9弄2號(1樓),24.974680,121.549743,門牌
新北市新店區寶興路60巷22號5樓,24.971629,121.548850,門牌
新北市新店區寶高路17號2樓,24.977897,121.553109,門牌
新北市新店區寶高路76號1樓,24.977545,121.552773,門牌
新北市新店區寶高路7巷2號（1樓）,24.977936,121.551656,門牌
新北市新店區寶高路7巷4號4樓,24.978093,121.551900,門牌
新北市新店區廣興路23號(1樓),24.911532,121.540732,門牌
新北市新店區建國路225巷4號1樓,24.981901,121.537153,門牌
新北市新店區建業路49號,24.955217,121.479735,門牌
新北市新店區復興路102號11樓,25.087025,121.476099,門牌
新北市新店區復興路44之5號5樓,24.986940,121.538267,門牌
新北市新店區復興路80巷2號3樓,24.937488,121.373394,門牌
新北市新店區復興里2鄰北新路3段207號10樓,24.984654,121.540011,門牌
新北市新店區復興里北新路三段225號8樓,25.181684,121.475244,門牌
新北市新店區德正街27巷29弄23號4樓,24.971974,121.545613,門牌
新北市新店區德正街27巷29弄24號4樓,24.972156,121.546012,門牌
新北市新店區德正街27巷29弄65號1樓,24.972285,121.545517,門牌
新北市新店區文化路60號1樓,24.936219,121.372486,門牌
新北市新店區新烏路1段11巷1弄14號,24.951205,121.547840,門牌
新北市新店區新烏路1段11巷1弄18號1樓,24.951113,121.547964,門牌
新北市新店區新生街18巷10號,24.966645,121.540123,門牌
新北市新店區新生街18巷1號,24.966365,121.540020,門牌
新北市新店區明德路103號1樓,24.979177,121.541411,門牌
新北市新店區明德路16號3樓,25.071468,121.433106,門牌
新北市新店區明德路69巷22號,24.977614,121.540542,門牌
新北市新店區明德路69巷3號2樓,24.977500,121.541251,門牌
新北市新店區松林路9號,24.910981,121.547270,門牌
新北市新店區檳榔路41巷4號1樓,24.963368,121.542944,門牌
新北市新店區民族路102號,25.085129,121.478280,門牌
新北市新店區民族路190號20樓,25.087140,121.480157,門牌
新北市新店區民權路100號9樓之1,25.082268,121.373406,門牌
新北市新店區民權路108之3號5樓,24.983562,121.535425,門牌
新北市新店區民權路108號2樓之2,25.088345,121.473802,門牌
新北市新店區民權路108號地下一層,25.088345,121.473802,門牌
新北市新店區民權路122巷4號,24.983202,121.535269,門牌
新北市新店區民權路130巷16號1樓,24.984267,121.534660,門牌
新北市新店區民權路130巷8號5樓,24.983815,121.534931,門牌
新北市新店區民權路149號3樓,24.982655,121.534467,門牌
新北市新店區民權路153號4樓,25.083781,121.373861,門牌
新北市新店區民權路87之1號6樓,24.982714,121.537939,門牌
新北市新店區民權路88之1號5樓,24.983302,121.536718,門牌
新北市新店區民權路95號11樓之3,25.088998,121.472827,門牌
新北市新店區民權路95號8樓之2,25.088998,121.472827,門牌
新北市新店區永安街109巷34號2樓,24.986070,121.521757,門牌
新北市新店區永安街63巷5號,24.987177,121.519235,門牌
新北市新店區永平街23巷10號3樓,24.983070,121.516673,門牌
新北市新店區永平街60號3樓,25.091673,121.457521,門牌
新北市新店區永業路81巷13弄1號(1樓),24.950383,121.531709,門牌
新北市新店區永業路81巷7弄14號3樓,24.949194,121.531073,門牌
新北市新店區永華街20號,24.976043,121.543935,門牌
新北市新店區永華街8號,24.976474,121.543489,門牌
新北市新店區溪園路511號1樓,24.977278,121.523815,門牌
新北市新店區玫瑰路51巷6號3樓,24.947828,121.496123,門牌
新北市新店區環河路176號12樓,24.975549,121.525486,門牌
新北市新店區環河路19巷18號3樓之1,24.960474,121.537344,門牌
新北市新店區環河路1之1號,24.961366,121.538148,門牌
新北市新店區環河路36號36樓,24.962363,121.537642,門牌
新北市新店區百忍街17巷14號1樓,24.975230,121.533999,門牌
新北市新店區直潭六街46號1樓,24.940535,121.533280,門牌
新北市新店區碧安街13巷7號5樓,24.968759,121.516916,門牌
新北市新店區碧潭路77巷3號14樓之3,24.957412,121.534139,門牌
新北市新店區福園街23巷1號1樓,24.972002,121.532413,門牌
新北市新店區裕合街27號,24.949916,121.489189,門牌
新北市新店區達觀路8巷5之2號(1樓),24.943737,121.504191,門牌
新北市新店區達觀路8巷5號6樓之1,24.943823,121.504139,門牌
新北市新店區達觀里達觀路20號6樓之1,24.941679,121.501258,門牌
新北市新店區錦秀路11巷96弄3之2號7樓,24.941717,121.479596,門牌
新北市新店區長春路43巷22號1樓,24.958329,121.550821,門牌
新北市新店區長春路43巷62號,24.959218,121.550288,門牌
新北市新店區黎明路63巷30號,24.946690,121.503250,門牌
新北市新店區黎明路64巷19號,24.946123,121.501874,門牌
新北市新莊區中信街151號3樓,25.051529,121.449203,路名
新北市新莊區中信街176號12樓之3,25.051529,121.449203,路名
新北市新莊區中信街178號12樓之2,25.051529,121.449203,路名
新北市新莊區中信街34號2樓,25.050890,121.450200,門牌
新北市新莊區中信街66號2樓之2,25.051250,121.448785,門牌
新北市新莊區中信街84巷10號2樓,25.053313,121.448465,門牌
新北市新莊區中信街99巷4號3樓,25.053525,121.447467,門牌
新北市新莊區中原東路115號10樓,25.054031,121.461289,門牌
新北市新莊區中原東路3號,25.054555,121.465681,門牌
新北市新莊區中原東路6號,25.054485,121.463282,路名
新北市新莊區中原路552號9樓,25.064800,121.454635,路名
新北市新莊區中原路558號10樓,25.064800,121.454635,路名
新北市新莊區中原路558號12樓,25.064800,121.454635,路名
新北市新莊區中原路558號18樓,25.064800,121.454635,路名
新北市新莊區中原路558號22樓,25.064800,121.454635,路名
新北市新莊區中原路560號10樓,25.064800,121.454635,路名
新北市新莊區中和街106號地下1層,25.046718,121.448037,門牌
新北市新莊區中和街155巷24弄9號10樓,25.049993,121.446347,門牌
新北市新莊區中和街155巷36號,25.049776,121.446278,門牌
新北市新莊區中和街30巷1號2樓,25.043905,121.448434,門牌
新北市新莊區中和街60巷45號3樓,25.045070,121.449838,門牌
新北市新莊區中和街77號9樓,25.047567,121.447419,門牌
新北市新莊區中央路202號4樓,24.974205,121.530415,門牌
新北市新莊區中央路226號27樓,24.972880,121.529461,門牌
新北市新莊區中央路311號16樓,24.991404,121.450762,路名
新北市新莊區中央路576號18樓,24.991404,121.450762,路名
新北市新莊區中央路686號4樓,25.057647,121.446095,門牌
新北市新莊區中央路700號(1樓),25.057863,121.445784,門牌
新北市新莊區中央路728號11樓,24.991404,121.450762,路名
新北市新莊區中央路738號17樓,24.991404,121.450762,路名
新北市新莊區中安街1號10樓之2,25.045263,121.452793,門牌
新北市新莊區中平路132巷3弄4號3樓,25.046873,121.445555,門牌
新北市新莊區中平路183號2樓,25.049286,121.444740,門牌
新北市新莊區中平路26巷43號3樓,25.043390,121.446853,門牌
新北市新莊區中平路288號之10三樓,25.051454,121.445623,門牌
新北市新莊區中平路298號2樓,25.051691,121.444829,門牌
新北市新莊區中平路377巷17弄53號1樓,25.051312,121.441724,門牌
新北市新莊區中平路377巷26號,25.052635,121.443087,門牌
新北市新莊區中平路429號28樓,25.047542,121.445165,路名
新北市新莊區中平路431號7樓,25.047542,121.445165,路名
新北市新莊區中平路71巷4號1樓,25.045094,121.444451,門牌
新北市新莊區中平路81巷8號8樓,25.045345,121.444281,門牌
新北市新莊區中平路90巷1號,25.045214,121.445114,門牌
新北市新莊區中榮街100號4樓,25.052853,121.447402,門牌
新北市新莊區中榮街152巷32號,25.053710,121.446014,門牌
新北市新莊區中榮街56巷13弄7號4樓,25.053410,121.448646,門牌
新北市新莊區中榮街56巷8弄8號11樓,25.053349,121.449529,門牌
新北市新莊區中正路145之21號12樓,25.030220,121.463391,路名
新北市新莊區中正路149號4樓,25.221194,121.631621,門牌
新北市新莊區中正路171號6樓之2,25.077294,121.392496,門牌
新北市新莊區中正路300巷13號14樓,25.035817,121.446717,門牌
新北市新莊區中正路316號11樓,25.077820,121.387901,門牌
新北市新莊區中正路422號,25.094130,121.463247,門牌
新北市新莊區中正路424號,25.077806,121.384276,門牌
新北市新莊區中正路498號,25.077367,121.382201,門牌
新北市新莊區中正路542號,25.014284,121.411574,門牌
新北市新莊區中正路556號之17,24.986997,121.533705,門牌
新北市新莊區中正路558之12號,25.030220,121.463391,路名
新北市新莊區中正路56巷12弄23號(1樓),25.040829,121.461949,門牌
新北市新莊區中正路582號,25.030776,121.427293,門牌
新北市新莊區中正路586巷15號,25.031420,121.426174,門牌
新北市新莊區中正路598號,25.015685,121.410489,門牌
新北市新莊區中正路649之8號3樓,25.030710,121.430377,門牌
新北市新莊區中正路651之1號7樓,25.030873,121.430021,門牌
新北市新莊區中正路651之5號10樓,25.030777,121.430133,門牌
新北市新莊區中正路653之2號4樓,25.030707,121.429569,門牌
新北市新莊區中正路659之1號4樓,25.030292,121.427869,門牌
新北市新莊區中正路663、665號5樓,25.030220,121.463391,路名
新北市新莊區中正路67號,25.221688,121.633952,門牌
新北市新莊區中正路68號7樓,25.077438,121.394855,門牌
新北市新莊區中正路694巷116號5樓,25.029986,121.416665,門牌
新北市新莊區中正路694巷1弄6號5樓,25.028181,121.418465,門牌
新北市新莊區中正路694巷52號,25.029218,121.417897,門牌
新北市新莊區中正路700之6號1樓,25.027927,121.418299,門牌
新北市新莊區中正路706-18號9樓,25.030220,121.463391,路名
新北市新莊區中正路706之38號12樓,25.026368,121.415636,門牌
新北市新莊區中正路708之22號14樓,25.025843,121.415446,門牌
新北市新莊區中正路726之14號,25.023892,121.415075,門牌
新北市新莊區中正路803巷33號8樓,25.027994,121.422138,門牌
新北市新莊區中正路849號,25.017751,121.408967,門牌
新北市新莊區中正路853之1號(1樓),25.027999,121.420070,門牌
新北市新莊區中正路863之1號5樓,25.027579,121.418850,門牌
新北市新莊區中正路891之36號3樓,25.023097,121.414364,門牌
新北市新莊區中正路891之43號11樓之6,25.022906,121.414012,門牌
新北市新莊區中正路895之2號,25.021840,121.412436,門牌
新北市新莊區中正路897號之7十一樓,25.021498,121.411817,門牌
新北市新莊區中正路929巷7弄13號2樓,25.020264,121.411556,門牌
新北市新莊區中泰街49號,25.046787,121.450287,門牌
新北市新莊區中泰街75號4樓,25.046691,121.449621,門牌
新北市新莊區中泰里中港路385號3樓,25.046822,121.451488,門牌
新北市新莊區中港一街24巷2之2號,25.045887,121.451296,門牌
新北市新莊區中港路238巷1弄3號2樓,25.043356,121.454236,門牌
新北市新莊區中港路238巷1弄6號,25.043346,121.454341,門牌
新北市新莊區中港路28號,25.037380,121.455137,門牌
新北市新莊區中港路383號,25.046781,121.451512,門牌
新北市新莊區中港路397號(1樓),25.047014,121.451901,門牌
新北市新莊區中港路483巷10弄13號5樓（現場僅供辦公室使用）,25.050297,121.451558,門牌
新北市新莊區中港路601號4樓,25.053074,121.451354,門牌
新北市新莊區中港路691巷14號,25.056672,121.449908,門牌
新北市新莊區中環路1段16號2樓,25.026440,121.442764,門牌
新北市新莊區中華路1段116巷7號（現場僅供辦公室使用）,25.040663,121.453193,門牌
新北市新莊區中華路1段35號4樓,24.988671,121.446181,門牌
新北市新莊區中華路2段120號10樓,24.973904,121.437738,門牌
新北市新莊區中華路2段157號2樓,24.975679,121.438936,門牌
新北市新莊區中華路2段168號2樓,25.051596,121.453305,門牌
新北市新莊區中華路2段17號12樓,25.045675,121.453594,門牌
新北市新莊區中華路2段258巷5號3樓,25.053195,121.453336,門牌
新北市新莊區中華路2段61號13樓,25.152514,121.410645,門牌
新北市新莊區中華路3段216、218、222、226號6樓,25.033563,121.465018,路名
新北市新莊區中華路3段216號9樓,25.125295,121.388482,門牌
新北市新莊區中華路3段218號10樓,25.125337,121.388814,門牌
新北市新莊區中華路3段226號15樓,25.125082,121.388441,門牌
新北市新莊區中華路3段226號6樓,25.125082,121.388441,門牌
新北市新莊區中華路二段52號(1樓),25.037723,121.865984,門牌
新北市新莊區中誠街118巷7號,25.048060,121.449283,門牌
新北市新莊區中誠街97號,25.047687,121.449984,門牌
新北市新莊區五工一路80巷12號6樓,25.066966,121.461259,門牌
新北市新莊區五工二路50巷25號4樓,25.066232,121.461684,門牌
新北市新莊區五工二路62巷22號2樓,25.066198,121.461264,門牌
新北市新莊區五工二路70巷6號(1樓),25.066098,121.460600,門牌
新北市新莊區五工五路23號,25.063522,121.453907,門牌
新北市新莊區五工五路3之1號,25.063702,121.456103,門牌
新北市新莊區五權一路12巷18號5樓,25.064459,121.457422,門牌
新北市新莊區五權一路12巷21弄1號,25.064512,121.457732,門牌
新北市新莊區五權一路12巷25弄14號,25.064424,121.458395,門牌
新北市新莊區五權一路12巷25弄2號5樓,25.064092,121.458105,門牌
新北市新莊區五權一路13號4樓之3,25.068023,121.459651,門牌
新北市新莊區五權一路1號8樓之2,25.065009,121.456823,門牌
新北市新莊區五權一路3號4樓之11,25.065952,121.457553,門牌
新北市新莊區五權一路3號8樓之2,25.065952,121.457553,門牌
新北市新莊區五權一路5號5樓-7,25.066211,121.457780,門牌
新北市新莊區五權一路5號6樓之1,25.066211,121.457780,門牌
新北市新莊區五權一路5號之5(1樓),25.066211,121.457780,門牌
新北市新莊區五權一路7號8樓之4,25.067067,121.458420,門牌
新北市新莊區五權一路9號5樓之1,25.067270,121.458914,門牌
新北市新莊區五權三路8號,25.062726,121.451754,門牌
新北市新莊區五權二路10號1樓,25.064571,121.455337,門牌
新北市新莊區五權二路22號6樓之7,25.067065,121.458121,門牌
新北市新莊區五權二路26號5樓之2,25.068271,121.459049,門牌
新北市新莊區仁愛街17之3號(4樓),25.035632,121.444169,門牌
新北市新莊區光華街43號4樓,25.002611,121.413401,門牌
新北市新莊區八德街133巷13號4樓,25.020197,121.424769,門牌
新北市新莊區八德街222號4樓,25.019115,121.423140,門牌
新北市新莊區八德街58巷8弄4號5樓,25.022797,121.424778,門牌
新北市新莊區八德街88巷12之3號,25.021933,121.423860,門牌
新北市新莊區八德街95巷2弄2號,25.021192,121.424562,門牌
新北市新莊區公園一路129號7樓,25.038199,121.445851,門牌
新北市新莊區公園一路54號(1樓),25.035941,121.443305,門牌
新北市新莊區公園路11號,25.054068,121.429459,門牌
新北市新莊區公園路34號,25.054406,121.429037,門牌
新北市新莊區公園路67號1樓,25.055183,121.426412,門牌
新北市新莊區化成路10號,25.042332,121.464728,門牌
新北市新莊區化成路11巷43號,25.043398,121.463015,門牌
新北市新莊區化成路11巷52號之1,25.043524,121.462756,門牌
新北市新莊區化成路195巷7號,25.050565,121.465311,門牌
新北市新莊區化成路205號之47,25.051242,121.464549,門牌
新北市新莊區化成路211巷1號,25.051627,121.465015,門牌
新北市新莊區化成路211巷5號,25.051647,121.464415,門牌
新北市新莊區化成路320號3樓,25.048532,121.465839,門牌
新北市新莊區化成路325巷32號,25.055864,121.463893,門牌
新北市新莊區化成路325巷41號,25.055733,121.463709,門牌
新北市新莊區化成路349巷22號,25.056551,121.464829,門牌
新北市新莊區化成路349巷40號,25.056521,121.464430,門牌
新北市新莊區化成路363巷23號,25.056875,121.464733,門牌
新北市新莊區化成路371巷2號,25.057195,121.464309,門牌
新北市新莊區化成路375巷29號,25.057728,121.464262,門牌
新北市新莊區化成路375巷40號,25.057808,121.463910,門牌
新北市新莊區化成路377號,25.057977,121.465325,門牌
新北市新莊區化成路389巷28號(2樓),25.058349,121.464072,門牌
新北市新莊區化成路431巷57號,25.059617,121.462983,門牌
新北市新莊區化成路431巷7號1、2樓,25.059859,121.464366,門牌
新北市新莊區化成路43巷12號(2樓),25.044884,121.464363,門牌
新北市新莊區化成路443號,25.060696,121.464640,門牌
新北市新莊區化成路463之3號,25.062328,121.464299,門牌
新北市新莊區化成路554巷5號1樓,25.053958,121.466678,門牌
新北市新莊區化成路57號(1樓),25.045637,121.465468,門牌
新北市新莊區化成路5之12號,25.052173,121.464865,路名
新北市新莊區化成路5號,25.042174,121.464403,門牌
新北市新莊區化成路614號之1,25.054874,121.466566,門牌
新北市新莊區化成路63巷10號,25.045842,121.464416,門牌
新北市新莊區化成路65號,25.045852,121.465443,門牌
新北市新莊區化成路766號7樓之1,25.058825,121.465354,門牌
新北市新莊區化成路814巷9號,25.059945,121.465668,門牌
新北市新莊區化成路83巷30號,25.046619,121.463336,門牌
新北市新莊區壽山路33之11號,25.030414,121.417849,路名
新北市新莊區壽山路33之15號,25.030414,121.417849,路名
新北市新莊區壽山路33之19號,25.029941,121.418713,門牌
新北市新莊區壽山路33之5號,25.029998,121.418622,門牌
新北市新莊區大安路9號,25.000405,121.425123,門牌
新北市新莊區大觀街42巷18號(1樓),25.036345,121.454624,門牌
新北市新莊區天祥街121巷36號1樓,25.028656,121.413911,門牌
新北市新莊區天祥街47巷20號,25.028014,121.416119,門牌
新北市新莊區天祥街72巷8號,25.029471,121.416183,門牌
新北市新莊區富國路28號5樓,25.026339,121.418656,門牌
新北市新莊區富貴路502號4樓,25.057125,121.448014,門牌
新北市新莊區富貴路558號2樓,25.059786,121.445105,路名
新北市新莊區幸福東路60號8樓,25.049480,121.464986,門牌
新北市新莊區幸福東路74號(2樓),25.049508,121.464359,門牌
新北市新莊區幸福東路86號,25.049533,121.464008,門牌
新北市新莊區幸福路564巷2弄16號5樓,25.049603,121.455227,門牌
新北市新莊區幸福路667－4號（現場僅供辦公室使用）,25.038702,121.456275,路名
新北市新莊區幸福路696號3樓之4,25.049283,121.450055,門牌
新北市新莊區幸福路719號7樓之1,25.049076,121.449601,門牌
新北市新莊區幸福路801巷11號8樓,25.048701,121.446204,門牌
新北市新莊區幸福路888號8樓,25.049421,121.443457,門牌
新北市新莊區幸福路902號8樓,25.049438,121.442634,門牌
新北市新莊區建中街103號(1樓),25.036193,121.446545,門牌
新北市新莊區建中街122號5樓,25.036685,121.445541,門牌
新北市新莊區建中街50號1樓,25.037406,121.448462,門牌
新北市新莊區建中街56之2號,25.037364,121.448307,門牌
新北市新莊區建國一路298號12樓,25.030548,121.434343,路名
新北市新莊區建國一路308號6樓,25.030548,121.434343,路名
新北市新莊區建國一路310號9樓,25.030548,121.434343,路名
新北市新莊區建國一路53號4樓,25.030398,121.434535,門牌
新北市新莊區建國二路77號,25.025258,121.431705,門牌
新北市新莊區建國二路83號之3(1樓),25.025662,121.431119,門牌
新北市新莊區建安街16巷12號4樓,25.026664,121.428263,門牌
新北市新莊區建安街62巷3弄3號,25.025076,121.426629,門牌
新北市新莊區建安街92巷13號7樓,25.024352,121.425808,門牌
新北市新莊區建安街95號2樓,25.024450,121.426931,門牌
新北市新莊區建福路59巷53號2樓,25.028068,121.428876,門牌
新北市新莊區後港一路112號5樓,25.026963,121.428451,門牌
新北市新莊區後港一路185號,25.028496,121.433160,門牌
新北市新莊區後港一路194號,25.028205,121.432758,門牌
新北市新莊區後港一路206號,25.028310,121.433442,門牌
新北市新莊區後港一路30號2樓,25.026102,121.425425,門牌
新北市新莊區後港一路32號5樓,25.026117,121.425493,門牌
新北市新莊區後港一路49巷5弄11號1樓,25.027159,121.425324,門牌
新北市新莊區後港二路12號5樓,25.024057,121.422831,門牌
新北市新莊區復興路1段123之1號,25.043283,121.449663,門牌
新北市新莊區復興路1段127巷8號12樓,25.043709,121.449188,門牌
新北市新莊區復興路2段139號13樓之2,25.044535,121.457454,門牌
新北市新莊區思源路109巷6號1樓,25.042052,121.459401,門牌
新北市新莊區思源路112巷2號,25.046711,121.460374,門牌
新北市新莊區思源路118號4樓,25.046977,121.460194,門牌
新北市新莊區思源路161號1樓,25.044779,121.459669,門牌
新北市新莊區思源路166巷25號,25.047943,121.460563,門牌
新北市新莊區思源路173號7樓,25.045190,121.459657,門牌
新北市新莊區思源路177巷13號2樓,25.046032,121.459270,門牌
新北市新莊區思源路183號2樓,25.045601,121.459645,門牌
新北市新莊區思源路192巷42號（1樓）,25.048212,121.461066,門牌
新北市新莊區思源路192巷66號8樓,25.048211,121.461635,門牌
新北市新莊區思源路23號13樓,25.039054,121.460149,門牌
新北市新莊區思源路241巷4號2樓,25.047022,121.459221,門牌
新北市新莊區思源路287巷1弄64號,25.047775,121.459292,門牌
新北市新莊區思源路301號3樓,25.048825,121.459648,門牌
新北市新莊區思源路315號4樓（現場僅供辦公室使用）,25.049288,121.459639,門牌
新北市新莊區思源路34號,25.041495,121.460383,門牌
新北市新莊區思源路40之1號,25.043284,121.460276,門牌
新北市新莊區思源路423號19樓之2,25.052788,121.459602,門牌
新北市新莊區思源路43巷11號,25.039846,121.459360,門牌
新北市新莊區思源路453巷17號1樓,25.053426,121.458409,門牌
新北市新莊區思源路453巷5號(1樓),25.053438,121.459007,門牌
新北市新莊區思源路471號,25.054073,121.459594,門牌
新北市新莊區思源路503號5樓,25.048601,121.459627,路名
新北市新莊區思源路503號6樓,25.048601,121.459627,路名
新北市新莊區思源路555號(30樓),25.048601,121.459627,路名
新北市新莊區思源路555號(37樓),25.048601,121.459627,路名
新北市新莊區思源路632號（1樓）,25.048601,121.459627,路名
新北市新莊區成功街18號3樓,24.957661,121.358577,門牌
新北市新莊區成功街1號4樓,24.957275,121.358451,門牌
新北市新莊區成功街36號3樓,24.957803,121.358268,門牌
新北市新莊區成功街6巷1號5樓,24.957452,121.358799,門牌
新北市新莊區新中街6號1樓,25.039933,121.456266,門牌
新北市新莊區新北大道2段217號14樓,25.060654,121.462773,門牌
新北市新莊區新北大道2段217號3樓,25.060654,121.462773,門牌
新北市新莊區新北大道2段219號12樓,25.060622,121.462526,門牌
新北市新莊區新北大道2段219號14樓,25.060622,121.462526,門牌
新北市新莊區新北大道2段312號4樓,25.061079,121.463422,門牌
新北市新莊區新北大道3段222號5樓,25.046564,121.446758,路名
新北市新莊區新北大道3段3號18樓,25.060252,121.459452,門牌
新北市新莊區新北大道3段5號6樓之2,25.060259,121.458552,門牌
新北市新莊區新北大道3段67號18樓之1,25.060211,121.455350,門牌
新北市新莊區新北大道3段67號18樓之2,25.060211,121.455350,門牌
新北市新莊區新北大道3段67號18樓之7,25.060211,121.455350,門牌
新北市新莊區新北大道3段7號7樓之7,25.060263,121.458083,門牌
新北市新莊區新北大道4段135號20樓之5,25.046564,121.446758,路名
新北市新莊區新北大道4段171號2樓,25.058632,121.445817,門牌
新北市新莊區新北大道4段185號7樓之1,25.058115,121.445512,門牌
新北市新莊區新北大道4段187號14樓,25.057885,121.445312,門牌
新北市新莊區新北大道7段219號11樓之3,25.030086,121.413681,門牌
新北市新莊區新北大道7段299號4樓,25.027785,121.412506,門牌
新北市新莊區新北大道7段441號,25.023739,121.413995,門牌
新北市新莊區新北大道7段442號2樓,25.030530,121.412550,門牌
新北市新莊區新北大道7段498巷18號13樓,25.030123,121.412276,門牌
新北市新莊區新北大道7段498巷6號4樓,25.030214,121.412428,門牌
新北市新莊區新北大道7段560號4樓,25.028517,121.411926,門牌
新北市新莊區新北大道7段720號,25.026039,121.412422,門牌
新北市新莊區新北大道三段3號10樓,25.046564,121.446758,路名
新北市新莊區新北大道三段5號18樓之8,25.046564,121.446758,路名
新北市新莊區新北大道三段7號21樓之5,25.046564,121.446758,路名
新北市新莊區新崑路172號,24.999479,121.432404,路名
新北市新莊區新樹路207之13號,25.015143,121.433608,路名
新北市新莊區新樹路234巷1號,25.019612,121.432373,門牌
新北市新莊區新樹路234巷3弄7號,25.019665,121.431675,門牌
新北市新莊區新樹路23號(1樓),25.032490,121.440500,門牌
新北市新莊區新樹路244巷1之1號,25.018330,121.432646,門牌
新北市新莊區新樹路244巷6弄3號(2樓),25.018816,121.431931,門牌
新北市新莊區新樹路244巷81號(1樓),25.020066,121.430960,門牌
新北市新莊區新樹路268巷30號,25.014685,121.430485,門牌
新北市新莊區新樹路268巷37之1號,25.015143,121.433608,路名
新北市新莊區新樹路268巷51號,25.016979,121.430543,門牌
新北市新莊區新樹路288之1號,25.012444,121.432390,門牌
新北市新莊區新樹路315巷13號,25.019265,121.434362,門牌
新北市新莊區新樹路315巷23號,25.019239,121.435150,門牌
新北市新莊區新樹路315巷2之1號,25.019133,121.433959,門牌
新北市新莊區新樹路333巷18號之1,25.017613,121.433908,門牌
新北市新莊區新樹路382號,25.003179,121.432405,門牌
新北市新莊區新樹路452號(1樓),25.001364,121.431392,門牌
新北市新莊區新樹路497巷29號,25.011763,121.433382,門牌
新北市新莊區新樹路551巷8號,25.007032,121.433860,門牌
新北市新莊區新樹路607之1號2樓,25.005549,121.433442,門牌
新北市新莊區新樹路609之7號10樓,25.004343,121.433903,門牌
新北市新莊區新樹路687巷31號5樓,25.002143,121.433233,門牌
新北市新莊區新樹路699巷1號5樓,25.002302,121.432407,門牌
新北市新莊區新樹路741號(2樓),25.001595,121.431759,門牌
新北市新莊區新泰路102號,25.036158,121.448501,門牌
新北市新莊區新泰路119號7樓,25.036064,121.448343,門牌
新北市新莊區新泰路226號4樓,25.039239,121.446649,門牌
新北市新莊區新泰路255巷48號5樓,25.039754,121.444163,門牌
新北市新莊區新泰路369巷19號,25.043301,121.442957,門牌
新北市新莊區新泰路369巷23號5樓,25.043285,121.442749,門牌
新北市新莊區新泰路369巷6號3樓,25.043474,121.443358,門牌
新北市新莊區新泰路396號(1樓),25.043748,121.443977,門牌
新北市新莊區新泰路3巷7號7樓之2,25.032043,121.449659,門牌
新北市新莊區新泰路421之1號4樓,25.044933,121.442960,門牌
新北市新莊區新泰路476巷12號3樓,25.045498,121.443452,門牌
新北市新莊區新泰路502巷16號2樓（現場僅供辦公室使用）,25.046487,121.443023,門牌
新北市新莊區新莊路649巷26弄31號(1樓),25.032022,121.444481,門牌
新北市新莊區新莊路713巷14之3號（現場僅供辦公室使用）,25.032452,121.443679,門牌
新北市新莊區新莊路713巷1號(1樓),25.032060,121.443600,門牌
新北市新莊區新莊路99號,25.036713,121.457598,門牌
新北市新莊區新豐街20巷3號,25.034548,121.448141,門牌
新北市新莊區昌平街53號7樓,25.052903,121.454686,門牌
新北市新莊區昌平街82巷15弄12號12樓,25.053291,121.456060,門牌
新北市新莊區昌明街14巷16號,25.053377,121.457432,門牌
新北市新莊區昌明街14巷5弄7號1樓,25.053156,121.457026,門牌
新北市新莊區昌明里昌平街82巷15弄12號12樓,25.053291,121.456060,門牌
新北市新莊區昌盛街35巷3弄13之2號,25.050497,121.453505,門牌
新北市新莊區昌盛街4之1號（2樓）,25.049881,121.453280,門牌
新北市新莊區昌隆里中華路2段210巷20號10樓,25.052383,121.453557,門牌
新北市新莊區景德路409之1號2樓,25.033301,121.445233,門牌
新北市新莊區榮華路2段119號8樓,25.055551,121.452525,路名
新北市新莊區榮華路2段123號10樓,25.055551,121.452525,路名
新北市新莊區榮華路2段67號5樓,25.055551,121.452525,路名
新北市新莊區樹新路120巷49弄15號1樓,24.996214,121.430535,門牌
新北市新莊區民安東路120號,25.020676,121.430105,門牌
新北市新莊區民安東路178號及180號,25.020306,121.433503,門牌
新北市新莊區民安東路43巷6弄5號7樓,25.021474,121.429507,門牌
新北市新莊區民安西路173巷23號1樓,25.015966,121.427078,門牌
新北市新莊區民安西路212巷16弄15號3樓,25.015328,121.424917,門牌
新北市新莊區民安西路229巷15號,25.014247,121.426933,門牌
新北市新莊區民安西路252巷37號,25.015348,121.426892,路名
新北市新莊區民安西路261巷1號2樓,25.013172,121.426273,門牌
新北市新莊區民安西路300號,25.012132,121.426287,門牌
新北市新莊區民安西路327巷1號5樓,25.011232,121.427736,門牌
新北市新莊區民安西路327巷6弄12號,25.011429,121.428504,門牌
新北市新莊區民安西路376號10樓之1,25.010619,121.427503,門牌
新北市新莊區民安西路376號13樓之2,25.010619,121.427503,門牌
新北市新莊區民安西路378號之15,25.010593,121.427479,門牌
新北市新莊區民安西路380號之39,25.009832,121.427831,門牌
新北市新莊區民安西路405號,25.009617,121.429664,門牌
新北市新莊區民安西路408號1樓,25.010012,121.428866,門牌
新北市新莊區民安西路472號2.3.4樓,25.015348,121.426892,路名
新北市新莊區民安路105巷1弄2號,25.025373,121.424824,門牌
新北市新莊區民安路181巷2弄12號,25.022659,121.426367,門牌
新北市新莊區民安路207巷49號2樓,25.024222,121.427796,門牌
新北市新莊區民安路283號之6五樓,25.023063,121.428519,門牌
新北市新莊區民安路287號之1,25.023465,121.428602,門牌
新北市新莊區民安路299巷23號,25.023132,121.429033,門牌
新北市新莊區民安路318號,25.021944,121.428741,門牌
新北市新莊區民安路37巷4號,25.026756,121.423870,門牌
新北市新莊區民安路387巷32號,25.024232,121.432108,門牌
新北市新莊區民安路387巷34號,25.024234,121.431681,門牌
新北市新莊區民安路396巷23號,25.022028,121.431112,門牌
新北市新莊區民安路428號,25.022281,121.432998,門牌
新北市新莊區民安路428號之1,25.022281,121.432998,門牌
新北市新莊區民本街11巷29弄14之2號,25.020587,121.429196,門牌
新北市新莊區民本街25巷20號5樓,25.019384,121.429247,門牌
新北市新莊區民樂街10號2樓,25.039800,121.457715,門牌
新北市新莊區民樂街81巷3號1樓,25.042967,121.457630,門牌
新北市新莊區永安街183號,24.926855,121.373228,門牌
新北市新莊區永安街204號,24.927407,121.373096,門牌
新北市新莊區永安街205號,25.044217,121.447640,門牌
新北市新莊區永樂街94號(1樓),25.088781,121.456242,門牌
新北市新莊區泰豐街18巷18號,25.031674,121.449029,門牌
新北市新莊區泰順街69號,25.043301,121.448155,門牌
新北市新莊區瓊林南路101巷12號,25.011487,121.435025,路名
新北市新莊區瓊林南路175之1號(1至2樓),25.010803,121.434019,門牌
新北市新莊區瓊林南路201號,25.009717,121.434408,門牌
新北市新莊區瓊林南路239號,25.008378,121.434901,門牌
新北市新莊區瓊林南路243號,25.008192,121.434916,門牌
新北市新莊區瓊林南路301巷7號,25.006248,121.434856,門牌
新北市新莊區瓊林南路75之18號(2樓),25.011487,121.435025,路名
新北市新莊區瓊林路100巷1號(1樓),25.026613,121.443407,門牌
新北市新莊區瓊林路100巷25號5樓,25.027353,121.443245,門牌
新北市新莊區瓊林路59號之92樓（現場僅供辦公室使用）,25.024736,121.441867,門牌
新北市新莊區瓊泰路63巷23弄3號(1樓),25.028205,121.442905,門牌
新北市新莊區福前街500之2號2樓,25.060223,121.462707,門牌
新北市新莊區福前街500之8號4樓,25.060339,121.463303,門牌
新北市新莊區福基里新北大道2段217號13樓,25.060654,121.462773,門牌
新北市新莊區福壽街124巷16號6樓,25.051308,121.458706,門牌
新北市新莊區福壽街124巷2號2樓,25.051234,121.458069,門牌
新北市新莊區福壽街124巷33號,25.051485,121.459020,門牌
新北市新莊區福壽街136巷31之1號,25.051774,121.458895,門牌
新北市新莊區福壽街14巷40號6樓,25.047764,121.458658,門牌
新北市新莊區福壽街164巷7號,25.052988,121.458599,門牌
新北市新莊區福壽街84巷16號(1樓),25.049860,121.458866,門牌
新北市新莊區福壽街99巷11弄1之1號,25.050478,121.457494,門牌
新北市新莊區福德一街66號,25.056198,121.461978,門牌
新北市新莊區福德二街58號7樓,25.057304,121.461927,門牌
新北市新莊區福德二街5號7樓,24.967506,121.330186,門牌
新北市新莊區福樂街118巷7號,25.048248,121.457318,門牌
新北市新莊區福樂街142號3樓（現場僅供辦公室使用）,25.048233,121.456314,門牌
新北市新莊區福樂街156巷14弄3號2樓,25.049172,121.456804,門牌
新北市新莊區福樂街30號4樓,25.045479,121.457923,門牌
新北市新莊區福營路163號2樓,25.031250,121.431897,門牌
新北市新莊區福營路163號3樓,25.031250,121.431897,門牌
新北市新莊區福營路165巷49弄6號,25.030080,121.433215,門牌
新北市新莊區福營路227巷11號,25.029722,121.430600,門牌
新北市新莊區福營路227巷3、5、7、13號,25.030224,121.431390,路名
新北市新莊區福營路297號,25.029086,121.426888,門牌
新北市新莊區福營路320號,25.027241,121.422080,門牌
新北市新莊區福美街42號3樓,25.053822,121.460978,門牌
新北市新莊區福美街52號17樓,25.054182,121.461061,門牌
新北市新莊區福美街71號8樓,25.056623,121.461700,路名
新北市新莊區自信街75巷3之1號,25.048502,121.455744,門牌
新北市新莊區自治街14號2樓,25.047858,121.453644,門牌
新北市新莊區自立街220之3號,25.045418,121.457271,門牌
新北市新莊區萬安街151號(1樓),25.023006,121.433951,路名
新北市新莊區萬安街47巷20號3樓,25.024367,121.422393,門牌
新北市新莊區萬安街77巷4之2號,25.023749,121.421428,門牌
新北市新莊區萬安街99巷1號,25.023254,121.421164,門牌
新北市新莊區裕民街30號之2,25.025376,121.418956,門牌
新北市新莊區裕民街67號之2三樓,25.024349,121.418717,門牌
新北市新莊區裕民街73巷4號2樓,25.024064,121.418966,門牌
新北市新莊區西盛街176號9樓,25.018909,121.428089,門牌
新北市新莊區西盛街245巷27弄17之3號,25.016745,121.429290,門牌
新北市新莊區西盛街324巷25號7樓,25.014737,121.426925,門牌
新北市新莊區西盛街344巷2號2樓,25.014190,121.427835,門牌
新北市新莊區西盛街387巷36弄2號,25.012867,121.428917,門牌
新北市新莊區西盛街387巷36弄2號5樓,25.012867,121.428917,門牌
新北市新莊區西盛街416巷2號2樓,25.012307,121.427261,門牌
新北市新莊區豐年街124巷18號,25.029931,121.445611,門牌
新北市新莊區豐年街124巷20弄21號6樓,25.030292,121.445090,門牌
新北市新莊區銘德街4號之2,25.043905,121.459236,門牌
新北市新莊區銘德街54號之4,25.043871,121.456993,門牌
新北市新莊區長青街11號4樓,25.042281,121.459105,門牌
新北市新莊區長青街35巷18號,25.041675,121.456711,門牌
新北市新莊區雙鳳路102之1號3樓,25.028008,121.414639,路名
新北市新莊區雙鳳路116巷15弄12號,25.029355,121.413238,門牌
新北市新莊區雙鳳路124號2樓,25.028197,121.413232,門牌
新北市新莊區雙鳳路163巷8號,25.026530,121.412916,門牌
新北市新莊區雙鳳路90巷4弄10之2號,25.028235,121.415413,門牌
新北市新莊區雙鳳路90巷4弄8號2樓,25.028269,121.415350,門牌
新北市新莊區青山路1段64之1號12樓,25.027985,121.409679,門牌
新北市新莊區青山路1段66之3號,25.027963,121.409907,門牌
新北市新莊區青山路1段91號,24.981086,121.486005,路名
新北市新莊區頭前路113號6樓,25.052245,121.464205,門牌
新北市新莊區頭前路15巷12號,25.051968,121.467927,門牌
新北市新莊區頭興街112號3樓,25.053649,121.462389,門牌
新北市新莊區頭興街168號3樓,25.053646,121.461493,門牌
新北市新莊區頭興街178號3樓,25.053783,121.461302,門牌
新北市新莊區龍安路15號7樓,25.063973,121.655706,門牌
新北市新莊區龍安路278巷27號8樓,25.018318,121.421938,門牌
新北市新莊區龍安路569號10樓,25.018088,121.427267,門牌
新北市新莊區龍安路69巷6號,25.027990,121.465217,路名
新北市新莊區龍安路71號之1,25.021681,121.415767,門牌
新北市新莊區龍安路71號之1(3樓),25.021681,121.415767,門牌
新北市板橋區三民路1段100號,25.021336,121.479118,門牌
新北市板橋區三民路1段1巷16之3號,25.024191,121.479551,門牌
新北市板橋區三民路1段210號4樓,25.019361,121.479068,門牌
新北市板橋區三民路1段216號7樓,25.018974,121.479069,門牌
新北市板橋區三民路1段22號,25.023322,121.478824,門牌
新北市板橋區三民路1段31巷84號1樓,25.023297,121.481287,門牌
新北市板橋區三民路1段31巷89弄7之2號,25.023412,121.482019,門牌
新北市板橋區三民路1段3巷1之2號,25.023706,121.478920,門牌
新北市板橋區三民路2段109巷17號3樓,25.016058,121.480127,門牌
新北市板橋區三民路2段123巷7號3樓,25.015694,121.479806,門牌
新北市板橋區三民路2段138巷1弄28之3號,25.015642,121.478797,門牌
新北市板橋區三民路2段138巷1弄28之3號4樓,25.015642,121.478797,門牌
新北市板橋區三民路2段186巷6弄3號5樓,25.014660,121.478083,門牌
新北市板橋區三民路2段196號8樓之2,25.014639,121.478921,門牌
新北市板橋區三民路2段203之9號,25.013369,121.479158,門牌
新北市板橋區三民路2段28號11樓,25.018115,121.479071,門牌
新北市板橋區三民路2段28號12樓,25.018115,121.479071,門牌
新北市板橋區三民路2段30號9樓,25.018070,121.479074,門牌
新北市板橋區三民路2段31號17樓,25.017810,121.479412,門牌
新北市板橋區三民路2段31號9樓,25.017810,121.479412,門牌
新北市板橋區三民路2段33號13樓,25.017662,121.479417,門牌
新北市板橋區三民路2段33號15樓,25.017662,121.479417,門牌
新北市板橋區三民路2段35巷2號4樓,25.017042,121.479876,門牌
新北市板橋區三民路2段35巷3號18樓,25.017880,121.479829,門牌
新北市板橋區三民路2段36號10樓之1,25.017915,121.479073,門牌
新北市板橋區三民路2段37號10樓之1,25.017392,121.479455,門牌
新北市板橋區三民路2段37號19樓之1,25.017392,121.479455,門牌
新北市板橋區三民路2段37號21樓之3,25.017392,121.479455,門牌
新北市板橋區三民路2段37號23樓之1,25.017392,121.479455,門牌
新北市板橋區三民路2段37號25樓之2,25.017392,121.479455,門牌
新北市板橋區三民路2段37號6樓之2,25.017392,121.479455,門牌
新北市板橋區三民路2段81巷14號4樓,25.016632,121.480056,門牌
新北市板橋區三民路2段居仁巷1弄36號1樓,25.018684,121.485166,路名
新北市板橋區三民路2段正泰5巷2號,25.018684,121.485166,路名
新北市板橋區三民路2段正泰四巷12號,25.018684,121.485166,路名
新北市板橋區三民路2段正隆巷15號1樓,25.018684,121.485166,路名
新北市板橋區三民路二段31號19樓,24.970355,121.537932,門牌
新北市板橋區中山路1段10號9樓,25.159073,121.423275,門牌
新北市板橋區中山路1段141號4樓,25.159073,121.413067,門牌
新北市板橋區中山路1段156之1號6樓,25.011735,121.465554,門牌
新北市板橋區中山路1段156號15樓,24.989583,121.422203,門牌
新北市板橋區中山路1段156號5樓,24.989583,121.422203,門牌
新北市板橋區中山路1段158巷4號2樓,25.011706,121.466090,門牌
新北市板橋區中山路1段1號15樓之14,25.158844,121.423027,門牌
新北市板橋區中山路1段1號19樓之8,25.158844,121.423027,門牌
新北市板橋區中山路1段1號23樓,25.158844,121.423027,門牌
新北市板橋區中山路1段206巷78之1號,25.013231,121.472553,門牌
新北市板橋區中山路1段279號,25.007062,121.507104,門牌
新北市板橋區中山路1段293之1號10樓之1,25.014407,121.470641,門牌
新北市板橋區中山路1段293之1號12樓之2,25.014407,121.470641,門牌
新北市板橋區中山路1段293之2號12樓之1,25.014561,121.470947,門牌
新北市板橋區中山路2段100號6樓,25.155196,121.407625,門牌
新北市板橋區中山路2段111號8樓,25.152017,121.405913,門牌
新北市板橋區中山路2段116之3號3樓,25.016360,121.476260,門牌
新北市板橋區中山路2段291之10號8樓之4,25.018411,121.478231,門牌
新北市板橋區中山路2段367之1號2樓,25.019359,121.479698,門牌
新北市板橋區中山路2段407之5號13樓,25.020001,121.480327,門牌
新北市板橋區中山路2段416巷3弄18號2樓,25.020511,121.484153,門牌
新北市板橋區中山路2段89巷28號2樓,25.016672,121.474259,門牌
新北市板橋區中山路2段89巷33號(1樓),25.016913,121.473699,門牌
新北市板橋區中山路2段89巷7弄15號,25.017069,121.472885,門牌
新北市板橋區中山路2段97號9樓之2,25.152706,121.406035,門牌
新北市板橋區中正路216巷74號2樓,25.018937,121.457932,門牌
新北市板橋區中正路250巷122號,25.020071,121.460096,門牌
新北市板橋區中正路253巷61弄7號,25.016869,121.452803,門牌
新北市板橋區中正路275巷71弄4號-3,25.017802,121.452570,門牌
新北市板橋區中正路325巷3弄3號,25.019137,121.453742,門牌
新北市板橋區中正路360巷61號3樓,25.022719,121.456564,門牌
新北市板橋區中正路415-2號,25.030220,121.463391,路名
新北市板橋區中正路41號3樓,25.221950,121.634943,門牌
新北市板橋區中正路80巷7之1號2樓,25.014673,121.457162,門牌
新北市板橋區中正路80巷9號(1樓),25.014673,121.457225,門牌
新北市板橋區中正路87號4樓,25.221633,121.633371,門牌
新北市板橋區中正路88號2樓,25.221865,121.633549,門牌
新北市板橋區互助街39巷7號,25.026359,121.461615,門牌
新北市板橋區互助街57之1號,25.026372,121.460763,門牌
新北市板橋區五權街21號,24.994440,121.464223,門牌
新北市板橋區仁化街148之2號,25.033139,121.477722,門牌
新北市板橋區仁化街166巷7號,25.033693,121.478598,門牌
新北市板橋區仁化街42巷16之4號,25.030998,121.475367,門牌
新北市板橋區仁愛路49巷20號3樓（現場僅供辦公室使用）,24.999868,121.460543,門牌
新北市板橋區仁愛路49巷6之4號,24.999736,121.460055,門牌
新北市板橋區仁愛路76巷3弄2號,24.998958,121.460711,門牌
新北市板橋區信義路110巷7之1號2樓（現場僅供辦公室使用）,24.992089,121.457949,門牌
新北市板橋區信義路125巷12號(4樓),24.993494,121.458620,門牌
新北市板橋區信義路150巷1弄6之1號2樓,24.991409,121.458688,門牌
新北市板橋區信義路150巷21之3號4樓,24.991657,121.458448,門牌
新北市板橋區信義路163巷1號4樓,24.992760,121.459001,門牌
新北市板橋區信義路1巷26弄23號,24.996655,121.458330,門牌
新北市板橋區信義路1巷26弄6號1樓,24.996917,121.457817,門牌
新北市板橋區信義路235之3號3樓,24.991323,121.460023,門牌
新北市板橋區信義路54巷3號（1樓）,25.079438,121.475402,門牌
新北市板橋區信義路74巷7弄5之1號,24.992611,121.456730,門牌
新北市板橋區僑中一街124巷1弄21號1樓,25.012177,121.445021,門牌
新北市板橋區僑中一街124巷20弄43之1樓,25.012957,121.446588,路名
新北市板橋區僑中一街124巷20弄43之1號,25.013921,121.447774,門牌
新北市板橋區僑中一街124巷62號之10,25.016807,121.447365,門牌
新北市板橋區僑中一街124巷臨61之59號,25.012957,121.446588,路名
新北市板橋區僑中一街80巷5弄11號,25.012528,121.447205,門牌
新北市板橋區僑中一街80巷7弄4號3樓,25.012842,121.447662,門牌
新北市板橋區僑中三街22號,25.004794,121.446068,門牌
新北市板橋區僑中二街114巷33號3樓,25.006909,121.444191,門牌
新北市板橋區僑中二街116巷38號,25.006708,121.444221,門牌
新北市板橋區僑中二街120巷18號4樓,25.006026,121.444728,門牌
新北市板橋區僑中二街126巷10號5樓（現場僅供辦公室使用）,25.005278,121.444827,門牌
新北市板橋區僑中二街90巷8號1樓,25.009273,121.445949,門牌
新北市板橋區光正街23巷5號,25.016965,121.462261,門牌
新北市板橋區光正街67號7樓,25.016985,121.462115,路名
新北市板橋區光武街181號,25.030445,121.465023,門牌
新北市板橋區光武街48巷37號2樓,25.027011,121.467958,門牌
新北市板橋區光武街48巷43號4樓,25.027078,121.468092,門牌
新北市板橋區光環路2段60號(1樓),25.015301,121.482202,路名
新北市板橋區南雅南路2段11之25號8樓,25.001855,121.454003,門牌
新北市板橋區南雅南路2段144巷7號5樓之4,24.995601,121.451291,門牌
新北市板橋區南雅南路2段4巷28號5樓,25.003398,121.453527,門牌
新北市板橋區南雅東路108號2樓,25.008148,121.453487,門牌
新北市板橋區南雅東路22號10樓之8,25.006252,121.454499,門牌
新北市板橋區南雅西路2段110巷52號2樓,25.013640,121.452753,門牌
新北市板橋區南雅西路2段110巷73號,25.013684,121.452625,門牌
新北市板橋區南雅西路2段110巷73號1樓,25.013684,121.452625,門牌
新北市板橋區南雅西路2段138號,25.012960,121.451941,門牌
新北市板橋區南雅西路2段145巷11-2號3樓,25.011799,121.452548,路名
新北市板橋區南雅西路2段180巷20號1樓,25.013845,121.452464,門牌
新北市板橋區南雅西路2段180巷22號1樓,25.013840,121.452540,門牌
新北市板橋區南雅西路2段180巷22號4樓之3（現場僅供辦公室使用）,25.013840,121.452540,門牌
新北市板橋區南雅西路2段180巷22號之3,25.013840,121.452540,門牌
新北市板橋區南雅西路2段224號3樓,25.015442,121.452208,門牌
新北市板橋區南雅西路2段69號,25.009973,121.452735,門牌
新北市板橋區南雅西路2段7巷13號4樓,25.009306,121.452551,門牌
新北市板橋區南雅西路2段7巷25號,25.009593,121.452130,門牌
新北市板橋區南雅西路2段7巷27號地下室,25.009469,121.452156,門牌
新北市板橋區吳鳳路17巷26弄8號1樓,25.029970,121.467248,門牌
新北市板橋區吳鳳路19巷38號11樓,25.030692,121.467932,路名
新北市板橋區吳鳳路50巷41號,25.030329,121.468852,門牌
新北市板橋區吳鳳路81巷17號之3（現場僅供辦公室使用）,25.031052,121.466255,門牌
新北市板橋區和平路14巷3號,24.993463,121.460836,門牌
新北市板橋區和平路2之1號,24.974845,121.442470,門牌
新北市板橋區和平路4之5號,24.994228,121.458565,門牌
新北市板橋區和平里和平路63巷2號2樓,24.994801,121.461239,門牌
新北市板橋區四川路1段143號10樓,25.004446,121.459978,門牌
新北市板橋區四川路1段23號10樓之2,25.006856,121.459544,門牌
新北市板橋區四川路1段23號11樓之1,25.006856,121.459544,門牌
新北市板橋區四川路1段23號3樓之2,25.006856,121.459544,門牌
新北市板橋區四川路1段23號9樓之1,25.006856,121.459544,門牌
新北市板橋區四川路1段286巷47號,25.001309,121.457601,門牌
新北市板橋區四川路1段325巷4弄9號3樓,24.999981,121.459546,門牌
新北市板橋區四川路2段140巷16弄16號1樓,24.994097,121.449058,門牌
新北市板橋區四川路2段16巷5號5樓,24.997200,121.455812,門牌
新北市板橋區四川路2段237號5樓之2,24.993910,121.450925,門牌
新北市板橋區四川路2段239號5樓之5,24.993841,121.450834,門牌
新北市板橋區四川路2段243號3樓之2,24.993630,121.450557,門牌
新北市板橋區四川路2段245巷19弄12號,24.992974,121.451773,門牌
新北市板橋區四川路2段245巷85號,24.992936,121.452778,門牌
新北市板橋區四川路2段31號1樓,24.995389,121.454406,門牌
新北市板橋區四川路2段47巷3弄10之3號,24.994602,121.454495,門牌
新北市板橋區四維路129號(1樓),25.073930,121.467477,門牌
新北市板橋區四維路129號（1樓）,25.073930,121.467477,門牌
新北市板橋區四維路172巷11號8樓,25.026676,121.464702,門牌
新北市板橋區四維路259巷16號(1樓),25.027864,121.462561,門牌
新北市板橋區四維路266巷5弄17之2號（現場僅供辦公室使用）,25.028925,121.463518,門牌
新北市板橋區四維路269巷85號(1樓),25.026746,121.460045,門牌
新北市板橋區四維路291巷2弄32號2樓,25.028912,121.462703,門牌
新北市板橋區四維路357號5樓,25.030134,121.462163,門牌
新北市板橋區國光路173巷12號4樓,25.019049,121.460447,門牌
新北市板橋區國慶路149巷18之3號,24.997332,121.461198,門牌
新北市板橋區國慶路149巷22弄1號1樓,24.997565,121.461292,門牌
新北市板橋區國慶路149巷37弄8之3號,24.998025,121.460514,門牌
新北市板橋區國慶路167巷35之4號,24.998077,121.461582,門牌
新北市板橋區國慶路27號,24.995621,121.458702,門牌
新北市板橋區國慶路3號10樓,24.995517,121.457505,門牌
新北市板橋區國慶路9號6樓之1,24.995790,121.457490,門牌
新北市板橋區國泰街21號,25.006772,121.469216,門牌
新北市板橋區國泰街75巷28弄60號3樓,25.004571,121.467548,門牌
新北市板橋區大仁街18號,25.176414,121.683633,門牌
新北市板橋區大仁街42號,25.175526,121.442726,門牌
新北市板橋區大勇街4巷6號,25.017616,121.454911,門牌
新北市板橋區大同街26巷12弄7號1樓,25.026607,121.478022,門牌
新北市板橋區大同街26巷41號2樓,25.026048,121.478649,門牌
新北市板橋區大同街35巷62號（1樓）,25.027644,121.476457,門牌
新北市板橋區大同街41號2樓,25.027363,121.478066,門牌
新北市板橋區大明街20巷45號2樓,25.003776,121.457933,門牌
新北市板橋區大明街25巷2弄26號,25.002731,121.457371,門牌
新北市板橋區大明街44號,25.002863,121.457935,門牌
新北市板橋區大智街43號3樓,25.174331,121.442734,門牌
新北市板橋區大東街33號1樓,25.008663,121.456577,門牌
新北市板橋區大觀路1段28巷臨108之2號,25.000239,121.442976,路名
新北市板橋區大觀路1段38巷200弄9號之65,25.009200,121.442008,門牌
新北市板橋區大觀路2段150巷29之1號,24.999746,121.441581,門牌
新北市板橋區大觀路2段174巷138之2號10樓,25.002368,121.441946,門牌
新北市板橋區大觀路2段174巷138之2號10樓之1,25.002368,121.441946,門牌
新北市板橋區大觀路2段174巷179弄12之1號2樓,25.004035,121.441664,門牌
新北市板橋區大觀路2段179巷4號5樓,24.999938,121.445081,門牌
新北市板橋區大觀路2段19巷臨124-4號,25.000239,121.442976,路名
新北市板橋區大觀路2段1巷30號4樓,25.003640,121.449477,門牌
新北市板橋區大觀路2段265巷1弄12之2號,24.998507,121.443431,門牌
新北市板橋區大觀路2段37巷7號2樓,25.002897,121.447304,門牌
新北市板橋區大觀路2段7巷55號2樓,25.003338,121.448629,門牌
新北市板橋區大觀路3段160巷14號4樓,24.993731,121.430802,門牌
新北市板橋區大觀路3段160巷34弄27號6樓,24.994616,121.429967,門牌
新北市板橋區大觀路3段212巷52號7樓,24.992962,121.430071,門牌
新北市板橋區大觀路3段225號5樓,24.992660,121.431120,門牌
新北市板橋區大觀路3段36巷117弄23號,24.998681,121.433566,門牌
新北市板橋區大觀路3段36巷89弄10號,24.998082,121.433873,門牌
新北市板橋區大觀路3段50巷75號,24.996311,121.431459,門牌
新北市板橋區大觀路3段50巷91號6樓,24.996421,121.431302,門牌
新北市板橋區存德街66號3樓之2,24.991325,121.431057,門牌
新北市板橋區宏國路15號,25.032695,121.469749,門牌
新北市板橋區宏國路77巷2弄1號2樓,25.032503,121.469365,門牌
新北市板橋區宏國路7號(1樓),25.031429,121.467370,門牌
新北市板橋區富山街38巷14之3號,25.022581,121.477954,門牌
新北市板橋區富山街62巷18號,25.022619,121.477302,門牌
新北市板橋區富山街6巷15之1號,25.022213,121.478945,門牌
新北市板橋區富山街71巷3號,25.021633,121.477151,門牌
新北市板橋區富山街85巷6弄6號,25.021221,121.476409,門牌
新北市板橋區實踐路34號3樓之1,25.007085,121.463539,門牌
新北市板橋區實踐路93巷11號,25.005507,121.464702,門牌
新北市板橋區崑崙里金門街24號2樓,24.994088,121.433305,門牌
新北市板橋區幸福路70巷4號4樓,25.020251,121.460784,門牌
新北市板橋區府中路126號3樓之6,25.009475,121.454885,門牌
新北市板橋區府中路145號8樓,25.009343,121.455387,門牌
新北市板橋區廣和街79號8樓（現場僅供辦公室使用）,24.992131,121.462742,門牌
新北市板橋區廣權路27號,24.991632,121.462282,門牌
新北市板橋區建國街128號1樓,25.017551,121.461377,門牌
新北市板橋區復興街42之2號,25.017429,121.458409,門牌
新北市板橋區復興街65之1號（現場僅供辦公室使用）,25.017670,121.458982,門牌
新北市板橋區復興街83之2號,25.017762,121.459416,門牌
新北市板橋區復興街91號3樓,25.014141,121.517712,門牌
新北市板橋區德興街37巷2號5樓,24.992351,121.454581,路名
新北市板橋區忠孝路184號5樓,25.002522,121.464909,門牌
新北市板橋區忠孝路206號,25.002690,121.465935,門牌
新北市板橋區忠孝路208號,25.002702,121.465995,門牌
新北市板橋區忠孝路48巷16號,25.001426,121.460749,門牌
新北市板橋區忠孝路48巷2號,25.084505,121.471649,門牌
新北市板橋區忠孝路63號5樓,25.160128,121.427927,門牌
新北市板橋區懷德街127巷23弄3號,25.031433,121.479320,門牌
新北市板橋區懷德街127巷23弄3號1樓,25.031433,121.479320,門牌
新北市板橋區懷德街127巷74號1樓,25.031851,121.480756,門牌
新北市板橋區懷德街139巷20弄15之4號,25.031028,121.480717,門牌
新北市板橋區懷德街182號,25.029765,121.479551,門牌
新北市板橋區懷德街233巷18號1樓,25.028862,121.481147,門牌
新北市板橋區懷德街234號4樓,25.028722,121.480386,門牌
新北市板橋區懷德街66巷19號,25.031842,121.477044,門牌
新北市板橋區懷德街66巷3號3樓,25.032154,121.477339,門牌
新北市板橋區成功路6巷7號2樓（現場僅供辦公室使用）,25.017079,121.475830,門牌
新北市板橋區文化路1段145號6樓之1,25.015665,121.462332,門牌
新北市板橋區文化路1段188巷20之1號2樓,25.019431,121.466217,門牌
新北市板橋區文化路1段188巷29號3樓,25.018927,121.467271,門牌
新北市板橋區文化路1段188巷44號1樓,25.018904,121.466836,門牌
新北市板橋區文化路1段189號7樓,25.016556,121.463062,門牌
新北市板橋區文化路1段249巷1號,25.018329,121.463821,門牌
新北市板橋區文化路1段266號7樓之1,25.020777,121.467035,門牌
新北市板橋區文化路1段268號14樓,25.020903,121.467135,門牌
新北市板橋區文化路1段268號7樓之1,25.020903,121.467135,門牌
新北市板橋區文化路1段285巷13號(1樓),25.019130,121.464012,門牌
新北市板橋區文化路1段285巷2弄27號1樓,25.019548,121.464055,門牌
新北市板橋區文化路1段309之5號3樓,25.019531,121.465153,門牌
新北市板橋區文化路1段329號4樓,25.020667,121.466306,門牌
新北市板橋區文化路1段32巷25號5樓,25.011015,121.460176,門牌
新北市板橋區文化路1段46巷54號(1樓),25.010930,121.460883,門牌
新北市板橋區文化路1段52巷17號2樓,25.011502,121.460877,門牌
新北市板橋區文化路2段182巷1弄6號9樓,25.027491,121.471327,門牌
新北市板橋區文化路2段182巷23號6樓,25.026651,121.472474,門牌
新北市板橋區文化路2段182巷3弄50號21樓,25.028748,121.472682,門牌
新北市板橋區文化路2段182巷3弄52號21樓,25.028729,121.472666,門牌
新北市板橋區文化路2段182巷3弄79號4樓,25.029364,121.472658,門牌
新北市板橋區文化路2段182巷3弄95號16樓,25.029009,121.472412,門牌
新北市板橋區文化路2段225巷31號11樓,25.028394,121.469521,門牌
新北市板橋區文化路2段225巷39號,25.028366,121.469238,門牌
新北市板橋區文化路2段263巷13號,25.029286,121.470844,門牌
新北市板橋區文化路2段285號7樓,25.029229,121.471360,門牌
新北市板橋區文化路2段417巷11之1號,25.033832,121.473536,門牌
新北市板橋區文化路2段417巷12號15樓,25.033279,121.474032,門牌
新北市板橋區文化路2段430號11樓之1,25.031788,121.474282,門牌
新北市板橋區文化路2段441巷8號10樓,25.033782,121.474465,門牌
新北市板橋區文化路2段451號7樓,25.033516,121.475271,門牌
新北市板橋區文化路2段453號11樓,25.033642,121.475392,門牌
新北市板橋區文化路2段453號5樓,25.033642,121.475392,門牌
新北市板橋區文化路2段572號,25.034394,121.476634,門牌
新北市板橋區文化路2段572號4樓,25.034394,121.476634,門牌
新北市板橋區文化路2段88號6樓,25.025681,121.469804,門牌
新北市板橋區文化路二段285號21樓,24.952685,121.352974,門牌
新北市板橋區文化路二段427號,24.948573,121.353750,門牌
新北市板橋區文聖街11巷28號,25.033043,121.476281,門牌
新北市板橋區文聖街121號（1樓）,25.028955,121.478044,門牌
新北市板橋區文聖街149巷5號4樓,25.028216,121.478756,門牌
新北市板橋區文聖街153號3樓,25.027879,121.478666,門牌
新北市板橋區新海路137號,25.023371,121.460631,門牌
新北市板橋區新海路150號2樓之2,25.023768,121.460656,門牌
新北市板橋區新海路150號2樓之3,25.023768,121.460656,門牌
新北市板橋區新海路332號3樓,25.024218,121.460380,門牌
新北市板橋區新海路385巷10弄4號5樓,25.026146,121.458428,門牌
新北市板橋區新海路385巷34弄4號,25.025606,121.457415,門牌
新北市板橋區新海路403巷5號4樓,25.026526,121.458278,門牌
新北市板橋區新海路422之3號,25.027436,121.458325,門牌
新北市板橋區新海路431巷22號5樓,25.026791,121.457664,門牌
新北市板橋區新海路72巷36號,25.022650,121.462363,門牌
新北市板橋區新海路72巷5弄16號1樓,25.022565,121.461941,門牌
新北市板橋區新海里新海路385巷34弄8號1樓,25.025745,121.457326,門牌
新北市板橋區新生街23巷12號3樓,25.021791,121.456276,門牌
新北市板橋區新生街50號4樓,25.003082,121.483180,門牌
新北市板橋區新生街67號,25.021079,121.457666,門牌
新北市板橋區新生街84號,25.174721,121.439354,門牌
新北市板橋區新站路16之1號36樓,25.013128,121.466970,門牌
新北市板橋區新站路16之1號37樓,25.013128,121.466970,門牌
新北市板橋區新站路16號18樓,25.013016,121.466997,門牌
新北市板橋區新站路16號25樓,25.013016,121.466997,門牌
新北市板橋區新站路16號38樓,25.013016,121.466997,門牌
新北市板橋區東興街23號,25.018587,121.949688,門牌
新北市板橋區東門街2巷44號,25.007265,121.457615,門牌
新北市板橋區松柏街22巷3號,25.029693,121.474724,門牌
新北市板橋區松柏街30之3號,25.029897,121.474990,門牌
新北市板橋區松柏街36巷8號(1樓),25.029600,121.475253,門牌
新北市板橋區松江街39號1樓,25.027071,121.468593,門牌
新北市板橋區松江街68號3樓,25.027709,121.468666,門牌
新北市板橋區松江街80號3樓,25.028093,121.468663,門牌
新北市板橋區板新路101號4樓,25.014115,121.472744,門牌
新北市板橋區板新路158號,25.015767,121.470257,門牌
新北市板橋區板新路81巷7號,25.013356,121.473213,門牌
新北市板橋區林森街3巷15號(1樓),25.023799,121.482530,門牌
新北市板橋區樂群路182號,24.996967,121.444715,門牌
新北市板橋區民族路129巷12弄11號,25.008362,121.468434,門牌
新北市板橋區民族路143號(2樓),25.007914,121.467824,門牌
新北市板橋區民族路183之1號3樓,25.007688,121.468847,門牌
新北市板橋區民族路186號,25.087047,121.479939,門牌
新北市板橋區民族路216號12樓,25.133512,121.462152,門牌
新北市板橋區民族路273巷6號1樓,25.007131,121.470829,門牌
新北市板橋區民族路34巷6號,25.009422,121.462033,門牌
新北市板橋區民族路69巷16號2樓,25.071688,121.471725,路名
新北市板橋區民有街117號(1樓),25.028494,121.464323,門牌
新北市板橋區民有街35號,25.005048,121.475871,門牌
新北市板橋區民有街54號,25.004727,121.475783,門牌
新北市板橋區民有街81巷6-4號,25.020379,121.474638,路名
新北市板橋區民權路202巷11弄5號,25.015700,121.460299,門牌
新北市板橋區民權路202巷14弄1號,25.015932,121.460690,門牌
新北市板橋區民權路202巷15弄4之3號,25.016279,121.460547,門牌
新北市板橋區民權路209之4號5樓,25.014938,121.457892,門牌
新北市板橋區民權路260巷20號1樓,25.015277,121.458554,門牌
新北市板橋區民權路302巷1弄4號,25.016173,121.457440,門牌
新北市板橋區民治街65號4樓,25.157416,121.414824,門牌
新北市板橋區民生路1段129號4樓,25.014788,121.473721,門牌
新北市板橋區民生路1段33號12樓之3,25.012013,121.475934,門牌
新北市板橋區民生路1段33號18樓之1,25.012013,121.475934,門牌
新北市板橋區民生路1段33號19樓之1,25.012013,121.475934,門牌
新北市板橋區民生路1段33號22樓之2,25.012013,121.475934,門牌
新北市板橋區民生路1段33號26樓,25.012013,121.475934,門牌
新北市板橋區民生路1段33號5樓之1,25.012013,121.475934,門牌
新北市板橋區民生路1段33號5樓之4,25.012013,121.475934,門牌
新北市板橋區民生路1段33號6樓之3,25.012013,121.475934,門牌
新北市板橋區民生路1段33號9樓之4,25.012013,121.475934,門牌
新北市板橋區民生路1段3號21樓,25.011919,121.476214,門牌
新北市板橋區民生路1段3號9樓,25.011919,121.476214,門牌
新北市板橋區民生路2段226巷17弄23號2樓,25.022122,121.469595,門牌
新北市板橋區民生路3段251號3樓,25.029083,121.464411,門牌
新北市板橋區民生路3段30號4樓之1,25.024725,121.467578,門牌
新北市板橋區民生路3段315號11樓之5,25.031145,121.463294,門牌
新北市板橋區民生路3段315號18樓,25.031145,121.463294,門牌
新北市板橋區民生路3段317號23樓之9,25.031186,121.463284,門牌
新北市板橋區民生路3段321號32樓之2,25.031272,121.463258,門牌
新北市板橋區民生路3段42號4樓,25.024964,121.467453,門牌
新北市板橋區民生路3段66號2樓之3,25.025794,121.467018,門牌
新北市板橋區民生路一段1-2號1樓,25.068168,121.483472,路名
新北市板橋區民生路一段1號,25.225160,121.650027,門牌
新北市板橋區民生路二段232號1樓之9,25.068168,121.483472,路名
新北市板橋區永豐街55巷33之1號3樓（現場僅供辦公室使用）,25.018299,121.472550,門牌
新北市板橋區永豐街55巷8之1號（現場僅供辦公室使用）,25.018229,121.473504,門牌
新北市板橋區永豐街75巷48號,25.018554,121.472640,門牌
新北市板橋區江寧路3段123巷2之1號3樓,25.033418,121.473388,門牌
新北市板橋區江寧路3段25號,25.031674,121.471001,門牌
新北市板橋區海山路23號,25.008974,121.468389,門牌
新北市板橋區溪北路158號之4(5樓),24.988151,121.430513,門牌
新北市板橋區溪北路170號7樓,24.987921,121.430908,門牌
新北市板橋區溪城路105號12樓,24.982781,121.427467,門牌
新北市板橋區溪崑二街130巷5號8樓,24.988096,121.425310,門牌
新北市板橋區滿平二街20之3號,24.987099,121.425297,門牌
新北市板橋區滿平二街30巷5之2號,24.987535,121.425492,門牌
新北市板橋區滿平街100巷10之3號,24.988644,121.427753,門牌
新北市板橋區滿平街110巷38之1號(1樓),24.988275,121.427643,門牌
新北市板橋區滿平街136巷4弄2號1樓,24.987790,121.428295,門牌
新北市板橋區漢生東路111之1號5樓,25.015162,121.467223,門牌
新北市板橋區漢生東路111之2號5樓,25.015123,121.467250,門牌
新北市板橋區漢生東路168號2樓,25.014768,121.467083,門牌
新北市板橋區漢生東路193巷48號,25.011639,121.472656,門牌
新北市板橋區漢生東路193巷66之4號（5樓）,25.012002,121.473208,門牌
新北市板橋區漢生東路281之1號(1樓),25.008933,121.471565,門牌
新北市板橋區漢生東路313巷2弄38號2樓,25.007817,121.472463,門牌
新北市板橋區漢生東路73巷5號3樓,25.016373,121.466388,門牌
新北市板橋區漢生西路58巷1弄9號,25.019255,121.463217,門牌
新北市板橋區漢生西路89巷4弄10號2樓,25.018858,121.461246,門牌
新北市板橋區潮陽里四維路259巷16號1樓,25.027864,121.462561,門牌
新北市板橋區田單街39-3號,25.028592,121.482393,路名
新北市板橋區田單街49巷1弄30之3號(4樓),25.029482,121.482469,門牌
新北市板橋區篤行路1段42之1號10樓,24.993794,121.431694,門牌
新北市板橋區篤行路2段141巷10號1樓,24.987947,121.430187,門牌
新北市板橋區篤行路2段141巷3之3號,24.988132,121.430079,門牌
新北市板橋區篤行路2段155之4號（現場僅供辦公室使用）,24.987923,121.429609,門牌
新北市板橋區篤行路2段161巷6號2樓,24.987378,121.429522,門牌
新北市板橋區篤行路3段16號12樓,24.987413,121.428804,門牌
新北市板橋區篤行路3段78之3號2樓,24.985156,121.426280,門牌
新北市板橋區篤行路3段78號2樓,24.985151,121.426542,門牌
新北市板橋區篤行路3段79之6號3樓,24.985040,121.427551,門牌
新北市板橋區縣民大道1段64巷3號4樓（現場僅供辦公室使用）,25.003780,121.455485,門牌
新北市板橋區縣民大道2段82號10樓,25.014418,121.466111,門牌
新北市板橋區縣民大道3段103巷18號,25.022844,121.475323,門牌
新北市板橋區縣民大道3段128巷7號,25.020482,121.474639,門牌
新北市板橋區縣民大道3段133巷10號,25.023609,121.477529,門牌
新北市板橋區縣民大道3段133巷10號1樓,25.023609,121.477529,門牌
新北市板橋區縣民大道3段133巷23號1樓,25.023902,121.477019,門牌
新北市板橋區縣民大道3段133巷30號1樓,25.023875,121.477257,門牌
新北市板橋區縣民大道3段215號,25.025264,121.480289,門牌
新北市板橋區縣民大道3段247巷36號,25.026693,121.482397,門牌
新北市板橋區縣民大道二段7號6樓,25.019897,121.473231,路名
新北市板橋區翠華街8巷8號,25.025141,121.482157,門牌
新北市板橋區自由路51巷24弄7之2號3樓,25.023471,121.464359,門牌
新北市板橋區英士路58巷6弄4號4樓,25.025167,121.461062,門牌
新北市板橋區莊敬路208巷4弄2號1樓,25.021062,121.471621,門牌
新北市板橋區莊敬路220巷4弄6之1號,25.021124,121.472313,門牌
新北市板橋區莒光路133巷20號,25.024562,121.472762,門牌
新北市板橋區莒光路171巷1弄10之1號,25.024329,121.474512,門牌
新北市板橋區莒光路180巷20號之2,25.022857,121.473369,門牌
新北市板橋區華中里僑中一街124巷62之13號,25.017795,121.446872,門牌
新北市板橋區華中里僑中一街124巷62之21號,25.018454,121.446903,門牌
新北市板橋區華德里四川路2段245巷19弄5號4樓,24.993427,121.451130,門牌
新北市板橋區華東街310號17樓,25.002803,121.452970,門牌
新北市板橋區萬安街53巷19號,25.023596,121.483310,門牌
新北市板橋區萬安街53巷19號(1樓),25.023596,121.483310,門牌
新北市板橋區萬安街53巷38號,25.023693,121.482868,門牌
新北市板橋區萬板路46巷9號,25.022771,121.472557,門牌
新北市板橋區貴興路101號,25.002668,121.456215,門牌
新北市板橋區遠東路1號9樓,24.998946,121.457488,門牌
新北市板橋區遠東路3號5樓,24.998859,121.457544,門牌
新北市板橋區重慶路10號9樓,25.007954,121.460709,門牌
新北市板橋區重慶路139巷21號1樓,25.004747,121.463772,門牌
新北市板橋區重慶路228之2號,25.001703,121.462692,門牌
新北市板橋區重慶路245巷50弄28號3樓,25.000421,121.465285,門牌
新北市板橋區重慶路245巷52弄3號2樓,25.000703,121.465603,門牌
新北市板橋區重慶路269巷83號4樓,24.999666,121.465727,門牌
新北市板橋區重慶路269巷89號5樓之1,24.999440,121.465829,門牌
新北市板橋區重慶路276之5號3樓,25.000065,121.462761,門牌
新北市板橋區重慶路38號,25.007567,121.461353,門牌
新北市板橋區重慶路60之1號5樓,25.006985,121.461733,門牌
新北市板橋區重慶路66號6樓之1,25.006454,121.461841,門牌
新北市板橋區重慶路81號1樓,25.006531,121.461971,門牌
新北市板橋區重慶路89巷10號(1樓),25.006441,121.462888,門牌
新北市板橋區重慶路93巷16號3樓,25.005763,121.462787,門牌
新北市板橋區金華街97號3樓,25.020866,121.458491,門牌
新北市板橋區金門街151巷3弄16號4樓,24.990864,121.433226,門牌
新北市板橋區金門街151巷5弄7號3樓,24.990819,121.433726,門牌
新北市板橋區金門街253巷16弄15之1號4樓,24.987546,121.432755,門牌
新北市板橋區金門街260巷21號,24.986598,121.429502,門牌
新北市板橋區金門街303號8樓,24.986413,121.430000,門牌
新北市板橋區金門街317巷23號,24.985542,121.430519,門牌
新北市板橋區金門街369巷11號7樓,24.984601,121.429051,門牌
新北市板橋區金門街369巷57弄17號3樓,24.984086,121.429720,門牌
新北市板橋區金門街369巷65號,24.983713,121.429048,門牌
新北市板橋區金門街372巷11號12樓,24.984502,121.426628,門牌
新北市板橋區金門街372巷13號5樓,24.984533,121.426672,門牌
新北市板橋區金門街379巷9號3樓,24.984380,121.428631,門牌
新北市板橋區金門街421巷10號6樓,24.983457,121.427309,門牌
新北市板橋區銘傳街110號2樓,25.031856,121.470065,門牌
新北市板橋區銘傳街54號,25.030819,121.468682,門牌
新北市板橋區長安街138巷1弄236號(2樓),25.010765,121.474678,門牌
新北市板橋區長安街138巷1弄75號,25.010930,121.474620,門牌
新北市板橋區長安街138巷3弄36號1樓,25.009449,121.473643,門牌
新北市板橋區長安街138巷7弄37號,25.009064,121.473859,門牌
新北市板橋區長安街168號10樓之3,25.083169,121.459263,門牌
新北市板橋區長安街178巷10號,25.011003,121.474147,門牌
新北市板橋區長安街192巷1號,25.011445,121.474327,門牌
新北市板橋區長安街255巷46號,25.011376,121.472372,門牌
新北市板橋區長安街25巷11弄5號2樓,25.009666,121.466382,門牌
新北市板橋區長安街331巷37號(1樓),25.012796,121.473558,門牌
新北市板橋區長江路1段105巷1弄12之4號,25.030091,121.459911,門牌
新北市板橋區長江路1段105巷1弄12號5樓,25.030091,121.459911,門牌
新北市板橋區長江路1段105巷1弄19之3號,25.030379,121.460101,門牌
新北市板橋區長江路1段105巷1弄4號4樓,25.029931,121.459606,門牌
新北市板橋區長江路1段105巷3弄1之4號,25.029819,121.459322,門牌
新北市板橋區長江路1段105巷3弄1號5樓,25.029819,121.459322,門牌
新北市板橋區長江路1段106巷13弄27號,25.029671,121.461078,門牌
新北市板橋區長江路1段106巷13弄27號3樓,25.029671,121.461078,門牌
新北市板橋區長江路1段139巷5號5樓,25.030509,121.460494,門牌
新北市板橋區長江路2段112號（2樓）,25.031490,121.465417,門牌
新北市板橋區長江路2段141號4樓,25.031750,121.465524,門牌
新北市板橋區長江路2段250之3號（現場僅供辦公室使用）,25.032582,121.469053,門牌
新北市板橋區長江路2段269號,25.032958,121.469616,門牌
新北市板橋區長江路2段47號2樓,25.031464,121.464384,門牌
新北市板橋區長江路3段118之3號,25.034403,121.475199,門牌
新北市板橋區長江路3段22號,25.033556,121.472374,門牌
新北市板橋區陽明街277之1號4樓,25.026110,121.462036,門牌
新北市板橋區陽明街35號3樓,25.022105,121.465175,門牌
新北市板橋區雙十路1段12之1號,25.024215,121.478277,門牌
新北市板橋區雙十路1段22號6樓,25.024409,121.477979,門牌
新北市板橋區雙十路1段6號,25.024147,121.478355,門牌
新北市板橋區雙十路2段163號1樓,25.028348,121.474282,門牌
新北市板橋區雙十路2段221號22樓,25.029107,121.473181,門牌
新北市板橋區雙十路2段225號11樓,25.029140,121.473126,門牌
新北市板橋區雙十路2段47巷2弄31號(1樓),25.026751,121.475079,門牌
新北市板橋區雙十路2段47巷6弄13號1樓,25.026091,121.474657,門牌
新北市板橋區雙十路2段6號之8二樓,25.026374,121.476800,門牌
新北市板橋區雙十路2段6號之8四樓,25.026374,121.476800,門牌
新北市板橋區雙十路2段70巷13號2樓,25.028459,121.475531,門牌
新北市板橋區雙十路2段95號,25.027645,121.475125,門牌
新北市板橋區雙十路2段96號3樓,25.028439,121.474698,門牌
新北市板橋區雙十路3段10巷1弄27-4號,25.028574,121.474036,路名
新北市板橋區雨農路21號9樓之1,25.024243,121.461446,門牌
新北市板橋區雨農路9號(1樓),25.024742,121.462410,門牌
新北市板橋區館前東路96號8樓-5,25.007412,121.462169,門牌
新北市板橋區館前西路158號1樓,25.008629,121.455009,門牌
新北市板橋區館前西路259號3樓,25.008594,121.454213,門牌
新北市板橋區館前西路6號7樓,25.007125,121.459123,門牌
新北市板橋區龍泉街54巷7弄7號2樓,25.026411,121.456589,門牌
新北市板橋區龍泉街72巷2弄4-1號,25.025379,121.456541,路名
新北市板橋區龍泉街73巷5之2號3樓,25.025574,121.456835,門牌
新北市板橋區龍興街103巷10號5樓,25.003689,121.444022,門牌
新北市板橋區龍興街71巷35之1號2樓,25.002421,121.442301,門牌
新北市板橋區龍興街73巷22之4號(5樓),25.002552,121.443098,門牌
新北市板橋區龍興街73巷45號1樓,25.002837,121.442085,門牌
新北市板橋區龍興街95巷3之3號,25.002416,121.443837,門牌
新北市林口區三民路182號17樓之1,25.088677,121.469634,門牌
新北市林口區三民路30號,25.082784,121.475851,門牌
新北市林口區下福121號,25.113154,121.303584,路名
新北市林口區下福里下福139號之12(1樓),25.119065,121.301174,門牌
新北市林口區中北三街349號(1樓),25.084705,121.383334,門牌
新北市林口區中北三街355號(2樓),25.084809,121.383396,門牌
新北市林口區中山路248號2樓之2,25.223896,121.635820,門牌
新北市林口區中山路250號12樓之1,25.223919,121.635777,門牌
新北市林口區中山路51號4樓,25.031819,121.866930,門牌
新北市林口區中山路520號9樓之3,25.083570,121.378802,門牌
新北市林口區中山路530號3樓之3,25.084146,121.379035,門牌
新北市林口區中山路81巷1號2樓,25.078480,121.390188,門牌
新北市林口區中山路85號5樓,25.078666,121.389927,門牌
新北市林口區中正路288號3樓,25.077762,121.388711,門牌
新北市林口區中正路296巷24號1樓,25.078330,121.388056,門牌
新北市林口區中正路98號(1樓),25.221821,121.633323,門牌
新北市林口區中興街26號,25.077110,121.388623,門牌
新北市林口區中華一路95號3樓,25.085529,121.379129,門牌
新北市林口區仁愛路1段272巷24號6樓之2,25.076514,121.393288,門牌
新北市林口區仁愛路1段280號,25.076173,121.393215,門牌
新北市林口區仁愛路1段28巷67號(1樓),25.076040,121.397436,門牌
新北市林口區仁愛路1段326號,25.076542,121.391500,門牌
新北市林口區仁愛路2段496之1號、496之2號、496之3號,25.041621,121.495112,路名
新北市林口區佳林路140號(1樓),25.077381,121.384276,門牌
新北市林口區佳林路265號1樓（現場僅供辦公室使用）,25.075834,121.382581,門牌
新北市林口區佳林路50號,25.081754,121.386224,門牌
新北市林口區佳林路56巷6弄21號(1樓),25.082479,121.384759,門牌
新北市林口區佳林路78之2號4樓,25.080631,121.385477,門牌
新北市林口區信義路152號8樓,25.079969,121.379670,門牌
新北市林口區信義路166號9樓之1,25.080482,121.379375,門牌
新北市林口區信義路390號,25.082990,121.374334,門牌
新北市林口區信義路99號,25.080136,121.477953,門牌
新北市林口區八德路16巷13號4樓,25.067936,121.367817,門牌
新北市林口區八德路48巷1號1樓,25.066251,121.366728,門牌
新北市林口區公園路180號2樓之3,25.072806,121.372946,門牌
新北市林口區公園路203號10樓之1、之2,25.072862,121.372373,門牌
新北市林口區南勢39號之2,25.219505,121.627778,門牌
新北市林口區南勢77號之3,25.077017,121.348539,門牌
新北市林口區南勢一街17巷55號7樓,25.075536,121.360827,路名
新北市林口區南勢三街29號(1樓),25.077930,121.358472,門牌
新北市林口區南勢二街6號(1樓),25.067820,121.354864,門牌
新北市林口區南勢二街72號,25.069561,121.356044,門牌
新北市林口區南勢六街79號,25.072381,121.354639,門牌
新北市林口區南勢六街81巷38號(1樓),25.071872,121.354166,門牌
新北市林口區南勢四街196巷27號(1樓),25.073084,121.357110,門牌
新北市林口區吉林街17號,25.076254,121.384315,門牌
新北市林口區吉祥路176號12樓,25.080411,121.376930,門牌
新北市林口區嘉寶里嘉溪雅坑5之4號,25.099517,121.346625,門牌
新北市林口區嘉溪雅坑3之2號,25.106756,121.337237,門牌
新北市林口區嘉溪雅坑3之4號,25.106933,121.337038,門牌
新北市林口區嘉溪雅坑5之3號,25.100019,121.341652,門牌
新北市林口區四維路245巷18號7樓,25.074954,121.382032,門牌
新北市林口區四維路58號5樓之2,25.078931,121.375746,門牌
新北市林口區太平里後坑3號之2,25.116482,121.371583,門牌
新北市林口區宏昌街13號,25.084690,121.404615,門牌
新北市林口區宏昌街1號,25.083106,121.407082,門牌
新北市林口區宏昌街1號2樓,25.083106,121.407082,門牌
新北市林口區寶斗厝坑29之2號,25.104148,121.349761,門牌
新北市林口區工九路25號,25.075773,121.404049,路名
新北市林口區工九路25號之1,25.075773,121.404049,路名
新北市林口區工九路28號1樓,25.075773,121.404049,路名
新北市林口區工二區工五路2號,25.076624,121.401665,門牌
新北市林口區工二工業區工七路9、11號,25.079079,121.399888,路名
新北市林口區工二工業區工五路6號1樓,25.077929,121.402601,路名
新北市林口區工二工業區工四路42號,25.083785,121.400976,門牌
新北市林口區工二工業區工四路5號,25.081564,121.402500,路名
新北市林口區工二路17號,25.080740,121.400121,路名
新北市林口區工六路96號2樓,25.078614,121.398475,路名
新北市林口區工四路30號,25.081657,121.401987,路名
新北市林口區工四路38之2號4樓,25.081657,121.401987,路名
新北市林口區工四路41號,25.083134,121.401566,門牌
新北市林口區後湖21之1號1樓,25.098687,121.386032,路名
新北市林口區後湖50之1號,25.098687,121.386032,路名
新北市林口區忠孝三路116號,25.071510,121.359307,門牌
新北市林口區忠孝路533號,25.069106,121.371980,門牌
新北市林口區忠孝路605號,25.068622,121.378251,門牌
新北市林口區忠福路337巷27號(1樓),25.079245,121.357011,路名
新北市林口區文化一路1段190巷5弄3號2樓之1,25.075445,121.379716,門牌
新北市林口區文化一路1段190巷7弄1號6樓之2,25.075129,121.379897,門牌
新北市林口區文化一路1段93號3樓之2,25.070604,121.372021,門牌
新北市林口區文化一路1段93號7樓之2,25.070604,121.372021,門牌
新北市林口區文化一路1段97號13樓,25.084755,121.394378,路名
新北市林口區文化一路2段207號(1樓),25.082742,121.383802,門牌
新北市林口區文化三路1段191巷9之1號,25.070140,121.361739,門牌
新北市林口區文化三路1段377號10樓之2,25.073427,121.364976,門牌
新北市林口區文化三路1段462-1號5樓,25.108196,121.425358,路名
新北市林口區文化三路1段478號9樓之2,25.075337,121.369767,門牌
新北市林口區文化三路1段615之1號10樓,25.077259,121.371420,門牌
新北市林口區文化三路2段118號7樓,25.108196,121.425358,路名
新北市林口區文化三路2段211巷80號14樓,25.083495,121.374748,門牌
新北市林口區文化三路2段223號2樓,25.083756,121.376778,門牌
新北市林口區文化三路2段336號22樓,25.085211,121.378416,門牌
新北市林口區文化三路2段41巷53號,25.108196,121.425358,路名
新北市林口區文化三路2段459巷61號,25.108196,121.425358,路名
新北市林口區文化三路2段798號,25.088240,121.380313,門牌
新北市林口區文化三路二段333號9樓,25.108196,121.425358,路名
新北市林口區文化二路1段18號,25.067162,121.364855,門牌
新北市林口區文化二路1段242之2號7樓,25.072819,121.370486,門牌
新北市林口區文化二路1段250號10樓,25.073173,121.370684,門牌
新北市林口區文化二路1段266號15樓之1,25.073591,121.372816,門牌
新北市林口區文化二路1段266號16樓之1,25.073591,121.372816,門牌
新北市林口區文化二路1段266號4樓之1,25.073591,121.372816,門牌
新北市林口區文化二路1段266號6樓之1,25.073591,121.372816,門牌
新北市林口區文化二路1段266號9樓之2,25.073591,121.372816,門牌
新北市林口區文化二路1段266號地下一層之16,25.073591,121.372816,門牌
新北市林口區文化二路1段266號地下一層之8,25.073591,121.372816,門牌
新北市林口區文化二路1段354號8樓之4,25.075438,121.373297,門牌
新北市林口區文化二路1段376巷2號8樓之2,25.075500,121.374182,門牌
新北市林口區文化二路1段390號19樓,25.078122,121.379055,路名
新北市林口區文化二路1段399號16樓,25.078122,121.379055,路名
新北市林口區文化二路1段456號,25.077627,121.376008,門牌
新北市林口區文化二路1段571號4樓之2,25.078117,121.375529,門牌
新北市林口區文化二路2段169號12樓之3,25.083992,121.379905,門牌
新北市林口區文化二路2段88巷2號3樓,25.081004,121.378956,門牌
新北市林口區文化二路一段266號18樓之3,25.078122,121.379055,路名
新北市林口區文化二路一段266號地下一層之9,25.078122,121.379055,路名
新北市林口區文化北路1段271號,25.071949,121.358828,門牌
新北市林口區文化北路1段293之1號(1樓),25.072829,121.359988,門牌
新北市林口區文化北路1段299巷36號(5樓),25.072493,121.358684,門牌
新北市林口區文化北路1段398之2號,25.075252,121.363606,門牌
新北市林口區文化北路1段542巷37弄26號2樓,25.069438,121.464483,路名
新北市林口區文化北路1段542巷70號,25.078449,121.368938,門牌
新北市林口區文化北路1段60巷10號9樓,25.068434,121.356905,門牌
新北市林口區文化北路2段228號,25.085095,121.372825,門牌
新北市林口區文林三街109號(1樓),25.087236,121.374921,門牌
新北市林口區文林四街33巷13號6樓,25.085554,121.373696,門牌
新北市林口區東湖路25巷22號,25.060990,121.381871,路名
新北市林口區松柏路26號,25.091978,121.379514,門牌
新北市林口區林口路124巷10弄24號2樓,25.081326,121.389215,門牌
新北市林口區林口里中山路31號5樓,25.078231,121.395180,門牌
新北市林口區林口里新生街30號6樓,25.076316,121.393926,門牌
新北市林口區民享路165號,25.083539,121.381970,門牌
新北市林口區民富街208號19樓,25.075476,121.371291,門牌
新北市林口區民富街97號2樓之1,25.075289,121.370192,門牌
新北市林口區民族路208號(1樓),25.087582,121.479849,門牌
新北市林口區民族路216巷1號6樓,25.077660,121.369235,門牌
新北市林口區民族路88號,25.075494,121.366210,門牌
新北市林口區民有街156號4樓之1,25.075985,121.372550,門牌
新北市林口區民有街71號1樓,25.077427,121.372919,門牌
新北市林口區民權路157號,25.083905,121.373944,門牌
新北市林口區湖北里後湖11之11號(1樓),25.097947,121.386630,門牌
新北市林口區源泉街36號2樓,25.072457,121.357588,門牌
新北市林口區福林路41號,25.088666,121.378986,門牌
新北市林口區竹林一路158號,25.087089,121.383663,門牌
新北市林口區竹林路281巷1號3樓,25.081646,121.389545,門牌
新北市林口區竹林路616號7樓,25.082346,121.386468,門牌
新北市林口區粉寮路1段100號,25.081509,121.399838,門牌
新北市林口區粉寮路1段102號,25.081793,121.399962,門牌
新北市林口區粉寮路1段7號,25.076306,121.396146,門牌
新北市林口區粉寮路2段281號之2,25.093576,121.403796,門牌
新北市林口區粉寮路2段8號,25.084926,121.401355,門牌
新北市林口區自強九街18號,25.075947,121.400600,門牌
新北市林口區自強九街18號(2樓),25.075947,121.400600,門牌
新北市林口區自強二街66號3樓,25.076674,121.399677,門牌
新北市林口區自強二街67號2樓,25.076839,121.399715,門牌
新北市林口區菁埔39號,25.096803,121.373769,門牌
新北市林口區隆林街220號,25.074698,121.384243,門牌
新北市林口區麗園一街11巷5號7樓之3,25.070679,121.377764,門牌
新北市林口區麗園一街1號16樓之1,25.072524,121.375978,門牌
新北市林口區麗園一街6巷1號8樓之3,25.070122,121.376606,門牌
新北市林口區麗園一街9巷1號6樓之2,25.071414,121.376900,門牌
新北市林口區麗園二街42巷10號,25.067298,121.381798,門牌
新北市樹林區三俊街132號,25.015837,121.417266,路名
新北市樹林區三俊街199巷27號,25.017034,121.420232,門牌
新北市樹林區三俊街220號,25.015130,121.420794,門牌
新北市樹林區三俊街229巷17號,25.016307,121.422057,門牌
新北市樹林區三俊街229巷38弄24號,25.015515,121.423129,門牌
新北市樹林區三俊街249號,25.014613,121.422174,門牌
新北市樹林區三俊街252巷11弄13號,25.013957,121.421833,門牌
新北市樹林區三俊街252巷13號,25.014138,121.421179,門牌
新北市樹林區三俊街65巷31號2樓,25.020394,121.405312,門牌
新北市樹林區三俊街65巷54號(2樓),25.018330,121.413649,門牌
新北市樹林區三俊街74巷39號1樓,25.013382,121.414085,門牌
新北市樹林區三俊街85巷8號,25.015922,121.416278,門牌
新北市樹林區三俊街90巷13號,25.014752,121.414542,門牌
新北市樹林區三俊街90巷56弄25號,25.014325,121.414427,門牌
新北市樹林區三多路123號,25.007074,121.414679,路名
新北市樹林區三德街29之5號,25.013172,121.414797,門牌
新北市樹林區三龍街155號1樓,25.017895,121.420021,門牌
新北市樹林區三龍街18號,25.017966,121.410455,門牌
新北市樹林區三龍街20之1號1樓,25.017878,121.411051,門牌
新北市樹林區三龍街24巷8號(1樓),25.016934,121.411631,門牌
新北市樹林區三龍街7號,25.019328,121.412415,門牌
新北市樹林區中山路1段128號7樓,24.990472,121.422694,門牌
新北市樹林區中山路1段217號5樓之10,24.987101,121.420939,門牌
新北市樹林區中山路1段217號5樓之9,24.987101,121.420939,門牌
新北市樹林區中山路1段266號8樓,24.987193,121.420750,門牌
新北市樹林區中山路1段356巷3號3樓,24.986225,121.418946,門牌
新北市樹林區中山路1段60號4樓,25.256823,121.501853,門牌
新北市樹林區中山路2段151巷12之3號4樓,25.033328,121.476094,路名
新北市樹林區中山路2段151巷13號,24.977886,121.407203,門牌
新北市樹林區中山路2段151巷15弄11號、13號,24.976927,121.408313,門牌
新北市樹林區中山路二段249巷29之1號,25.033328,121.476094,路名
新北市樹林區中山路二段62之2號1樓,25.033328,121.476094,路名
新北市樹林區中正路215號2樓,25.077467,121.391463,門牌
新北市樹林區中正路216之2號2樓,25.006293,121.419638,門牌
新北市樹林區中正路232號,25.077748,121.390242,門牌
新北市樹林區中正路345之16號,25.030220,121.463391,路名
新北市樹林區中正路65號13樓之1,25.221772,121.634084,門牌
新北市樹林區中洲街2之2號,24.972910,121.397472,門牌
新北市樹林區中洲街6號,24.972654,121.397372,門牌
新北市樹林區中華路144號5樓,25.221249,121.633103,門牌
新北市樹林區中華路273巷4號2樓,24.979992,121.417738,門牌
新北市樹林區中華路377號,24.980304,121.412404,門牌
新北市樹林區中華路379巷86號6樓,24.977423,121.413890,門牌
新北市樹林區佳園路1段111號3樓,24.969499,121.394008,門牌
新北市樹林區佳園路1段22之11號8樓,24.971223,121.392464,門牌
新北市樹林區佳園路1段75巷206號(2樓),24.970480,121.397160,門牌
新北市樹林區佳園路2段123號,24.958130,121.390386,門牌
新北市樹林區佳園路2段14號,24.963925,121.392541,門牌
新北市樹林區佳園路2段15巷62號,24.962935,121.395144,門牌
新北市樹林區佳園路2段61之9號(1樓),24.961112,121.391499,門牌
新北市樹林區佳園路2段70之1號,24.960074,121.390794,路名
新北市樹林區佳園路2段9號,24.964021,121.393792,門牌
新北市樹林區佳園路3段113巷23號,24.950108,121.387910,門牌
新北市樹林區佳園路3段240號4樓,24.947554,121.384986,門牌
新北市樹林區佳園路3段412號7樓,24.945104,121.383628,門牌
新北市樹林區佳園路3段526號11樓,24.944381,121.381510,門牌
新北市樹林區佳園路三段203號,24.960074,121.390794,路名
新北市樹林區俊安街24巷1號,25.013800,121.419341,門牌
新北市樹林區俊安街53巷10號,25.012411,121.418472,門牌
新北市樹林區俊安街53巷15之1號,25.011224,121.418309,門牌
新北市樹林區俊安街53巷16號(1樓),25.011979,121.418325,門牌
新北市樹林區俊安街53巷20號,25.011797,121.418308,門牌
新北市樹林區俊安街53巷9號,25.012332,121.418625,門牌
新北市樹林區俊安街63號,25.012652,121.418015,門牌
新北市樹林區俊安街66巷15號,25.013903,121.418150,門牌
新北市樹林區俊德街58號3樓,25.013319,121.415366,門牌
新北市樹林區俊興街168號,25.013184,121.417322,門牌
新北市樹林區俊興街229號,25.015061,121.417747,路名
新北市樹林區俊英街111巷10之7號5樓,25.009726,121.423762,門牌
新北市樹林區俊英街111巷17號,25.008724,121.421332,門牌
新北市樹林區俊英街111巷9號,25.009038,121.422463,門牌
新北市樹林區俊英街116巷29弄2號,25.006434,121.428294,門牌
新北市樹林區俊英街116巷33號,25.006190,121.428490,門牌
新北市樹林區俊英街122號,25.005763,121.427336,門牌
新北市樹林區俊英街123巷21號,25.010474,121.423769,門牌
新北市樹林區俊英街123巷41號1樓,25.010409,121.423500,門牌
新北市樹林區俊英街133巷1弄1號5樓,25.011324,121.424025,門牌
新北市樹林區俊英街133巷23號3樓,25.010964,121.423143,門牌
新北市樹林區俊英街160巷2號,25.006639,121.427073,門牌
新北市樹林區俊英街174號,25.007527,121.426339,門牌
新北市樹林區俊英街197號11樓之3,25.012426,121.423635,門牌
新北市樹林區俊英街219巷43號,25.008476,121.425561,路名
新北市樹林區俊英街84巷2之9號,25.004979,121.428488,門牌
新北市樹林區俊英街84巷2號,25.005138,121.428759,門牌
新北市樹林區俊英街84巷6號,25.005625,121.429612,門牌
新北市樹林區俊英街8號,25.000421,121.429764,門牌
新北市樹林區保安二街40巷7號,24.994647,121.425241,門牌
新北市樹林區保安二街41號(1樓),24.994063,121.424729,門牌
新北市樹林區保安街1段190號3樓,24.995795,121.421800,門牌
新北市樹林區保安街1段331號之1,25.001327,121.416900,路名
新北市樹林區保安街1段336巷22之3號1、2樓,25.001327,121.416900,路名
新北市樹林區保安街1段341巷9號,24.998241,121.416406,門牌
新北市樹林區保安街2段107巷1弄2號(1樓),25.000708,121.415092,門牌
新北市樹林區保安街2段189巷5之1號2樓,25.001327,121.416900,路名
新北市樹林區保安街2段213號(1樓),25.004000,121.413241,門牌
新北市樹林區保安街2段297號6樓,25.006441,121.412396,門牌
新北市樹林區保安街2段325巷19號,25.006331,121.411730,門牌
新北市樹林區保安街2段337巷4號,25.007888,121.411824,門牌
新北市樹林區保安街2段337巷69號7樓,25.007933,121.410702,門牌
新北市樹林區保安街2段339之15號,25.009169,121.411799,門牌
新北市樹林區保安街2段339之1號,25.008849,121.412432,門牌
新北市樹林區保安街2段45巷15號,24.999969,121.415261,門牌
新北市樹林區保安街2段45巷42弄18號6樓,25.000613,121.413890,門牌
新北市樹林區保安街3段42號3樓,25.011726,121.412740,門牌
新北市樹林區保安街3段51巷2號,25.011238,121.412346,門牌
新北市樹林區信和街39之12號4樓,24.973208,121.387776,門牌
新北市樹林區信義街16號2樓,24.935709,121.370781,門牌
新北市樹林區備內街158巷46號,24.989307,121.405896,路名
新北市樹林區備內街1巷12號11樓,24.989307,121.405896,路名
新北市樹林區備內街1巷21號1、2樓,24.986636,121.413103,門牌
新北市樹林區備內街1巷35弄10號,24.985748,121.412869,門牌
新北市樹林區備內街52之2號,24.988210,121.411756,門牌
新北市樹林區備內街54號,24.987806,121.411759,門牌
新北市樹林區備內街70號,24.990609,121.401805,門牌
新北市樹林區備前街16號（1樓）,24.985674,121.417609,門牌
新北市樹林區備前街29號,24.985859,121.417261,門牌
新北市樹林區光榮街27巷4號,25.003957,121.411778,門牌
新北市樹林區光榮街27巷6號5樓,25.003976,121.411665,門牌
新北市樹林區光榮街48號5樓,25.004474,121.412089,門牌
新北市樹林區光榮街51號5樓,25.003766,121.412467,門牌
新北市樹林區光武街32號,25.006010,121.416583,門牌
新北市樹林區光武街36巷1號,25.006328,121.417078,門牌
新北市樹林區光興街253號,25.006818,121.400784,門牌
新北市樹林區光興街78之1號,25.002860,121.408169,門牌
新北市樹林區光興街87號,25.002688,121.409818,門牌
新北市樹林區光興街8之5號3樓,25.003021,121.413051,門牌
新北市樹林區光華街7號,25.003409,121.413606,門牌
新北市樹林區八德街228號,24.971002,121.413856,門牌
新北市樹林區八德街257號5樓,24.978272,121.421862,門牌
新北市樹林區八德街278號,24.970382,121.410982,門牌
新北市樹林區八德街280巷3號(3樓),24.970418,121.410479,門牌
新北市樹林區八德街372號,24.970083,121.408290,門牌
新北市樹林區八德街436巷1號,24.970689,121.401453,門牌
新北市樹林區八德街436巷6弄1號,24.971253,121.401342,門牌
新北市樹林區八德街506號,25.004574,121.417839,路名
新北市樹林區八德街71巷2號2樓,24.982163,121.419805,門牌
新北市樹林區千歲街30巷14號2樓,24.996236,121.426036,門牌
新北市樹林區千歲街70巷1弄8號,24.997376,121.426714,門牌
新北市樹林區千歲街92巷7弄21號,24.998137,121.427231,門牌
新北市樹林區千歲街92巷7弄2號,24.997378,121.427177,門牌
新北市樹林區博愛街236號(1樓),24.987525,121.422968,門牌
新北市樹林區博愛街240號,24.986332,121.423827,門牌
新北市樹林區博愛街248號,24.984887,121.423330,門牌
新北市樹林區博愛街91號5樓,24.991503,121.426717,門牌
新北市樹林區名園街37巷4號,24.979000,121.419884,門牌
新北市樹林區名園街5號,24.979746,121.419508,門牌
新北市樹林區味王街1號,24.976051,121.403078,門牌
新北市樹林區國凱街50巷58號2樓,24.979518,121.422578,路名
新北市樹林區國凱街72巷21號,24.978168,121.421247,門牌
新北市樹林區大安路201號7樓,24.995553,121.420623,門牌
新北市樹林區大安路510號9樓,24.985886,121.413252,門牌
新北市樹林區大安路528號9樓,24.986341,121.413662,門牌
新北市樹林區大安路530號3樓,24.986197,121.413801,門牌
新北市樹林區大安路532號5樓,24.986121,121.413756,門牌
新北市樹林區大安路638號11樓,24.982955,121.410807,門牌
新北市樹林區大慶街84號3樓（現場僅供辦公室使用）,25.014240,121.397043,門牌
新北市樹林區大雅路332號5樓,24.948867,121.379341,門牌
新北市樹林區太平路100號(1樓),24.979116,121.418342,門牌
新北市樹林區太平路174巷14號3樓,24.976827,121.417998,門牌
新北市樹林區太順街105之1號,24.977201,121.414910,門牌
新北市樹林區太順街17號,24.979979,121.419530,門牌
新北市樹林區太順街45號2樓（現場僅供辦公室使用）,24.979255,121.418064,門牌
新北市樹林區太順街79巷28號4樓,24.977869,121.416853,門牌
新北市樹林區太順街96巷8號(1樓),24.979037,121.416485,門牌
新北市樹林區學勤路330號7樓,24.947390,121.379338,門牌
新北市樹林區學勤路372號19樓,24.947737,121.380070,門牌
新北市樹林區學勤路472號12樓,24.947431,121.380913,門牌
新北市樹林區學勤路552號9樓,24.948303,121.384134,門牌
新北市樹林區學成路726號2樓,24.946159,121.383246,門牌
新北市樹林區工興街13號,25.014690,121.400780,門牌
新北市樹林區工興街46號,25.013238,121.399843,門牌
新北市樹林區工興街48號,25.013187,121.399642,門牌
新北市樹林區復興路225巷6號4樓,24.990836,121.420405,門牌
新北市樹林區復興路240號(1樓),25.089449,121.479572,門牌
新北市樹林區復興路259號4樓,25.090042,121.480870,門牌
新北市樹林區復興路282號4樓,25.089840,121.480667,門牌
新北市樹林區復興路292號,25.089903,121.480909,門牌
新北市樹林區復興路398巷7號6樓,24.985501,121.414421,門牌
新北市樹林區忠信街15號3樓,25.015251,121.407817,門牌
新北市樹林區忠孝街43巷7號5樓,25.007190,121.490443,路名
新北市樹林區忠愛街2號1樓,25.171806,121.455779,門牌
新北市樹林區忠義街13號,25.015393,121.409709,門牌
新北市樹林區忠義街13號(2樓),25.015393,121.409709,門牌
新北市樹林區文化街25巷5弄10號2樓,24.986890,121.419146,門牌
新北市樹林區文化街51號4樓,24.988606,121.417588,門牌
新北市樹林區文德街3巷21號3樓（現場僅供辦公室使用）,24.991411,121.418545,門牌
新北市樹林區新興街11巷8號,24.973609,121.402574,門牌
新北市樹林區新興街19巷15號,25.036482,121.438502,路名
新北市樹林區新興街1巷11號,24.974495,121.401057,門牌
新北市樹林區新興街1巷26號6樓,24.974336,121.401405,門牌
新北市樹林區新興街1巷26號7樓,24.974336,121.401405,門牌
新北市樹林區新興街1巷8號3樓,24.974219,121.400485,門牌
新北市樹林區新興街20之3號,24.973222,121.401227,門牌
新北市樹林區日新街35號,24.988034,121.443406,門牌
新北市樹林區東佳路18號,24.981195,121.406866,門牌
新北市樹林區東榮街116巷19號2樓,24.982723,121.415141,門牌
新北市樹林區東榮街116巷27號,24.982799,121.415074,門牌
新北市樹林區東榮街116巷29號7樓,24.982833,121.415066,門牌
新北市樹林區東榮街34號(1樓),25.033917,121.865899,門牌
新北市樹林區東榮街40號,25.033810,121.866016,門牌
新北市樹林區東榮街88巷17號3樓,24.982825,121.415546,門牌
新北市樹林區東興街1號,25.020375,121.951082,門牌
新北市樹林區東興街47號,25.016885,121.947033,門牌
新北市樹林區東興街67號,25.016813,121.946500,門牌
新北市樹林區東興街6巷12號,24.978981,121.408977,門牌
新北市樹林區東華街31號5樓,24.982100,121.414918,門牌
新北市樹林區東華街70巷1號4樓,24.981197,121.415255,門牌
新北市樹林區東豐街45號,24.974124,121.413271,門牌
新北市樹林區東豐街49巷22弄26號,24.974855,121.413929,門牌
新北市樹林區東豐街49巷22弄34號,24.974880,121.413706,門牌
新北市樹林區東豐街49巷33號,24.975000,121.415342,門牌
新北市樹林區東豐街49巷71號(2樓),24.974631,121.415912,門牌
新北市樹林區東豐街87巷6號,24.974797,121.414312,路名
新北市樹林區東豐街9之1號6樓,24.975070,121.417026,門牌
新北市樹林區東順街82之3號(1樓),24.976337,121.409269,門牌
新北市樹林區東順街85號,24.976244,121.409369,門牌
新北市樹林區柑園街1段194號,24.956526,121.394907,門牌
新北市樹林區柑園街1段209號之6,24.956626,121.397675,門牌
新北市樹林區柑園街1段365巷10號3樓,24.955479,121.388892,門牌
新北市樹林區柑園街1段65巷33之3號,24.956967,121.403861,門牌
新北市樹林區柑園街2段122巷6號4樓,24.955397,121.384192,門牌
新北市樹林區柑園街2段337號,24.949893,121.369371,門牌
新北市樹林區柑園街2段342巷16號3樓,24.952451,121.371199,門牌
新北市樹林區柑園街2段380巷14號,24.950106,121.368287,門牌
新北市樹林區柑園街2段382巷12號,24.949745,121.368117,門牌
新北市樹林區柑園街一段209號之6,24.954866,121.387030,路名
新北市樹林區樹德街120巷7號4樓,24.993104,121.419604,門牌
新北市樹林區樹新路165號,24.997015,121.428829,門牌
新北市樹林區樹潭街10之3、10之4號,25.001481,121.420256,路名
新北市樹林區樹潭街10之5號,25.000752,121.419638,門牌
新北市樹林區樹潭街10之9號,25.001423,121.420535,門牌
新北市樹林區樹潭街12之1號1樓,25.002189,121.421703,門牌
新北市樹林區樹潭街3之2號,25.001481,121.420256,路名
新北市樹林區樹潭街6號,25.000376,121.418782,門牌
新北市樹林區武林街11號,25.002959,121.418940,門牌
新北市樹林區武林街2之3號,25.000888,121.416721,門牌
新北市樹林區武林街3之5號,25.001544,121.417123,門牌
新北市樹林區武林街8之1號,25.001797,121.418931,門牌
新北市樹林區民權街17號(1樓),25.050869,121.428468,門牌
新北市樹林區民權街5巷17號(1樓),24.958265,121.395618,門牌
新北市樹林區民權街5巷7號,24.958080,121.395160,門牌
新北市樹林區水源街32巷80號,24.980057,121.424650,門牌
新北市樹林區海明街8號,24.989484,121.410683,門牌
新北市樹林區潭興街107巷2弄17號1樓,24.999598,121.425066,門牌
新北市樹林區田尾街31之1號,24.952584,121.403262,路名
新北市樹林區田尾街77號,24.955361,121.408863,門牌
新北市樹林區育英街10之1號1樓,24.989079,121.422597,門牌
新北市樹林區西圳街1段116巷14號,24.964054,121.401936,門牌
新北市樹林區西圳街1段165巷17號,24.961966,121.395574,門牌
新北市樹林區西圳街1段201號,24.962785,121.392050,門牌
新北市樹林區豐林街40號,24.997495,121.420797,門牌
新北市樹林區鎮前街269巷20號,24.985249,121.419678,門牌
新北市樹林區鎮前街325號(1樓),24.984491,121.417185,門牌
新北市樹林區鎮前街347巷2弄20號,24.983571,121.416266,門牌
新北市樹林區鎮前街425巷9號7樓,24.982537,121.414031,門牌
新北市樹林區鎮前街455號10樓之2,24.982440,121.413119,門牌
新北市樹林區長壽街18之1號3樓,24.993685,121.423169,門牌
新北市樹林區長壽街70巷35弄7號,24.995170,121.421322,門牌
新北市樹林區龍興街60巷22號2樓,25.015033,121.402045,門牌
新北市永和區中和路335巷8號(1樓),25.000095,121.507534,門牌
新北市永和區中和路345號8樓,24.999791,121.507984,門牌
新北市永和區中和路345號9樓之4,24.999791,121.507984,門牌
新北市永和區中和路397號5樓,25.000349,121.508803,門牌
新北市永和區中和路421巷16弄9號(1樓),25.001249,121.508723,門牌
新北市永和區中和路509號1樓,25.002491,121.510769,門牌
新北市永和區中山路1段17巷4弄10號,25.010208,121.513393,門牌
新北市永和區中山路1段17巷4弄4號,25.010224,121.513582,門牌
新北市永和區中山路1段186號3樓,25.159496,121.416745,門牌
新北市永和區中山路1段188號9樓,24.988577,121.421602,門牌
新北市永和區中山路1段24號2樓,25.258261,121.501214,門牌
新北市永和區中山路1段283號1樓,25.006922,121.506965,門牌
新北市永和區中山路1段311號15樓,25.006424,121.506485,門牌
新北市永和區中山路1段60巷2號4樓,25.010854,121.513002,門牌
新北市永和區中正路195號2樓,25.077373,121.392009,門牌
新北市永和區中正路89號17樓,25.221624,121.633325,門牌
新北市永和區仁愛路149號2樓,25.064698,121.663618,門牌
新北市永和區仁愛路301號1樓,25.008000,121.503802,門牌
新北市永和區仁愛路306巷6號10樓,25.041621,121.495112,路名
新北市永和區仁愛路352巷122弄46號3樓,25.041621,121.495112,路名
新北市永和區仁愛路40巷5弄2號,25.013870,121.514061,門牌
新北市永和區仁愛路56號1樓,25.053226,121.925478,門牌
新北市永和區保平路203巷31號(1樓),25.004874,121.509575,門牌
新北市永和區保平路214巷12弄4號(1樓),25.006802,121.509179,門牌
新北市永和區保平路214巷3弄2號,25.006365,121.509222,門牌
新北市永和區保平路292巷4號4樓,25.004872,121.507985,門牌
新北市永和區保平路50巷8弄12號3樓,25.007718,121.511458,門牌
新北市永和區保平路50巷8弄4號1樓,25.007549,121.511229,門牌
新北市永和區保生路1號12樓,25.007252,121.506459,門牌
新北市永和區保生路1號15樓,25.007252,121.506459,門牌
新北市永和區保生路1號19樓之5,25.007252,121.506459,門牌
新北市永和區保生路1號8樓,25.007252,121.506459,門牌
新北市永和區保生路2號11樓之1,25.007510,121.506740,門牌
新北市永和區保生路62號2樓,25.009012,121.505297,門牌
新北市永和區保福路1段57號,25.009543,121.512589,門牌
新北市永和區保福路2段59巷9弄1號,25.012033,121.510672,門牌
新北市永和區保福路2段88巷17號7樓之7,25.013682,121.511358,門牌
新北市永和區保福路2段96號（1樓）,25.013584,121.510254,門牌
新北市永和區保順路19之1號,25.010117,121.503807,門牌
新北市永和區保順路37巷5弄5號,25.010198,121.503327,門牌
新北市永和區保順路51巷12號4樓,25.010465,121.502186,門牌
新北市永和區信義路21號,25.069470,121.661550,門牌
新北市永和區光復街30號5樓,25.035517,121.865433,門牌
新北市永和區博愛街2號12樓,25.015738,121.516396,門牌
新北市永和區和平里中山路1段155號8樓,25.158891,121.412705,門牌
新北市永和區國中路104巷2弄28號2樓,25.006055,121.525310,門牌
新北市永和區國中路110號3樓（現場僅供辦公室使用）,25.006575,121.524049,門牌
新北市永和區國中路17號1樓,25.004941,121.524233,門牌
新北市永和區國中路94號3樓,25.006357,121.524389,門牌
新北市永和區安樂路100巷21弄1號3樓,24.999125,121.514792,門牌
新北市永和區安樂路152號1樓,25.000537,121.514396,門牌
新北市永和區安樂路246巷5號4樓,25.003455,121.514984,門牌
新北市永和區得和路117號(2樓),25.000335,121.518622,門牌
新北市永和區忠孝街26巷27弄2之2號,25.016962,121.514826,門牌
新北市永和區成功路1段117巷1弄2號2樓,25.002280,121.527382,門牌
新北市永和區成功路1段43巷16號1樓,25.004292,121.527917,門牌
新北市永和區成功路1段46號1樓,25.004259,121.526909,門牌
新北市永和區成功路1段93巷20弄3號,25.002561,121.528429,門牌
新北市永和區文化路163號1樓,24.954225,121.355803,門牌
新北市永和區文化路16巷5弄34號5樓,25.015373,121.514135,門牌
新北市永和區文化路90巷32弄5號,25.016741,121.513288,門牌
新北市永和區林森路48巷2號(1樓),25.004740,121.524784,門牌
新北市永和區林森路4號4樓,25.005849,121.526681,門牌
新北市永和區民族街178巷5弄1號2樓,24.996837,121.517776,門牌
新北市永和區民有街1號6樓之3,24.997279,121.515927,門牌
新北市永和區民有街23巷33號,24.997050,121.517272,門牌
新北市永和區民有街67巷13號17樓,25.020379,121.474638,路名
新北市永和區民有街67巷8弄1號1樓,24.996293,121.518109,門牌
新北市永和區民樂街31巷2號3樓,25.001423,121.527696,門牌
新北市永和區民樂街59巷2號3樓,24.998249,121.527474,門牌
新北市永和區民樂路59巷26弄16號5樓,25.001167,121.483462,路名
新北市永和區民權路36巷2號,24.983136,121.540890,門牌
新北市永和區民權路39號2樓,25.086606,121.475678,門牌
新北市永和區民權路53號9樓,25.139095,121.459989,門牌
新北市永和區民治街40號2樓,25.157442,121.414346,門牌
新北市永和區民生路67巷30號,24.997250,121.524276,門牌
新北市永和區水源街30巷2號,25.004695,121.511412,門牌
新北市永和區永亨路109號,25.004752,121.523489,門牌
新北市永和區永亨路165巷2號(1樓),25.003877,121.526128,門牌
新北市永和區永亨路55號3樓,25.006308,121.520513,門牌
新北市永和區永元路17巷1弄3號(1樓),25.000329,121.521662,門牌
新北市永和區永利路123號1樓,25.002691,121.523969,門牌
新北市永和區永利路218號(1樓),25.002506,121.523465,門牌
新北市永和區永和路1段2號12樓之2,25.004415,121.512747,門牌
新北市永和區永和路1段67號12樓之1,25.007064,121.513033,門牌
新北市永和區永和路1段67號3樓,25.007064,121.513033,門牌
新北市永和區永和路1段69號11樓,25.007228,121.513165,門牌
新北市永和區永和路1段69號13樓之3,25.007228,121.513165,門牌
新北市永和區永和路2段147號4樓之1,25.012679,121.515073,門牌
新北市永和區永和路2段147號7樓之5,25.012679,121.515073,門牌
新北市永和區永和路2段168號2樓,25.013014,121.515510,門牌
新北市永和區永和路2段425巷57弄1號4樓,25.017218,121.513703,門牌
新北市永和區永和路2段57號7樓,25.010980,121.514614,門牌
新北市永和區永貞路161號3樓,25.003681,121.515595,門牌
新北市永和區永貞路293號3樓,25.005504,121.510928,門牌
新北市永和區永貞路411號,25.009205,121.507422,門牌
新北市永和區永貞路417巷5號1樓,25.009107,121.507087,門牌
新北市永和區永貞路420號12樓之1,25.008202,121.508751,門牌
新北市永和區永貞路53號3樓,25.004400,121.519307,門牌
新北市永和區永貞路79號,25.004343,121.518603,門牌
新北市永和區河歧里永和路二段417巷14號1樓,25.009135,121.504095,路名
新北市永和區環河東路2段98號7樓,25.010278,121.523884,門牌
新北市永和區環河東路3段40號5樓,25.006631,121.526420,門牌
新北市永和區環河西路1段95巷19弄9號2樓（現場僅供辦公室使用）,25.017497,121.512161,門牌
新北市永和區福和路19巷1弄23號2樓,25.007907,121.524575,門牌
新北市永和區福和路310號10樓,25.007428,121.516376,門牌
新北市永和區福和路327號11樓,25.007158,121.515739,門牌
新北市永和區福和路368號5樓,25.007720,121.514446,門牌
新北市永和區福和路389號10樓之2,25.007711,121.514123,門牌
新北市永和區福和路389號11樓之2,25.007711,121.514123,門牌
新北市永和區福和路389號11樓之3,25.007711,121.514123,門牌
新北市永和區秀朗路1段150巷2號(1樓),25.003195,121.518187,門牌
新北市永和區秀朗路1段182號2樓之3,25.003202,121.518971,門牌
新北市永和區秀朗路1段196巷3號,25.002978,121.519544,門牌
新北市永和區秀朗路1段209巷3號1樓,25.003356,121.519415,門牌
新北市永和區秀朗路1段73巷5號2樓,25.006832,121.515195,門牌
新北市永和區秀朗路2段108號3樓,25.001538,121.524128,門牌
新北市永和區秀朗路2段190號,25.000774,121.526374,門牌
新北市永和區秀朗路2段229號4樓之3,25.000286,121.526453,門牌
新北市永和區竹林路119巷53弄15號1樓,25.012206,121.522300,門牌
新北市永和區竹林路201巷22弄2號(1樓),25.009229,121.522170,門牌
新北市永和區竹林路39巷28弄10號,25.014479,121.519415,門牌
新北市永和區竹林路91巷43弄6號5樓,25.013012,121.521009,門牌
新北市永和區自由街58號6樓,25.005832,121.513663,門牌
新北市永和區警光街29號（1樓）,25.009257,121.518623,門牌
新北市永和區豫溪街159號4樓,25.010467,121.521356,門牌
新北市永和區豫溪街52巷6號5樓,25.009549,121.515768,門牌
新北市永和區豫溪街74巷2弄3號1樓,25.009632,121.517010,門牌
新北市汐止區三民街1巷2號2樓,25.067108,121.624428,門牌
新北市汐止區三民街1巷5號1樓,25.067169,121.624276,門牌
新北市汐止區中興路107巷31號,25.064079,121.631206,門牌
新北市汐止區中興路150巷11號10樓,25.064898,121.632787,門牌
新北市汐止區中興路177之3號7樓,25.032224,121.520709,路名
新北市汐止區中興路181之3號6樓,25.066744,121.630270,門牌
新北市汐止區中興路183巷22號(1樓),25.065287,121.628482,門牌
新北市汐止區中興路183巷4號(1樓),25.065858,121.628255,門牌
新北市汐止區中興路185之2號,25.032224,121.520709,路名
新北市汐止區中興路22號2樓,24.966597,121.426081,門牌
新北市汐止區中興路270號2樓,25.068892,121.628977,門牌
新北市汐止區中興路29號,25.061342,121.634995,門牌
新北市汐止區中興路31之3號,25.061768,121.634623,門牌
新北市汐止區中興路95號7樓之3,25.064573,121.632368,門牌
新北市汐止區中華街129巷5號1樓,25.070773,121.669882,門牌
新北市汐止區仁愛路116號7樓,25.054640,121.927243,門牌
新北市汐止區仁愛路130之1號3樓,25.063919,121.663315,門牌
新北市汐止區仁愛路168號4樓,25.157670,121.408319,門牌
新北市汐止區仁愛路26號（現場僅供辦公室使用）,25.053127,121.924710,門牌
新北市汐止區伯爵街43巷15號,25.078629,121.637606,門牌
新北市汐止區伯爵街53巷25號6樓,25.080770,121.636962,門牌
新北市汐止區保一街41號4樓,25.080101,121.674395,門牌
新北市汐止區保新街158號,25.071132,121.687474,路名
新北市汐止區保新街41號5樓,25.073122,121.684998,門牌
新北市汐止區保長路17之1號4樓,25.080094,121.672185,門牌
新北市汐止區保長路458號8樓,25.078453,121.675082,路名
新北市汐止區保長路45巷12號,25.079288,121.673664,門牌
新北市汐止區保長路468號8樓,25.078453,121.675082,路名
新北市汐止區八連路1段77號,25.080597,121.645479,門牌
新北市汐止區八連路1段98號1樓,25.080028,121.644019,門牌
新北市汐止區南興路82巷1弄10號14樓,25.058440,121.652844,門牌
新北市汐止區南陽街120巷10號(2樓),25.060348,121.623536,門牌
新北市汐止區南陽街120巷11號,25.060212,121.623772,門牌
新北市汐止區南陽街121巷22號,25.060829,121.625159,門牌
新北市汐止區南陽街201號,25.058446,121.625910,門牌
新北市汐止區南陽街211號2樓,25.058217,121.626409,門牌
新北市汐止區南陽街55號1樓,25.064492,121.625107,門牌
新北市汐止區南陽街90巷26號,25.061317,121.621746,門牌
新北市汐止區和平街2巷12號,25.071046,121.663836,門牌
新北市汐止區和平街70號1樓,25.070855,121.661805,門牌
新北市汐止區國興街24巷14號1樓,25.044859,121.622578,門牌
新北市汐止區大同路1段111巷15號4樓,25.054841,121.629408,門牌
新北市汐止區大同路1段139號,25.055858,121.631467,門牌
新北市汐止區大同路1段146巷7號,25.055108,121.631940,門牌
新北市汐止區大同路1段152號,25.055585,121.631934,門牌
新北市汐止區大同路1段154之6號,25.055065,121.632903,門牌
新北市汐止區大同路1段175號13樓,25.056973,121.632903,門牌
新北市汐止區大同路1段177號5樓,25.057053,121.633007,門牌
新北市汐止區大同路1段181號13樓,25.057304,121.632784,門牌
新北市汐止區大同路1段181號9樓,25.057304,121.632784,門牌
新北市汐止區大同路1段185號10樓,25.057020,121.632813,門牌
新北市汐止區大同路1段201號,25.057809,121.632941,門牌
新北市汐止區大同路1段235號8樓之5,25.057974,121.634812,門牌
新北市汐止區大同路1段237號11樓之5,25.058005,121.634894,門牌
新北市汐止區大同路1段239號9樓,25.058026,121.634943,門牌
新北市汐止區大同路1段239號9樓之5,25.058026,121.634943,門牌
新北市汐止區大同路1段257號,25.058367,121.635844,門牌
新北市汐止區大同路1段276之1號10樓,25.056933,121.634619,門牌
新北市汐止區大同路1段337巷16弄23號2樓,25.060918,121.637282,門牌
新北市汐止區大同路1段363號,25.060366,121.640486,門牌
新北市汐止區大同路1段497號5樓之2,25.062177,121.644667,門牌
新北市汐止區大同路1段499號8樓,25.038242,121.573641,路名
新北市汐止區大同路2段133號6樓,25.064098,121.650797,門牌
新北市汐止區大同路2段139號10樓,25.064388,121.651010,門牌
新北市汐止區大同路2段175號6樓之1,25.064307,121.651535,門牌
新北市汐止區大同路2段187巷6弄18號1樓,25.065150,121.652854,門牌
新北市汐止區大同路2段265號12樓之4,25.066196,121.653213,門牌
新北市汐止區大同路2段376號3樓,25.067066,121.657885,門牌
新北市汐止區大同路2段653號7樓,25.071642,121.664678,門牌
新北市汐止區大同路3段178號2樓,25.074777,121.674120,門牌
新北市汐止區大同路3段190號4樓之1及192號4樓之1,25.073672,121.674735,門牌
新北市汐止區大同路3段194號9樓,25.073587,121.674298,門牌
新北市汐止區大同路3段196號2樓,25.073489,121.674037,門牌
新北市汐止區大同路3段202號2樓之2,25.073229,121.674214,門牌
新北市汐止區大同路3段222號之5,25.073024,121.675157,門牌
新北市汐止區大同路3段333號1樓,25.073746,121.675219,門牌
新北市汐止區大同路3段585號,25.073278,121.683341,門牌
新北市汐止區大同路一段276之2號4、5樓,25.038242,121.573641,路名
新北市汐止區大同路三段275號,24.925445,121.366234,門牌
新北市汐止區大同路三段338號,25.038242,121.573641,路名
新北市汐止區大安街56巷21弄12號,25.073983,121.677995,門牌
新北市汐止區大安街56巷23號,25.073639,121.678356,門牌
新北市汐止區宜興街10巷16號2樓（現場僅供辦公室使用）,25.040799,121.621691,門牌
新北市汐止區宜興街20巷20號3樓,25.040886,121.622053,門牌
新北市汐止區工建路134號2樓,25.064156,121.638422,門牌
新北市汐止區康寧街161號3樓,25.067161,121.622299,門牌
新北市汐止區康寧街169巷21號7樓,25.068074,121.622735,門牌
新北市汐止區康寧街169巷23之1號1樓,25.068322,121.622700,門牌
新北市汐止區康寧街169巷27之1號,25.068617,121.622663,門牌
新北市汐止區康寧街169巷8之11號6樓,25.069697,121.630136,路名
新北市汐止區康寧街169巷8之15號6樓,25.069697,121.630136,路名
新北市汐止區康寧街169巷8之3號3樓,25.069697,121.630136,路名
新北市汐止區康寧街169巷8之6號2樓,25.069697,121.630136,路名
新北市汐止區康寧街169巷8之7號3樓,25.069697,121.630136,路名
新北市汐止區康寧街169巷8之7號6樓,25.069697,121.630136,路名
新北市汐止區康寧街297號2樓,25.067321,121.626454,門牌
新北市汐止區康寧街351巷3號2樓,25.067848,121.628063,門牌
新北市汐止區康寧街353號2樓,25.067661,121.628203,門牌
新北市汐止區康寧街371號1樓,25.069697,121.630136,路名
新北市汐止區康寧街459巷61號18樓,25.069697,121.630136,路名
新北市汐止區康寧街61巷41號,25.067759,121.619563,門牌
新北市汐止區康寧街61巷51號,25.067710,121.619856,門牌
新北市汐止區康寧街753巷10弄11號2樓之3,25.075508,121.639701,門牌
新北市汐止區康寧街885巷13號,25.076412,121.650444,門牌
新北市汐止區建成路56巷69弄17號,25.073632,121.662804,門牌
新北市汐止區建成路57巷18號7樓,25.072845,121.662153,門牌
新北市汐止區建成路57巷27號(1樓),25.072041,121.661526,門牌
新北市汐止區復興里新台五路1段95號24樓之2,25.061621,121.647966,門牌
新北市汐止區忠三街10巷25號3樓,25.077716,121.625177,門牌
新北市汐止區忠三街118巷66號,25.079477,121.629293,門牌
新北市汐止區忠三街118巷94號3樓,25.078675,121.629590,門牌
新北市汐止區忠三街120巷21號(1樓),25.080694,121.629412,門牌
新北市汐止區忠三街120巷21號1樓,25.080694,121.629412,門牌
新北市汐止區忠孝東路415號5樓之6,25.071393,121.665781,門牌
新北市汐止區忠孝東路513號(1樓),25.075496,121.666727,門牌
新北市汐止區文化里新台五路1段100號14樓,25.060475,121.648871,門牌
新北市汐止區新台五路1段102號6樓,25.060484,121.649069,門牌
新北市汐止區新台五路1段102號8樓,25.060484,121.649069,門牌
新北市汐止區新台五路1段106號18樓,25.060563,121.648865,門牌
新北市汐止區新台五路1段108號18樓,25.060552,121.648640,門牌
新北市汐止區新台五路1段112號22樓,25.060592,121.649438,門牌
新北市汐止區新台五路1段129號2樓,25.061833,121.651971,門牌
新北市汐止區新台五路1段147號5樓,25.062314,121.653302,門牌
新北市汐止區新台五路1段159號11樓之6,25.062486,121.653788,門牌
新北市汐止區新台五路1段159號12樓之4,25.062486,121.653788,門牌
新北市汐止區新台五路1段159號6樓之4,25.062486,121.653788,門牌
新北市汐止區新台五路1段173號6樓,25.062980,121.654974,門牌
新北市汐止區新台五路1段182號12樓,25.062346,121.654798,門牌
新北市汐止區新台五路1段183號15樓,25.063185,121.655477,門牌
新北市汐止區新台五路1段214號12樓-1,25.063026,121.655923,門牌
新北市汐止區新台五路1段276號11樓,25.064531,121.659355,門牌
新北市汐止區新台五路1段77號之3,25.061394,121.645075,門牌
新北市汐止區新台五路1段79號16樓之13,25.061727,121.645874,門牌
新北市汐止區新台五路1段79號16樓之7,25.061727,121.645874,門牌
新北市汐止區新台五路1段79號16樓之8,25.061727,121.645874,門牌
新北市汐止區新台五路1段79號18樓之13,25.061727,121.645874,門牌
新北市汐止區新台五路1段79號6樓之7,25.061727,121.645874,門牌
新北市汐止區新台五路1段79號9樓之11,25.061727,121.645874,門牌
新北市汐止區新台五路1段79號9樓之6,25.061727,121.645874,門牌
新北市汐止區新台五路1段81號11樓之1,25.061142,121.646398,門牌
新北市汐止區新台五路1段81號9樓之3,25.061142,121.646398,門牌
新北市汐止區新台五路1段90號10樓,25.060480,121.648233,門牌
新北市汐止區新台五路1段92號11樓,25.060497,121.648403,門牌
新北市汐止區新台五路1段93號18樓之1,25.061593,121.647781,門牌
新北市汐止區新台五路1段93號27樓之10,25.061593,121.647781,門牌
新北市汐止區新台五路1段94號18樓,25.060719,121.648417,門牌
新北市汐止區新台五路1段94號2樓,25.060719,121.648417,門牌
新北市汐止區新台五路1段95號14樓之9,25.061621,121.647966,門牌
新北市汐止區新台五路1段95號20樓之6,25.061621,121.647966,門牌
新北市汐止區新台五路1段96號3樓,25.060498,121.648487,門牌
新北市汐止區新台五路1段97號10樓,25.061621,121.648092,門牌
新北市汐止區新台五路1段97號23樓,25.061621,121.648092,門牌
新北市汐止區新台五路1段97號26樓之3,25.061621,121.648092,門牌
新北市汐止區新台五路1段98號21樓,25.060465,121.648648,門牌
新北市汐止區新台五路1段99號22樓之6,25.061620,121.648248,門牌
新北市汐止區新台五路1段99號3樓,25.061620,121.648248,門牌
新北市汐止區新台五路1段99號8樓之2,25.061620,121.648248,門牌
新北市汐止區新台五路2段12號(1樓),25.064971,121.660397,門牌
新北市汐止區新台五路2段146號,25.066452,121.664138,門牌
新北市汐止區新台五路2段186號2樓,25.066900,121.668190,門牌
新北市汐止區新台五路2段250號7樓之2,25.065369,121.674845,門牌
新北市汐止區新台五路2段67號4樓,25.066711,121.663816,門牌
新北市汐止區新台五路2段70巷25號,25.064846,121.661887,門牌
新北市汐止區新台五路2段91號18樓之5,25.067244,121.665153,門牌
新北市汐止區新台五路2段9號11樓,25.066110,121.662200,門牌
新北市汐止區新台五路一段106號6樓,25.064383,121.659050,路名
新北市汐止區新台五路一段79號14樓之13,25.064383,121.659050,路名
新北市汐止區新台五路一段81號7樓之1,25.064383,121.659050,路名
新北市汐止區新台五路一段96號22樓,25.064383,121.659050,路名
新北市汐止區新台五路一段98號19樓,25.064383,121.659050,路名
新北市汐止區新台五路一段98號8樓,25.064383,121.659050,路名
新北市汐止區新台五路二段126巷13弄22號1樓,25.064383,121.659050,路名
新北市汐止區新興路129號11樓,25.042957,121.547741,路名
新北市汐止區新興路151號13樓,25.042957,121.547741,路名
新北市汐止區明峰街298巷10弄3號4樓,25.068906,121.625128,門牌
新北市汐止區明峰街298巷7弄12號3樓,25.068809,121.624502,門牌
新北市汐止區明峰街45號,25.071274,121.633556,門牌
新北市汐止區東勢街190巷11號3樓,25.041432,121.634102,門牌
新北市汐止區東勢街201巷183號,25.043507,121.632845,門牌
新北市汐止區東勢街201巷1號6樓之5,25.042360,121.633797,路名
新北市汐止區東勢街201巷326號(地下1層),25.043787,121.632590,門牌
新北市汐止區東勢街201巷435弄23號,25.042913,121.630983,門牌
新北市汐止區東勢街216巷6弄6號,25.041358,121.635007,門牌
新北市汐止區林森街73巷61號2樓,25.042048,121.624067,門牌
新北市汐止區樟樹一路129巷1號5樓,25.064862,121.641825,門牌
新北市汐止區樟樹一路205號,25.069114,121.642667,門牌
新北市汐止區樟樹一路268之4號4樓,25.068135,121.642719,門牌
新北市汐止區樟樹一路272之8號,25.068875,121.643191,門牌
新北市汐止區樟樹一路2巷59號12樓,25.062883,121.641833,門牌
新北市汐止區樟樹一路99巷2弄7號,25.063929,121.641398,門牌
新北市汐止區樟樹一路99巷2弄7號1樓,25.063929,121.641398,門牌
新北市汐止區樟樹二路277巷16號14樓,25.069391,121.640549,門牌
新北市汐止區樟樹二路293巷8號3樓,25.070127,121.640905,門牌
新北市汐止區樟樹二路295號9樓,25.069929,121.641180,門牌
新北市汐止區樟樹二路339巷8號(1樓),25.070768,121.641172,門牌
新北市汐止區樟樹二路68號6樓,25.061950,121.640049,門牌
新北市汐止區樟樹里工建路356號1樓,25.062481,121.637446,路名
新北市汐止區橋東里建成路57巷84號6樓,25.072027,121.660920,門牌
新北市汐止區橫科路18巷2號4樓,25.050974,121.617937,門牌
新北市汐止區橫科路18巷9弄3號5樓,25.050628,121.617979,門牌
新北市汐止區橫科路872巷36號,25.050129,121.620370,路名
新北市汐止區民族二街36號6樓,25.070512,121.634763,門牌
新北市汐止區民族二街5巷8號,25.071732,121.635495,門牌
新北市汐止區民族五街38號10樓,25.071255,121.629023,門牌
新北市汐止區民族五街89號,25.069575,121.627465,門牌
新北市汐止區民族六街10巷1號4樓,25.069289,121.630117,門牌
新北市汐止區民族六街53號5樓,25.068255,121.628768,門牌
新北市汐止區民權街2段48號,25.049120,121.619275,門牌
新北市汐止區水源路1段244號2樓,25.060200,121.654115,門牌
新北市汐止區水源路2段88巷2弄3號4樓,25.055800,121.656062,門牌
新北市汐止區汐萬路1段211巷26號1、2、3、4、5樓,25.087168,121.647032,路名
新北市汐止區汐萬路1段333巷14號,25.076583,121.649349,門牌
新北市汐止區汐萬路1段418巷45號5樓,25.079172,121.650779,門牌
新北市汐止區汐萬路2段126號2樓,25.085298,121.648078,門牌
新北市汐止區汐萬路2段165號,25.085488,121.647735,門牌
新北市汐止區汐萬路2段228巷18弄24號5樓,25.089597,121.649242,門牌
新北市汐止區汐萬路2段23巷10號,25.081038,121.649090,門牌
新北市汐止區汐萬路2段23巷9號4樓（現場僅供辦公室使用）,25.080864,121.649124,門牌
新北市汐止區汐萬路2段306巷38號,25.091960,121.644487,門牌
新北市汐止區汐萬路3段199巷26弄9號,25.098862,121.640221,門牌
新北市汐止區湖前街110巷97弄14之3號3樓,25.074594,121.634018,門牌
新北市汐止區湖前街110巷97弄3號,25.077381,121.630946,門牌
新北市汐止區湖東街39號,25.073021,121.634769,門牌
新北市汐止區環河街126號,25.059331,121.629334,門牌
新北市汐止區環河街157號,25.057518,121.628519,門牌
新北市汐止區環河街166號,25.057551,121.628316,門牌
新北市汐止區環河街185巷14號,25.055688,121.627753,門牌
新北市汐止區環河街187號,25.055958,121.626961,門牌
新北市汐止區環河街189巷3號,25.055329,121.627213,門牌
新北市汐止區環河街212號1樓,25.055707,121.626201,門牌
新北市汐止區環河街68之1號(4樓),25.061155,121.630628,門牌
新北市汐止區環河街88巷3弄16號,25.060388,121.629185,門牌
新北市汐止區祥雲街29號(1樓),25.090170,121.646683,門牌
新北市汐止區福安街16號2樓,25.292381,121.568619,門牌
新北市汐止區福安街20巷4號1樓,25.065019,121.662433,門牌
新北市汐止區福安街39號2樓,25.292055,121.568656,門牌
新北市汐止區福德一路12巷9號2樓,25.069678,121.638002,門牌
新北市汐止區福德一路172號7樓,25.066204,121.635884,門牌
新北市汐止區福德一路213巷13號9樓,25.065131,121.635326,門牌
新北市汐止區福德一路240號3樓,25.064783,121.633645,門牌
新北市汐止區福德一路272巷2號,25.064054,121.632195,門牌
新北市汐止區福德一路310巷7弄1號,25.063668,121.630828,門牌
新北市汐止區福德一路328巷1號(1樓),25.063108,121.630203,門牌
新北市汐止區福德一路342巷1號,25.063426,121.629254,路名
新北市汐止區福德一路342巷2弄3號4樓,25.063302,121.629644,門牌
新北市汐止區福德一路342巷3弄27號,25.063789,121.627857,門牌
新北市汐止區福德一路392巷1號,25.060918,121.627423,門牌
新北市汐止區福德一路392巷22弄28號,25.061586,121.628033,門牌
新北市汐止區福德一路392巷37弄1號2樓,25.062060,121.626418,門牌
新北市汐止區福德一路392巷37弄22號,25.061879,121.625766,門牌
新北市汐止區福德一路392巷37弄3號,25.062021,121.626353,門牌
新北市汐止區福德一路392巷42弄5號,25.062636,121.627128,門牌
新北市汐止區福德一路392巷42弄6號,25.062457,121.627191,門牌
新北市汐止區福德一路392巷42弄9號,25.062664,121.627302,門牌
新北市汐止區福德一路392巷48號,25.062768,121.626654,門牌
新北市汐止區福德一路400號1樓,25.060550,121.627268,門牌
新北市汐止區福德一路405巷8、10號,25.063426,121.629254,路名
新北市汐止區福德一路413號,25.060096,121.627010,門牌
新北市汐止區福德一路421巷20號,25.058932,121.627129,門牌
新北市汐止區福德一路425號,25.059776,121.626653,門牌
新北市汐止區福德一路86巷27號7樓,25.068818,121.637274,門牌
新北市汐止區福德三路12號,25.069554,121.637479,門牌
新北市汐止區福德三路131號4樓,25.067443,121.633390,門牌
新北市汐止區福德二路125巷7號2樓,25.064977,121.631450,門牌
新北市汐止區福德二路215號4樓之5,25.064557,121.627935,門牌
新北市汐止區福德二路347號,25.064171,121.624908,門牌
新北市汐止區福德二路91巷6弄1號2樓,25.065891,121.632659,門牌
新北市汐止區秀山路102巷26號(1樓),25.056118,121.665878,門牌
新北市汐止區秀山路156號3樓,25.055605,121.668615,門牌
新北市汐止區茄福街8號,25.067608,121.672999,門牌
新北市汐止區茄福街8號5樓,25.067608,121.672999,門牌
新北市汐止區茄苳路120巷13號2樓,25.069638,121.667543,門牌
新北市汐止區茄苳路120巷3弄1號,25.069865,121.667806,門牌
新北市汐止區茄苳路225巷12號1樓,25.069037,121.671361,門牌
新北市汐止區茄苳路225巷41號5樓,25.069194,121.672268,門牌
新北市汐止區茄苳路246號1樓（現場僅供辦公室使用）,25.068386,121.671369,門牌
新北市汐止區茄苳路256號1樓,25.068244,121.671702,門牌
新北市汐止區茄苳路268號2樓,25.068073,121.672022,門牌
新北市汐止區茄苳路270號,25.068033,121.672080,門牌
新北市汐止區茄苳路327號1樓,25.066447,121.673801,門牌
新北市汐止區茄苳路91號2樓,25.070940,121.667092,門牌
新北市汐止區連峰街116號2樓,25.078591,121.646325,門牌
新北市汐止區鄉長路1段287號3樓,25.079046,121.668952,門牌
新北市汐止區鄉長路2段26巷2之1號4樓,25.083323,121.668447,門牌
新北市汐止區鄉長路2段26巷3號之3,25.081069,121.666903,路名
新北市汐止區長江街13巷5弄5號5樓,25.071534,121.654485,門牌
新北市汐止區長江街253之5號1樓,25.079434,121.662814,門牌
新北市汐止區長江街39巷2號,25.071607,121.655701,門牌
新北市汐止區長江街39巷4號4樓（現場僅供辦公室使用）,25.071666,121.655672,門牌
新北市汐止區長江街57巷21弄3號5樓,25.072209,121.655742,門牌
新北市汐止區長江街57巷21弄7號5樓,25.072149,121.655565,門牌
新北市汐止區長江街57巷7號2樓,25.071833,121.656092,門牌
新北市汐止區長興街2段4巷21號2樓,25.080509,121.673150,門牌
新北市汐止區長興街2段50巷10號1樓,25.081291,121.674391,門牌
新北市汐止區長興街2段50巷8號,25.081355,121.674341,門牌
新北市汐止區青山路6號9樓,24.976538,121.461357,門牌
新北市汐止區龍安路36號2樓之4,25.063923,121.654780,門牌
新北市泰山區中港西路488號(1樓),25.052690,121.432634,門牌
新北市泰山區中華街10巷1號(1樓),25.052546,121.427941,門牌
新北市泰山區中華街16巷6號,25.052335,121.427397,門牌
新北市泰山區中華街16巷6號1樓,25.052335,121.427397,門牌
新北市泰山區仁德路55號6樓,25.056795,121.434467,門牌
新北市泰山區仁德路59號3樓,25.056665,121.434718,門牌
新北市泰山區仁愛路100巷38號9樓,25.054596,121.433622,門牌
新北市泰山區仁愛路100巷75號2樓,25.054382,121.433997,門牌
新北市泰山區仁愛路39巷15號5樓,25.055134,121.431274,門牌
新北市泰山區仁愛路59號12樓,25.220763,121.635129,門牌
新北市泰山區仁武街139巷18號,25.053384,121.432254,門牌
新北市泰山區仁武街21號,25.054671,121.433577,門牌
新北市泰山區仁義路179號13樓,25.054331,121.433087,門牌
新北市泰山區全興路182號7樓,25.057416,121.433154,門牌
新北市泰山區和平街4號,25.221695,121.636729,門牌
新北市泰山區壽山路134巷20弄2號,25.030911,121.418505,門牌
新北市泰山區壽山路146號,25.030455,121.417087,門牌
新北市泰山區壽山路160巷4號3樓,25.030985,121.417063,門牌
新北市泰山區大科里南林路98號,25.045273,121.413371,門牌
新北市泰山區工專路59巷3號2樓,25.040129,121.422511,門牌
新北市泰山區工專路6號,25.039577,121.424051,門牌
新北市泰山區工專路6號(3樓),25.039577,121.424051,門牌
新北市泰山區忠孝街16巷9號(2樓),25.065112,121.427949,門牌
新北市泰山區忠孝街41巷4號5樓,25.065555,121.428601,門牌
新北市泰山區忠孝街41巷6號5樓,25.065605,121.428582,門牌
新北市泰山區忠孝街41巷7號,25.065670,121.428459,門牌
新北市泰山區文程路1之1號12樓,25.049674,121.427905,門牌
新北市泰山區新北大道6段325號,25.033418,121.423374,門牌
新北市泰山區新北大道6段403號10樓,25.031955,121.421751,門牌
新北市泰山區新北大道6段409號9樓,25.032131,121.421411,門牌
新北市泰山區新北大道6段462號2樓,25.032912,121.422006,門牌
新北市泰山區新北大道7段42巷21號,25.032493,121.419125,門牌
新北市泰山區明志路1段122巷31號,25.063747,121.432496,門牌
新北市泰山區明志路1段352巷13弄14號,25.058901,121.429748,門牌
新北市泰山區明志路1段373巷6號7樓,25.057604,121.431103,門牌
新北市泰山區明志路1段451巷1號3樓,25.056470,121.431169,門牌
新北市泰山區明志路1段458巷9號(1樓),25.055669,121.430080,門牌
新北市泰山區明志路1段482號,25.054878,121.430368,門牌
新北市泰山區明志路2段214巷16弄27號1樓,25.050029,121.426759,門牌
新北市泰山區明志路2段254巷10號（1樓）,25.047863,121.426283,門牌
新北市泰山區明志路2段254巷16弄19號4樓,25.048648,121.426260,門牌
新北市泰山區明志路2段298巷17弄8號3樓,25.046993,121.425161,門牌
新北市泰山區明志路3段123巷6號7樓,25.040369,121.425296,門牌
新北市泰山區明志路3段142巷102號6樓之4,25.040230,121.424163,門牌
新北市泰山區明志路3段204巷10弄30號,25.038819,121.422399,門牌
新北市泰山區明志路3段350之2號5樓,25.048792,121.427445,路名
新北市泰山區明志路3段429號,25.032684,121.421085,門牌
新北市泰山區明志路3段478號6樓之3,25.048792,121.427445,路名
新北市泰山區明志路3段478號8樓之1,25.048792,121.427445,路名
新北市泰山區明志路3段517號4樓,25.031751,121.421174,門牌
新北市泰山區明志路3段74巷17號6樓,25.041661,121.424249,門牌
新北市泰山區明志路二段136巷21弄12號,25.048792,121.427445,路名
新北市泰山區民族街10巷3之1號,25.051681,121.429158,門牌
新北市泰山區民族街17之1號(2樓),25.051799,121.429323,門牌
新北市泰山區泰林路2段116巷6弄8號,25.059514,121.435432,門牌
新北市泰山區泰林路2段142巷7弄8號4樓,25.060484,121.434622,門牌
新北市泰山區泰林路2段148號1樓,25.060031,121.434225,門牌
新北市泰山區泰林路2段164巷25號2樓（現場僅供辦公室使用）,25.061038,121.434388,門牌
新北市泰山區泰林路2段164巷8號3樓,25.060623,121.434387,門牌
新北市泰山區泰林路2段292巷18號,25.063264,121.431517,門牌
新北市泰山區泰林路2段394號4樓,25.064137,121.427975,門牌
新北市泰山區泰林路2段473號7樓,25.063884,121.425255,門牌
新北市泰山區泰林路2段515號10樓,25.063731,121.424176,門牌
新北市泰山區泰林路2段535號3樓,25.063628,121.423403,門牌
新北市泰山區泰林路2段551號(1樓),25.063582,121.422932,門牌
新北市泰山區泰林路2段579巷6弄16號5樓,25.062663,121.421234,門牌
新北市泰山區福泰街24巷14弄10號1樓,25.059472,121.433249,門牌
新北市泰山區福泰里泰林路2段142巷13弄2號4樓,25.060329,121.435044,門牌
新北市泰山區福興三街160號3樓,25.057230,121.432903,門牌
新北市泰山區福興三街23號8樓,25.057801,121.434728,門牌
新北市泰山區美寧街18號,25.063701,121.430337,門牌
新北市泰山區美寧街30號1樓,25.063805,121.430670,門牌
新北市泰山區美寧街37號,25.064083,121.430186,門牌
新北市泰山區美寧街57巷30號,25.065042,121.429872,門牌
新北市泰山區美寧街71號,25.064783,121.431009,門牌
新北市泰山區貴和里明志路三段523號,25.048792,121.427445,路名
新北市泰山區貴陽街12號5樓,25.033043,121.421857,門牌
新北市泰山區貴陽街18號,25.032637,121.422608,門牌
新北市泰山區貴陽街72巷13號,25.031511,121.423268,門牌
新北市淡水區下圭柔山100之10號,25.211992,121.439083,門牌
新北市淡水區下圭柔山105之5號,25.210371,121.445111,門牌
新北市淡水區下圭柔山119之12號,25.208616,121.450008,門牌
新北市淡水區下圭柔山70之13號,25.208327,121.446053,門牌
新北市淡水區下圭柔山72之2號,25.205475,121.446321,門牌
新北市淡水區下圭柔山90之5號,25.209050,121.431979,門牌
新北市淡水區中山北路1段117之3號,25.176816,121.442559,門牌
新北市淡水區中山北路1段149巷37號5樓,25.178047,121.443131,門牌
新北市淡水區中山北路1段211號1樓,25.179122,121.444137,門牌
新北市淡水區中山北路1段372號11樓,25.182453,121.444776,門牌
新北市淡水區中山北路2段188巷16號5樓,25.185105,121.445283,門牌
新北市淡水區中山北路2段188巷8號3樓,25.185108,121.444968,門牌
新北市淡水區中山北路2段213號3樓,25.186075,121.444007,門牌
新北市淡水區中山北路3段57之3號6樓,25.191551,121.443042,門牌
新北市淡水區中山北路3段59之1號7樓,25.191709,121.443066,門牌
新北市淡水區中山路93之2號9樓,25.170361,121.442347,門牌
新北市淡水區中正東路1段111巷2號2樓,25.160116,121.454461,門牌
新北市淡水區中正東路1段121號2樓,25.160511,121.454822,門牌
新北市淡水區中正東路1段21巷35號,25.164417,121.452773,門牌
新北市淡水區中正東路1段3巷14弄7號5樓,25.164415,121.451134,門牌
新北市淡水區中正東路1段3巷17號2樓,25.165680,121.451434,門牌
新北市淡水區中正東路1段3巷17號3樓,25.165680,121.451434,門牌
新北市淡水區中正東路1段3巷33號5樓,25.165619,121.452422,門牌
新北市淡水區中正東路1段87號7樓,25.161792,121.453083,門牌
新北市淡水區中正東路2段27之7號17樓,25.156739,121.459814,門牌
新北市淡水區中正東路2段27之8號3樓,25.156617,121.459864,門牌
新北市淡水區中正東路2段29之2號19樓,25.157215,121.460248,門牌
新北市淡水區中正東路2段29號6樓,25.157198,121.460007,門牌
新北市淡水區中正東路2段88巷37之22號,25.143518,121.459173,門牌
新北市淡水區中正東路40之7號,25.164981,121.449933,門牌
新北市淡水區中正東路二段27-8號13樓,25.159299,121.454505,路名
新北市淡水區中正東路二段27之8號3樓,25.159299,121.454505,路名
新北市淡水區中正東路二段27號18樓,25.159299,121.454505,路名
新北市淡水區中正路184號,25.088019,121.467000,門牌
新北市淡水區中正路2段50巷6號4樓,25.183182,121.419803,門牌
新北市淡水區八勢一街39巷18號4樓之1,25.157921,121.463483,門牌
新北市淡水區八勢路1段216號4樓,25.157013,121.468913,門牌
新北市淡水區八勢路1段98號8樓,25.155867,121.467613,門牌
新北市淡水區八勢路30巷3號2樓,25.153740,121.461650,門牌
新北市淡水區北新路137號4樓,25.178918,121.449355,門牌
新北市淡水區北新路165號2樓,25.179336,121.450108,門牌
新北市淡水區北新路192之2號,25.179553,121.450890,門牌
新北市淡水區北新路42號7樓,25.177903,121.445588,門牌
新北市淡水區原德路1號地下層,25.171030,121.441869,門牌
新北市淡水區商工路196巷5號,25.186933,121.451189,門牌
新北市淡水區大仁街21號1樓,25.175219,121.442437,門牌
新北市淡水區大信街1巷4號(1樓),25.176756,121.440794,門牌
新北市淡水區大信街1巷8之3號,25.176768,121.440634,門牌
新北市淡水區大勇街2之4號,25.174785,121.441906,門牌
新北市淡水區大同路128巷2號1樓,25.140715,121.463773,門牌
新北市淡水區大同路26之1號1樓,25.140062,121.462553,門牌
新北市淡水區大忠街52號1樓,25.175973,121.443914,門牌
新北市淡水區大忠街77之1號,25.177373,121.445788,門牌
新北市淡水區大忠街77之1號(1樓),25.177373,121.445788,門牌
新北市淡水區大忠街77之1號1樓,25.177373,121.445788,門牌
新北市淡水區大義街42巷6號,25.178618,121.442085,門牌
新北市淡水區大義街42巷6號(1樓),25.178618,121.442085,門牌
新北市淡水區奎柔山路73號,25.206314,121.453435,門牌
新北市淡水區奎柔山路752巷74號,25.203819,121.474258,門牌
新北市淡水區學府路128巷37號5樓,25.172295,121.450925,門牌
新北市淡水區學府路136巷34號5樓,25.172614,121.451906,門牌
新北市淡水區學府路73巷2弄11之3號,25.170432,121.448142,門牌
新北市淡水區小坪頂77－1號,25.158568,121.486536,路名
新北市淡水區屯山里石頭厝14之37號,25.237274,121.463932,門牌
新北市淡水區山子邊3之5號3樓,25.184723,121.483734,門牌
新北市淡水區崁頂里中山北路3段31巷88號3樓,25.190176,121.442576,門牌
新北市淡水區忠山里三塊厝2之1號,25.210369,121.452930,門牌
新北市淡水區忠愛街2之1號4樓,25.171740,121.455700,門牌
新北市淡水區文化路59巷1號2樓,25.172524,121.438522,門牌
新北市淡水區新市一路1段331巷100號10樓,25.187766,121.436552,門牌
新北市淡水區新市一路3段101巷162號10樓,25.186495,121.445801,門牌
新北市淡水區新市一路3段90號14樓,25.182543,121.446198,門牌
新北市淡水區新市一路一段2號,25.185574,121.439096,路名
新北市淡水區新市二路4段132號3樓,25.192115,121.443384,門牌
新北市淡水區新春街103之29號4樓,25.182703,121.441053,門牌
新北市淡水區新春街35之6號2樓,25.182360,121.437185,門牌
新北市淡水區新春街65巷31號,25.182887,121.437267,門牌
新北市淡水區新春街85巷23號(1樓),25.183268,121.438275,門牌
新北市淡水區新民街178巷42弄18號3樓之1,25.179467,121.438638,門牌
新北市淡水區新民街180巷33號4樓,25.179594,121.438055,門牌
新北市淡水區新民街1段33之1號9樓,25.185022,121.432137,門牌
新北市淡水區新民街31號,25.175616,121.439051,門牌
新北市淡水區新民街69之2號3樓（現場僅供辦公室使用）,25.176455,121.438363,門牌
新北市淡水區新民街73之4號,25.176552,121.438285,門牌
新北市淡水區新民街76巷31之1號2樓,25.177544,121.439128,門牌
新北市淡水區新興里新民街76巷26之2號3樓,25.177180,121.439137,門牌
新北市淡水區民族路31巷78號5樓之11,25.136813,121.463499,門牌
新北市淡水區民權路111號3樓,25.137463,121.460265,門牌
新北市淡水區民權路141號2樓,25.136380,121.460215,門牌
新北市淡水區民權路179巷11號(1樓),25.134873,121.460442,門牌
新北市淡水區民權路183巷20號,25.134115,121.460341,門牌
新北市淡水區民權路185之9號2樓,25.133752,121.459499,門牌
新北市淡水區民權路193號19樓之3,25.133276,121.459356,門牌
新北市淡水區民權路207號7樓,25.132298,121.458950,門牌
新北市淡水區民權路27號(2樓),25.086323,121.476047,門牌
新北市淡水區民權路36號,25.086472,121.476186,門牌
新北市淡水區民權路61號1樓,25.138887,121.459994,門牌
新北市淡水區民生路113巷1弄25之1號,25.138644,121.463575,門牌
新北市淡水區民生路16巷1之2號,25.137405,121.460896,門牌
新北市淡水區民生路52巷22弄10號1樓,25.137173,121.462465,門牌
新北市淡水區民生路52巷28之1號,25.137642,121.462756,門牌
新北市淡水區水源街1段18巷26號3樓,25.171755,121.442626,門牌
新北市淡水區水源街1段18巷26號3樓（現場僅供辦公室使用）,25.171755,121.442626,門牌
新北市淡水區水源街1段71巷20號3樓,25.173092,121.444328,門牌
新北市淡水區水源街2段177巷86號2樓,25.177737,121.452506,門牌
新北市淡水區水源街2段177巷96號9樓,25.177643,121.452256,門牌
新北市淡水區水碓街40巷12號,25.176878,121.444462,門牌
新北市淡水區水碓街40巷12號1樓,25.176878,121.444462,門牌
新北市淡水區水碓里北新路186號5樓之2,25.178750,121.449802,門牌
新北市淡水區沙崙路131巷13弄26號,25.183792,121.422808,門牌
新北市淡水區沙崙路131巷7弄9號6樓,25.183320,121.422738,門牌
新北市淡水區沙崙路137號(1樓)、2樓,25.182949,121.423034,門牌
新北市淡水區沙崙路181巷20號,25.184861,121.423951,門牌
新北市淡水區沙崙路187號6樓,25.184118,121.424548,門牌
新北市淡水區沙崙路1段97號11樓,25.184323,121.424758,路名
新北市淡水區沙崙路2段807號15樓,25.184323,121.424758,路名
新北市淡水區淡海路203號,25.184899,121.420239,門牌
新北市淡水區淡海路267號3樓（現場僅供辦公室使用）,25.187316,121.419970,門牌
新北市淡水區淡海路88之2號(1樓),25.181802,121.423087,門牌
新北市淡水區淡金路16巷123號8樓,25.202949,121.459623,路名
新北市淡水區淡金路1段69號,25.258698,121.501518,門牌
新北市淡水區淡金路4段191號,25.221737,121.451480,門牌
新北市淡水區淡金路4段492號,25.225039,121.452122,門牌
新北市淡水區淡金路5段59巷10之1號,25.234956,121.453497,門牌
新北市淡水區濱海路1段145號14樓,25.189042,121.439205,門牌
新北市淡水區濱海路1段306巷9弄9號12樓,25.190659,121.440281,門牌
新北市淡水區濱海路1段376號2樓,25.189788,121.439247,門牌
新北市淡水區番子田120之1號7樓,25.227727,121.463839,門牌
新北市淡水區竿蓁二街36巷8號2樓,25.162719,121.454151,門牌
新北市淡水區竿蓁里4鄰坪頂路137之2號2樓,25.161577,121.466133,門牌
新北市淡水區義山路1段401巷62號(1樓),25.191342,121.437020,門牌
新北市淡水區自強路201巷48之3號,25.127376,121.462834,門牌
新北市淡水區自強路201巷5號,25.126185,121.463333,門牌
新北市淡水區自強路309巷12號3樓,25.132564,121.462334,門牌
新北市淡水區自強路311號(1樓),25.132081,121.462730,門牌
新北市淡水區自強路80巷17號18樓,25.127908,121.463753,門牌
新北市淡水區興仁路106巷2弄18號,25.218057,121.452224,門牌
新北市淡水區興仁路161號,25.219666,121.451425,門牌
新北市淡水區興福寮88巷228號8樓,25.166158,121.486313,門牌
新北市淡水區英專路240號9樓,25.172742,121.449653,門牌
新北市淡水區行忠路127號,25.199750,121.454592,門牌
新北市淡水區行忠路328號,25.199915,121.460861,門牌
新北市淡水區鄧公路30巷29弄19號,25.170035,121.452894,門牌
新北市淡水區鄧公路33巷2之2號,25.171001,121.451413,門牌
新北市淡水區長興街43巷2號,25.171784,121.443924,門牌
新北市淡水區頂田寮路182號,25.216020,121.460835,門牌
新北市淡水區頂田寮路186號,25.215947,121.461285,門牌
新北市淡水區頂田寮路39號,25.216270,121.455952,門牌
新北市淡水區馬偕街2巷3號4樓,25.172229,121.438605,門牌
新北市深坑區北深路1段201巷6號4樓,25.008656,121.630313,門牌
新北市深坑區北深路2段132巷8弄3號,25.003464,121.616076,門牌
新北市深坑區北深路2段55巷12弄12號4樓,25.003328,121.618668,門牌
新北市深坑區北深路3段137號(2樓),25.002546,121.603730,門牌
新北市深坑區北深路3段155巷1號,25.003036,121.602568,門牌
新北市深坑區北深路3段158巷32弄6號2樓,25.004554,121.601894,門牌
新北市深坑區北深路3段158巷5號3樓,25.004837,121.601127,門牌
新北市深坑區北深路3段189巷6弄14號2樓,25.003686,121.600586,門牌
新北市深坑區北深路3段215巷15號3樓,25.003170,121.599715,門牌
新北市深坑區北深路3段240之2號15樓,25.004751,121.600714,門牌
新北市深坑區北深路3段260號6樓,25.004453,121.599514,門牌
新北市深坑區北深路3段270巷12號4樓,25.005649,121.599559,門牌
新北市深坑區北深路3段270巷12號4樓之2,25.005649,121.599559,門牌
新北市深坑區北深路三段254號2樓,25.005327,121.614847,路名
新北市深坑區埔新街91號1樓,25.002254,121.619563,門牌
新北市深坑區埔新街92之3號2樓,25.002709,121.618817,門牌
新北市深坑區文化街29號3樓,25.001397,121.619426,門牌
新北市深坑區文山路2段16號9樓,25.002061,121.625755,路名
新北市深坑區昇高坑路53號,24.991916,121.630742,門牌
新北市深坑區松柏街35號5樓,25.011692,121.638476,門牌
新北市深坑區深南路88巷13號之3,25.010747,121.621869,門牌
新北市深坑區翠谷街37巷7號(1樓),25.009915,121.626388,門牌
新北市深坑區萬福路75巷38號(1樓),25.009778,121.598579,門牌
新北市深坑區萬福里北深路三段270巷6號3樓,25.005327,121.614847,路名
新北市深坑區雲鄉路12巷2號,24.999324,121.620895,門牌
新北市烏來區忠治里忠治2號,24.883915,121.548177,門牌
新北市瑞芳區一坑路32之8號1樓,25.109238,121.804038,門牌
新北市瑞芳區一坑路70之6號1樓,25.108864,121.802266,路名
新北市瑞芳區三爪子坑路106巷146號2樓,25.104148,121.808833,門牌
新北市瑞芳區三爪子坑路265號1樓,25.099291,121.809527,門牌
新北市瑞芳區三爪子坑路32巷108號(1樓),25.105982,121.809917,門牌
新北市瑞芳區三爪子坑路333號(1樓),25.104663,121.818754,門牌
新北市瑞芳區中山路262號2樓,25.224089,121.635521,門牌
新北市瑞芳區員山子路3號之6五樓,25.104274,121.819296,門牌
新北市瑞芳區大埔路115巷23號2樓,25.101100,121.762829,門牌
新北市瑞芳區大埔路60號,25.102037,121.763813,門牌
新北市瑞芳區大埔路有勝新村1之1號(2樓),25.101266,121.765058,門牌
新北市瑞芳區大埔路東泰新村5號,25.101349,121.761293,路名
新北市瑞芳區大埔路東泰新村5號1樓,25.101349,121.761293,路名
新北市瑞芳區岳王路10號,25.110670,121.807232,門牌
新北市瑞芳區建基路1段22號4樓,25.121146,121.820082,門牌
新北市瑞芳區東和路85號,25.104912,121.804213,門牌
新北市瑞芳區楓子瀨路12號1樓,25.102364,121.770105,路名
新北市瑞芳區楓子瀨路36號,25.107408,121.771558,門牌
新北市瑞芳區瑞濱路17之1號(1樓),25.121324,121.826997,門牌
新北市瑞芳區瑞竹路36巷13號(1樓),25.103952,121.763984,門牌
新北市瑞芳區瑞竹路76號2樓,25.103503,121.763304,門牌
新北市瑞芳區瑞芳街162號,25.110921,121.801260,門牌
新北市瑞芳區逢甲路260號8樓,25.110670,121.805186,門牌
新北市瑞芳區逢甲路78之2號(1樓),25.108578,121.810242,門牌
新北市瑞芳區靜安路4段58號,25.102820,121.794146,門牌
新北市瑞芳區頂坪路141號,25.097979,121.791224,路名
新北市瑞芳區頂坪路瑞芳工業區132號,25.095878,121.783253,門牌
新北市瑞芳區頂坪路瑞芳工業區44號,25.098492,121.788613,門牌
新北市瑞芳區頂坪路瑞芳工業區69號1樓,25.098918,121.790209,門牌
新北市石碇區北宜路4段12號,24.960791,121.614984,門牌
新北市石碇區新興坑29號,25.015544,121.645862,門牌
新北市石碇區碇坪路1段70號5樓之1,24.991404,121.657218,門牌
新北市石碇區隆盛里八分寮55號(1樓),25.017205,121.645115,門牌
新北市石門區中山路28之13號3樓,25.289401,121.565871,門牌
新北市石門區中山路37號,25.032328,121.865851,門牌
新北市石門區老梅路25號（現場僅供辦公室使用）,25.289640,121.544698,門牌
新北市石門區老梅路52巷4號,25.288828,121.546538,門牌
新北市石門區老梅路76號,25.289091,121.547037,門牌
新北市石門區老梅路89號,25.289315,121.546536,門牌
新北市萬里區中福200號(1樓),25.165333,121.673369,門牌
新北市萬里區中福43號,25.168743,121.680087,門牌
新北市萬里區中福59之6號,25.172328,121.679690,門牌
新北市萬里區仁五街3號3樓,25.175494,121.681495,門牌
新北市萬里區內中福38之1號,25.165647,121.660122,路名
新北市萬里區崁腳里內中福4號之4,25.164523,121.667390,門牌
新北市萬里區瑪鋉下街2之3號,25.177946,121.690910,門牌
新北市萬里區瑪鋉路127之10號1樓,25.178519,121.688676,門牌
新北市萬里區瑪鋉路127之1號5樓（現場僅供辦公室使用）,25.178050,121.688618,門牌
新北市萬里區瑪鋉路72號1樓,25.178074,121.690003,門牌
新北市萬里區瑪鋉頂街71號2樓,25.180142,121.687703,門牌
新北市蘆洲區三民路203巷7號2樓,25.087569,121.470042,門牌
新北市蘆洲區三民路26巷26弄7號5樓,25.082769,121.477784,門牌
新北市蘆洲區三民路26巷29號4樓,25.082972,121.476851,門牌
新北市蘆洲區三民路26巷63號12樓之3,25.083346,121.478365,門牌
新北市蘆洲區三民路571號7樓,25.092398,121.462086,門牌
新北市蘆洲區三民路593之1號(1樓),25.093377,121.460927,門牌
新北市蘆洲區三民路599號,25.093631,121.460844,門牌
新北市蘆洲區中原路8號9樓,25.083657,121.461419,門牌
新北市蘆洲區中山一路120巷7弄35號1樓,25.082615,121.476844,門牌
新北市蘆洲區中山一路161號3樓,25.081491,121.475479,門牌
新北市蘆洲區中山一路293之1號4樓,25.079137,121.471633,門牌
新北市蘆洲區中山一路37之1號,25.080932,121.476049,路名
新北市蘆洲區中山一路50號4樓,25.081026,121.479323,門牌
新北市蘆洲區中山一路74巷27號,25.081415,121.479216,門牌
新北市蘆洲區中山二路196巷31號,25.080924,121.469578,門牌
新北市蘆洲區中山二路203號2樓,25.080511,121.470679,門牌
新北市蘆洲區中山二路222巷21弄8號,25.080213,121.469006,門牌
新北市蘆洲區中山二路265巷33弄4號2樓,25.079700,121.471059,門牌
新北市蘆洲區中山二路46巷5號,25.082305,121.474127,門牌
新北市蘆洲區中山二路8號4樓,25.081895,121.475500,門牌
新北市蘆洲區中正路185巷25弄10號1樓,25.084063,121.466906,門牌
新北市蘆洲區中正路185巷78弄52號4樓,25.085277,121.465744,門牌
新北市蘆洲區中正路214巷18號5樓,25.088991,121.467116,門牌
新北市蘆洲區中正路313巷1號8樓,25.088490,121.466298,門牌
新北市蘆洲區中興街116號1樓,25.088961,121.482381,門牌
新北市蘆洲區中興街15巷18號(1樓),25.087693,121.480285,門牌
新北市蘆洲區中興街23號,25.087085,121.480817,門牌
新北市蘆洲區中興街38之3號8樓,25.086788,121.481418,門牌
新北市蘆洲區九芎街130號5樓,25.079168,121.465006,門牌
新北市蘆洲區九芎街153巷30號1樓,25.078381,121.466105,門牌
新北市蘆洲區九芎街90巷35號5樓,25.081627,121.464333,門牌
新北市蘆洲區仁愛街42之10號7樓,25.093909,121.472581,門牌
新北市蘆洲區仁愛街70巷15號9樓,25.094654,121.470958,門牌
新北市蘆洲區信義路188巷4弄1號,25.084289,121.479981,門牌
新北市蘆洲區信義路222巷32弄2號(1樓),25.085268,121.480355,門牌
新北市蘆洲區信義路223號(1樓),25.083710,121.479166,門牌
新北市蘆洲區信義路280巷1號5樓,25.087385,121.478052,門牌
新北市蘆洲區信義路280巷5號4樓,25.087490,121.478252,門牌
新北市蘆洲區信義路4號(1樓),25.221197,121.637507,門牌
新北市蘆洲區光復路20號(1樓),25.084502,121.462947,門牌
新北市蘆洲區光復路58號3樓,25.085113,121.464083,門牌
新北市蘆洲區光明路131號2樓,25.088376,121.463803,門牌
新北市蘆洲區光明路135號(1樓),25.088461,121.463956,門牌
新北市蘆洲區光明路24號8樓,25.086896,121.461479,門牌
新北市蘆洲區光榮路101巷52之1號,25.090942,121.463360,門牌
新北市蘆洲區光榮路61巷17號9樓,25.089022,121.460939,門牌
新北市蘆洲區光榮路61巷30號12樓,25.088824,121.463129,路名
新北市蘆洲區光榮路97巷55號,25.088824,121.463129,路名
新北市蘆洲區光榮路97巷61號,25.090085,121.462818,門牌
新北市蘆洲區光華路132巷9號,25.083008,121.465908,門牌
新北市蘆洲區光華路150巷3號2樓,25.082546,121.465621,門牌
新北市蘆洲區光華路162巷19號4樓,25.082764,121.464933,門牌
新北市蘆洲區光華路176巷6號,25.082384,121.464955,門牌
新北市蘆洲區光華路38號10樓之1,25.083224,121.468994,門牌
新北市蘆洲區光華路99號6樓,25.082478,121.467331,門牌
新北市蘆洲區和平路114巷5號,25.080026,121.468124,門牌
新北市蘆洲區和平路121巷12號4樓,25.079672,121.466938,門牌
新北市蘆洲區和平路19巷15號4樓,25.078464,121.472289,門牌
新北市蘆洲區和平路57號,25.078934,121.470289,門牌
新北市蘆洲區和平路65號,25.078856,121.469924,門牌
新北市蘆洲區國道路2段109號7樓,25.074618,121.470376,門牌
新北市蘆洲區得仁里和平路30號4樓,25.079267,121.471201,門牌
新北市蘆洲區復興路107號4樓,25.087838,121.476959,門牌
新北市蘆洲區復興路335巷6號,25.010513,121.464393,路名
新北市蘆洲區復興路87巷8號,25.087827,121.476346,門牌
新北市蘆洲區成功路141號,25.082483,121.472147,門牌
新北市蘆洲區成功路32號,25.079178,121.473385,門牌
新北市蘆洲區正和街16巷17號,25.082982,121.469436,門牌
新北市蘆洲區正和街79號1樓,25.080777,121.468349,門牌
新北市蘆洲區民族路206號5樓（現場僅供辦公室使用）,25.087549,121.479886,門牌
新北市蘆洲區民族路227巷2號1樓,25.089738,121.477324,門牌
新北市蘆洲區民族路287號5樓,25.090961,121.475492,門牌
新北市蘆洲區民族路314巷11號2樓,25.090512,121.477789,門牌
新北市蘆洲區民族路336巷17號,25.090974,121.477137,門牌
新北市蘆洲區民族路336巷19弄6號2樓,25.091278,121.477043,門牌
新北市蘆洲區民族路348巷4號3樓,25.090872,121.476638,門牌
新北市蘆洲區民族路422巷15弄18號,25.092869,121.473482,門牌
新北市蘆洲區民族路422巷22-1號7樓,25.071688,121.471725,路名
新北市蘆洲區民族路46號4樓,25.084396,121.476867,門牌
新北市蘆洲區民族路520號5樓,25.090071,121.469103,門牌
新北市蘆洲區民族路70巷1號4樓,25.084599,121.477663,門牌
新北市蘆洲區民權路106巷5弄8號5樓,25.089233,121.474599,門牌
新北市蘆洲區民權路131巷5號5樓,25.089933,121.471627,門牌
新北市蘆洲區民權路33號2樓,25.086467,121.475895,門牌
新北市蘆洲區民權路61巷16號4樓,25.087731,121.473119,門牌
新北市蘆洲區民權路6之8號8樓,25.085825,121.477337,門牌
新北市蘆洲區民權路82巷7弄6號3樓,25.088590,121.475148,門牌
新北市蘆洲區民生街107巷6號4樓,25.078485,121.473190,門牌
新北市蘆洲區民生街11號,25.257256,121.503567,門牌
新北市蘆洲區民生街36號5樓,25.256166,121.503821,門牌
新北市蘆洲區民生街48號5樓,25.255786,121.503853,門牌
新北市蘆洲區民義街101巷6號12樓,25.091021,121.473521,門牌
新北市蘆洲區民義街68巷12號1樓,25.089523,121.473417,門牌
新北市蘆洲區民義街68巷72號1樓,25.089857,121.474316,門牌
新北市蘆洲區民義街86巷11號1樓,25.090429,121.473958,門牌
新北市蘆洲區水湳街15號4樓,25.088429,121.472578,門牌
新北市蘆洲區水湳街409號5樓,25.090620,121.470767,路名
新北市蘆洲區水湳街73之5號3樓,25.089342,121.470589,門牌
新北市蘆洲區水湳街86號4樓,25.093119,121.470157,門牌
新北市蘆洲區永安南路2段136號2樓,25.079718,121.462637,路名
新北市蘆洲區永安南路2段146號9樓,25.079718,121.462637,路名
新北市蘆洲區永安南路2段150號5樓,25.078861,121.461938,門牌
新北市蘆洲區永安南路2段16巷16之1號10樓,25.077694,121.468144,門牌
新北市蘆洲區永安南路2段16巷17弄15號1樓,25.077763,121.467426,門牌
新北市蘆洲區永安南路2段242號,25.079953,121.460248,門牌
新北市蘆洲區永安南路2段270號1樓,25.080862,121.458468,門牌
新北市蘆洲區永安南路2段30巷5號,25.077539,121.467245,門牌
新北市蘆洲區永安南路2段328巷17弄2號(1樓),25.084089,121.456569,門牌
新北市蘆洲區永安南路2段328巷17弄2號（1樓）,25.084089,121.456569,門牌
新北市蘆洲區永安南路2段340號4樓,25.083045,121.456566,門牌
新北市蘆洲區永安南路2段42巷6號3樓之2,25.077717,121.466813,門牌
新北市蘆洲區永安南路2段64號,25.078080,121.465046,門牌
新北市蘆洲區永平街32巷12弄6號2樓,25.091190,121.459200,門牌
新北市蘆洲區永平街32巷21弄7號2樓,25.091753,121.458846,門牌
新北市蘆洲區永平街32巷45弄33號4樓,25.092891,121.458441,門牌
新北市蘆洲區永平街32巷57弄1號6樓,25.092737,121.459597,門牌
新北市蘆洲區永平街52號2樓,25.091500,121.457857,門牌
新北市蘆洲區永平街54號,25.091524,121.457809,門牌
新北市蘆洲區永康街40號,25.085983,121.458706,門牌
新北市蘆洲區永康街63巷1弄4號,25.084818,121.456639,門牌
新北市蘆洲區永康街63巷2號2樓,25.084992,121.456287,門牌
新北市蘆洲區永樂街26巷2號(1樓),25.088524,121.458668,門牌
新北市蘆洲區永樂街26巷31號3樓,25.089651,121.458673,門牌
新北市蘆洲區永樂街26巷8號4樓,25.088652,121.458662,門牌
新北市蘆洲區永樂街38巷19弄20號5樓,25.089316,121.457397,門牌
新北市蘆洲區永樂街38巷19弄59號1樓,25.089389,121.456432,門牌
新北市蘆洲區永樂街38巷33弄4號4樓,25.089565,121.458022,門牌
新北市蘆洲區永樂街38巷45弄1號,25.089712,121.458127,門牌
新北市蘆洲區永樂街38巷57弄26號3樓,25.090850,121.457271,門牌
新北市蘆洲區永樂街38巷57弄6號2樓,25.090409,121.458107,門牌
新北市蘆洲區環堤大道188號11樓,25.090599,121.456716,門牌
新北市蘆洲區環堤大道78號3樓,25.084521,121.455669,門牌
新北市蘆洲區長安街102巷41號5樓之1,25.081752,121.462206,門牌
新北市蘆洲區長安街108巷5弄8號2樓,25.082070,121.461119,門牌
新北市蘆洲區長安街160號4樓,25.082938,121.459478,門牌
新北市蘆洲區長安街193巷16號1樓,25.081613,121.459772,門牌
新北市蘆洲區長安街220巷12號2樓之2,25.084769,121.459039,門牌
新北市蘆洲區長安街220巷16號5樓,25.084703,121.459220,門牌
新北市蘆洲區長安街220巷1號,25.084860,121.458837,門牌
新北市蘆洲區長安街22巷31弄10號(1樓),25.080307,121.464472,門牌
新北市蘆洲區長安街22巷31弄25號5樓,25.080629,121.463881,門牌
新北市蘆洲區長安街233巷5號4樓,25.082718,121.459096,門牌
新北市蘆洲區長安街23巷18號(1樓),25.078797,121.463412,門牌
新北市蘆洲區長安街250巷2樓,25.045886,121.472529,路名
新北市蘆洲區長安街252號1樓,25.086358,121.457591,門牌
新北市蘆洲區長安街264號7樓,25.086681,121.457445,門牌
新北市蘆洲區長安街267巷15號,25.083204,121.457429,門牌
新北市蘆洲區長安街274巷11號,25.087107,121.457980,門牌
新北市蘆洲區長安街299巷3號,25.084672,121.457691,門牌
新北市蘆洲區長安街313巷8號3樓,25.086203,121.456505,門牌
新北市蘆洲區長安街347巷12號,25.087147,121.456465,門牌
新北市蘆洲區長安街347巷8號,25.087144,121.456638,門牌
新北市蘆洲區長安街38號3樓,25.035163,121.865614,門牌
新北市蘆洲區長安街49巷9弄3號5樓,25.079038,121.463269,門牌
新北市蘆洲區長安街68巷8弄3號3樓,25.080311,121.463290,門牌
新北市蘆洲區長榮路10號,25.081988,121.464071,門牌
新北市蘆洲區長榮路166號3樓,25.082330,121.471700,路名
新北市蘆洲區長榮路201號9樓,25.084719,121.460951,門牌
新北市蘆洲區長榮路209號7樓,25.084911,121.460806,門牌
新北市蘆洲區長榮路211巷5號6樓,25.084724,121.460442,門牌
新北市蘆洲區長榮路235號10樓,25.085697,121.460343,門牌
新北市蘆洲區長榮路339號2樓,25.087398,121.459458,門牌
新北市蘆洲區長榮路339號4樓,25.087398,121.459458,門牌
新北市蘆洲區長榮路339號5樓,25.087398,121.459458,門牌
新北市蘆洲區長榮路392號3樓,25.087600,121.459737,門牌
新北市蘆洲區長樂路2之15號,25.084005,121.464803,門牌
新北市蘆洲區長樂路35之3號,25.085433,121.463122,門牌
新北市蘆洲區長樂路56巷8號(1樓),25.086426,121.463522,門牌
新北市蘆洲區長興路146號5樓,25.085227,121.461969,門牌
新北市蘆洲區長興路180號3樓,25.086204,121.461375,門牌
新北市蘆洲區長興路201號12樓,25.086136,121.461131,門牌
新北市蘆洲區長興路211號12樓,25.086252,121.461066,門牌
新北市蘆洲區長興路211號7樓,25.086252,121.461066,門牌
新北市蘆洲區長興路235號(1樓),25.087217,121.460515,門牌
新北市蘆洲區長興路270號3樓,25.088588,121.460470,門牌
新北市蘆洲區長興路290之1號7樓,25.089303,121.460552,門牌
新北市蘆洲區長興路95號7樓,25.084944,121.461813,門牌
新北市蘆洲區集賢路213號2樓,25.087050,121.483342,門牌
新北市蘆洲區集賢路238號9樓,25.085929,121.481918,門牌
新北市蘆洲區集賢路240號7樓,25.085814,121.481826,門牌
新北市蘆洲區集賢路240號9樓,25.085814,121.481826,門牌
新北市蘆洲區集賢路318號18樓,25.084951,121.481296,門牌
新北市蘆洲區鷺江街30號4樓,25.082525,121.477998,門牌
新北市貢寮區仁愛路36巷4號,25.052927,121.924946,門牌
新北市貢寮區保健街27號4樓,25.050178,121.923350,門牌
新北市貢寮區大澳街35號1樓,25.056419,121.925001,門牌
新北市貢寮區貢寮街1號2樓,25.018958,121.907586,門牌
新北市金山區中山路279巷5號,25.222760,121.635919,門牌
新北市金山區中正路69巷3號4樓,25.221539,121.634025,門牌
新北市金山區中華路101巷67號,25.033563,121.465018,路名
新北市金山區中華路102巷4號3樓,25.220351,121.634166,門牌
新北市金山區中華路122巷7號3樓,25.220947,121.633613,門牌
新北市金山區中華路152巷11號5樓,25.221557,121.633379,門牌
新北市金山區仁愛路35號5樓,25.219326,121.636454,門牌
新北市金山區仁愛路37之6號2樓,25.219771,121.636037,門牌
新北市金山區仁愛路67巷18號4樓,25.220993,121.634372,門牌
新北市金山區六股林口25號,25.219383,121.603317,門牌
新北市金山區山城路90巷9號,25.199932,121.599458,門牌
新北市金山區忠孝一路22號3樓,25.219575,121.638471,門牌
新北市金山區文化三路58號5樓,25.225347,121.634435,門牌
新北市金山區潭子內23之8號,25.224591,121.608748,門牌
新北市金山區磺港路214號(1樓),25.226367,121.645110,門牌
新北市金山區金美里仁愛路67巷26號2樓,25.221001,121.634207,門牌
新北市雙溪區中華路81號(1樓),25.038423,121.865737,門牌
新北市雙溪區外平林8之7號2樓,25.038381,121.859204,門牌
新北市雙溪區外平林9之28號1樓,25.037540,121.859349,門牌
新北市雙溪區新店31號3樓,25.032113,121.869004,門牌
新北市鶯歌區三鶯路29巷2號,24.942576,121.357477,路名
新北市鶯歌區三鶯路43號,24.941856,121.356476,門牌
新北市鶯歌區中山路64號,25.290810,121.567419,門牌
新北市鶯歌區中正一路269巷32號,24.958208,121.355959,門牌
新北市鶯歌區中正一路301之1號,24.956946,121.356765,路名
新北市鶯歌區中正一路303號,24.957177,121.356036,門牌
新北市鶯歌區中正一路345巷49號,24.957766,121.357336,門牌
新北市鶯歌區中正三路156巷61號,24.941624,121.331856,門牌
新北市鶯歌區中正三路156巷8之11號,24.937651,121.331392,路名
新北市鶯歌區中正三路230巷11弄28號,24.940089,121.329304,門牌
新北市鶯歌區中正三路238巷59號,24.937651,121.331392,路名
新北市鶯歌區中正三路247巷68及70號,24.937651,121.331392,路名
新北市鶯歌區中正三路247巷69號(2樓),24.935815,121.334097,門牌
新北市鶯歌區中正三路282巷20號,24.937430,121.328217,門牌
新北市鶯歌區中正三路283之9號,24.936939,121.330641,門牌
新北市鶯歌區中正三路335巷三弄8號一樓,24.937651,121.331392,路名
新北市鶯歌區中正三路445巷16號,24.934231,121.323335,門牌
新北市鶯歌區中正三路445巷16號3樓,24.934231,121.323335,門牌
新北市鶯歌區中正三路445巷2號,24.934347,121.323430,門牌
新北市鶯歌區中正三路448巷1號,24.935140,121.323496,門牌
新北市鶯歌區中正三路5巷2弄4號,24.942698,121.339629,門牌
新北市鶯歌區中湖街327號(1樓),24.975359,121.347616,路名
新北市鶯歌區二橋里高職東街3巷7號3樓之1,24.942148,121.339758,門牌
新北市鶯歌區二甲路280號,24.934929,121.337211,路名
新北市鶯歌區二甲路326巷6號之1,24.934929,121.337211,路名
新北市鶯歌區二甲路360號,24.934929,121.337211,路名
新北市鶯歌區光明街25巷7號（1樓）,24.955531,121.348599,門牌
新北市鶯歌區光明街50號1樓,24.973312,121.442165,門牌
新北市鶯歌區八德路2巷18弄12號,24.947302,121.336431,門牌
新北市鶯歌區八德路2巷22號之1,24.946368,121.336086,門牌
新北市鶯歌區八德路3之3號,24.948519,121.338070,門牌
新北市鶯歌區八德路56號(2樓),25.065930,121.366093,門牌
新北市鶯歌區國中街70巷10號(2樓),24.942865,121.341761,門牌
新北市鶯歌區國中街89號(1樓),24.941738,121.341976,門牌
新北市鶯歌區國光街108巷25號1樓,24.956340,121.340648,門牌
新北市鶯歌區大湖路133號(1樓),24.964511,121.342660,門牌
新北市鶯歌區大湖路137號,24.965059,121.342864,門牌
新北市鶯歌區大湖路185巷9弄11號,24.969552,121.342764,門牌
新北市鶯歌區大湖路185巷9弄19號(1樓),24.970055,121.342541,門牌
新北市鶯歌區大湖路323號,24.972521,121.341979,門牌
新北市鶯歌區大湖路460巷11號,24.972777,121.339899,門牌
新北市鶯歌區大湖路460巷2弄20號4樓,24.972743,121.340328,門牌
新北市鶯歌區大湖路468巷7弄10號4樓,24.972514,121.339221,門牌
新北市鶯歌區大湖路548巷1弄4號,24.973311,121.337330,門牌
新北市鶯歌區尖山埔路165巷3弄1號5樓,24.950387,121.346363,門牌
新北市鶯歌區尖山路156巷1號7樓,24.948903,121.345946,門牌
新北市鶯歌區尖山路156巷22號,24.949017,121.346051,門牌
新北市鶯歌區建國路186號5樓,24.953769,121.349317,門牌
新北市鶯歌區建國路254號,24.953544,121.347729,門牌
新北市鶯歌區建國路558號,24.950826,121.338101,門牌
新北市鶯歌區建國路586號,24.952009,121.339464,門牌
新北市鶯歌區德昌二街86號,24.958120,121.331887,路名
新北市鶯歌區文化路324巷23之1號,25.009314,121.460056,路名
新北市鶯歌區文化路324巷32號,24.944056,121.350472,門牌
新北市鶯歌區明圓街2棟2之3號,24.977161,121.336219,路名
新北市鶯歌區朝陽街8號(1樓),25.038751,121.866240,門牌
新北市鶯歌區東湖路36號,24.971442,121.355661,門牌
新北市鶯歌區欣欣街10棟5號（1樓）,24.978346,121.336610,路名
新北市鶯歌區永吉街17巷28號(1樓),24.957340,121.336651,門牌
新北市鶯歌區永和街92之17號(1樓),24.966736,121.357101,路名
新北市鶯歌區永昌街105號,24.949993,121.340379,門牌
新北市鶯歌區永昌街86號,24.950129,121.341500,門牌
新北市鶯歌區永明街131號,24.955812,121.342624,門牌
新北市鶯歌區永明街99號4樓,24.956533,121.341570,門牌
新北市鶯歌區永智街61號(1樓),24.953775,121.336652,門牌
新北市鶯歌區湖山路57號1樓,24.975056,121.339363,門牌
新北市鶯歌區福安街1號,25.292971,121.568439,門牌
新北市鶯歌區福德一路16號,25.069512,121.638663,門牌
新北市鶯歌區福德一路1號,25.069978,121.639163,門牌
新北市鶯歌區福德五街9號4樓,24.968046,121.329469,門牌
新北市鶯歌區育德街17號8樓,24.954990,121.344500,門牌
新北市鶯歌區陽明街2之1號2樓,24.956737,121.340987,門牌
新北市鶯歌區高職東街3巷7號5樓之2,24.942148,121.339758,門牌
新北市鶯歌區高職西街112號4樓,24.941065,121.335883,門牌
新北市鶯歌區高職西街98號4樓,24.941924,121.335792,門牌
新北市鶯歌區鳳五路128號10樓,24.971915,121.330727,路名
新北市鶯歌區鳳鳴路33號7樓之3,24.965168,121.333294,門牌
新北市鶯歌區鳳鳴路515號4樓,24.965550,121.333681,路名
新北市鶯歌區鶯桃路129巷21弄10號,24.953652,121.337926,門牌
新北市鶯歌區鶯桃路145巷1號5樓,24.954790,121.337639,門牌
新北市鶯歌區鶯桃路215號,24.959235,121.336459,門牌
新北市鶯歌區鶯桃路234巷11號(1樓),24.959594,121.336717,門牌
新北市鶯歌區鶯桃路241號(2樓),24.959528,121.335911,門牌
新北市鶯歌區鶯桃路268巷26弄7號,24.960371,121.336535,門牌
新北市鶯歌區鶯桃路285巷35號,24.958505,121.334035,門牌
新北市鶯歌區鶯桃路296巷84弄33號(1樓),24.961315,121.337544,門牌
新北市鶯歌區鶯桃路37號,24.950839,121.342655,門牌
新北市鶯歌區鶯桃路413巷11號(2樓),24.963912,121.331754,門牌
新北市鶯歌區鶯桃路587號(1樓),24.968738,121.329434,門牌
新北市鶯歌區鶯桃路62號,24.953340,121.340586,門牌
新北市鶯歌區鶯桃路95巷42號(1樓),24.953202,121.337898,門牌
新北市鶯歌區鶯桃路95巷73號,24.952763,121.337185,門牌
新北市鶯歌區鶯桃路97巷9號1樓,24.953949,121.338464,門牌
新北市鶯歌區黃厝街39號2樓之1,24.945355,121.342613,門牌
新竹市北區中寮里延平路3段286號1樓,24.834169,120.929911,門牌
新竹市北區中寮里延平路三段344巷9之13號一樓,24.812567,120.940625,路名
新竹市北區中山路40巷25之1號3樓之15,24.806436,120.966685,門牌
新竹市北區中正路107號4樓之6,24.807325,120.967899,門牌
新竹市北區中雅里凌雲街36號二樓之5,24.802569,120.952805,路名
新竹市北區中雅里經國路二段539之8號9樓,24.810446,120.969063,路名
新竹市北區仁德里世界街189號1樓,24.806504,120.964508,門牌
新竹市北區光田里東大路二段76號7樓之2,24.827897,120.951606,路名
新竹市北區光田里東大路二段76號9樓,24.827897,120.951606,路名
新竹市北區光田里水田街161巷2弄15號1樓,24.817194,120.969089,門牌
新竹市北區光華二街11巷5號之23,24.817086,120.974041,門牌
新竹市北區光華街59巷8號1樓,24.816040,120.971628,門牌
新竹市北區光華里光華二街85號2樓,24.819659,120.975885,門牌
新竹市北區光華里湳雅街126巷21弄3號1樓,24.819702,120.973703,門牌
新竹市北區光華里湳雅街126巷30號3樓,24.819357,120.973587,門牌
新竹市北區北大路307號9樓之3,24.806307,120.962840,門牌
新竹市北區南勢里南勢二街27巷19號1樓,24.802600,120.949190,路名
新竹市北區南寮里延平路三段667巷16號三樓,24.812567,120.940625,路名
新竹市北區古賢里東大路3段77巷35號1樓,24.831126,120.951941,門牌
新竹市北區台溪里中華路三段9號7樓之8,24.777064,120.939243,路名
新竹市北區台溪里林森路265號2樓之2,24.797765,120.962476,門牌
新竹市北區四維路130號4樓之2,24.800721,120.961153,門牌
新竹市北區境福里境福街79巷14號1樓,24.817778,120.960416,門牌
新竹市北區境福里成功路65巷11號1樓,24.814664,120.956796,門牌
新竹市北區士林里吉羊路137號1樓,24.823354,120.954358,門牌
新竹市北區士林里東大路2段639號,24.823386,120.958034,門牌
新竹市北區大同路113號2樓,24.805879,120.967699,門牌
新竹市北區大同里中正路107號6樓之1,24.807325,120.967899,門牌
新竹市北區大同里大同路180號1樓,24.807341,120.966791,門牌
新竹市北區天府路1段118號1樓,24.834157,120.944429,門牌
新竹市北區崇禮里北大路427號一樓,24.802700,120.960317,門牌
新竹市北區崇禮里集賢街47巷6之1號,24.803931,120.962608,門牌
新竹市北區文雅里中正路321號4樓,24.814189,120.962621,門牌
新竹市北區文雅里城北街137巷2弄15號,24.812928,120.962692,門牌
新竹市北區文雅里經國路二段160號3樓之22,24.810446,120.969063,路名
新竹市北區新民里西大路670號一樓,24.808398,120.960817,門牌
新竹市北區新雅里和平路173號1樓,24.810550,120.954767,門牌
新竹市北區新雅里成功路272號,24.811607,120.952022,門牌
新竹市北區新雅里成功路469號,24.807419,120.950017,門牌
新竹市北區東大路二段235號,24.827897,120.951606,路名
新竹市北區東大路二段237號,24.827897,120.951606,路名
新竹市北區武陵路250巷78號5樓,24.820848,120.971475,門牌
新竹市北區武陵路271巷172號5樓,24.824536,120.967684,門牌
新竹市北區武陵里武陵西二路25號1樓,24.819118,120.964309,門牌
新竹市北區民富里3鄰西大路736巷12弄1號,24.810481,120.959609,門牌
新竹市北區水田里中正路158號12樓之2,24.809628,120.966462,門牌
新竹市北區水田里中正路198巷25號二樓,24.811281,120.965702,門牌
新竹市北區水田里東大路二段65巷48號1樓,24.827897,120.951606,路名
新竹市北區水田里經國路二段56號10樓之1,24.810446,120.969063,路名
新竹市北區海濱里東濱街21之5號一樓,24.832950,120.928178,門牌
新竹市北區海濱里西濱路一段187號5樓之2,24.827862,120.926732,路名
新竹市北區海濱里西濱路一段338-7號1樓,24.827862,120.926732,路名
新竹市北區海濱里西濱路一段338之7號一樓,24.827862,120.926732,路名
新竹市北區港北里西濱路一段136-3號1樓,24.827862,120.926732,路名
新竹市北區港北里西濱路一段140之3號一樓,24.827862,120.926732,路名
新竹市北區湳中街37號2樓之3,24.820098,120.966222,門牌
新竹市北區湳中里1鄰湳中街35-1號6樓,24.821084,120.965486,路名
新竹市北區湳中里6鄰湳中街54巷16號1樓,24.821547,120.965767,門牌
新竹市北區湳中里武陵路175巷11號四樓之4,24.822334,120.967035,門牌
新竹市北區湳中里湳中街103-1號,24.821084,120.965486,路名
新竹市北區湳中里湳中街68巷20號1樓,24.821893,120.965358,門牌
新竹市北區湳雅街296巷3號1樓,24.821812,120.974616,路名
新竹市北區湳雅里武陵路250巷40號6樓之2,24.821385,120.970845,門牌
新竹市北區磐石里竹光路141巷6號3樓,24.812218,120.958794,門牌
新竹市北區磐石里西大路772號2樓,24.810369,120.958531,門牌
新竹市北區福林里境福街110號,24.818455,120.960783,門牌
新竹市北區經國路二段438巷13號13樓之2,24.810446,120.969063,路名
新竹市北區經國路二段438巷13號十三樓之2,24.810446,120.969063,路名
新竹市北區經國路二段62號11樓,24.810446,120.969063,路名
新竹市北區育英里四維路130號9樓之8,24.800721,120.961153,門牌
新竹市北區舊社里光華二街80巷10號一樓,24.819601,120.977376,門牌
新竹市北區舊社里湳雅街215號一樓,24.821077,120.974375,門牌
新竹市北區西門里中山路142號一~二樓,24.804095,120.964525,門牌
新竹市北區金竹里武陵路276巷8號3樓,24.822791,120.971114,門牌
新竹市北區金華里田美三街48巷9號12樓之1,24.816487,120.977412,門牌
新竹市北區金農路106號,24.823524,120.964449,路名
新竹市東區三民里東大路1段118號8樓,24.806129,120.973875,門牌
新竹市東區三民里民族路79號(3樓),24.807224,120.975860,門牌
新竹市東區三民里民權路38號8樓之4,24.806402,120.976507,門牌
新竹市東區世界街60巷10號1樓,24.810392,120.970788,門牌
新竹市東區中華路一段259號,24.777064,120.939243,路名
新竹市東區中華路二段39號,24.777064,120.939243,路名
新竹市東區仙水里光復路一段485巷6弄2號,24.786697,121.012352,路名
新竹市東區光復路2段295號19樓之5,24.799860,120.989425,門牌
新竹市東區光復路二段285號3樓之1,24.786697,121.012352,路名
新竹市東區光復路二段2巷45號1樓,24.786697,121.012352,路名
新竹市東區光復路二段882號3樓之2,24.786697,121.012352,路名
新竹市東區光明里大學路82號二樓之3,24.789859,120.999934,門牌
新竹市東區公園里南大路52號,24.802575,120.977461,門牌
新竹市東區公道五路二段180號4樓,24.807199,120.994788,路名
新竹市東區公道五路二段417號10樓之1,24.807199,120.994788,路名
新竹市東區公道五路二段419號10樓,24.807199,120.994788,路名
新竹市東區前溪里中華路一段78巷18弄15號1樓,24.777064,120.939243,路名
新竹市東區前溪里公道五路三段638-1號1樓,24.807199,120.994788,路名
新竹市東區前溪里溪埔路58號,24.818769,120.992269,門牌
新竹市東區前溪里經國路一段173號1樓,24.810446,120.969063,路名
新竹市東區前溪里經國路一段17號2樓,24.810446,120.969063,路名
新竹市東區北大路68號4樓,24.812365,120.971926,門牌
新竹市東區北大路88號3樓,24.809934,120.968077,路名
新竹市東區千甲里千甲路387巷21-2號1樓,24.806754,121.007525,路名
新竹市東區千甲里水利路21號2樓,24.802296,121.005018,門牌
新竹市東區千甲里水利路46巷65號1樓,24.801794,121.012216,門牌
新竹市東區千甲里水利路46巷67之2號,24.801212,121.012634,門牌
新竹市東區南大里西大路126號一樓,24.796673,120.970269,門牌
新竹市東區南大里食品路267巷1號,24.795193,120.973834,門牌
新竹市東區南門里勝利路126號二樓,24.800721,120.968196,門牌
新竹市東區埔頂里公道五路二段81號,24.807199,120.994788,路名
新竹市東區學府路107號2樓,24.795006,120.978988,門牌
新竹市東區學府路61巷2弄13號,24.795050,120.977406,門牌
新竹市東區復中里民生路119號,24.810096,120.976829,門牌
新竹市東區復中里民生路192巷三樓之2,24.811108,120.976426,路名
新竹市東區復興里民主路253號7樓,24.814038,120.976830,門牌
新竹市東區復興里經國路一段315巷8弄16號,24.810446,120.969063,路名
新竹市東區復興里經國路一段411號,24.810446,120.969063,路名
新竹市東區慈雲路118號19樓之8,24.791998,121.012139,路名
新竹市東區成功里林森路32號1樓,24.801825,120.968731,門牌
新竹市東區成功里林森路49號6樓,24.801500,120.968380,門牌
新竹市東區振興里振興路99巷4號5樓,24.794946,120.960514,門牌
新竹市東區文華里田美一街45號1樓,24.814755,120.974540,門牌
新竹市東區文華里田美三街31號4樓,24.815674,120.976332,門牌
新竹市東區新光里明湖路186號,24.791627,120.968361,門牌
新竹市東區新光里明湖路202號1樓,24.778359,120.968814,路名
新竹市東區新光里高峰路2巷89號一樓,24.791905,120.970741,門牌
新竹市東區新莊里新莊街53巷10號一樓,24.785640,121.015606,門牌
新竹市東區明湖路482巷103號,24.783330,120.962793,門牌
新竹市東區明湖路482巷103號3樓,24.783330,120.962793,門牌
新竹市東區明湖路482巷30號,24.781662,120.965161,門牌
新竹市東區明湖里明湖路1229巷1號一樓,24.768854,120.979160,門牌
新竹市東區東光路192號9樓之1,24.806445,120.986329,門牌
新竹市東區東光路55號8樓之2,24.803637,120.986985,路名
新竹市東區東勢里7鄰東光路186號,24.806149,120.986425,門牌
新竹市東區東勢里東光路71號1樓,24.803254,120.986750,門牌
新竹市東區東園里中華路一段289號15樓之5,24.777064,120.939243,路名
新竹市東區東園里中華路一段324號8樓,24.777064,120.939243,路名
新竹市東區東園里八德路19巷39號一樓,24.805653,120.982964,路名
新竹市東區東園里公園路193巷5號,24.804188,120.982058,門牌
新竹市東區東園里公園路260號1樓,24.803731,120.980240,門牌
新竹市東區東園里忠孝路440號九樓之2,24.802666,120.983139,門牌
新竹市東區東園里自由路38巷18號一樓,24.811822,120.982680,門牌
新竹市東區林森路200巷16號,24.799192,120.963399,門牌
新竹市東區柴橋里明湖路650巷30號地下一樓,24.773139,120.964170,門牌
新竹市東區民族路69號,24.806825,120.975239,門牌
新竹市東區水利路81號7樓之16,24.804421,121.006347,門牌
新竹市東區水源里中華路1段1巷26之1號,24.817813,120.998515,門牌
新竹市東區水源里原興路190號1樓,24.811325,121.002271,門牌
新竹市東區水源里原興路190號一樓,24.811325,121.002271,門牌
新竹市東區水源里太原路122號,24.809973,120.998694,門牌
新竹市東區水源里太原路181-1號,24.811239,120.996887,路名
新竹市東區湖濱里明湖路420巷23號一樓,24.784486,120.965990,門牌
新竹市東區湖濱里明湖路482巷32、34號2樓,24.778359,120.968814,路名
新竹市東區福德里中華路二段708巷23號1樓,24.777064,120.939243,路名
新竹市東區科園里科學園路162巷25號1樓,24.782375,121.010795,門牌
新竹市東區綠水里光復路二段295號12樓之4,24.786697,121.012352,路名
新竹市東區綠水里園後街3巷19弄15號1樓,24.799355,120.985901,門牌
新竹市東區綠水里食品路27號2樓之12,24.801009,120.983549,門牌
新竹市東區育賢里民族路33之29號,24.805111,120.971798,門牌
新竹市東區自由路111號7樓之2,24.814218,120.979718,門牌
新竹市東區自由路69號9樓之1,24.812992,120.980658,門牌
新竹市東區親仁里文化街10號,24.806139,120.971413,門牌
新竹市東區豐功里新源街62巷27號六樓,24.800315,120.993088,門牌
新竹市東區豐功里東美路117號1樓,24.801749,121.003103,門牌
新竹市東區金山里金山十街28號1樓,24.778020,121.021413,門牌
新竹市東區金山里金山街63號,24.777869,121.022116,門牌
新竹市東區頂竹里東南街105號9樓之4,24.798293,120.973991,門牌
新竹市東區高峰里高峰路386巷142號1樓,24.777799,120.978210,門牌
新竹市東區高峰里高峰路386巷90號,24.778406,120.979204,門牌
新竹市東區高峰里高峰路499號,24.777462,120.983193,門牌
新竹市東區高峰里高峰路499號1樓,24.777462,120.983193,門牌
新竹市東區龍山里立鵬路108號23樓,24.790450,121.010777,門牌
新竹市香山區中華路五段664巷17弄5號2樓,24.777064,120.939243,路名
新竹市香山區中華路六段61巷7號,24.777064,120.939243,路名
新竹市香山區中華路六段647巷85弄20號,24.777064,120.939243,路名
新竹市香山區中華路六段78之11號,24.777064,120.939243,路名
新竹市香山區中華路六段89號,24.777064,120.939243,路名
新竹市香山區中隘里中華路6段647巷110號1樓,24.727822,120.924671,門牌
新竹市香山區中隘里中華路六段647巷31弄22號一樓,24.777064,120.939243,路名
新竹市香山區中隘里中華路六段647巷85弄20號,24.777064,120.939243,路名
新竹市香山區五福路二段5號1樓,24.746338,120.923737,路名
新竹市香山區五福路二段616巷12號3樓,24.746338,120.923737,路名
新竹市香山區內湖里中華路6段228號,24.743635,120.907347,門牌
新竹市香山區內湖里中華路6段459巷12弄6號,24.734610,120.915154,門牌
新竹市香山區內湖里中華路六段359巷2弄11號,24.777064,120.939243,路名
新竹市香山區內湖里五福路一段11巷23號1樓,24.746338,120.923737,路名
新竹市香山區內湖里五福路一段11巷8弄28號1樓,24.746338,120.923737,路名
新竹市香山區內湖里五福路一段19巷26弄5號一樓,24.746338,120.923737,路名
新竹市香山區內湖里五福路一段41-1號2樓之1,24.746338,120.923737,路名
新竹市香山區內湖里五福路一段6號,24.746338,120.923737,路名
新竹市香山區南港里南港街52巷9-1號,24.739559,120.896384,路名
新竹市香山區南港里南港街68、68-1號,24.739559,120.896384,路名
新竹市香山區南港里西濱路六段599號,24.827862,120.926732,路名
新竹市香山區南隘里南湖路3號,24.713428,120.934186,門牌
新竹市香山區埔前路289號2樓,24.794413,120.934521,門牌
新竹市香山區埔前里中華路四段428之2號,24.777064,120.939243,路名
新竹市香山區埔前里中華路四段436號,24.777064,120.939243,路名
新竹市香山區埔前里埔前路17號,24.796068,120.939380,門牌
新竹市香山區埔前里埔前路275號,24.794561,120.934999,門牌
新竹市香山區埔前里埔前路29號,24.795878,120.938833,門牌
新竹市香山區埔前里牛埔北路102號1樓,24.799533,120.941492,門牌
新竹市香山區埔前里牛埔南路126號一樓,24.794650,120.935950,路名
新竹市香山區埔前里牛埔南路224巷24號,24.797149,120.935627,門牌
新竹市香山區大庄里大庄路228巷39-4號1樓,24.791598,120.925312,路名
新竹市香山區大湖里五福路一段200巷401弄99號,24.746338,120.923737,路名
新竹市香山區延平路二段817號,24.812567,120.940625,路名
新竹市香山區景觀大道252之18號,24.784667,120.952875,路名
新竹市香山區景觀大道252號8樓之2,24.784667,120.952875,路名
新竹市香山區朝山里中華路5段452號1樓,24.776131,120.917994,門牌
新竹市香山區朝山里中華路五段349號,24.777064,120.939243,路名
新竹市香山區朝山里中華路五段420巷215號,24.777064,120.939243,路名
新竹市香山區朝山里中華路五段420巷215號一樓,24.777064,120.939243,路名
新竹市香山區朝山里中華路五段452號三樓,24.777064,120.939243,路名
新竹市香山區朝山里中華路五段648巷84弄38號1樓,24.777064,120.939243,路名
新竹市香山區東香里新香街188巷51弄36號1樓,24.777742,120.956380,門牌
新竹市香山區東香里美之城55號,24.768520,120.959380,路名
新竹市香山區東香里美之城86巷6號一樓,24.769159,120.958030,門牌
新竹市香山區樹下里10鄰樹下街236巷29弄8號,24.804149,120.933594,門牌
新竹市香山區海山里大湖路71巷3弄100號1樓,24.762102,120.919823,門牌
新竹市香山區海山里大湖路71巷7號,24.760871,120.919561,門牌
新竹市香山區浸水里浸水街320號,24.799087,120.929160,門牌
新竹市香山區港南里海埔三街75巷28號一樓,24.817011,120.926664,門牌
新竹市香山區港南里海埔路151巷67號,24.817114,120.923234,路名
新竹市香山區港南里海埔路151巷79號1樓,24.815728,120.923606,門牌
新竹市香山區港南里海埔路171巷132之3號2樓,24.815737,120.922465,門牌
新竹市香山區港南里海埔路175巷327號,24.810601,120.918971,門牌
新竹市香山區港南里海埔路175巷52號,24.818299,120.921064,門牌
新竹市香山區港南里海埔路181巷127號一樓,24.817442,120.918240,門牌
新竹市香山區港南里西濱路二段740號2樓,24.827862,120.926732,路名
新竹市香山區牛埔南路221號,24.790863,120.931318,門牌
新竹市香山區牛埔南路224巷1弄2號1樓,24.796799,120.935762,門牌
新竹市香山區牛埔南路496巷15號,24.794650,120.935950,路名
新竹市香山區牛埔東路568巷13弄3號,24.793244,120.933276,門牌
新竹市香山區牛埔路294號,24.800034,120.946484,門牌
新竹市香山區牛埔里中華路4段671號,24.788909,120.930689,門牌
新竹市香山區牛埔里中華路四段482巷10號一樓,24.777064,120.939243,路名
新竹市香山區牛埔里中華路四段500之1號,24.777064,120.939243,路名
新竹市香山區牛埔里中華路四段518-1號6樓,24.777064,120.939243,路名
新竹市香山區牛埔里中華路四段518號一樓,24.777064,120.939243,路名
新竹市香山區牛埔里牛埔南路48巷60號一樓,24.795194,120.943497,門牌
新竹市香山區牛埔里牛埔路379號2樓,24.797636,120.943366,門牌
新竹市香山區牛埔里育德街159號1樓,24.793854,120.942317,門牌
新竹市香山區美山里中華路五段323巷117-1號,24.777064,120.939243,路名
新竹市香山區美山里中華路五段336號,24.777064,120.939243,路名
新竹市香山區虎山里延平路二段347巷43號,24.812567,120.940625,路名
新竹市香山區頂埔里牛埔路92巷20號,24.799680,120.954245,門牌
新竹市香山區頂埔里經國路三段26號3樓,24.810446,120.969063,路名
新竹市香山區香山里中華路5段60號,24.777064,120.939243,路名
新竹市香山區香山里中華路五段167號,24.777064,120.939243,路名
新竹市香山區香山里大庄路98號5樓,24.791024,120.926442,門牌
新竹市香山區香山里香北一路15之3號3樓,24.790063,120.924137,門牌
新竹市香山區香山里香北路162號二樓,24.790859,120.925914,門牌
新竹市香山區香檳五街57號,24.778951,120.950063,門牌
新竹市香山區鹽水里中華路六段38-1號一樓,24.777064,120.939243,路名
新竹市香山區鹽水里中華路六段81巷15號,24.777064,120.939243,路名
新竹科學園區新竹市東區力行五路5號1樓,24.764564,121.019347,門牌
新竹科學園區新竹市東區力行四路3號,24.762704,121.022706,門牌
新竹科學園區新竹市東區力行路11號6樓,24.768707,121.028131,門牌
新竹科學園區新竹縣寶山鄉創新一路13號2樓,24.775037,120.998832,路名
新竹科學園區新竹縣寶山鄉創新一路18號1樓,24.777531,120.996177,門牌
新竹科學園區新竹縣寶山鄉創新一路5-1號4樓,24.775037,120.998832,路名
新竹科學園區新竹縣寶山鄉園區二路20號,24.777783,120.999985,門牌
新竹科學園區新竹縣寶山鄉工業東九路16號,24.772909,121.007023,門牌
新竹科學園區新竹縣寶山鄉工業東九路17號,24.773533,121.006487,路名
新竹科學園區新竹縣寶山鄉研發二路2號,24.775322,121.000371,門牌
新竹科學園區新竹縣竹北市生醫路二段150號4樓之1,24.805955,121.048115,路名
新竹科學園區桃園市龍潭區龍園一路100號,24.885179,121.187255,門牌
新竹科學園區苗栗縣竹南鎮科中路15號,24.710345,120.913922,門牌
新竹科學園區苗栗縣竹南鎮科北二路3號,24.708636,120.916212,門牌
新竹科學園區苗栗縣竹南鎮科學路160號,24.714627,120.917217,門牌
新竹科學園區苗栗縣竹南鎮科東一路2號,24.713043,120.916124,門牌
新竹科學園區苗栗縣竹南鎮科東三路1號,24.708354,120.918622,門牌
新竹科學園區苗栗縣竹南鎮科東三路22號4樓,24.708762,120.919795,門牌
新竹科學園區苗栗縣竹南鎮科東三路22號5樓,24.708762,120.919795,門牌
新竹科學園區苗栗縣竹南鎮科東三路2、6號4樓,24.707879,120.919862,路名
新竹科學園區苗栗縣竹南鎮科研路48號,24.706996,120.922336,門牌
新竹科學園區苗栗縣竹南鎮科研路50-6號3樓,24.706073,120.917340,路名
新竹科學園區苗栗縣竹南鎮科研路50-8號4樓,24.706073,120.917340,路名
新竹科學園區苗栗縣銅鑼鄉九湖村銅科二路8號,24.466048,120.763350,路名
新竹縣五峰鄉大隘村21鄰茅圃402號,24.616522,121.102625,門牌
新竹縣北埔鄉北埔村7鄰中山路51號,24.701612,121.055735,門牌
新竹縣北埔鄉北埔村中豐路30號1樓,24.702109,121.057104,門牌
新竹縣北埔鄉南興村廟前街9號1樓,24.698977,121.057885,門牌
新竹縣北埔鄉大林村小分林13號,24.697575,121.052486,門牌
新竹縣北埔鄉大林村小分林13號1樓,24.697575,121.052486,門牌
新竹縣寶山鄉園區二路420號,24.764026,121.016756,路名
新竹縣寶山鄉大崎村11鄰三峰路二段468號2樓,24.748484,120.995708,路名
新竹縣寶山鄉大崎村大雅二街21號1樓,24.756284,121.007170,門牌
新竹縣寶山鄉大崎村大雅路二段106號1樓,24.758130,121.005794,路名
新竹縣寶山鄉大崎村大雅路二段168號,24.758130,121.005794,路名
新竹縣寶山鄉大雅路二段126號,24.758130,121.005794,路名
新竹縣寶山鄉寶山六街19號,24.752873,121.016968,門牌
新竹縣寶山鄉寶山六街19號1樓,24.752873,121.016968,門牌
新竹縣寶山鄉新城村寶新路二段465號,24.747138,120.974308,路名
新竹縣寶山鄉深井村新林路93巷30號1樓,24.738994,120.961882,門牌
新竹縣寶山鄉雙新村寶新路1段90號1樓,24.763063,120.986325,門牌
新竹縣寶山鄉雙溪村10鄰館前路49號2樓,24.765533,120.993175,門牌
新竹縣寶山鄉雙溪村5鄰湳坑路二段125號,24.758617,120.990832,路名
新竹縣寶山鄉雙溪村三峰路二段385號1樓,24.748484,120.995708,路名
新竹縣寶山鄉雙溪村湳坑路2段103號1樓,24.763748,120.989899,門牌
新竹縣寶山鄉雙溪村雙園路二段348號7樓之2,24.767080,120.994844,路名
新竹縣峨眉鄉富興村忠義街2―1號,24.688537,120.988338,路名
新竹縣峨眉鄉峨眉村中山街16號,24.689598,121.019942,門牌
新竹縣新埔鎮上寮里義民路二段198號,24.838968,121.047369,路名
新竹縣新埔鎮上寮里義民路二段491巷23弄17號,24.838968,121.047369,路名
新竹縣新埔鎮上樟路一段250號,24.833834,121.083052,路名
新竹縣新埔鎮下寮里義民路3段601巷20弄1號,24.845701,121.029027,門牌
新竹縣新埔鎮五埔里寶鎮1號1樓,24.825249,121.090837,門牌
新竹縣新埔鎮內立里大魯閣路17號,24.812172,121.087317,門牌
新竹縣新埔鎮內立里進高路13號,24.814484,121.086667,門牌
新竹縣新埔鎮南平里11鄰南平路277巷151號1樓,24.846299,121.062704,門牌
新竹縣新埔鎮南平里義民路二段10號,24.838968,121.047369,路名
新竹縣新埔鎮四座里文化街131號1樓,24.826797,121.079884,門牌
新竹縣新埔鎮四座里楊新路一段175巷59號,24.831104,121.086008,路名
新竹縣新埔鎮巨埔里3鄰新龍路98巷33弄10號,24.836916,121.102476,門牌
新竹縣新埔鎮文德路三段127號,24.807322,121.079242,路名
新竹縣新埔鎮新埔里中正路418號,24.827916,121.077983,門牌
新竹縣新埔鎮清水里10鄰汶水坑72號,24.877412,121.133560,門牌
新竹縣新埔鎮田新路342號,24.824880,121.079154,門牌
新竹縣新埔鎮田新里田新路516號2樓,24.825321,121.076196,路名
新竹縣新埔鎮田新里福德街95號二樓,24.835122,121.010194,門牌
新竹縣新埔鎮義民路一段520號,24.838968,121.047369,路名
新竹縣新埔鎮義民路三段622巷9弄1號,24.838968,121.047369,路名
新竹縣新埔鎮義民路二段153巷162弄52號,24.838968,121.047369,路名
新竹縣新豐鄉上坑村坑子口104號,24.882496,120.976497,門牌
新竹縣新豐鄉上坑村坑子口439號,24.889257,120.975262,門牌
新竹縣新豐鄉上坑村坑子口454號,24.888952,120.981543,門牌
新竹縣新豐鄉上坑村坑子口508之7號,24.918176,120.986861,門牌
新竹縣新豐鄉上坑村坑子口508之7號1樓,24.918176,120.986861,門牌
新竹縣新豐鄉中崙村10鄰中崙327-8號,24.895818,121.005857,路名
新竹縣新豐鄉中崙村8鄰中崙285之16號,24.888450,121.010745,門牌
新竹縣新豐鄉中崙村9鄰中崙289-5號,24.895818,121.005857,路名
新竹縣新豐鄉中崙村中崙261-26號,24.895818,121.005857,路名
新竹縣新豐鄉中崙村中崙309號之4,24.895818,121.005857,路名
新竹縣新豐鄉中崙村中崙327之26號2樓,24.895364,120.999566,門牌
新竹縣新豐鄉中崙村新興路899號,24.885375,121.012275,門牌
新竹縣新豐鄉中興路134巷8號1樓,24.876120,120.998134,門牌
新竹縣新豐鄉員山村18鄰員山131之70號,24.884531,121.002576,路名
新竹縣新豐鄉員山村1鄰員山5號,24.884531,121.002576,路名
新竹縣新豐鄉員山村2鄰員山41-1號,24.884531,121.002576,路名
新竹縣新豐鄉員山村員山132-73號,24.884531,121.002576,路名
新竹縣新豐鄉員山村忠信街428巷1號,24.882520,120.995309,門牌
新竹縣新豐鄉坑子口438號,24.888852,120.977602,門牌
新竹縣新豐鄉坡頭村坡子頭66-1號1樓,24.926758,120.981449,路名
新竹縣新豐鄉坡頭村坡子頭71之5號1F,24.925026,120.983470,門牌
新竹縣新豐鄉埔和村11鄰埔頂304號,24.925521,120.990262,門牌
新竹縣新豐鄉埔和村埔頂179號,24.929563,120.998691,門牌
新竹縣新豐鄉埔和村埔頂423之6號1樓,24.923724,120.990901,路名
新竹縣新豐鄉埔和村埔頂43號1樓,24.918347,120.985666,門牌
新竹縣新豐鄉埔和村埔頂88之10號1樓,24.917559,120.990554,門牌
新竹縣新豐鄉山崎村信義街18巷52號1樓,24.875231,120.997577,門牌
新竹縣新豐鄉山崎村建興路一段155巷22弄5號1樓,24.883462,120.991260,路名
新竹縣新豐鄉山崎村文昌街127號1樓,24.774471,121.079837,門牌
新竹縣新豐鄉山崎村新興路259號一樓,24.870551,120.997051,門牌
新竹縣新豐鄉山崎村鳳蓮街10號,24.870078,120.995773,門牌
新竹縣新豐鄉崎頂村建興路二段421巷23號,24.883462,120.991260,路名
新竹縣新豐鄉崎頂村榮華街137號,24.884205,120.990079,門牌
新竹縣新豐鄉康樂路一段169號,24.869994,120.987253,路名
新竹縣新豐鄉建興路2段372號,24.883462,120.991260,路名
新竹縣新豐鄉建興路二段452巷10號,24.883462,120.991260,路名
新竹縣新豐鄉建興路二段499號3樓,24.883462,120.991260,路名
新竹縣新豐鄉後湖村後湖子116號,24.933123,121.007858,門牌
新竹縣新豐鄉後湖村後湖子118之6號,24.932827,121.006044,門牌
新竹縣新豐鄉後湖村後湖子16-1號,24.934703,121.012922,路名
新竹縣新豐鄉後湖村後湖子25號,24.934267,121.002392,門牌
新竹縣新豐鄉後湖村後湖子45之5號,24.940819,121.007717,門牌
新竹縣新豐鄉忠孝村5鄰忠三街133巷1號1樓,24.878383,120.999512,門牌
新竹縣新豐鄉新和路90號,24.914124,120.982104,門牌
新竹縣新豐鄉新豐村16鄰新和路13-6號,24.890831,120.990308,路名
新竹縣新豐鄉新豐村2鄰新和路108號,24.915637,120.982904,門牌
新竹縣新豐鄉新豐村新和路104號,24.914861,120.982511,門牌
新竹縣新豐鄉新豐村紅毛23-21號,24.916190,120.978540,路名
新竹縣新豐鄉新豐村紅毛23-9號,24.916190,120.978540,路名
新竹縣新豐鄉新豐村紅毛284號,24.915736,120.973602,門牌
新竹縣新豐鄉松林村康樂路1段140巷5弄9號1樓,24.867885,120.989590,門牌
新竹縣新豐鄉松林村康樂路一段169-6號,24.869994,120.987253,路名
新竹縣新豐鄉松林村新興路178號,24.868559,120.995192,門牌
新竹縣新豐鄉松柏村1鄰茄苳路166之1號,24.881979,120.987422,門牌
新竹縣新豐鄉松柏村6鄰康和路199號,24.869872,120.979052,門牌
新竹縣新豐鄉松柏村7鄰康樂路一段325巷42弄2-1號,24.869994,120.987253,路名
新竹縣新豐鄉松柏村保康街20號,24.870687,120.989977,門牌
新竹縣新豐鄉松柏村康樂路一段450號,24.869994,120.987253,路名
新竹縣新豐鄉松柏村康樂路一段566巷15號1樓,24.869994,120.987253,路名
新竹縣新豐鄉松柏村德昌街228號,24.867353,120.983093,門牌
新竹縣新豐鄉松柏村明新街200-1號2樓,24.870487,120.995932,路名
新竹縣新豐鄉瑞興村崁頭7-3號,24.907245,121.011882,路名
新竹縣新豐鄉福興村6鄰圓山子105號1樓,24.930699,121.036136,門牌
新竹縣新豐鄉福興村圓山子36之17號1樓,24.941529,121.037569,門牌
新竹縣新豐鄉紅毛23之13號,24.917718,120.986053,門牌
新竹縣新豐鄉重興村建興路2段372號,24.883462,120.991260,路名
新竹縣新豐鄉青埔村4鄰青埔子57之1號,24.916539,121.003389,門牌
新竹縣新豐鄉鳳坑村坑子口614-1號,24.894280,120.977672,路名
新竹縣新豐鄉鳳坑村坑子口669-1號,24.894280,120.977672,路名
新竹縣新豐鄉鳳坑村坑子口669號,24.896853,120.972969,門牌
新竹縣新豐鄉鳳坑村坑子口698號1樓,24.895885,120.970674,門牌
新竹縣橫山鄉內灣村中正路115號1樓,24.705396,121.181851,門牌
新竹縣橫山鄉內灣村大同路99號,24.705916,121.180002,門牌
新竹縣橫山鄉力行村9鄰中山街1段203號,24.713494,121.167279,門牌
新竹縣橫山鄉大肚村中豐路2段140巷2號1樓,24.724519,121.132670,門牌
新竹縣橫山鄉大肚村中豐路二段110號,24.737206,121.116941,路名
新竹縣橫山鄉新興村中豐路二段460號,24.737206,121.116941,路名
新竹縣橫山鄉新興村新興街18號,24.716414,121.143277,門牌
新竹縣橫山鄉橫山村中華街280號,24.715905,121.112961,門牌
新竹縣橫山鄉沙坑村10鄰沙坑102號,24.735927,121.166330,門牌
新竹縣橫山鄉治安街91號,24.713097,121.116753,門牌
新竹縣橫山鄉豐鄉村大山背12號,24.694061,121.143826,門牌
新竹縣湖口鄉中勢村13鄰貴州街50巷20號,24.903548,121.050520,門牌
新竹縣湖口鄉中勢村中平路一段5號,24.897199,121.062690,路名
新竹縣湖口鄉中勢村信昌一街80號1樓,24.901097,121.056781,路名
新竹縣湖口鄉中平路二段496號1樓,24.897199,121.062690,路名
新竹縣湖口鄉中正村中正六街199號,24.894417,121.043935,門牌
新竹縣湖口鄉中正村中正路2段190號,24.891700,121.050425,門牌
新竹縣湖口鄉中正村達生五路97號,24.893963,121.046316,門牌
新竹縣湖口鄉中正路二段165號,24.827015,121.082106,門牌
新竹縣湖口鄉中正路二段187巷1號,24.817960,121.084537,路名
新竹縣湖口鄉中興村26鄰光復路20之1號,24.870560,121.023288,門牌
新竹縣湖口鄉中興村光復北路30號,24.874013,121.027255,門牌
新竹縣湖口鄉中興村光復北路31號,24.874774,121.033183,門牌
新竹縣湖口鄉中興村光復北路34號,24.873738,121.026011,門牌
新竹縣湖口鄉中興村光復北路36號（新竹擴大工業區）,24.873392,121.025628,門牌
新竹縣湖口鄉中興村光復北路42號,24.872991,121.024144,門牌
新竹縣湖口鄉中興村光復路10號,24.872597,121.029468,門牌
新竹縣湖口鄉中興村安宅一街90號九樓,24.869897,121.031355,路名
新竹縣湖口鄉中興村工業一路5號,24.871160,121.026585,門牌
新竹縣湖口鄉中興村松江一街110號,24.869832,121.030648,門牌
新竹縣湖口鄉中興村蘭州街160號,24.869077,121.028578,門牌
新竹縣湖口鄉中華路120號,24.875361,121.011754,門牌
新竹縣湖口鄉仁政路18號,24.868697,121.008685,門牌
新竹縣湖口鄉信勢村8鄰龍安街111號1樓,24.901055,121.041361,門牌
新竹縣湖口鄉信勢村成功路614巷66號,24.896876,121.030997,門牌
新竹縣湖口鄉信勢村成功路67號,24.906007,121.044131,門牌
新竹縣湖口鄉信勢村明德街155號1樓,24.904234,121.039914,門牌
新竹縣湖口鄉信勢村明德街179號1樓,24.903916,121.039508,門牌
新竹縣湖口鄉信義村中山路1段220巷39號,24.886458,121.041063,門牌
新竹縣湖口鄉信義村中山路一段509號1樓,24.855114,121.043700,路名
新竹縣湖口鄉信義村信興路428巷11號,24.888189,121.025977,門牌
新竹縣湖口鄉信義村成功路335巷29弄8號1樓,24.898582,121.040395,門牌
新竹縣湖口鄉信義村成功路561號,24.897479,121.035021,路名
新竹縣湖口鄉信義村成功路916號,24.897479,121.035021,路名
新竹縣湖口鄉信義村成功路918巷8號,24.897479,121.035021,路名
新竹縣湖口鄉光復北路119號,24.860111,121.014804,門牌
新竹縣湖口鄉光復北路18號,24.875265,121.032803,門牌
新竹縣湖口鄉光復北路3號,24.875552,121.039092,門牌
新竹縣湖口鄉光復北路42號,24.872991,121.024144,門牌
新竹縣湖口鄉光復北路45號,24.873847,121.029513,門牌
新竹縣湖口鄉光復北路69號,24.871644,121.026837,路名
新竹縣湖口鄉光復北路77號,24.870872,121.021144,門牌
新竹縣湖口鄉光復南路33號,24.861164,121.020946,門牌
新竹縣湖口鄉光復南路55號,24.857994,121.018420,門牌
新竹縣湖口鄉光復路1號,24.705756,121.181589,門牌
新竹縣湖口鄉光復路59號,24.865190,121.020881,門牌
新竹縣湖口鄉光復路62號,24.706539,121.181420,門牌
新竹縣湖口鄉光華路9巷23號1樓,24.879229,121.010031,門牌
新竹縣湖口鄉八德路一段234號,24.882184,121.060954,路名
新竹縣湖口鄉勝利村光復南路36號,24.860927,121.019872,門牌
新竹縣湖口鄉勝利村光復南路4號,24.865629,121.022871,門牌
新竹縣湖口鄉勝利村光復路28號,24.706139,121.181539,門牌
新竹縣湖口鄉勝利村四維路3號,24.864740,121.023897,門牌
新竹縣湖口鄉勝利村實踐路3號,24.869754,121.018489,門牌
新竹縣湖口鄉勝利村工業三路3號,24.867421,121.017312,門牌
新竹縣湖口鄉和興村德興北路290巷52號,24.934460,121.044815,門牌
新竹縣湖口鄉和興村德興路231號,24.916994,121.041880,路名
新竹縣湖口鄉四維路14號,24.863277,121.022846,門牌
新竹縣湖口鄉四維路18號,24.863446,121.023128,路名
新竹縣湖口鄉大同路4號,24.867775,120.996732,門牌
新竹縣湖口鄉安宅五街103號1樓,24.868238,121.029110,門牌
新竹縣湖口鄉實踐路10之1號,24.867999,121.016893,門牌
新竹縣湖口鄉實踐路14號,24.866474,121.015958,路名
新竹縣湖口鄉實踐路18號,24.865680,121.015542,門牌
新竹縣湖口鄉實踐路19號,24.866468,121.016217,門牌
新竹縣湖口鄉實踐路21號,24.865338,121.015572,門牌
新竹縣湖口鄉工業一路3號,24.872030,121.026477,門牌
新竹縣湖口鄉工業一路6號,24.870988,121.025555,門牌
新竹縣湖口鄉工業五路7號,24.857976,121.016053,門牌
新竹縣湖口鄉復興路6號,24.866224,121.009839,門牌
新竹縣湖口鄉復興路8號,24.866759,121.009166,門牌
新竹縣湖口鄉德盛村17鄰德興路127巷31號,24.908945,121.043526,門牌
新竹縣湖口鄉愛勢村和平巷1號,24.904674,121.046059,門牌
新竹縣湖口鄉愛勢村民生街415號,24.905720,121.056983,門牌
新竹縣湖口鄉愛勢村貴州街112號1樓,24.904589,121.051784,門牌
新竹縣湖口鄉成功路335巷29弄18號,24.898280,121.040548,門牌
新竹縣湖口鄉文化路11號,24.868285,121.013135,門牌
新竹縣湖口鄉文化路2-1號,24.869283,121.014786,路名
新竹縣湖口鄉文化路21號,24.868364,121.013564,門牌
新竹縣湖口鄉文化路23號,24.868529,121.013666,門牌
新竹縣湖口鄉文化路32號,24.869663,121.014675,門牌
新竹縣湖口鄉新興路458號,24.881042,121.008725,門牌
新竹縣湖口鄉東興村8鄰德和路60巷9弄1號1樓,24.917527,121.048912,門牌
新竹縣湖口鄉東興村中山路三段421號1樓,24.837791,121.015558,門牌
新竹縣湖口鄉東興村中山路三段482號1樓,24.838559,121.010773,門牌
新竹縣湖口鄉東興村山葉路81號,24.919997,121.053566,門牌
新竹縣湖口鄉東興村德和路76巷9弄13號2樓,24.918928,121.047021,門牌
新竹縣湖口鄉東興村德興路262之2號,24.911809,121.044737,門牌
新竹縣湖口鄉東興村東成街69號1樓,24.909331,121.051195,門牌
新竹縣湖口鄉東興村長威二街35號1樓,24.912775,121.052185,門牌
新竹縣湖口鄉榮光路160號（1樓）,24.860066,121.011580,門牌
新竹縣湖口鄉波羅村千禧路2巷3號,24.883960,121.027616,門牌
新竹縣湖口鄉波羅村成功路1023號1樓,24.888460,121.019050,門牌
新竹縣湖口鄉波羅村成功路1288號,24.887152,121.016112,門牌
新竹縣湖口鄉波羅村新興路838巷23號,24.883327,121.013242,門牌
新竹縣湖口鄉波羅村新興路858-1號,24.865041,121.001259,路名
新竹縣湖口鄉湖南村乾興路121號1樓,24.881369,121.040680,門牌
新竹縣湖口鄉湖南村乾興路341號,24.878104,121.049791,門牌
新竹縣湖口鄉湖南村光復北路11號,24.874968,121.036651,門牌
新竹縣湖口鄉湖南村光復北路12-2號,24.871644,121.026837,路名
新竹縣湖口鄉湖南村光復北路2號,24.871644,121.026837,路名
新竹縣湖口鄉湖南村光復路25號,24.706387,121.181358,門牌
新竹縣湖口鄉湖南村光復路6之1號,24.872836,121.034114,門牌
新竹縣湖口鄉湖口村湖中路138號,24.889528,121.061512,路名
新竹縣湖口鄉湖口村湖中路202號,24.890464,121.059820,門牌
新竹縣湖口鄉湖口村湖中路229號一樓,24.889528,121.061512,路名
新竹縣湖口鄉湖口村祥喜路177號,24.878549,121.081598,路名
新竹縣湖口鄉湖口村祥喜路189號,24.880116,121.076935,門牌
新竹縣湖口鄉湖口村祥喜路276號,24.878431,121.080481,門牌
新竹縣湖口鄉湖口村長富路一段68巷72號,24.889659,121.065149,路名
新竹縣湖口鄉湖鏡村八德路二段3鄰78巷10號1樓,24.882184,121.060954,路名
新竹縣湖口鄉湖鏡村湖口老街119號,24.877021,121.055005,門牌
新竹縣湖口鄉達生七街33號1樓,24.891334,121.047519,路名
新竹縣湖口鄉長安村10鄰再興路350號,24.883565,121.086686,門牌
新竹縣湖口鄉長嶺村長嶺路135號,24.895236,121.072448,門牌
新竹縣湖口鄉鳳凰村中湖路421巷1號,24.877674,121.027655,門牌
新竹縣湖口鄉鳳凰村中華路122之7號4樓,24.839461,121.001278,路名
新竹縣湖口鄉鳳凰村中華路122之9號,24.877203,121.011367,門牌
新竹縣湖口鄉鳳凰村中華路124號,24.876526,121.011177,門牌
新竹縣湖口鄉鳳凰村仁興路42-1號1樓,24.873996,121.013699,路名
新竹縣湖口鄉鳳凰村仁興路42號1樓,24.874344,121.013231,門牌
新竹縣湖口鄉鳳凰村光復南路7號,24.864545,121.022350,門牌
新竹縣湖口鄉鳳凰村光復路34號,24.706251,121.181498,門牌
新竹縣湖口鄉鳳凰村光復路42號,24.706239,121.181652,門牌
新竹縣湖口鄉鳳凰村光復路57號,24.707004,121.180978,門牌
新竹縣湖口鄉鳳凰村光復路71號,24.707319,121.180870,門牌
新竹縣湖口鄉鳳凰村四維路22號,24.862699,121.022485,門牌
新竹縣湖口鄉鳳凰村大勇路3巷39之1號三樓,24.872292,121.014852,門牌
新竹縣湖口鄉鳳凰村廣興街93號1樓,24.873685,121.014304,門牌
新竹縣湖口鄉鳳凰村新興路557號,24.879400,121.006394,門牌
新竹縣湖口鄉鳳凰村興安街36號1樓,24.870836,121.016279,門牌
新竹縣湖口鄉鳳凰村興安街48號1樓,24.870687,121.016065,門牌
新竹縣湖口鄉鳳凰村興華街38號,24.869768,121.016054,路名
新竹縣湖口鄉鳳山村1鄰中華路3號,24.865696,121.004296,門牌
新竹縣湖口鄉鳳山村22鄰新興路560之2號1樓,24.877962,121.005868,門牌
新竹縣湖口鄉鳳山村三民路3號,24.790744,121.075603,門牌
新竹縣湖口鄉鳳山村中華路15-1號,24.839461,121.001278,路名
新竹縣湖口鄉鳳山村中華路15號,24.870969,121.008000,門牌
新竹縣湖口鄉鳳山村仁政路11號,24.867440,121.009610,門牌
新竹縣湖口鄉鳳山村仁義路10號,24.869207,121.009561,門牌
新竹縣湖口鄉鳳山村仁義路8號,24.868737,121.010195,門牌
新竹縣湖口鄉鳳山村光復南路39號,24.860614,121.019848,門牌
新竹縣湖口鄉鳳山村光復南路40號,24.860196,121.019190,門牌
新竹縣湖口鄉鳳山村光復南路54號,24.858301,121.018203,門牌
新竹縣湖口鄉鳳山村光復路58-1號,24.781534,121.143791,路名
新竹縣湖口鄉鳳山村光復路81號,24.858148,121.017046,門牌
新竹縣湖口鄉鳳山村勝利路二段188號1樓,24.850825,121.031399,路名
新竹縣湖口鄉鳳山村國強街33巷6號1樓,24.859083,121.007326,門牌
新竹縣湖口鄉鳳山村大同路1之1號,24.706696,121.181697,門牌
新竹縣湖口鄉鳳山村大同路7之1號,24.869323,120.997865,門牌
新竹縣湖口鄉鳳山村工業五路19號,24.858533,121.013998,門牌
新竹縣湖口鄉鳳山村工業五路1號,24.856590,121.017558,門牌
新竹縣湖口鄉鳳山村工業五路2號,24.858444,121.015972,門牌
新竹縣湖口鄉鳳山村復興路12號,24.867190,121.008667,門牌
新竹縣湖口鄉鳳山村復興路22號,24.868346,121.006182,門牌
新竹縣湖口鄉鳳山村復興路28號,24.869154,121.004765,門牌
新竹縣湖口鄉鳳山村復興路38號,24.867887,121.007036,路名
新竹縣湖口鄉鳳山村復興路4號,24.865851,121.010422,門牌
新竹縣湖口鄉鳳山村文化路17號,24.867984,121.012839,門牌
新竹縣湖口鄉鳳山村文化路1之1號,24.869283,121.014786,路名
新竹縣湖口鄉鳳山村文化路22號,24.867171,121.013394,門牌
新竹縣湖口鄉鳳山村文化路28、30號,24.869283,121.014786,路名
新竹縣湖口鄉鳳山村文化路6號,24.862753,121.010075,門牌
新竹縣湖口鄉鳳山村文化路8號,24.862849,121.010652,門牌
新竹縣湖口鄉鳳山村新興路560之2號1樓,24.877962,121.005868,門牌
新竹縣湖口鄉鳳山村榮光路29號,24.860123,121.009107,路名
新竹縣湖口鄉鳳山村榮光路31號,24.860123,121.009107,路名
新竹縣湖口鄉鳳山村榮光路51號,24.860123,121.009107,路名
新竹縣湖口鄉鳳山村自強路18號,24.868963,120.997247,門牌
新竹縣湖口鄉鳳山村自強路3號,24.861847,121.007344,門牌
新竹縣湖口鄉鳳山村自強路7號,24.862231,121.006615,門牌
新竹縣竹北市三民路234號3樓,24.833593,121.011528,門牌
新竹縣竹北市中和街155號1-3樓,24.848579,121.009669,門牌
新竹縣竹北市中和街15號1樓,24.902030,121.047504,門牌
新竹縣竹北市中和街191巷31號,24.847495,121.008021,門牌
新竹縣竹北市中山三街8號1樓,24.895599,121.039461,路名
新竹縣竹北市中山路10巷41號,24.835496,121.025306,門牌
新竹縣竹北市中山路345號一樓,24.837104,121.017422,門牌
新竹縣竹北市中崙里福興一路32號,24.826246,121.003176,路名
新竹縣竹北市中正西路1202巷66號,24.841955,120.979897,路名
新竹縣竹北市中正西路1596-3號,24.841955,120.979897,路名
新竹縣竹北市中正西路810巷5號1樓,24.840825,120.983469,門牌
新竹縣竹北市中興里13鄰嘉豐一街36號2樓,24.817126,121.029443,門牌
新竹縣竹北市中興里嘉興路207巷11號,24.817556,121.027251,門牌
新竹縣竹北市中興里嘉豐十路5號11樓之3,24.808827,121.034888,門牌
新竹縣竹北市中興里嘉豐十路7巷1號一樓,24.808686,121.034767,門牌
新竹縣竹北市中興里復興三路一段155號,24.811804,121.030755,路名
新竹縣竹北市中華路1巷100號,24.839461,121.001278,路名
新竹縣竹北市中華路2巷36號,24.826073,120.999406,門牌
新竹縣竹北市中華路43-1號1樓,24.839461,121.001278,路名
新竹縣竹北市光明一路158號2樓,24.830405,121.016695,門牌
新竹縣竹北市光明三路108之1號,24.830588,121.007982,門牌
新竹縣竹北市光明六路87之5號七樓,24.824106,121.015868,路名
新竹縣竹北市光明十街36巷20號2樓,24.826297,121.007318,門牌
新竹縣竹北市北崙里光明一路355號,24.832765,121.007547,門牌
新竹縣竹北市北崙里光明二街86號1樓,24.831934,121.007525,門牌
新竹縣竹北市北崙里光明五街337號3樓,24.828443,121.009485,門牌
新竹縣竹北市北崙里光明五街66號,24.828389,121.013132,門牌
新竹縣竹北市北崙里博愛街155號2樓,24.831646,121.004955,門牌
新竹縣竹北市北崙里縣政十六街150號1樓,24.832008,121.004669,門牌
新竹縣竹北市北崙里縣政十六街1號1樓,24.828423,121.002029,門牌
新竹縣竹北市北崙里縣政十六街73號1樓,24.829887,121.003053,門牌
新竹縣竹北市北興里勝利九街98號,24.825491,121.029154,路名
新竹縣竹北市北興里勝利十五街90號1樓,24.829220,121.029006,路名
新竹縣竹北市北興里嘉興路629號,24.822512,121.030969,路名
新竹縣竹北市十興里勝利七街1段386號1樓,24.823845,121.030176,門牌
新竹縣竹北市十興里勝利六街133號2樓,24.824338,121.028129,門牌
新竹縣竹北市十興里勝利六街29號14樓,24.825375,121.025373,門牌
新竹縣竹北市十興里東興路一段79號2樓,24.801481,121.050940,路名
新竹縣竹北市十興里自強北路107號1樓,24.822980,121.030565,門牌
新竹縣竹北市十興里莊敬三路141號3樓,24.825260,121.026246,門牌
新竹縣竹北市十興里莊敬北路140號,24.825957,121.024806,門牌
新竹縣竹北市台元一街8號7樓之7,24.841393,121.019611,門牌
新竹縣竹北市台元二街10號10樓之8,24.840405,121.020194,路名
新竹縣竹北市台元街26號7樓之9,24.841314,121.012832,門牌
新竹縣竹北市台元街28號5樓之3,24.842324,121.013666,門牌
新竹縣竹北市和平街18號4樓之5,24.707147,121.180092,門牌
新竹縣竹北市和平街201號,24.842130,121.011673,門牌
新竹縣竹北市嘉興路51號1樓,24.814548,121.024968,門牌
新竹縣竹北市嘉豐二街一段131巷36號,24.814909,121.028786,路名
新竹縣竹北市嘉豐二街一段28號,24.814909,121.028786,路名
新竹縣竹北市嘉豐十一路1段100號9樓之3,24.808634,121.035524,門牌
新竹縣竹北市嘉豐十一路一段100號13樓之8,24.806532,121.034483,路名
新竹縣竹北市嘉豐十一路一段100號4樓之1,24.806532,121.034483,路名
新竹縣竹北市嘉豐南路二段76號9樓之1,24.808068,121.032413,路名
新竹縣竹北市國盛街345巷3號,24.842993,120.998958,門牌
新竹縣竹北市大灣街3號,24.842141,120.974686,門牌
新竹縣竹北市尚義里鳳岡路五段678號二樓,24.861935,120.967320,路名
新竹縣竹北市崇義里蓮花路223巷100號一樓,24.868111,120.956710,門牌
新竹縣竹北市崇義里長青路二段203巷217號,24.851382,120.961332,路名
新竹縣竹北市復興一街251號3樓之2,24.813318,121.033285,門牌
新竹縣竹北市復興三路二段168號8樓之2,24.811804,121.030755,路名
新竹縣竹北市復興二路255號三樓,24.811128,121.035366,路名
新竹縣竹北市惟馨街79號,24.837545,121.019487,路名
新竹縣竹北市惟馨街95號3樓之1,24.837545,121.019487,路名
新竹縣竹北市成功六街99號1樓,24.818220,121.021157,門牌
新竹縣竹北市成功十二街28號11樓,24.813142,121.021498,門牌
新竹縣竹北市文化里三民路73號1樓,24.833672,121.017745,門牌
新竹縣竹北市文義街26號5樓之2,24.829955,121.019648,門牌
新竹縣竹北市文興路一段156號5樓,24.811085,121.027831,路名
新竹縣竹北市斗崙里17鄰中華路34巷25號,24.826939,120.999757,門牌
新竹縣竹北市斗崙里光明九路1號1樓,24.822245,121.015391,門牌
新竹縣竹北市斗崙里光明九路31號5樓,24.826043,121.008325,路名
新竹縣竹北市斗崙里光明十街1段90號2樓,24.824661,121.008888,門牌
新竹縣竹北市斗崙里嘉勤南路90號1樓,24.821448,121.015096,門牌
新竹縣竹北市斗崙里福興路755巷27弄38號1樓,24.820749,121.012158,門牌
新竹縣竹北市斗崙里科大二街132號1樓,24.819827,121.009987,門牌
新竹縣竹北市斗崙里縣政三街11巷70號1樓,24.823027,121.011448,門牌
新竹縣竹北市斗崙里縣政三街29號3樓,24.823931,121.013260,門牌
新竹縣竹北市斗崙里縣政五街32巷18號7樓,24.824254,121.013008,門牌
新竹縣竹北市斗崙里縣政十街6號4樓之1,24.826672,121.007876,門牌
新竹縣竹北市新光一街21號1樓,24.837653,120.997693,路名
新竹縣竹北市新國里中央路206巷10號1樓,24.839462,120.999807,門牌
新竹縣竹北市新國里中央路280號一樓,24.839779,120.998608,門牌
新竹縣竹北市新國里新光一街70號4樓,24.837719,120.997841,門牌
新竹縣竹北市新國里新光街82號,24.840122,120.997551,門牌
新竹縣竹北市新國里新光街86巷3號3樓（供辦公用）,24.839954,120.997303,門牌
新竹縣竹北市新國里新溪街69號,24.835368,120.996282,門牌
新竹縣竹北市新國里華興五街66號,24.837830,120.997174,路名
新竹縣竹北市新國里華興街368號1樓,24.835969,120.998441,門牌
新竹縣竹北市新崙里中華路125巷13弄29號1樓,24.829531,120.999547,門牌
新竹縣竹北市新崙里中華路125巷26弄6號1樓,24.830212,121.000164,門牌
新竹縣竹北市新崙里光明六路392號1樓,24.832087,121.002277,門牌
新竹縣竹北市新崙里光明十四街76號一樓,24.830865,121.000409,路名
新竹縣竹北市新民街120號,24.842068,121.002038,門牌
新竹縣竹北市新泰路118號10樓,24.838589,121.007395,門牌
新竹縣竹北市新泰路35號5樓之1,24.840899,121.008773,門牌
新竹縣竹北市新社里保泰五路96號,24.848189,120.999910,門牌
新竹縣竹北市新社里新工三路97號1樓,24.847467,121.001553,門牌
新竹縣竹北市新社里新民街120號1樓,24.842068,121.002038,門牌
新竹縣竹北市新社里環北路3段203號,24.848942,120.999479,門牌
新竹縣竹北市新社里環北路三段161號,24.840265,121.015474,路名
新竹縣竹北市新社里環北路三段173號,24.840265,121.015474,路名
新竹縣竹北市新社里環北路三段201號,24.840265,121.015474,路名
新竹縣竹北市新社里環北路三段472號,24.840265,121.015474,路名
新竹縣竹北市東平里六家五路二段43號,24.804853,121.033470,路名
新竹縣竹北市東平里文興路一段106號,24.811085,121.027831,路名
新竹縣竹北市東平里文興路一段366號8樓之1,24.811085,121.027831,路名
新竹縣竹北市東平里興隆路三段35號1樓,24.810915,121.020855,路名
新竹縣竹北市東平里隘口二路16號1樓,24.802667,121.033374,門牌
新竹縣竹北市東海里東海一街28號,24.809783,121.046660,門牌
新竹縣竹北市東海里東海一街95巷138弄1號1樓,24.812347,121.045944,門牌
新竹縣竹北市東興路一段146號3樓,24.801481,121.050940,路名
新竹縣竹北市東興里嘉興二街2號,24.823704,121.034418,路名
新竹縣竹北市東興里東興路一段123號,24.801481,121.050940,路名
新竹縣竹北市東興里自強北路420號二樓,24.822722,121.030918,路名
新竹縣竹北市泰和路146號,24.848326,121.011416,門牌
新竹縣竹北市泰和路87之1號,24.845732,121.007865,門牌
新竹縣竹北市泰和里2鄰環北路1段301巷5號,24.842435,121.020038,門牌
新竹縣竹北市泰和里6鄰環北路二段197號,24.840265,121.015474,路名
新竹縣竹北市泰和里中和街165號,24.848962,121.009060,門牌
新竹縣竹北市泰和里中和街191巷15弄6號,24.848006,121.008375,門牌
新竹縣竹北市泰和里中和街191巷23號,24.848011,121.007987,門牌
新竹縣竹北市泰和里中和街199號5樓,24.849043,121.008020,門牌
新竹縣竹北市泰和里中和街201巷2號,24.848501,121.007195,門牌
新竹縣竹北市泰和里中和街203號,24.848894,121.007505,門牌
新竹縣竹北市泰和里中和街221號,24.849147,121.007014,門牌
新竹縣竹北市泰和里中和街55號,24.902937,121.048200,門牌
新竹縣竹北市泰和里中和街62巷13號1、2樓,24.847916,121.012279,門牌
新竹縣竹北市泰和里中和街62巷17弄9號,24.860172,121.019284,路名
新竹縣竹北市泰和里中和街76號,24.847374,121.011645,門牌
新竹縣竹北市泰和里中山路10巷32-2號1樓,24.855114,121.043700,路名
新竹縣竹北市泰和里中山路10巷32號,24.835023,121.025686,門牌
新竹縣竹北市泰和里中華路636號,24.845947,121.005746,門牌
新竹縣竹北市泰和里中華路676巷21弄6號,24.846991,121.006648,門牌
新竹縣竹北市泰和里中華路987號,24.839461,121.001278,路名
新竹縣竹北市泰和里博愛街646巷10號1樓,24.843673,121.017808,門牌
新竹縣竹北市泰和里博愛街708號,24.832876,121.013499,路名
新竹縣竹北市泰和里博愛街711巷4弄30號,24.844877,121.016205,門牌
新竹縣竹北市泰和里博愛街803號,24.845106,121.018632,門牌
新竹縣竹北市泰和里博愛街807號,24.845402,121.019059,門牌
新竹縣竹北市泰和里博愛街959號,24.847258,121.021223,門牌
新竹縣竹北市泰和里新泰路35號7樓之5,24.840899,121.008773,門牌
新竹縣竹北市泰和里沿河街28巷53號,24.835701,121.021917,路名
新竹縣竹北市泰和里沿河街72號,24.849136,121.014208,門牌
新竹縣竹北市泰和里泰和一街27巷2號,24.846671,121.004117,門牌
新竹縣竹北市泰和里泰和一街53號1樓,24.846941,121.003787,門牌
新竹縣竹北市泰和里環北路2段175巷10號,24.847581,121.016725,門牌
新竹縣竹北市泰和里環北路一段325巷12號,24.840265,121.015474,路名
新竹縣竹北市泰和里環北路一段396號,24.840265,121.015474,路名
新竹縣竹北市泰和里環北路三段85號8樓之5,24.840265,121.015474,路名
新竹縣竹北市泰和里環北路二段175巷9號,24.840265,121.015474,路名
新竹縣竹北市泰和里環北路二段245號,24.840265,121.015474,路名
新竹縣竹北市溪州里中正西路1259號,24.841714,120.968945,門牌
新竹縣竹北市溪州里大灣街3號,24.842141,120.974686,門牌
新竹縣竹北市溪州里新溪街292巷66弄8號,24.833227,120.986641,門牌
新竹縣竹北市溪洲里中正西路1089號3樓,24.841196,120.972985,門牌
新竹縣竹北市環北路2段36號,24.847159,121.019315,門牌
新竹縣竹北市環北路三段256號,24.840265,121.015474,路名
新竹縣竹北市環北路三段85號10樓之2,24.840265,121.015474,路名
新竹縣竹北市白地街363號1樓,24.848437,120.965078,門牌
新竹縣竹北市白地里中正西路1598巷12弄37號3樓,24.843696,120.960976,門牌
新竹縣竹北市白地里中正西路1672巷1弄19號,24.842924,120.957218,門牌
新竹縣竹北市白地里中正西路1672巷1弄19號一樓,24.842924,120.957218,門牌
新竹縣竹北市白地里白地街496巷141弄38號,24.852599,120.965178,門牌
新竹縣竹北市白地里長青路1段220號,24.847229,120.957424,門牌
新竹縣竹北市福德里三民路435號1樓,24.834761,121.008900,門牌
新竹縣竹北市福德里信義街7號1樓,24.715830,121.143553,門牌
新竹縣竹北市福德里和平街17號,24.706694,121.180156,門牌
新竹縣竹北市福竹街22號1樓,24.834877,121.007160,門牌
新竹縣竹北市福興路755巷24號1樓,24.821238,121.011064,門牌
新竹縣竹北市科大二街91號2樓,24.820471,121.009133,路名
新竹縣竹北市竹仁里8鄰中正東路220號,24.835259,121.014029,門牌
新竹縣竹北市竹仁里中山路451號1樓、2樓,24.838107,121.014770,門牌
新竹縣竹北市竹仁里中正東路136號5樓,24.835338,121.016798,門牌
新竹縣竹北市竹仁里中正東路322號1樓,24.835667,121.011263,門牌
新竹縣竹北市竹仁里四維街92-1號一樓,24.834293,121.015237,路名
新竹縣竹北市竹仁里文化街63之1號1樓,24.835839,121.016601,門牌
新竹縣竹北市竹北里12鄰台元一街8號4樓之9,24.841393,121.019611,門牌
新竹縣竹北市竹北里十興路305巷10弄1號1樓,24.833216,121.022390,門牌
新竹縣竹北市竹北里十興路365號,24.834004,121.022640,門牌
新竹縣竹北市竹北里博愛街513號5樓之5,24.839546,121.010762,門牌
新竹縣竹北市竹北里台元一街5號13樓之2,24.841148,121.018596,門牌
新竹縣竹北市竹義里中泰路29號1樓,24.839431,121.007040,門牌
新竹縣竹北市竹義里中泰路69巷3號,24.839670,121.006142,門牌
新竹縣竹北市竹義里中華路408巷62號5樓之1,24.838832,121.006857,門牌
新竹縣竹北市縣政九路62號5樓之2,24.825980,121.009278,門牌
新竹縣竹北市縣政六路58號6樓,24.824037,121.011477,門牌
新竹縣竹北市縣政十六街62號1樓,24.829967,121.003288,門牌
新竹縣竹北市縣政十四街63號1樓,24.829354,121.005018,門牌
新竹縣竹北市聯興里中正西路839號1樓,24.840438,120.981129,門牌
新竹縣竹北市聯興里環北路3段256號1樓,24.849476,120.998058,門牌
新竹縣竹北市聯興里環北路三段352巷51號,24.840265,121.015474,路名
新竹縣竹北市聯興里聯興三街36巷52號,24.852197,120.991936,門牌
新竹縣竹北市聯興里聯興二街12巷2號,24.843018,120.988483,門牌
新竹縣竹北市自強南路8號12樓之1,24.819477,121.027583,門牌
新竹縣竹北市自強南路8號13樓之6,24.819477,121.027583,門牌
新竹縣竹北市自強南路8號20樓之1,24.819477,121.027583,門牌
新竹縣竹北市興安里光明五街17號,24.826351,121.016914,門牌
新竹縣竹北市興安里嘉仁街123號一樓,24.828007,121.017977,門牌
新竹縣竹北市莊敬六街13號12樓之3,24.821201,121.027077,門牌
新竹縣竹北市華興街357巷38號,24.836150,120.999267,門牌
新竹縣竹北市隘口里高鐵七路65號13樓之3,24.808907,121.041985,門牌
新竹縣竹北市高鐵九路98號,24.801918,121.042560,路名
新竹縣竹北市鹿場里7鄰自強六街59號,24.818181,121.024719,門牌
新竹縣竹北市鹿場里成功一街101號1樓,24.820163,121.025139,門牌
新竹縣竹北市鹿場里成功七街239號1樓,24.816226,121.024365,門牌
新竹縣竹北市鹿場里成功五街63號,24.818932,121.023375,門牌
新竹縣竹北市鹿場里成功十二街30號4樓,24.813123,121.021548,門牌
新竹縣竹北市鹿場里文興路155號3樓,24.816385,121.017521,門牌
新竹縣竹北市鹿場里文興路261號9樓,24.814850,121.020448,門牌
新竹縣竹北市鹿場里福興東路一段293號2樓,24.815957,121.026177,路名
新竹縣竹北市鹿場里自強七街33號5樓,24.819343,121.026247,路名
新竹縣竹北市鹿場里自強南路8號10樓之3,24.819477,121.027583,門牌
新竹縣竹北市鹿場里興隆路二段343號1樓,24.810915,121.020855,路名
新竹縣竹北市麻園三路136號,24.850262,120.975443,門牌
新竹縣竹北市麻園里麻園二街370巷1號1樓,24.847998,120.974720,門牌
新竹縣竹東鎮三重里中興路一段153巷11號,24.783592,121.048529,路名
新竹縣竹東鎮三重里中興路二段318巷46弄27號1樓,24.783592,121.048529,路名
新竹縣竹東鎮上舘里中豐路2段339號2樓,24.725273,121.089198,門牌
新竹縣竹東鎮上舘里和江街54號2樓,24.719982,121.094974,門牌
新竹縣竹東鎮上館里中豐路2段201號,24.722656,121.092766,門牌
新竹縣竹東鎮上館里中豐路二段252號,24.737206,121.116941,路名
新竹縣竹東鎮上館里南寧路12號,24.726426,121.090432,路名
新竹縣竹東鎮上館里幸福路150號1樓,24.722610,121.090463,門牌
新竹縣竹東鎮上館里生產街130號1樓,24.715426,121.096343,門牌
新竹縣竹東鎮中正里15鄰中正路168號,24.826890,121.083716,門牌
新竹縣竹東鎮中正里工業一路47號,24.868998,121.026854,門牌
新竹縣竹東鎮中正里新正路20巷8號1樓,24.732923,121.092101,路名
新竹縣竹東鎮中正里東寧路二段9號1樓,24.733697,121.089227,路名
新竹縣竹東鎮中興路4段372-2號1樓,24.783592,121.048529,路名
新竹縣竹東鎮中興路4段628巷15號,24.777491,121.037821,門牌
新竹縣竹東鎮中興路二段111號1樓,24.875130,120.998139,門牌
新竹縣竹東鎮中興路四段136號,24.875788,120.997931,門牌
新竹縣竹東鎮中興路四段195號(21館),24.875790,120.996490,門牌
新竹縣竹東鎮二重里16鄰自由街120巷2號6樓之5,24.771714,121.054988,門牌
新竹縣竹東鎮二重里17鄰民族路28巷9號1樓,24.769833,121.054168,門牌
新竹縣竹東鎮二重里中興路3段297號,24.783592,121.048529,路名
新竹縣竹東鎮二重里中興路三段72號1樓,24.783592,121.048529,路名
新竹縣竹東鎮二重里光明路20巷5號一樓,24.767069,121.057184,門牌
新竹縣竹東鎮五豐里北興路三段580巷7號12樓,24.740306,121.090781,路名
新竹縣竹東鎮仁愛里9鄰北興路二段67號1樓,24.740306,121.090781,路名
新竹縣竹東鎮仁愛里仁愛路380號1樓,24.739347,121.090910,門牌
新竹縣竹東鎮仁愛里仁愛路380號2樓,24.739347,121.090910,門牌
新竹縣竹東鎮仁愛里北岸1號,24.747262,121.096447,路名
新竹縣竹東鎮仁愛里北岸6號,24.747262,121.096447,路名
新竹縣竹東鎮公園路47號1樓,24.734734,121.083578,路名
新竹縣竹東鎮北興路1段363號,24.730224,121.099629,門牌
新竹縣竹東鎮北興路二段81巷2號1樓,24.740306,121.090781,路名
新竹縣竹東鎮員山路11巷13弄1號,24.782795,121.030632,門牌
新竹縣竹東鎮員山里員山路399巷6號1樓,24.784401,121.046999,門牌
新竹縣竹東鎮員山里員山路399巷6號2樓,24.784401,121.046999,門牌
新竹縣竹東鎮員山里員山路435巷22號,24.783860,121.041193,路名
新竹縣竹東鎮員山里員山路750號,24.783860,121.041193,路名
新竹縣竹東鎮員崠里15鄰東峰路338號,24.712124,121.098029,門牌
新竹縣竹東鎮員崠里東峰路106巷32號1樓,24.718971,121.095891,門牌
新竹縣竹東鎮員崠里東峰路338號,24.712124,121.098029,門牌
新竹縣竹東鎮員崠里東峰路350巷41弄14號1F,24.712250,121.096915,門牌
新竹縣竹東鎮商華里世界街71巷21號2樓,24.736358,121.084822,門牌
新竹縣竹東鎮商華里世界街71巷59號5樓,24.736258,121.084292,門牌
新竹縣竹東鎮商華里公園路166號,24.734423,121.083117,門牌
新竹縣竹東鎮大鄉里中正南路37巷2之1號1樓,24.728511,121.090734,門牌
新竹縣竹東鎮大鄉里中豐路三段104號4樓,24.737206,121.116941,路名
新竹縣竹東鎮大鄉里研究路59巷2弄3號1樓,24.727310,121.082609,門牌
新竹縣竹東鎮工業一路73號,24.730773,121.096086,門牌
新竹縣竹東鎮康莊街156巷60號1樓,24.737229,121.082410,門牌
新竹縣竹東鎮忠孝里1鄰東寧路三段167號2樓,24.733697,121.089227,路名
新竹縣竹東鎮新民路44巷31號1樓,24.742706,121.085709,門牌
新竹縣竹東鎮東寧里東榮路31巷10號1樓,24.721976,121.098594,門牌
新竹縣竹東鎮東華里東林路33號一樓,24.737126,121.089428,門牌
新竹縣竹東鎮柯湖路三段396巷140號之2,24.768387,121.034958,路名
新竹縣竹東鎮榮樂里大同路109巷1弄2號4樓,24.739268,121.089787,門牌
新竹縣竹東鎮榮華里朝陽路80巷18號1樓,24.742228,121.087015,門牌
新竹縣竹東鎮榮華里長春路三段174號,24.749054,121.081145,路名
新竹縣竹東鎮沿河街395號,24.835701,121.021917,路名
新竹縣竹東鎮長春路三段274號1樓,24.749054,121.081145,路名
新竹縣竹東鎮陸豐里荳子埔72號,24.770446,121.070639,門牌
新竹縣竹東鎮雞林里1鄰大明路359號,24.735720,121.095283,路名
新竹縣竹東鎮雞林里北興路一段559號9樓,24.740306,121.090781,路名
新竹縣竹東鎮雞林里大明路256號,24.733942,121.097815,門牌
新竹縣竹東鎮雞林里大明路288號,24.735720,121.095283,路名
新竹縣竹東鎮雞林里大明路318號,24.731035,121.100325,門牌
新竹縣竹東鎮雞林里大明路408巷39號,24.735720,121.095283,路名
新竹縣竹東鎮頭重里中興路四段972號6樓,24.783592,121.048529,路名
新竹縣竹東鎮頭重里華陽街21巷2弄1號1樓,24.777164,121.032200,門牌
新竹縣竹東鎮鷄林里林森路49號,24.734591,121.092609,門牌
新竹縣芎林鄉上山村富林路3段106巷7弄16號,24.770969,121.077392,門牌
新竹縣芎林鄉上山村文德路19號1樓,24.807322,121.079242,路名
新竹縣芎林鄉上山村文德路206巷15號,24.781303,121.079981,門牌
新竹縣芎林鄉上山村文德路492巷22號,24.789362,121.083607,門牌
新竹縣芎林鄉上山村文德路93號,24.778309,121.078366,門牌
新竹縣芎林鄉下山村8鄰下山68-1號,24.801274,121.066583,路名
新竹縣芎林鄉下山村五座屋45-7號,24.795755,121.062516,路名
新竹縣芎林鄉五和街225號,24.736930,121.124958,門牌
新竹縣芎林鄉五和街226-1號,24.735628,121.122081,路名
新竹縣芎林鄉文山路576號1樓,24.778140,121.077035,門牌
新竹縣芎林鄉文山路989號,24.787457,121.068668,門牌
新竹縣芎林鄉文林村12鄰富林路二段714號,24.760146,121.090103,路名
新竹縣芎林鄉文林村文昌街29號,24.773137,121.082461,門牌
新竹縣芎林鄉水坑村10鄰文華街320號,24.775588,121.089142,門牌
新竹縣芎林鄉水坑村文華街80巷17號,24.785698,121.104169,門牌
新竹縣芎林鄉永興村7鄰王爺坑39號,24.749009,121.112577,門牌
新竹縣芎林鄉永興村富林路一段599號,24.760146,121.090103,路名
新竹縣芎林鄉石潭村竹林路118巷9號2樓,24.751275,121.101013,門牌
新竹縣芎林鄉芎林村16鄰文山路521號2樓,24.777026,121.077765,門牌
新竹縣芎林鄉芎林村文化街84號1樓,24.775285,121.077786,門牌
新竹縣芎林鄉華龍村6鄰鹿寮坑176-5號,24.744261,121.134950,路名
新竹縣芎林鄉華龍村鹿寮坑172-2號,24.744261,121.134950,路名
新竹縣芎林鄉華龍村鹿寮坑176之2號,24.745366,121.137892,門牌
新竹縣關西鎮仁安里中豐路2段222巷3號,24.796935,121.182797,門牌
新竹縣關西鎮仁安里拱子溝60號,24.824679,121.180728,門牌
新竹縣關西鎮光復路223號二樓,24.781534,121.143791,路名
新竹縣關西鎮北斗里北斗街39巷3弄10號1樓,24.798395,121.174854,門牌
新竹縣關西鎮大同里水坑38號,24.824883,121.171348,門牌
新竹縣關西鎮大同里水坑41號,24.825332,121.171390,門牌
新竹縣關西鎮東光里4鄰中豐新路7號,24.781092,121.179010,門牌
新竹縣關西鎮東光里4鄰十六張117號,24.780209,121.177314,門牌
新竹縣關西鎮東光里中豐路1段77巷9號,24.783087,121.179843,門牌
新竹縣關西鎮東光里暗潭18之5號,24.771467,121.187811,路名
新竹縣關西鎮東安里6鄰育賢街12號1樓,24.789272,121.182338,門牌
新竹縣關西鎮東安里中豐路一段110巷8號,24.737206,121.116941,路名
新竹縣關西鎮東安里銘傳街10號,24.785954,121.180782,門牌
新竹縣關西鎮東平里15鄰大東坑80號,24.828396,121.169619,門牌
新竹縣關西鎮東興里大同路28號,24.706399,121.180612,門牌
桃園市中壢區三民里三樂二街15號（2樓）,24.960364,121.210925,門牌
桃園市中壢區三民里中正路1274巷47號,24.973492,121.201380,門牌
桃園市中壢區三民里中正路1274巷58號,24.975028,121.201165,門牌
桃園市中壢區三民里民權路三段508號,24.980861,121.227918,路名
桃園市中壢區中北路二段182號4樓,24.956962,121.239976,門牌
桃園市中壢區中園路156號,24.966119,121.237534,門牌
桃園市中壢區中園路162號,24.969342,121.237293,門牌
桃園市中壢區中園路二段501號4、5、6及7樓,24.986197,121.238188,門牌
桃園市中壢區中園路二段72號,24.982782,121.234680,路名
桃園市中壢區中央西路1段1號6樓之4,24.957154,121.223359,門牌
桃園市中壢區中央西路一段1號4樓,24.959229,121.215967,路名
桃園市中壢區中央西路二段270之1號3樓,24.959229,121.215967,路名
桃園市中壢區中央里中央東路50號6、7、8樓,24.956414,121.225250,門牌
桃園市中壢區中央里中央東路53號,24.956811,121.225281,門牌
桃園市中壢區中央里中山路146號13樓,24.927385,121.255979,門牌
桃園市中壢區中央里中山路2巷27號,24.956560,121.228631,門牌
桃園市中壢區中央里元化路165巷56號6樓,24.959737,121.228596,門牌
桃園市中壢區中央里延平路429號2樓之7,24.958628,121.224527,門牌
桃園市中壢區中央里裕民街26之1號11樓,24.965758,121.301901,門牌
桃園市中壢區中山東路2段428號,24.948141,121.243957,門牌
桃園市中壢區中山東路三段102巷17號1樓,24.954033,121.227683,路名
桃園市中壢區中山路41號7樓之3,25.036367,121.082759,門牌
桃園市中壢區中山路88號11樓之7,24.927743,121.254734,門牌
桃園市中壢區中山路88號17樓,24.927743,121.254734,門牌
桃園市中壢區中山路88號9樓,24.927743,121.254734,門牌
桃園市中壢區中山里榮安十五街79之4號2樓,24.960073,121.259188,門牌
桃園市中壢區中山里榮民路286巷29弄13號2樓,24.963128,121.260945,門牌
桃園市中壢區中山里榮民路442號1樓,24.959887,121.260699,門牌
桃園市中壢區中山里永福路692號2樓,24.960441,121.257624,門牌
桃園市中壢區中建里中央西路一段1號4樓,24.959229,121.215967,路名
桃園市中壢區中建里延平路500號10樓之3,24.956847,121.223291,門牌
桃園市中壢區中建里延平路500號10樓之4,24.956847,121.223291,門牌
桃園市中壢區中建里延平路500號12樓之1,24.956847,121.223291,門牌
桃園市中壢區中建里延平路500號8樓之2,24.956847,121.223291,門牌
桃園市中壢區中正路1274巷35之2號,24.959943,121.221950,路名
桃園市中壢區中正路4段79號1樓,24.988567,121.180501,門牌
桃園市中壢區中正路三段220巷173弄15號(1樓),24.959943,121.221950,路名
桃園市中壢區中正里榮民路439號,24.959768,121.261048,門牌
桃園市中壢區中正里榮民路447號,24.959712,121.260939,門牌
桃園市中壢區中福里福州二街363號3樓,24.967442,121.230492,門牌
桃園市中壢區中興路1段91巷82之1號,24.900592,121.225500,路名
桃園市中壢區中興里榮安三街138巷21號1樓,24.963508,121.259364,門牌
桃園市中壢區中興里榮安五街5之1號6樓,24.961569,121.256247,門牌
桃園市中壢區中興里榮安八街70號2樓,24.962191,121.258688,門牌
桃園市中壢區中興里永福路750巷12號(1樓),24.961213,121.256992,門牌
桃園市中壢區中興里環中東路267號1樓,24.955127,121.245271,路名
桃園市中壢區中華路1段705號,24.974024,121.233827,路名
桃園市中壢區中華路1段873號,24.967097,121.244945,門牌
桃園市中壢區中華路一段774號,24.974024,121.233827,路名
桃園市中壢區中華路一段805巷21弄18號,24.974024,121.233827,路名
桃園市中壢區中華路一段805巷26弄40號2樓,24.974024,121.233827,路名
桃園市中壢區中豐北路63號8樓,24.964856,121.220537,門牌
桃園市中壢區九和一街6號6樓之6,24.961583,121.223240,門牌
桃園市中壢區五族三街41號(1樓),24.960253,121.206012,路名
桃園市中壢區五權里三民路一段159號(一樓),24.974948,121.249678,路名
桃園市中壢區五權里正大街76號7樓,24.959400,121.204933,門牌
桃園市中壢區五權里民族路三段86巷15之6號,24.934699,121.197269,路名
桃園市中壢區五權里環西路7號2樓,24.957757,121.206790,門牌
桃園市中壢區仁和里華美一路229之7號（1樓）,24.951208,121.261516,門牌
桃園市中壢區仁愛里新中北路846巷5弄21號(2樓),24.955654,121.252236,門牌
桃園市中壢區仁福里中山東路三段429巷87弄53之7號,24.954033,121.227683,路名
桃園市中壢區仁美里23鄰榮民南路260巷2號（1樓）,24.951751,121.256360,門牌
桃園市中壢區仁美里中山東路3段59號20樓之3,24.945113,121.248037,門牌
桃園市中壢區仁美里仁慈路176號（1樓）,24.945383,121.252506,門牌
桃園市中壢區仁美里仁慈路6號(1樓),24.944102,121.249171,門牌
桃園市中壢區仁美里榮民南路260巷2號(1樓),24.951751,121.256360,門牌
桃園市中壢區仁美里榮民南路296巷3號,24.950781,121.256556,門牌
桃園市中壢區仁義里中華路2段330號12樓之21,24.964537,121.235821,門牌
桃園市中壢區信義里福州路137號(1樓),24.950888,121.233810,門牌
桃園市中壢區健行路98巷40弄9號1樓,24.950227,121.225863,門牌
桃園市中壢區健行里中北路二段208巷7號8樓,24.953906,121.231438,路名
桃園市中壢區健行里健行路52號1樓,25.021810,121.309190,門牌
桃園市中壢區健行里長沙路36巷26號6樓,24.947896,121.228730,門牌
桃園市中壢區元化路224號12樓,24.961118,121.226712,門牌
桃園市中壢區元化路2段128號2樓,24.962783,121.219154,門牌
桃園市中壢區元化路二段33號2樓,24.957022,121.227606,門牌
桃園市中壢區元化路二段43巷4之1號11樓,24.960452,121.226190,路名
桃園市中壢區光明里三光路86號4樓,24.961614,121.211492,門牌
桃園市中壢區光明里白馬莊101之2號4樓,24.962561,121.212709,門牌
桃園市中壢區內厝里4鄰中正路三段69號,24.817353,121.351308,門牌
桃園市中壢區內厝里中正路四段603號,25.004682,121.304602,門牌
桃園市中壢區內厝里福全路159號,24.988335,121.169023,門牌
桃園市中壢區內厝里福祥路一段402號,24.983770,121.171138,路名
桃園市中壢區內厝里聖德路1段201巷52號,24.984108,121.191844,門牌
桃園市中壢區內厝里高鐵南路三段655號,24.967355,121.164209,路名
桃園市中壢區內定二十街158巷56號,25.003384,121.234289,門牌
桃園市中壢區內定二十街162號,25.003835,121.232658,門牌
桃園市中壢區內定十街251巷62號,25.007642,121.240568,門牌
桃園市中壢區內定里18鄰內定二街386巷30號(1樓),24.991220,121.255561,門牌
桃園市中壢區內定里中園路200之2號2樓,24.982782,121.234680,路名
桃園市中壢區內定里中園路2段136巷7號3樓,24.992267,121.235093,門牌
桃園市中壢區內定里中園路二段136巷17號,24.982782,121.234680,路名
桃園市中壢區內定里內定三街75號,24.991559,121.255572,門牌
桃園市中壢區內定里內定二十街126巷66號,25.002654,121.234214,門牌
桃園市中壢區內定里內定二十街185巷9號,25.004944,121.232056,門牌
桃園市中壢區內定里內定二街142號,24.987167,121.254624,門牌
桃園市中壢區內定里內定二街668巷11號(2樓),24.995486,121.254725,門牌
桃園市中壢區內定里內定五街103號,25.001438,121.240899,門牌
桃園市中壢區內定里內定八街23號,24.997244,121.243948,門牌
桃園市中壢區內定里內定八街500號,25.000405,121.243767,路名
桃園市中壢區內定里內定十八街212之1號,25.003905,121.234647,路名
桃園市中壢區內定里合圳北路2段285號,25.002643,121.246723,門牌
桃園市中壢區內定里合圳北路2段395巷26號,25.005112,121.245867,門牌
桃園市中壢區內定里合圳北路2段473巷42號,25.006887,121.245943,門牌
桃園市中壢區內定里合圳北路2段473巷50號,25.006736,121.245326,門牌
桃園市中壢區內定里合圳北路二段251號,25.005373,121.245519,路名
桃園市中壢區內定里合圳北路二段331巷68號1樓,25.005373,121.245519,路名
桃園市中壢區內定里合圳北路二段545號,25.005373,121.245519,路名
桃園市中壢區內定里合定路19號,24.988139,121.243465,門牌
桃園市中壢區內定里定康路17號,24.990000,121.247483,路名
桃園市中壢區內定里松江北路26號,24.995567,121.249212,門牌
桃園市中壢區內定里松江北路29號,24.990284,121.248402,門牌
桃園市中壢區內定里高邊路1號,24.988881,121.239941,門牌
桃園市中壢區北園二路7號3、4樓,24.986279,121.242909,門牌
桃園市中壢區北園路12號,24.983276,121.241980,路名
桃園市中壢區北園路18號,24.983276,121.241980,路名
桃園市中壢區北園路39號,24.983276,121.241980,路名
桃園市中壢區南園二路1巷14號5樓,24.971044,121.235717,門牌
桃園市中壢區南園路12號,24.970184,121.238582,門牌
桃園市中壢區南園路13號,24.970704,121.237718,門牌
桃園市中壢區南園路1之1號,24.969090,121.237747,門牌
桃園市中壢區南園路2-56、2-60號,24.968958,121.239161,路名
桃園市中壢區合圳北路2段395巷53之1號,25.004902,121.245491,門牌
桃園市中壢區合圳北路5號,24.985833,121.245524,門牌
桃園市中壢區合江二路7號,24.985725,121.242825,門牌
桃園市中壢區吉林北路12號,24.987636,121.250818,路名
桃園市中壢區吉林北路5之1號,24.987636,121.250818,路名
桃園市中壢區吉林路10號,25.051133,121.296349,門牌
桃園市中壢區吉林路21號,24.999237,121.262361,路名
桃園市中壢區吉林路23號9樓,25.050351,121.296513,門牌
桃園市中壢區吉長街38號3樓,24.946550,121.230789,門牌
桃園市中壢區和平里長春一路283號(1樓),24.981078,121.252918,路名
桃園市中壢區大享街503號1樓,24.971188,121.189218,門牌
桃園市中壢區大勇三街6號11樓,24.952123,121.238285,門牌
桃園市中壢區大圳路3段151號,24.982478,121.184781,門牌
桃園市中壢區大華路312巷55弄7號,24.984087,121.257437,門牌
桃園市中壢區安東路6號,24.981434,121.243064,門牌
桃園市中壢區定安路15號,24.991113,121.245212,門牌
桃園市中壢區定安路17號,24.990447,121.243615,門牌
桃園市中壢區定安路1號(2樓),24.991334,121.244736,路名
桃園市中壢區定安路3號,24.991334,121.244736,路名
桃園市中壢區定安路4號,24.991334,121.244736,路名
桃園市中壢區定寧路73號,24.993411,121.249327,門牌
桃園市中壢區實踐路225號1樓,24.957452,121.238781,門牌
桃園市中壢區山東路157巷88號,24.995431,121.168249,門牌
桃園市中壢區山東里中正路四段286巷190號,24.959943,121.221950,路名
桃園市中壢區山東里中正路四段588巷10弄29號6樓,24.959943,121.221950,路名
桃園市中壢區山東里山坪路1號,25.010265,121.168202,門牌
桃園市中壢區山東里山德路305巷128弄53號,24.993016,121.173931,門牌
桃園市中壢區山東里山東路680之2號,25.007396,121.167792,門牌
桃園市中壢區山東里山東路722號,25.008819,121.168145,門牌
桃園市中壢區山東里月桃路2段46號,25.018196,121.172588,門牌
桃園市中壢區幸福里2鄰延平路118號3樓,24.963401,121.229942,門牌
桃園市中壢區幸福里延平路100號,24.963587,121.230338,門牌
桃園市中壢區幸福里環北路555號1樓,24.964350,121.229236,門牌
桃園市中壢區幸福里福壽六街9號10樓之3,24.965574,121.233210,門牌
桃園市中壢區延平路500號10樓之3,24.956847,121.223291,門牌
桃園市中壢區後寮里中山東路二段422巷120號(1樓),24.954033,121.227683,路名
桃園市中壢區後興路一段129號1樓,24.942447,121.244077,路名
桃園市中壢區復興路67號9樓之1,24.870561,121.206604,門牌
桃園市中壢區復興里北園路30號,24.983276,121.241980,路名
桃園市中壢區復興里復華街291號1樓,24.976197,121.248152,門牌
桃園市中壢區復興里復華街319之6號6樓,24.976711,121.247719,門牌
桃園市中壢區復興里自強一路121號,24.978551,121.244212,門牌
桃園市中壢區復興里自強一路32號5樓,24.975237,121.245157,門牌
桃園市中壢區復興里長春路267號9樓,24.976468,121.244820,門牌
桃園市中壢區復華里長興街150巷1號2樓,24.973092,121.250370,門牌
桃園市中壢區德義里永康街16巷5號5樓,24.957525,121.230878,門牌
桃園市中壢區忠孝路214巷22號(1樓),24.977568,121.255622,門牌
桃園市中壢區忠孝里忠孝路214巷22號1樓,24.977568,121.255622,門牌
桃園市中壢區忠福里4鄰北園路23號,24.983276,121.241980,路名
桃園市中壢區忠福里南園二路336號6樓之2,24.971846,121.227005,門牌
桃園市中壢區忠福里東園二路18號,24.976283,121.238324,門牌
桃園市中壢區忠福里東園路27之1號,24.973034,121.239124,門牌
桃園市中壢區忠福里東園路69之1號,24.982559,121.239315,門牌
桃園市中壢區忠福里福安一街15巷2號5樓,24.969313,121.233628,門牌
桃園市中壢區忠福里興平路193號,24.965897,121.228508,門牌
桃園市中壢區忠福里西園路7巷30號,24.971976,121.235337,門牌
桃園市中壢區忠義里2鄰南園路2之3號,24.968958,121.239161,路名
桃園市中壢區忠義里中園路30之1號8樓,24.965694,121.237237,門牌
桃園市中壢區忠義里中華路一段611號,24.980374,121.107133,門牌
桃園市中壢區忠義里南園路2之20號三樓,24.967581,121.241392,門牌
桃園市中壢區忠義里南園路2之22號,24.968448,121.241336,門牌
桃園市中壢區忠義里自強三路2之1號,24.968567,121.243438,門牌
桃園市中壢區忠義里自強三路2號,24.968578,121.243230,門牌
桃園市中壢區慈惠一街156號地下一樓,24.961751,121.224990,門牌
桃園市中壢區慈惠二街59號四樓,24.960611,121.224809,門牌
桃園市中壢區成章二街437巷26之3號,24.979918,121.255361,門牌
桃園市中壢區振興里環中東路二段867巷9弄11號1樓,24.955127,121.245271,路名
桃園市中壢區振興里龍陵路223號10樓,24.934267,121.231488,路名
桃園市中壢區文化里北園二路7號,24.986279,121.242909,門牌
桃園市中壢區文化里北園路22號,24.983276,121.241980,路名
桃園市中壢區文化里北園路31之1號,24.982607,121.241966,門牌
桃園市中壢區文化里合江二路6之2號,24.985571,121.244075,路名
桃園市中壢區文化里吉林二路135巷23號1樓,24.984401,121.248814,門牌
桃園市中壢區文化里吉林路27-2號2樓,24.999237,121.262361,路名
桃園市中壢區文化里松江南路1號,24.979976,121.244306,門牌
桃園市中壢區文智路136號2樓,25.001806,121.207855,門牌
桃園市中壢區文林街66號2樓,24.978516,121.244813,門牌
桃園市中壢區新中北路151號2樓之9,24.958463,121.238104,門牌
桃園市中壢區新中北路151號6樓之1,24.958463,121.238104,門牌
桃園市中壢區新中北路981巷153號,24.957023,121.248357,路名
桃園市中壢區新北園路11號,24.989740,121.241282,門牌
桃園市中壢區新明里中央西路二段30號15樓之4,24.959229,121.215967,路名
桃園市中壢區新明里中正路582號4樓,24.959125,121.211696,門牌
桃園市中壢區新生路253號,24.963152,121.222836,門牌
桃園市中壢區新生路三段255巷99號,24.997634,121.215518,路名
桃園市中壢區新興路230巷17號六樓,24.953445,121.228435,門牌
桃園市中壢區新興里吳鳳三街8號4樓,24.945880,121.224579,門牌
桃園市中壢區新街里元化路224號12樓,24.961118,121.226712,門牌
桃園市中壢區新街里延平路261號9樓,24.960750,121.226738,門牌
桃園市中壢區新街里環北路398號10樓之8,24.965508,121.226253,門牌
桃園市中壢區新街里環北路398號14樓之2,24.965508,121.226253,門牌
桃園市中壢區新街里環北路400號5樓之2,24.965469,121.226466,門牌
桃園市中壢區明德里福州路220號,24.949317,121.234238,門牌
桃園市中壢區明德里福州路256號1樓,24.948665,121.234596,門牌
桃園市中壢區普仁里新中北路151號2樓之8,24.958463,121.238104,門牌
桃園市中壢區普仁里新中北路15巷17號（1樓）,24.956691,121.234983,門牌
桃園市中壢區普強里民享二街6號,24.952429,121.237092,門牌
桃園市中壢區普忠里新中一街20號2樓,24.959776,121.243595,門牌
桃園市中壢區普忠里新中北路469巷122號1樓,24.959016,121.245332,門牌
桃園市中壢區普忠里普忠路211巷99弄43號1樓,24.963259,121.244955,門牌
桃園市中壢區普忠里普忠路331號,24.958889,121.248174,門牌
桃園市中壢區普忠里普忠路349號1樓,24.958492,121.248625,門牌
桃園市中壢區普忠里環中東路770號12樓,24.954325,121.244093,門牌
桃園市中壢區普忠里環中東路772號12樓,24.954247,121.243985,門牌
桃園市中壢區普慶里中山東路2段325號一樓,24.949895,121.242346,門牌
桃園市中壢區普慶里普光三街8巷14號(1樓),24.950032,121.246951,門牌
桃園市中壢區普慶里普忠路618、620、622、626、628、630、632號,24.957391,121.249302,路名
桃園市中壢區普義路217巷19號7樓,24.961091,121.230473,門牌
桃園市中壢區普義路70號1樓,24.958575,121.233322,門牌
桃園市中壢區普義里溪洲二街7號4樓,24.960871,121.229449,門牌
桃園市中壢區普義里溪洲街261巷17號9樓,24.961362,121.229701,門牌
桃園市中壢區普騰街38巷3號七樓,24.963592,121.255718,門牌
桃園市中壢區月眉路三段6號,25.009935,121.182748,路名
桃園市中壢區月眉里月山路246巷1號1樓,25.008176,121.179688,門牌
桃園市中壢區月眉里月德路252號1樓,25.020500,121.179892,門牌
桃園市中壢區月眉里月桃路570號,25.012365,121.182526,路名
桃園市中壢區月眉里月眉路一段355巷2號1樓,25.009935,121.182748,路名
桃園市中壢區月眉里月眉路三段236號12樓,25.009935,121.182748,路名
桃園市中壢區月眉里月眉路三段409巷21號,25.009935,121.182748,路名
桃園市中壢區東園路12之1號,24.969659,121.240424,門牌
桃園市中壢區東園路13號,24.969555,121.239285,門牌
桃園市中壢區東園路19號,24.970469,121.239257,門牌
桃園市中壢區東園路24號,24.973872,121.240066,門牌
桃園市中壢區東園路30號,24.975058,121.240227,門牌
桃園市中壢區東園路41號,24.975835,121.239257,門牌
桃園市中壢區東園路48號,24.981493,121.240330,門牌
桃園市中壢區東園路52號,24.983867,121.240199,門牌
桃園市中壢區東園路79號,24.974918,121.239689,路名
桃園市中壢區東興里新興路214號1樓,25.059634,121.195775,門牌
桃園市中壢區東興里龍岡路一段205號1樓,24.937472,121.233589,路名
桃園市中壢區松仁路278號1樓,24.962183,121.167651,門牌
桃園市中壢區松江北路16號,24.991637,121.249643,門牌
桃園市中壢區松江北路1號,24.985702,121.248440,門牌
桃園市中壢區松江北路24號,24.992809,121.249222,門牌
桃園市中壢區松江北路2號,24.985383,121.248698,門牌
桃園市中壢區松江南路11之1號,24.984371,121.247529,門牌
桃園市中壢區松江南路9號,24.983978,121.247198,門牌
桃園市中壢區松義路119號(5樓),24.960561,121.166492,門牌
桃園市中壢區榮安一街326號14樓之9,24.964054,121.257258,門牌
桃園市中壢區榮安十三街278號12樓,24.961483,121.258112,門牌
桃園市中壢區榮安十五街77之2號1樓,24.960637,121.259493,門牌
桃園市中壢區正義里廣州路225號2樓,24.952030,121.232419,路名
桃園市中壢區民族路242之1號1樓,24.956915,121.209365,門牌
桃園市中壢區民族路6段126號九樓之1,24.960092,121.163860,門牌
桃園市中壢區民族路二段180號,24.840913,121.235496,門牌
桃園市中壢區民族路五段238號,24.956843,121.209505,門牌
桃園市中壢區民族路六段330號,24.837591,121.234230,門牌
桃園市中壢區民族路六段360號,24.934699,121.197269,路名
桃園市中壢區民族路六段576巷39弄28號,24.934699,121.197269,路名
桃園市中壢區民族路六段642巷67號2、3、4樓,24.934699,121.197269,路名
桃園市中壢區民權路396、398號,24.980861,121.227918,路名
桃園市中壢區民權路3段1149號,24.991378,121.209009,門牌
桃園市中壢區民權路三段48號,25.035913,121.300129,門牌
桃園市中壢區水尾里新生路452號1樓,25.022240,121.140909,門牌
桃園市中壢區水尾里新生路二段334號,24.997634,121.215518,路名
桃園市中壢區水尾里永清街287號,24.982079,121.228044,門牌
桃園市中壢區永光里18鄰環北路49號(3樓),24.966139,121.217937,門牌
桃園市中壢區永光里環西路二段412號2樓,24.963160,121.210582,路名
桃園市中壢區永清街一段75巷2號,24.985697,121.228632,路名
桃園市中壢區永福路963號9樓之2,24.962890,121.252784,門牌
桃園市中壢區永福里2鄰西園路99號,24.976159,121.234373,路名
桃園市中壢區永福里中園路168-1號4樓,24.982782,121.234680,路名
桃園市中壢區永福里南園二路57巷6弄5號(1樓),24.971217,121.234150,門牌
桃園市中壢區永福里南園二路8之1號,24.973463,121.237266,門牌
桃園市中壢區永福里東園路14號,24.970140,121.240455,門牌
桃園市中壢區永福里東園路20號,24.971743,121.240105,門牌
桃園市中壢區永福里東園路30之2號,24.975639,121.240147,門牌
桃園市中壢區永福里東園路61號(1樓、2樓、4樓),24.980180,121.239267,門牌
桃園市中壢區永福里東園路67號,24.981296,121.239309,門牌
桃園市中壢區永福里西園路111之1號8樓,24.983826,121.235956,門牌
桃園市中壢區永福里西園路120巷5弄19號,24.978369,121.233137,門牌
桃園市中壢區永福里西園路43巷35號1樓,24.973884,121.235495,門牌
桃園市中壢區永福里西園路8-9號3樓,24.976159,121.234373,路名
桃園市中壢區永福里西園路99之1號,24.981319,121.234930,門牌
桃園市中壢區永能路47號(2樓),25.006928,121.203569,門牌
桃園市中壢區永興里中豐路249巷4號3樓,24.959159,121.219810,門牌
桃園市中壢區永興里永嘉街99號,24.959238,121.219990,門牌
桃園市中壢區洽溪路59號3樓,25.008320,121.206413,路名
桃園市中壢區洽溪路59號三樓,25.008320,121.206413,路名
桃園市中壢區洽溪里民權路四段485號4樓,24.980861,121.227918,路名
桃園市中壢區洽溪里永園路412號四樓之3,25.017817,121.208224,路名
桃園市中壢區洽溪里永明街50號(1樓),25.010460,121.201859,門牌
桃園市中壢區洽溪里領航北路一段316號,25.016738,121.212077,路名
桃園市中壢區溪洲街223號(1樓),24.960552,121.229260,門牌
桃園市中壢區溪洲街73號1樓,24.958208,121.230414,門牌
桃園市中壢區環中東路206巷22號6樓,24.963778,121.256972,門牌
桃園市中壢區環中東路206巷23號4樓,24.963308,121.256035,門牌
桃園市中壢區環中東路241號十四樓之3,24.963449,121.257274,門牌
桃園市中壢區環中東路二段312巷2號7樓,24.955127,121.245271,路名
桃園市中壢區環中東路二段616號3樓,24.955127,121.245271,路名
桃園市中壢區環北路398號10樓之7,24.965508,121.226253,門牌
桃園市中壢區環北路398號22樓之3,24.965508,121.226253,門牌
桃園市中壢區環北路398號2樓之2,24.965508,121.226253,門牌
桃園市中壢區環北路425巷42弄7號(1樓),24.967224,121.227011,門牌
桃園市中壢區環北路66號1樓,24.965898,121.218376,門牌
桃園市中壢區環溪三街1號12樓之1,25.006722,121.200156,門牌
桃園市中壢區環溪三街1號8樓之2,25.006722,121.200156,門牌
桃園市中壢區環西路二段352之15號八樓,24.963160,121.210582,路名
桃園市中壢區石頭里建國路100號1樓,25.052177,121.123204,門牌
桃園市中壢區立德西街45號,24.970958,121.259609,門牌
桃園市中壢區篤行里新中北路二段455號（1樓）,24.957023,121.248357,路名
桃園市中壢區篤行里興仁路2段696巷43號,24.956494,121.263550,門牌
桃園市中壢區篤行里華美一路16巷6號9樓,24.957491,121.262023,門牌
桃園市中壢區自信里普騰街38巷11號四樓,24.963943,121.255446,門牌
桃園市中壢區自信里永福路973號10樓之3,24.963284,121.252793,門牌
桃園市中壢區自信里環中東路206巷23號4樓,24.963308,121.256035,門牌
桃園市中壢區自信里莊敬路864號(1樓),24.963797,121.253925,門牌
桃園市中壢區自強一路11號,24.973920,121.244035,門牌
桃園市中壢區自強七路6之1號,24.968398,121.242223,門牌
桃園市中壢區自強三路6號,24.968522,121.243154,路名
桃園市中壢區自強四路3之2號1樓,24.972366,121.242234,門牌
桃園市中壢區自強四路3之2號2樓,24.972366,121.242234,門牌
桃園市中壢區自強里富國街35號9樓之3,24.968206,121.257862,門牌
桃園市中壢區自強里環中東路134號,24.964710,121.258081,門牌
桃園市中壢區自治里強國路53巷21號5樓,24.967069,121.258539,門牌
桃園市中壢區至善里後寮一路321巷19號1樓,24.936259,121.246749,門牌
桃園市中壢區興仁路2段488巷14號,24.960743,121.263716,門牌
桃園市中壢區興元路529號,24.940147,121.233248,路名
桃園市中壢區興南里元化路358號20樓之1,24.962132,121.223318,門牌
桃園市中壢區興南里延平路366號10樓,24.959741,121.224831,門牌
桃園市中壢區興南里延平路470號12樓,24.957965,121.223803,門牌
桃園市中壢區興和里新生路三段399巷1號(1樓),24.997634,121.215518,路名
桃園市中壢區興和里新生路二段393巷76號,24.997634,121.215518,路名
桃園市中壢區興平里中豐路17號3樓,24.950322,121.218290,門牌
桃園市中壢區興平里中豐路17號6樓,24.950322,121.218290,門牌
桃園市中壢區興隆五街32號1樓,24.965402,121.222156,門牌
桃園市中壢區舊明里中正路312號,24.861302,121.217661,門牌
桃園市中壢區芝芭里文平路70號8樓,25.004320,121.204290,門牌
桃園市中壢區芝芭里月桃路61號,25.005857,121.197675,門牌
桃園市中壢區芝芭里民權路三段1147號,24.980861,121.227918,路名
桃園市中壢區芝芭里民權路三段1147號1樓,24.980861,121.227918,路名
桃園市中壢區芝芭里領航南路一段135號,25.007977,121.214365,路名
桃園市中壢區莊敬路829巷43號12樓,24.963703,121.255042,門牌
桃園市中壢區莊敬里富村街71號1樓,24.968745,121.256287,門牌
桃園市中壢區莊敬里精忠二街12號8樓,24.971050,121.255875,門牌
桃園市中壢區莊敬里莊敬路84號（3樓）,24.971022,121.257068,門牌
桃園市中壢區華美一路33巷1號,24.956791,121.262506,門牌
桃園市中壢區西園路113號,24.984951,121.236824,門牌
桃園市中壢區西園路128號(一至三樓),24.976159,121.234373,路名
桃園市中壢區西園路148號,24.982126,121.234139,門牌
桃園市中壢區西園路77巷32弄35號(2樓),24.976159,121.234373,路名
桃園市中壢區過嶺路2段192巷20弄53號,24.969632,121.167160,門牌
桃園市中壢區過嶺路2段247號,24.969237,121.164111,門牌
桃園市中壢區過嶺里松勇一街75號8樓,24.962145,121.163849,門牌
桃園市中壢區過嶺里松德路67號1樓,24.959326,121.168262,門牌
桃園市中壢區過嶺里松義一街179號1樓,24.961776,121.166576,門牌
桃園市中壢區過嶺里民族路五段520號9樓,24.833455,121.233211,門牌
桃園市中壢區過嶺里福嶺路303號,24.970137,121.175365,門牌
桃園市中壢區過嶺里福嶺路95巷66弄41號(1樓),24.976778,121.178265,路名
桃園市中壢區過嶺里過嶺路一段11號,24.966041,121.168851,路名
桃園市中壢區過嶺里過嶺路二段530-6號,24.966041,121.168851,路名
桃園市中壢區遠東路79巷9號2樓,24.972264,121.263472,門牌
桃園市中壢區金華里環北路358號6樓之1,24.965646,121.224275,門牌
桃園市中壢區金鋒二街65巷2號,24.948944,121.247900,門牌
桃園市中壢區長樂街89巷4之3號4樓,24.974992,121.250347,門牌
桃園市中壢區青埔四街77號12樓,25.005594,121.219955,門牌
桃園市中壢區青埔里新生路3段805號,25.001931,121.215255,門牌
桃園市中壢區青埔里新生路三段741號1樓,24.997634,121.215518,路名
桃園市中壢區青埔里春德路159、169、189號,25.017062,121.211386,路名
桃園市中壢區青埔里春德路259號7樓,25.017062,121.211386,路名
桃園市中壢區青埔里致祥一街238巷15號,25.010242,121.215552,門牌
桃園市中壢區青埔里青埔八街36號,25.004340,121.220673,門牌
桃園市中壢區青埔里青埔四街81號8樓,25.005839,121.219853,門牌
桃園市中壢區青埔里青埔四街91號1樓,25.005883,121.220357,門牌
桃園市中壢區青埔里青峰路一段61號12樓,25.018845,121.222717,路名
桃園市中壢區青埔里青峰路二段41號3樓,25.018845,121.222717,路名
桃園市中壢區青埔里領航南路二段231號2樓,25.007977,121.214365,路名
桃園市中壢區青埔里領航南路二段235號3樓,25.007977,121.214365,路名
桃園市中壢區青埔里高鐵站前西路一段286號8樓之7,25.007455,121.220051,路名
桃園市中壢區青峰路1段39號7樓,25.018845,121.222717,路名
桃園市中壢區青峰路一段41號3樓,25.018845,121.222717,路名
桃園市中壢區青峰路二段78號1樓,25.018845,121.222717,路名
桃園市中壢區青溪里民權路四段277號七樓,24.980861,121.227918,路名
桃園市中壢區青溪里洽溪路57號5樓,25.008320,121.206413,路名
桃園市中壢區領航北路2段88號12樓之3,25.007551,121.202926,門牌
桃園市中壢區領航北路二段280號1樓,25.016738,121.212077,路名
桃園市中壢區領航南路3段320號2樓,25.011257,121.221197,門牌
桃園市中壢區領航南路三段307號16樓,25.007977,121.214365,路名
桃園市中壢區領航南路三段309號16樓,25.007977,121.214365,路名
桃園市中壢區領航南路三段319號15樓,25.007977,121.214365,路名
桃園市中壢區領航南路三段468號3樓之8,25.007977,121.214365,路名
桃園市中壢區高鐵站前西路一段268號2樓之3,25.007455,121.220051,路名
桃園市中壢區高鐵站前西路一段286號18樓之9,25.007455,121.220051,路名
桃園市中壢區高鐵站前西路一段286號7樓之5,25.007455,121.220051,路名
桃園市中壢區龍安里龍城新村5號1樓,24.933860,121.256699,門牌
桃園市中壢區龍安里龍東路百寧新村25號,24.933016,121.257380,門牌
桃園市中壢區龍岡路三段115巷65弄53號2樓,24.937472,121.233589,路名
桃園市中壢區龍岡路二段409號1樓,24.937472,121.233589,路名
桃園市中壢區龍岡路二段431號3樓,24.937472,121.233589,路名
桃園市中壢區龍岡里龍岡路3段559巷84號,24.930184,121.242562,門牌
桃園市中壢區龍岡里龍岡路3段662巷82號1樓,24.926421,121.240310,門牌
桃園市中壢區龍岡里龍岡路三段662巷15號,24.937472,121.233589,路名
桃園市中壢區龍岡里龍岡路三段692巷54號(1樓),24.937472,121.233589,路名
桃園市中壢區龍平里龍東路256號1樓,24.930583,121.254341,門牌
桃園市中壢區龍德里龍仁路8號2樓,24.935864,121.234244,門牌
桃園市中壢區龍德里龍岡路3段243巷63弄26衖14號,24.936394,121.236006,門牌
桃園市中壢區龍德里龍智路5號,24.936812,121.239243,門牌
桃園市中壢區龍德里龍興路401巷30號1樓,24.940378,121.241208,門牌
桃園市中壢區龍慈里龍川四街53號11樓,24.936568,121.245372,門牌
桃園市中壢區龍慈里龍慈路706號1樓,24.935407,121.238779,門牌
桃園市中壢區龍昌里龍昌路272巷2號,24.935554,121.249176,門牌
桃園市中壢區龍東路255巷22弄4號（1樓）,24.931091,121.253957,門牌
桃園市中壢區龍東里龍東十五街10號2樓,24.931664,121.249269,門牌
桃園市中壢區龍東里龍東路29巷28弄12號1樓,24.928829,121.249933,門牌
桃園市中壢區龍東里龍東路69號1樓,24.928811,121.250584,門牌
桃園市中壢區龍生街45號,24.948305,121.223358,門牌
桃園市中壢區龍興路564號,24.943563,121.243949,門牌
桃園市中壢區龍興路719號(1樓),24.946003,121.245761,門牌
桃園市八德區中山一路66巷2之2號,24.923396,121.283101,門牌
桃園市八德區介壽路一段86巷41號,24.940315,121.296799,路名
桃園市八德區介壽路二段1378巷5弄21號1樓,24.940315,121.296799,路名
桃園市八德區介壽路二段297號（2樓）,24.919304,121.292287,門牌
桃園市八德區介壽路二段498號,24.912029,121.288768,門牌
桃園市八德區介壽路二段533號,24.975036,121.302602,門牌
桃園市八德區介壽路二段565巷3弄55號,24.940315,121.296799,路名
桃園市八德區介壽路二段565巷40號2樓,24.940315,121.296799,路名
桃園市八德區介壽路二段923巷16號2樓,24.940315,121.296799,路名
桃園市八德區公園路142號20樓,24.958396,121.282111,路名
桃園市八德區力行街39號2樓,24.975248,121.300941,門牌
桃園市八德區力行街50巷28號,24.976531,121.300413,門牌
桃園市八德區和平路1125巷88號,24.956082,121.281618,路名
桃園市八德區和平路276巷5號,24.957033,121.306087,門牌
桃園市八德區和平路528巷88號1樓,24.954780,121.312623,門牌
桃園市八德區和平路540巷46號1樓,24.955924,121.312626,門牌
桃園市八德區和平路641之2號(2樓),24.956708,121.315444,門牌
桃園市八德區和平路772巷12號,24.956412,121.318332,門牌
桃園市八德區和平路772巷13號2樓,24.956531,121.318659,門牌
桃園市八德區和平路825巷4弄22號,24.959338,121.318648,門牌
桃園市八德區和平路963號1樓,24.960974,121.319946,門牌
桃園市八德區大仁里和平路1441巷22弄4衖8號,24.969998,121.322434,門牌
桃園市八德區大信里榮興路835巷10號(1樓),24.940426,121.305365,門牌
桃園市八德區大勇里忠勇六街81巷2號（1樓）,24.966128,121.305378,門牌
桃園市八德區大勇里忠勇街418巷10號8樓,24.969651,121.304897,門牌
桃園市八德區大千里忠勇街60巷1號,24.959461,121.304754,門牌
桃園市八德區大同里福國北街92號5樓之1,24.961253,121.295418,門牌
桃園市八德區大和里大和路82號10樓,24.954567,121.296778,門牌
桃園市八德區大和里建國路1178巷2之1號,24.957003,121.298137,門牌
桃園市八德區大和里文昌街98巷14號,24.953256,121.294101,門牌
桃園市八德區大和里金和路38號18樓,24.955768,121.297275,門牌
桃園市八德區大和里銀和街71巷6號4樓之6,24.956276,121.298222,門牌
桃園市八德區大安里興豐路2133號2樓,24.951600,121.322321,門牌
桃園市八德區大安里長安街61號,24.952129,121.316608,門牌
桃園市八德區大安里長安街63號,24.951573,121.317156,門牌
桃園市八德區大宏里公園路142號8樓,24.958396,121.282111,路名
桃園市八德區大強里2鄰東勇街616巷80號,24.971674,121.311352,門牌
桃園市八德區大強里東勇街400巷4弄45號1樓,24.964912,121.311223,門牌
桃園市八德區大忠里大忠街118巷4號,24.958259,121.300035,門牌
桃園市八德區大愛里重慶街177巷35弄5號,24.956959,121.303681,門牌
桃園市八德區大成里廣福路125巷1號,24.959225,121.296218,門牌
桃園市八德區大成里福國街125巷39號(1樓),24.956889,121.294558,門牌
桃園市八德區大明里27鄰興隆街25巷38號1樓,24.966878,121.326124,門牌
桃園市八德區大智路105號9樓,24.964456,121.296469,門牌
桃園市八德區大智里大智路146號9樓,24.964939,121.295893,門牌
桃園市八德區大智里大智路17號2樓,24.964136,121.299701,門牌
桃園市八德區大智里永福西街112巷10號2樓,24.963884,121.295459,門牌
桃園市八德區大智里永福西街74號地下室,24.963656,121.296324,門牌
桃園市八德區大榮里介壽路1段645巷2弄6號,24.966609,121.301178,門牌
桃園市八德區大榮里大義街63號（1樓）,24.965315,121.302228,門牌
桃園市八德區大正里6鄰青溪街22號,24.972219,121.301006,門牌
桃園市八德區大正里正福街40號15樓,24.971701,121.298758,門牌
桃園市八德區大正里正福街55號7樓,24.971943,121.298488,門牌
桃園市八德區大湳里和平路295號2樓,24.957748,121.306933,門牌
桃園市八德區大湳里和平路411巷102號2樓,24.959808,121.309877,門牌
桃園市八德區大湳里和平路411巷368弄7號1樓,24.964615,121.313990,門牌
桃園市八德區大湳里和平路825巷4弄22號,24.959338,121.318648,門牌
桃園市八德區大湳里和平路961巷32弄10衖9號6樓,24.961609,121.319405,門牌
桃園市八德區大湳里和平路991巷123弄107號15樓,24.956082,121.281618,路名
桃園市八德區大湳里和平路991巷58弄17衖4號,24.965036,121.319836,門牌
桃園市八德區大漢里義勇街120號5樓,24.963427,121.304373,門牌
桃園市八德區大漢里義勇街123號3樓,24.963669,121.304412,門牌
桃園市八德區大漢里義勇街130號4樓,24.963365,121.304875,門牌
桃園市八德區大漢里義勇街138巷6弄5號3樓,24.963137,121.304977,門牌
桃園市八德區大漢里義勇街142之1號三樓,24.963198,121.305500,門牌
桃園市八德區大發里和平路772巷20號,24.955990,121.318754,門牌
桃園市八德區大發里和成路23號1樓,24.961944,121.322332,門牌
桃園市八德區大發里和成路54號,24.959725,121.323386,門牌
桃園市八德區大發里和成路60號,24.959481,121.323603,門牌
桃園市八德區大發里富榮街10號,24.957162,121.319224,門牌
桃園市八德區大發里後庄街33巷6號,24.957122,121.324223,門牌
桃園市八德區大發里後庄街68號,24.957738,121.326402,門牌
桃園市八德區大發里福德一路177巷108號(1樓),24.962608,121.328847,門牌
桃園市八德區大福里介壽路一段86巷24號,24.940315,121.296799,路名
桃園市八德區大福里力行街50巷15弄5號（1樓）,24.976413,121.300049,門牌
桃園市八德區大興里和平路276巷7號5樓,24.957033,121.306087,門牌
桃園市八德區大興里和平路342號,24.957585,121.307982,門牌
桃園市八德區大興里指玄街298號6樓,24.954531,121.308611,路名
桃園市八德區大興里榮興路189巷126號,24.949814,121.307204,路名
桃園市八德區大華里介壽路2段583巷106號1樓,24.943347,121.300744,門牌
桃園市八德區大華里介壽路二段133巷105號13樓,24.940315,121.296799,路名
桃園市八德區大華里介壽路二段361巷63弄2號,24.940315,121.296799,路名
桃園市八德區大華里介壽路二段361巷63弄2號1樓,24.940315,121.296799,路名
桃園市八德區大順里介壽路2段361巷42弄46衖18號,24.946680,121.298533,門牌
桃園市八德區富榮街125巷7號之1,24.955841,121.322212,路名
桃園市八德區富榮街232之4號,24.956032,121.323143,門牌
桃園市八德區崁頂路362號,24.950733,121.266700,路名
桃園市八德區廣德里廣興路493號,24.941546,121.284323,門牌
桃園市八德區廣德里廣興路494號,24.942216,121.284673,門牌
桃園市八德區廣德里廣興路575巷95弄14號1樓,24.943409,121.281753,門牌
桃園市八德區廣德里建國路870巷8號,24.952457,121.291939,門牌
桃園市八德區廣德里新興路113號,24.951561,121.288877,門牌
桃園市八德區廣德里新興路121號,24.951498,121.288599,門牌
桃園市八德區廣德里聯華街41號,24.941883,121.279252,門牌
桃園市八德區廣德里聯華街42號,24.940853,121.278084,門牌
桃園市八德區廣福路1182巷65號,24.958568,121.267158,門牌
桃園市八德區廣福路879巷177弄15衖6號,24.956007,121.275288,門牌
桃園市八德區廣福路879巷177弄21號,24.959279,121.287642,路名
桃園市八德區廣興路109巷19號3樓,24.945651,121.282623,路名
桃園市八德區廣興里仁德一路19號4樓,24.935329,121.289750,路名
桃園市八德區廣興里廣福路451巷5弄1之7號,24.959279,121.287642,路名
桃園市八德區廣興里廣福路759號,24.960647,121.280469,門牌
桃園市八德區廣豐路141號9樓,24.967262,121.299196,門牌
桃園市八德區廣隆街187號1樓,24.959047,121.292035,門牌
桃園市八德區廣隆里廣福路770巷66號,24.962072,121.280094,門牌
桃園市八德區建國路50巷8號（1樓）,24.935143,121.274313,路名
桃園市八德區後庄街112巷5號(1樓),24.958201,121.327627,門牌
桃園市八德區後庄街33巷14號(1樓),24.957757,121.323689,門牌
桃園市八德區忠勇街321號1樓,24.964935,121.303544,門牌
桃園市八德區思源街42號1樓,24.973082,121.300973,門牌
桃園市八德區指玄街288巷76號,24.954531,121.308611,路名
桃園市八德區新興路1142號,24.939802,121.271973,門牌
桃園市八德區明光街49巷23號之2‧11樓,24.982965,121.278847,門牌
桃園市八德區東勇北路173號,24.968847,121.306485,路名
桃園市八德區東勇街22號（1樓）,24.958160,121.306836,門牌
桃園市八德區東勇街400巷266弄2號,24.967044,121.316029,門牌
桃園市八德區東勇街560巷1弄21號,24.969603,121.309989,門牌
桃園市八德區桃和街101巷41號(1樓),24.969701,121.325498,門牌
桃園市八德區榮興南路50號1樓,24.948090,121.306920,門牌
桃園市八德區榮興路130號,24.953089,121.310124,門牌
桃園市八德區榮興路189巷160弄11號1樓,24.946404,121.310862,門牌
桃園市八德區永福西街13號(1樓),24.962670,121.299385,門牌
桃園市八德區永豐路188號,24.965868,121.278016,門牌
桃園市八德區永豐路236巷12號,24.967019,121.278204,門牌
桃園市八德區永豐里國聯街24號1樓,24.872745,121.232684,門牌
桃園市八德區永豐里永豐路392號,24.971980,121.275139,門牌
桃園市八德區永豐里永豐路422號1樓,24.972506,121.274673,門牌
桃園市八德區永豐里開隆街76巷70號,24.973253,121.276388,門牌
桃園市八德區瑞德里豐德路141號,24.925019,121.291866,門牌
桃園市八德區瑞德里豐德路89巷85號1樓,24.924555,121.291894,門牌
桃園市八德區瑞泰里介壽路2段535號,24.940315,121.296799,路名
桃園市八德區瑞泰里介壽路2段731號,24.938028,121.297710,門牌
桃園市八德區瑞泰里介壽路二段490巷17弄4衖24號1樓,24.940315,121.296799,路名
桃園市八德區瑞泰里介壽路二段917號1樓,24.905876,121.285494,門牌
桃園市八德區瑞泰里瑞源街46號,24.940312,121.295738,門牌
桃園市八德區瑞源街36號,24.940381,121.295973,門牌
桃園市八德區瑞源街7號,24.940250,121.296701,門牌
桃園市八德區瑞發里介壽路二段1040號1樓,24.940315,121.296799,路名
桃園市八德區瑞祥里介壽路二段1233巷99號(2樓),24.940315,121.296799,路名
桃園市八德區瑞興里豐田六路25巷1號四樓,24.932365,121.289900,路名
桃園市八德區瑞豐里友聯街29巷28號,24.928892,121.291812,門牌
桃園市八德區瑞豐里友聯街52號,24.928000,121.290484,門牌
桃園市八德區瑞豐里興豐路459號,24.934179,121.299648,路名
桃園市八德區瑞豐里豐德路298號5樓之7,24.925203,121.293136,路名
桃園市八德區瑞豐里豐成街39號,24.931586,121.291908,門牌
桃園市八德區瑞豐里豐田一路49號7樓,24.926548,121.288642,門牌
桃園市八德區瑞豐里豐田一路5號2樓,24.926605,121.289582,門牌
桃園市八德區瑞豐里豐田六路30號(1樓),24.931780,121.289681,門牌
桃園市八德區瑞豐里豐田路87號（3樓）,24.929546,121.289434,路名
桃園市八德區白鷺里廣福路1182巷41號2樓,24.958296,121.268440,門牌
桃園市八德區白鷺里廣福路858號,24.959720,121.275151,門牌
桃園市八德區白鷺里廣福路879巷174號,24.956688,121.276244,門牌
桃園市八德區白鷺里廣福路879巷180號,24.956359,121.276260,門牌
桃園市八德區白鷺里成功街20巷75弄32衖12號(1樓),24.966162,121.282687,門牌
桃園市八德區福元里仁德一路26號3樓,24.935329,121.289750,路名
桃園市八德區福德一路50號,24.966272,121.328766,門牌
桃園市八德區福興里5鄰豐田五街8號13樓,24.930663,121.288532,門牌
桃園市八德區福興里9鄰廣興路316巷10號,24.937794,121.285926,門牌
桃園市八德區福興里廣興三路20號,24.934535,121.283943,門牌
桃園市八德區福興里豐田七街28號（2樓）,24.931836,121.288671,路名
桃園市八德區竹園里新興路1325號,24.971936,121.242720,路名
桃園市八德區竹園里新興路988號1樓,24.942022,121.276393,門牌
桃園市八德區聯明一街3號,24.969078,121.277797,門牌
桃園市八德區聯明二街2號,24.968916,121.278983,門牌
桃園市八德區聯明街5號,24.968595,121.278123,門牌
桃園市八德區聯華街39號1樓,24.942371,121.279435,門牌
桃園市八德區興仁里建德路132號10樓,24.933562,121.281202,路名
桃園市八德區興仁里興豐路372號10樓,24.929287,121.288208,門牌
桃園市八德區興仁里豐田三路95號5樓,24.928154,121.286338,門牌
桃園市八德區興仁里豐田路125號,24.929546,121.289434,路名
桃園市八德區興豐路575巷28號5樓,24.934179,121.299648,路名
桃園市八德區興豐路706號,24.931120,121.296728,門牌
桃園市八德區茄明里明光街44巷12號1樓,24.983262,121.280197,門牌
桃園市八德區茄明里明光街49巷19號之2，十一樓,24.982963,121.279001,門牌
桃園市八德區茄明里茄苳路93巷13號1樓,24.983263,121.281345,門牌
桃園市八德區茄苳路760巷16號,24.969543,121.279084,門牌
桃園市八德區茄苳里寶豐街15巷19弄7號1樓,24.965247,121.276490,門牌
桃園市八德區茄苳里寶豐街15巷2弄11衖6號,24.965844,121.275826,門牌
桃園市八德區茄苳里寶豐街15巷2弄12號,24.965637,121.275909,門牌
桃園市八德區茄苳里永興街1號,24.974407,121.275355,門牌
桃園市八德區茄苳里永豐路326號,24.969855,121.276747,門牌
桃園市八德區茄苳里永豐路416巷30號,24.972731,121.275853,門牌
桃園市八德區茄苳里泰豐街57號,24.970579,121.277165,門牌
桃園市八德區茄苳里聯明街8號,24.968235,121.278137,門牌
桃園市八德區茄苳里華康街209號,24.970213,121.269683,門牌
桃園市八德區華康街181巷61弄6號(1樓),24.971520,121.270722,門牌
桃園市八德區華康街207巷22弄28號(2樓),24.969732,121.270614,門牌
桃園市八德區華康街272號,24.968622,121.269456,門牌
桃園市八德區華康街75號,24.974228,121.270176,門牌
桃園市八德區豐吉路50巷40號(3樓),24.926595,121.292286,門牌
桃園市八德區豐德路270號12樓,24.925203,121.293136,路名
桃園市八德區豐成街22號,24.932205,121.292393,門牌
桃園市八德區豐田三路72號,24.928692,121.287716,門牌
桃園市八德區豐田二路86號(1樓),24.927690,121.287101,門牌
桃園市八德區重慶街177巷23弄1號1樓,24.956683,121.303792,門牌
桃園市八德區長安街306號,24.950224,121.317430,門牌
桃園市八德區開隆街56巷6號,24.973811,121.275704,門牌
桃園市八德區霄裡里龍南路477號1樓,24.918247,121.255438,門牌
桃園市八德區高城五街10巷12號2樓,24.977492,121.276316,門牌
桃園市八德區高城里高城二街9巷8號(1樓),24.979344,121.275687,門牌
桃園市八德區高明里富城街100號1樓,24.977425,121.274083,門牌
桃園市八德區高明里高城七街5巷20之3號,24.977263,121.276470,門牌
桃園市八德區高明里高城九街21號1樓,24.975823,121.276855,門牌
桃園市八德區龍友里龍宮街33巷26弄27號,24.926245,121.257213,門牌
桃園市大園區三民路二段138巷10號(1樓),24.974948,121.249678,路名
桃園市大園區三石里三和路28巷13號,25.070784,121.257396,門牌
桃園市大園區三石里三和路28巷6號,25.071665,121.257995,門牌
桃園市大園區三石里三塊石7之68號1樓,25.069438,121.247049,門牌
桃園市大園區中山北路207號1樓,25.069190,121.194079,門牌
桃園市大園區中山北路246號,25.071138,121.192094,門牌
桃園市大園區中山北路282號,25.077090,121.185447,門牌
桃園市大園區中山南路136巷5弄9之1號(2樓),25.060231,121.198342,門牌
桃園市大園區中山南路190號1樓,25.060074,121.198854,門牌
桃園市大園區中山南路233號,25.060051,121.199802,門牌
桃園市大園區中正東路二段530號,25.029554,121.225961,路名
桃園市大園區中正西路45之1號,25.063090,121.194038,門牌
桃園市大園區五權里中正東路三段61巷123號,25.029554,121.225961,路名
桃園市大園區五權里中正東路二段511巷11弄36號,25.029554,121.225961,路名
桃園市大園區五權里中正東路二段558巷117弄10號,25.029554,121.225961,路名
桃園市大園區五權里五福路779巷36號,25.032516,121.221867,門牌
桃園市大園區五權里五青路150巷26號,25.022144,121.236156,門牌
桃園市大園區五權里五青路183巷20號1樓,25.019958,121.235388,門牌
桃園市大園區五福路370號,25.029070,121.237685,路名
桃園市大園區五青路150巷12號,25.021402,121.236396,門牌
桃園市大園區五青路291巷33號,25.018842,121.232778,門牌
桃園市大園區光明街5巷13號(1樓),25.109275,121.251028,門牌
桃園市大園區內海里中山北路244號,25.070547,121.192802,門牌
桃園市大園區內海里中山北路246號,25.071138,121.192094,門牌
桃園市大園區內海里中山北路264號,25.076057,121.186768,門牌
桃園市大園區內海里民族街11號,24.995161,121.324915,門牌
桃園市大園區內海里民族街7之1號一樓,24.938625,121.188475,路名
桃園市大園區內海里民生路109號,24.847604,121.227956,門牌
桃園市大園區內海里民生路199號,24.846597,121.225830,門牌
桃園市大園區內海里濱海路三段126巷21弄20-1號1樓,25.079214,121.181859,路名
桃園市大園區內海里濱海路三段135號,25.079214,121.181859,路名
桃園市大園區內海里濱海路三段52巷31號(一樓),25.079214,121.181859,路名
桃園市大園區內海里濱海路三段52巷6號,25.079214,121.181859,路名
桃園市大園區北港里16鄰大工路39號,25.074897,121.175534,門牌
桃園市大園區北港里大工路126號,25.072940,121.177702,門牌
桃園市大園區北港里大工路136號,25.076901,121.175797,門牌
桃園市大園區北港里大工路19號,25.068736,121.178719,門牌
桃園市大園區北港里大觀路536號(1樓),25.064958,121.181972,門牌
桃園市大園區北港里工三路7號,25.067463,121.180214,路名
桃園市大園區北港里工五路11號,25.073211,121.174417,門牌
桃園市大園區北港里工五路7號,25.072523,121.174800,門牌
桃園市大園區北港里潮音二路771號,25.068437,121.159252,門牌
桃園市大園區南港里14鄰大觀路1249號,25.055250,121.160402,門牌
桃園市大園區南港里南和路185-47號2樓,25.046649,121.171279,路名
桃園市大園區南港里大觀路1083號,25.057564,121.165607,門牌
桃園市大園區南港里大觀路1229巷1弄38號,25.055901,121.162314,門牌
桃園市大園區和平西路2段110號,25.038644,121.182811,門牌
桃園市大園區和平西路二段150號,25.056970,121.196241,門牌
桃園市大園區和平里和平西路二段143號,25.050003,121.190941,路名
桃園市大園區國際路一段181號,25.002227,121.274232,路名
桃園市大園區圳頭里中華路507號1樓,25.074206,121.208960,門牌
桃園市大園區圳頭里濱海路二段198號,25.079214,121.181859,路名
桃園市大園區埔心街50之5號1樓,25.052464,121.224069,門牌
桃園市大園區埔心里16鄰航勤北路10之1號,25.090923,121.246256,門牌
桃園市大園區埔心里16鄰航勤北路15號,25.086969,121.245554,門牌
桃園市大園區埔心里16鄰航站南路1號,25.068331,121.221868,門牌
桃園市大園區埔心里埔心街59之65號,25.053650,121.226238,門牌
桃園市大園區埔心里航勤南路5之1號,25.087143,121.245698,路名
桃園市大園區大園里中山北路100巷30號(1樓),25.066686,121.197487,門牌
桃園市大園區大園里中山北路160之4號1樓,25.067790,121.196049,門牌
桃園市大園區大園里中正東路21號,25.064138,121.198235,門牌
桃園市大園區大園里中華路52號1樓,25.066932,121.198907,門牌
桃園市大園區大園里信義街32號,24.972181,121.100269,門牌
桃園市大園區大園里國際路1段323號1樓,25.002227,121.274232,路名
桃園市大園區大園里新生北路122號2樓,25.068491,121.195709,門牌
桃園市大園區大園里新生路169巷3號(1樓),25.063631,121.201088,門牌
桃園市大園區大園里新生路50巷5號1樓,25.065179,121.199294,門牌
桃園市大園區大園里新生路98號2樓,25.064232,121.200104,門牌
桃園市大園區大工路39號,25.074897,121.175534,門牌
桃園市大園區大智路103號,24.964439,121.296549,門牌
桃園市大園區大竹南路213巷80弄76號1樓,25.040761,121.235529,門牌
桃園市大園區大興路97之2號4樓,24.981989,121.292511,路名
桃園市大園區大觀路1090號,25.056014,121.160223,門牌
桃園市大園區大觀路269號,25.065468,121.187822,門牌
桃園市大園區工一路15號,25.066417,121.177684,門牌
桃園市大園區工四路17號,25.072288,121.179049,門牌
桃園市大園區後厝里國際路二段203號,25.002227,121.274232,路名
桃園市大園區新南里園航路391之10號2樓,25.051139,121.174823,門牌
桃園市大園區橫峰里中山南路2段22巷56號,24.988504,121.170746,路名
桃園市大園區橫峰里中山南路二段168號,25.060479,121.198548,門牌
桃園市大園區橫峰里大成路一段2號6樓,24.907477,121.145860,門牌
桃園市大園區橫峰里大成路一段8號5樓,24.924855,121.155496,路名
桃園市大園區橫峰里民生南路253號,25.062286,121.203441,門牌
桃園市大園區橫峰里青峰路二段176號六樓,25.018845,121.222717,路名
桃園市大園區橫峰里領航北路四段26號（3樓）,25.016738,121.212077,路名
桃園市大園區橫峰里高鐵北路二段109號(1樓),25.020256,121.221163,路名
桃園市大園區橫峰里高鐵北路二段98號四樓,25.020256,121.221163,路名
桃園市大園區民族街4號,24.995294,121.324705,門牌
桃園市大園區民權路12號,25.051101,121.118571,門牌
桃園市大園區民生路109號,24.847604,121.227956,門牌
桃園市大園區民生路119之1號,25.076482,121.190258,門牌
桃園市大園區水源路313號,25.052267,121.204341,門牌
桃園市大園區沙崙里2鄰西濱路一段127號,25.102990,121.216515,路名
桃園市大園區海口里光明街5巷13號（2樓）,25.109275,121.251028,門牌
桃園市大園區海口里建國路148號,24.844246,121.233423,門牌
桃園市大園區海港路530號,25.108274,121.230480,門牌
桃園市大園區溪海里8鄰聖德北路68號,25.047808,121.190423,門牌
桃園市大園區溪海里和平西路一段686號1樓,25.050003,121.190941,路名
桃園市大園區溪海里崙頂38號,25.047039,121.188800,路名
桃園市大園區溪海里平成路127巷26號,25.033604,121.184153,路名
桃園市大園區潮音一路406之1號（2樓）,25.064285,121.162483,路名
桃園市大園區濱海路三段407巷26號,25.079214,121.181859,路名
桃園市大園區濱海路二段208號,25.079214,121.181859,路名
桃園市大園區環區西路280號,25.053178,121.166715,門牌
桃園市大園區田心里2鄰大觀路500巷21號,25.055604,121.161795,路名
桃園市大園區田心里中正西路45之1號,25.063090,121.194038,門牌
桃園市大園區田心里國際路一段173號,25.002227,121.274232,路名
桃園市大園區田心里大觀路116號,25.065272,121.193766,門牌
桃園市大園區田心里大觀路178號,25.065898,121.192184,門牌
桃園市大園區田心里大觀路356號,25.065764,121.187601,門牌
桃園市大園區田心里新興路103巷28號,25.062548,121.195943,門牌
桃園市大園區田心里新興路239號(1樓),24.948847,121.207126,門牌
桃園市大園區田心里華興路1段3號1樓,25.056118,121.195995,門牌
桃園市大園區田心里華興路二段435巷286號1樓,25.046954,121.182051,路名
桃園市大園區福德路100號三樓,24.975423,121.258035,門牌
桃園市大園區竹圍里海方厝32之2號,25.099249,121.237490,路名
桃園市大園區竹圍里航翔路107號3樓W3028室,25.096866,121.252792,門牌
桃園市大園區致遠一路19號1樓,25.005222,121.211429,門牌
桃園市大園區致遠一路19號（1樓）,25.005222,121.211429,門牌
桃園市大園區航勤北路3號,25.088859,121.250688,門牌
桃園市大園區航勤北路8-1號,25.088817,121.245251,路名
桃園市大園區航站北路608號,25.068798,121.222085,路名
桃園市大園區航站南路1之1號,25.068446,121.222054,門牌
桃園市大園區航站南路6號,25.067852,121.223836,門牌
桃園市大園區航站南路9號,25.077078,121.232515,門牌
桃園市大園區航翔路101號,25.096751,121.255035,門牌
桃園市大園區菓林里38鄰三民路二段438巷15號1樓,24.974948,121.249678,路名
桃園市大園區菓林里三民路2段492巷66號1樓,24.974948,121.249678,路名
桃園市大園區菓林里三民路二段337巷30弄8號,24.974948,121.249678,路名
桃園市大園區菓林里三民路二段356號1樓,24.974948,121.249678,路名
桃園市大園區菓林里三民路二段460號一樓,24.974948,121.249678,路名
桃園市大園區華興路73號(1樓),25.062687,121.193918,門牌
桃園市大園區青峰路二段176號7樓,25.018845,121.222717,路名
桃園市大園區青峰里大豐二街70號八樓,25.022441,121.220796,門牌
桃園市大園區青峰里青峰路二段176號7樓,25.018845,121.222717,路名
桃園市大園區青峰里領航北路四段352號7樓,25.016738,121.212077,路名
桃園市大園區高鐵北路三段100號,25.020256,121.221163,路名
桃園市大園區高鐵北路二段135巷88號,25.020256,121.221163,路名
桃園市大溪區一德里中華路436號,24.976507,121.106476,門牌
桃園市大溪區一德里勝利街67號(1樓),24.873781,121.284362,門牌
桃園市大溪區一德里大漢街39號6樓,24.876509,121.289578,門牌
桃園市大溪區一德里康莊路699巷5號,24.865210,121.285051,門牌
桃園市大溪區一德里康莊路828巷1弄11號,24.864296,121.283179,門牌
桃園市大溪區一心里中正東路35號1樓,24.882270,121.289729,門牌
桃園市大溪區一心里慈湖路111號7樓,24.881520,121.289002,門牌
桃園市大溪區一心里文化路129巷17號,24.879225,121.292625,門牌
桃園市大溪區一心里文化路162之3號,24.935541,121.208959,路名
桃園市大溪區仁和路2段412號,24.907770,121.259901,門牌
桃園市大溪區仁和路二段349號,24.904387,121.265546,路名
桃園市大溪區仁和里仁和二街131號2樓,24.898259,121.275981,門牌
桃園市大溪區仁和里仁和二街261號(1樓),24.900402,121.274252,門牌
桃園市大溪區仁善里8鄰仁德五街136號,24.915986,121.283589,門牌
桃園市大溪區仁善里仁德九街80號1樓,24.914560,121.283921,門牌
桃園市大溪區仁善里仁德二街187號(2樓),24.910775,121.281830,門牌
桃園市大溪區仁善里仁德北街65號,24.915059,121.284174,門牌
桃園市大溪區仁善里介壽路575號,24.912673,121.289632,門牌
桃園市大溪區仁善里埔頂路二段80號(1樓),24.957287,121.114517,門牌
桃園市大溪區仁德二街173號2樓,24.910865,121.281713,門牌
桃園市大溪區仁德八街29號2樓,24.912462,121.283967,門牌
桃園市大溪區仁愛里仁和路一段176號（1樓）,24.904387,121.265546,路名
桃園市大溪區仁愛里儲蓄路196巷20號,24.906342,121.273289,門牌
桃園市大溪區仁愛里儲蓄路90號,24.904506,121.272668,門牌
桃園市大溪區仁愛里公園三街51巷19號,24.904217,121.281447,門牌
桃園市大溪區仁愛里公園三街51巷32號(3樓),24.903360,121.276342,門牌
桃園市大溪區仁愛里公園三街51巷33弄7號1樓,24.904319,121.281562,門牌
桃園市大溪區仁愛里埔頂五街87號一樓,24.904644,121.277141,門牌
桃園市大溪區仁文里員林路1段3巷9號17樓,24.898016,121.284487,門牌
桃園市大溪區仁文里自強街54巷2弄15號,24.901313,121.286190,門牌
桃園市大溪區仁文里華興街13巷2弄3之1號,24.899712,121.284963,門牌
桃園市大溪區仁文里華興街18巷2弄10號1樓,24.898999,121.284839,門牌
桃園市大溪區仁武里介壽路706號(一樓),24.905658,121.285016,門牌
桃園市大溪區仁美街22巷10號,24.910842,121.287965,門牌
桃園市大溪區仁義里介壽路83巷78弄10號,24.920961,121.295913,門牌
桃園市大溪區介壽路236號,24.940315,121.296799,路名
桃園市大溪區介壽路693號1樓,24.911059,121.288665,門牌
桃園市大溪區光明里三元一街113巷52號,24.884982,121.271719,門牌
桃園市大溪區光明里齋明街38巷13號1樓,24.885359,121.271693,門牌
桃園市大溪區內柵路一段87號1樓,24.858067,121.280728,路名
桃園市大溪區公園三街161號,24.902345,121.278907,門牌
桃園市大溪區勝利街97巷8號6樓,24.873101,121.283920,門牌
桃園市大溪區南興里17鄰三塊厝2之30號,24.907648,121.255819,路名
桃園市大溪區南興里17鄰南興路二段346巷118號(一樓),24.893938,121.263813,路名
桃園市大溪區南興里仁和路2段113號,24.902964,121.267330,門牌
桃園市大溪區南興里仁和路2段37巷56號,24.901663,121.268825,門牌
桃園市大溪區南興里仁和路2段61巷21號,24.905825,121.271324,門牌
桃園市大溪區南興里仁和路二段37巷30號,24.904387,121.265546,路名
桃園市大溪區南興里仁和路二段402號,24.904387,121.265546,路名
桃園市大溪區南興里仁和路二段483之1號,24.904387,121.265546,路名
桃園市大溪區南興里仁和路二段571巷26號,24.904387,121.265546,路名
桃園市大溪區南興里仁和路二段61巷27號,24.904387,121.265546,路名
桃園市大溪區南興里南興路二段346巷118號,24.893938,121.263813,路名
桃園市大溪區南興里永昌路189號1樓,24.899173,121.263435,門牌
桃園市大溪區員林路2段440號,24.883286,121.266706,門牌
桃園市大溪區員林路二段173巷21號10樓,24.888197,121.270918,路名
桃園市大溪區員林路二段432號1樓,24.888197,121.270918,路名
桃園市大溪區員林里6鄰員林路2段336巷12號,24.885399,121.269117,門牌
桃園市大溪區員林里員林路二段416巷40弄13號1樓,24.888197,121.270918,路名
桃園市大溪區員林里員林路二段416巷40弄15號1樓,24.888197,121.270918,路名
桃園市大溪區埔頂六街170號（1樓）,24.904047,121.278894,門牌
桃園市大溪區大鶯路1320巷46號,24.926827,121.314625,門牌
桃園市大溪區大鶯路1320巷60號,24.926853,121.315259,門牌
桃園市大溪區大鶯路1589號,24.919856,121.306698,路名
桃園市大溪區大鶯路1633號,24.933553,121.319820,門牌
桃園市大溪區大鶯路479號,24.906812,121.294851,門牌
桃園市大溪區安和路59之6號,24.856616,121.281770,路名
桃園市大溪區安和路65號,24.856198,121.282271,門牌
桃園市大溪區康安里內柵路1段2之12號1樓,24.860636,121.281926,門牌
桃園市大溪區康安里內柵路一段2之10號,24.858067,121.280728,路名
桃園市大溪區康安里瑞安路2段138巷12-1號,24.874636,121.280045,路名
桃園市大溪區康莊路96號,24.882200,121.288079,門牌
桃園市大溪區慈康路208巷30號(1樓),24.867046,121.286525,門牌
桃園市大溪區文化路129巷36弄3號3樓,24.935541,121.208959,路名
桃園市大溪區文化路85之6號7樓,24.881218,121.293275,門牌
桃園市大溪區新峰里三民路一段523號2樓,24.974948,121.249678,路名
桃園市大溪區瑞源里20鄰員東路511號,24.884618,121.251139,門牌
桃園市大溪區瑞源里員東路16號,24.882642,121.265441,門牌
桃園市大溪區瑞源里員東路235巷53號1樓,24.884339,121.258043,門牌
桃園市大溪區瑞源里石園路680巷38號5樓,24.866567,121.253141,門牌
桃園市大溪區瑞興里大鶯路1020巷50號(1樓),24.921148,121.306156,門牌
桃園市大溪區瑞興里大鶯路811巷19號1樓,24.918814,121.300777,門牌
桃園市大溪區瑞興里瑞興國宅3號1樓,24.890678,121.280253,路名
桃園市大溪區石園路294號,24.874857,121.261513,路名
桃園市大溪區福仁里康莊路10巷2號,24.884356,121.288273,門牌
桃園市大溪區福仁里康莊路10巷2號（2樓）,24.884356,121.288273,門牌
桃園市大溪區福安里復興路一段218巷408號,24.906573,121.284535,路名
桃園市大溪區福居街70號(1樓),24.897739,121.281994,路名
桃園市大溪區美華里15鄰金山路39巷25號,24.861495,121.281559,路名
桃園市大溪區美華里美山路一段151巷21弄68號,24.874583,121.301327,路名
桃園市大溪區美華里金山路235號,24.875148,121.310800,門牌
桃園市大溪區義和里康莊路3段584號,24.847647,121.273680,門牌
桃園市大溪區義和里康莊路三段632號,24.858465,121.279596,路名
桃園市大溪區華興街13巷1弄11之2號,24.899278,121.284529,門牌
桃園市平鎮區上海路120巷45號,24.912281,121.207885,門牌
桃園市平鎮區中庸路1段129號,24.908567,121.200503,門牌
桃園市平鎮區中正里龍江路80巷6號,24.930257,121.257656,門牌
桃園市平鎮區中豐路1段287之1號,24.902142,121.211940,路名
桃園市平鎮區中豐路670巷3號(1樓),24.933046,121.214495,門牌
桃園市平鎮區北安里承德路18號,24.949144,121.220092,門牌
桃園市平鎮區北安里承德路91號（2樓）,24.949641,121.220470,路名
桃園市平鎮區北富里金陵路三段150巷52號,24.927143,121.227152,路名
桃園市平鎮區北富里金陵路三段261號1樓,24.927143,121.227152,路名
桃園市平鎮區北富里金陵路三段262號,24.944368,121.222015,門牌
桃園市平鎮區北富里金陵路三段90號,24.948554,121.222680,門牌
桃園市平鎮區北富里關爺南路279號,24.920900,121.221229,門牌
桃園市平鎮區北興街二段44巷6號1樓,24.970411,121.266375,路名
桃園市平鎮區北興里金陵路二段427號,24.927143,121.227152,路名
桃園市平鎮區北興里關爺東路5巷16弄5號1樓,24.931021,121.219340,門牌
桃園市平鎮區北華里金陵路238巷78號1樓,24.944866,121.219904,門牌
桃園市平鎮區北貴里大智街27號(1樓),24.928456,121.225855,門牌
桃園市平鎮區南勢里南東路271之19號,24.920081,121.219181,門牌
桃園市平鎮區南勢里南東路437號1樓,24.917891,121.221792,門牌
桃園市平鎮區南勢里南東路48號7樓之5,24.920244,121.213550,門牌
桃園市平鎮區南勢里快速路二段809號(1樓),24.934660,121.189561,路名
桃園市平鎮區南平路235號,24.920412,121.205081,門牌
桃園市平鎮區南平路2段503號,24.921995,121.191990,門牌
桃園市平鎮區南平路二段152號,24.950808,121.232139,路名
桃園市平鎮區南平路二段665號,24.950808,121.232139,路名
桃園市平鎮區南豐路269號,24.899674,121.199344,門牌
桃園市平鎮區大昌路1號,24.941048,121.209701,門牌
桃園市平鎮區大昌路3號,24.939002,121.208546,門牌
桃園市平鎮區大興街60號8樓,24.910842,121.208742,門牌
桃園市平鎮區太平東路2之8號,24.903051,121.249358,門牌
桃園市平鎮區太平東路5號,24.903417,121.249683,路名
桃園市平鎮區太平西路37巷3弄9號,24.903979,121.248020,門牌
桃園市平鎮區宋屋里水廠路146之3號（1樓）,24.928042,121.191932,門牌
桃園市平鎮區崇德街10巷10號,24.946565,121.211336,門牌
桃園市平鎮區崇義五街2巷6號二樓,24.944332,121.205014,門牌
桃園市平鎮區工業一路16號,25.067543,121.127067,門牌
桃園市平鎮區工業一路18號,25.068377,121.127013,門牌
桃園市平鎮區工業七路1號,25.046786,121.109182,門牌
桃園市平鎮區工業五路21號,25.059254,121.114527,門牌
桃園市平鎮區工業五路7號,25.054580,121.117175,門牌
桃園市平鎮區工業六路4號,25.046814,121.115885,門牌
桃園市平鎮區平南里大興街40號12樓,24.911194,121.208297,門牌
桃園市平鎮區平南里漢口街120巷23弄29號,24.910249,121.204869,門牌
桃園市平鎮區平安里20鄰南京路12巷7弄27號1樓,24.916686,121.209438,門牌
桃園市平鎮區平安里南平路65號1樓,24.919196,121.209564,門牌
桃園市平鎮區平安里南昌街23巷14號,24.918062,121.209329,門牌
桃園市平鎮區平東路239巷78弄27號,24.913721,121.247945,門牌
桃園市平鎮區平東路492巷74弄17衖2號2樓,24.915235,121.244043,門牌
桃園市平鎮區平東路556號,24.914200,121.244904,路名
桃園市平鎮區平東路659巷26號(1樓),24.911221,121.240424,門牌
桃園市平鎮區平東路659巷31號,24.911356,121.241182,門牌
桃園市平鎮區平東路659巷31號6樓,24.911356,121.241182,門牌
桃園市平鎮區平東路659巷37號,24.909284,121.242098,門牌
桃園市平鎮區平東路666巷13弄6號,24.913106,121.239592,門牌
桃園市平鎮區平東路666巷27號,24.913366,121.239749,門牌
桃園市平鎮區平等路62巷6弄6號,24.918951,121.252760,門牌
桃園市平鎮區平興里廣泰路271號2樓,24.942707,121.204876,門牌
桃園市平鎮區平興里延平路三段6號4樓之1,24.988194,121.313751,門牌
桃園市平鎮區平興里延平路二段372號5樓,24.959517,121.224657,門牌
桃園市平鎮區平興里興華街101巷16弄26號3樓之3,24.944392,121.200937,門牌
桃園市平鎮區平鎮里平德路20號,24.926424,121.192088,門牌
桃園市平鎮區平鎮里新光路3段146巷10號2樓,24.926144,121.205607,門牌
桃園市平鎮區廣仁里廣豐街36巷2弄22號,24.937758,121.206489,門牌
桃園市平鎮區廣仁里新光路66巷30號2樓,24.940257,121.205630,門牌
桃園市平鎮區廣泰路271號,24.942707,121.204876,門牌
桃園市平鎮區廣興里廣興一街15號1樓,24.955530,121.210957,門牌
桃園市平鎮區廣興里忠孝路38號2樓,24.814728,121.351390,門牌
桃園市平鎮區廣西路83號,24.953254,121.210142,門牌
桃園市平鎮區廣達里廣成街116巷2之1號(1樓),24.954022,121.208442,門牌
桃園市平鎮區廣達里育達路228號8樓之2,24.951649,121.207692,門牌
桃園市平鎮區延平路3段411巷75號,24.929251,121.198122,門牌
桃園市平鎮區建安里平東路659巷22號,24.911367,121.240364,門牌
桃園市平鎮區建安里平東路659巷24號,24.911293,121.240399,門牌
桃園市平鎮區建安里平東路659巷34號,24.910893,121.240571,門牌
桃園市平鎮區建安里平東路666巷55弄16號,24.914256,121.239299,門牌
桃園市平鎮區建安里平東路677號1樓,24.912185,121.239511,門牌
桃園市平鎮區建安里平東路684號,24.912562,121.239262,門牌
桃園市平鎮區建安里平東路一段160號,24.914200,121.244904,路名
桃園市平鎮區建安里快速路二段616巷195號(2樓),24.934660,121.189561,路名
桃園市平鎮區建安里金陵路四段36號,24.949731,121.222882,門牌
桃園市平鎮區建安里金陵路四段475之5號,24.927143,121.227152,路名
桃園市平鎮區復旦里復旦路2段136號2樓之1,24.946862,121.201052,門牌
桃園市平鎮區復旦里文化街24巷3號3樓之4,24.955665,121.202146,門牌
桃園市平鎮區復旦里文化街262號（2樓）,24.950944,121.203164,門牌
桃園市平鎮區復旦里民族路2段251號5樓,24.956745,121.201988,門牌
桃園市平鎮區復興里24鄰復興街108號3樓之3,24.954563,121.203461,門牌
桃園市平鎮區復興里復興街108號4樓之2,24.954563,121.203461,門牌
桃園市平鎮區復興里文化街35巷2號2樓,24.955834,121.203275,門牌
桃園市平鎮區復興里環南路186巷23弄48號,24.951601,121.205936,門牌
桃園市平鎮區忠孝路117巷16弄5號,24.952685,121.213188,門牌
桃園市平鎮區忠貞里中正三路119號三樓,24.928509,121.254329,門牌
桃園市平鎮區快速路一段200號,24.934660,121.189561,路名
桃園市平鎮區快速路一段226巷19號,24.934660,121.189561,路名
桃園市平鎮區快速路三段777號,24.934660,121.189561,路名
桃園市平鎮區快速路二段138之1號,24.934660,121.189561,路名
桃園市平鎮區振興西路16號1樓,24.946647,121.211677,門牌
桃園市平鎮區文化街260巷30號,24.951113,121.202379,門牌
桃園市平鎮區新勢里中豐路110號3樓之3,24.947451,121.217375,門牌
桃園市平鎮區新勢里中豐路311號,24.942768,121.216818,門牌
桃園市平鎮區新勢里振興西路55號(2樓),24.946610,121.212780,門牌
桃園市平鎮區新安里太平東路7號,24.903417,121.249683,路名
桃園市平鎮區新安里洪圳路207之1號、205號,24.903962,121.248808,路名
桃園市平鎮區新安里龍南路654巷60弄24號6樓,24.917497,121.254538,門牌
桃園市平鎮區新富里中豐路269巷1弄1號1樓,24.943825,121.217234,門牌
桃園市平鎮區新富里環南路二段265號3樓之7,24.903009,121.144128,門牌
桃園市平鎮區新富里環南路二段267號17樓之3,24.927099,121.180093,路名
桃園市平鎮區新榮里新德街191巷12號,24.943892,121.214466,門牌
桃園市平鎮區新榮里榮興街121號1樓,24.942933,121.214028,門牌
桃園市平鎮區新興路179巷9弄1號（1樓）,24.949196,121.208127,門牌
桃園市平鎮區新英里環南路二段284號13樓之2,24.927099,121.180093,路名
桃園市平鎮區新貴里中豐路665號(1樓),24.933963,121.215335,門牌
桃園市平鎮區新貴里中豐路670巷53弄7號,24.934858,121.213002,門牌
桃園市平鎮區星友街42巷3弄23號,24.915327,121.255019,門牌
桃園市平鎮區東勢里11鄰太平西路215巷26號(1樓),24.905515,121.242389,門牌
桃園市平鎮區東勢里7鄰金陵路七段187巷60弄45號(1樓),24.927143,121.227152,路名
桃園市平鎮區東勢里太平西路37巷4弄16號1樓,24.904204,121.247275,門牌
桃園市平鎮區東勢里廟前路56號1樓,24.910239,121.233920,門牌
桃園市平鎮區東勢里快速路一段237號,24.934660,121.189561,路名
桃園市平鎮區東勢里快速路一段772號,24.934660,121.189561,路名
桃園市平鎮區東勢里快速路一段86號,24.934660,121.189561,路名
桃園市平鎮區東勢里東龍街1152號,24.900465,121.251029,門牌
桃園市平鎮區東勢里洪圳路1228號(1樓),24.892507,121.240314,門牌
桃園市平鎮區東勢里洪圳路386之1號,24.902572,121.247453,門牌
桃園市平鎮區東勢里洪圳路389號,24.901872,121.247871,門牌
桃園市平鎮區東勢里金陵路七段187巷60弄35號,24.927143,121.227152,路名
桃園市平鎮區東勢里金陵路七段438號1樓,24.927143,121.227152,路名
桃園市平鎮區東勢里金陵路五段292號2樓,24.943699,121.222285,門牌
桃園市平鎮區東勢里金雞湖路16巷21號,24.897501,121.233172,路名
桃園市平鎮區東龍街1191巷67號及69號,24.901851,121.249420,門牌
桃園市平鎮區東龍街1193號,24.889305,121.249320,路名
桃園市平鎮區正義路102號,24.929938,121.223406,門牌
桃園市平鎮區民族路169號,24.955929,121.210798,門牌
桃園市平鎮區洪圳路326號,24.906685,121.250761,門牌
桃園市平鎮區湧光里工業十一路3號,24.895840,121.206106,門牌
桃園市平鎮區湧光里湧光路70號(2樓),24.897813,121.210064,門牌
桃園市平鎮區湧安里工業十路17號,24.896985,121.200225,門牌
桃園市平鎮區湧安里工業南路2號,24.896042,121.204611,門牌
桃園市平鎮區湧安里工業東路64號1樓,24.894772,121.202579,路名
桃園市平鎮區湧安里自由街95巷8號(1樓),24.893192,121.204082,門牌
桃園市平鎮區湧豐里15鄰工業五路8號,24.902450,121.198198,門牌
桃園市平鎮區湧豐里南豐路190巷20弄38號,24.901132,121.206100,門牌
桃園市平鎮區湧豐里南豐路190巷20弄38號2樓,24.901132,121.206100,門牌
桃園市平鎮區湧豐里工業一路11號,25.067914,121.125892,門牌
桃園市平鎮區湧豐里工業一路13號,24.904660,121.203470,門牌
桃園市平鎮區湧豐里工業一路19號,24.905068,121.202423,門牌
桃園市平鎮區湧豐里工業一路2之13號一樓,24.900505,121.204771,門牌
桃園市平鎮區湧豐里工業一路6號,24.902140,121.204821,門牌
桃園市平鎮區湧豐里工業三路15號,24.904596,121.199037,門牌
桃園市平鎮區湧豐里工業三路20之1號,24.905624,121.197739,門牌
桃園市平鎮區湧豐里工業二路12號,25.065385,121.127154,門牌
桃園市平鎮區湧豐里工業二路20號,24.905676,121.200833,門牌
桃園市平鎮區湧豐里工業二路5之1號,24.901464,121.201809,門牌
桃園市平鎮區湧豐里工業二路7號,24.902529,121.201598,門牌
桃園市平鎮區湧豐里工業五路10號,24.903424,121.198212,門牌
桃園市平鎮區湧豐里工業五路12號,24.904855,121.198021,門牌
桃園市平鎮區漢口街153號,24.909918,121.204898,門牌
桃園市平鎮區環南路184號5樓之1,24.952791,121.206494,門牌
桃園市平鎮區環南路184號7樓之2,24.952791,121.206494,門牌
桃園市平鎮區環南路2段27號16樓之2,24.944280,121.209431,門牌
桃園市平鎮區環南路35巷1號,24.956429,121.207197,門牌
桃園市平鎮區環南路411號15樓之1,24.947665,121.207004,門牌
桃園市平鎮區環南路二段11號19樓之4,24.956952,121.207130,門牌
桃園市平鎮區環南路二段11號23樓之1,24.956952,121.207130,門牌
桃園市平鎮區環南路二段265號3樓之7,24.903009,121.144128,門牌
桃園市平鎮區環南路二段265號4樓,24.903009,121.144128,門牌
桃園市平鎮區福林里福龍路一段752巷60號,24.886002,121.222894,路名
桃園市平鎮區福林里長祥街17號（1樓）,24.902734,121.216098,門牌
桃園市平鎮區義民里復旦路2段199巷4號3樓,24.946982,121.202149,門牌
桃園市平鎮區義民里復旦路二段131巷8號1樓,24.946157,121.200326,路名
桃園市平鎮區義民里復旦路二段211巷5號6樓,24.946157,121.200326,路名
桃園市平鎮區義興里環南路303號（1樓）,24.950156,121.206825,門牌
桃園市平鎮區義興里育達路41號2樓,24.951322,121.212389,門牌
桃園市平鎮區興華街101巷22弄15號7樓,24.944308,121.201561,門牌
桃園市平鎮區興華街98巷6號1樓,24.945468,121.202447,門牌
桃園市平鎮區莒光路25號,24.947229,121.221553,門牌
桃園市平鎮區華安里平東路227號2樓,24.915696,121.248840,門牌
桃園市平鎮區華安里平東路282巷76弄16號1樓,24.917754,121.246981,門牌
桃園市平鎮區華安里平東路282巷76弄19號（1樓）,24.917923,121.246941,門牌
桃園市平鎮區華安里華安街20號1樓,24.912515,121.249958,門牌
桃園市平鎮區貿一路346號(1樓),24.923934,121.251427,門牌
桃園市平鎮區貿易里貿一路149號(1樓),24.923996,121.251884,門牌
桃園市平鎮區貿易里貿一路386號1樓,24.924016,121.251664,門牌
桃園市平鎮區貿易里貿一路83號(1樓),24.925343,121.251892,門牌
桃園市平鎮區金星里中庸路256號1樓,24.913384,121.203880,門牌
桃園市平鎮區金星里南京路107號,24.916202,121.208341,門牌
桃園市平鎮區金星里新光路4段45巷1弄33號(1樓),24.920047,121.204682,門牌
桃園市平鎮區金星里興安路92巷17號一樓,24.916003,121.209947,門牌
桃園市平鎮區金陵路2段18號1樓,24.942669,121.222647,門牌
桃園市平鎮區金陵路2段402號,24.933839,121.225073,門牌
桃園市平鎮區金陵路七段187巷60弄35號,24.927143,121.227152,路名
桃園市平鎮區金陵路七段2號(1樓),24.927143,121.227152,路名
桃園市平鎮區金陵路二段1巷6號,24.927143,121.227152,路名
桃園市平鎮區金陵路四段455號,24.927143,121.227152,路名
桃園市平鎮區金陵里北興街二段51號(1樓),24.998369,121.309464,門牌
桃園市平鎮區鎮興里16鄰興隆路326巷4號,24.896079,121.188156,門牌
桃園市平鎮區鎮興里中興路518號,24.871727,121.225942,門牌
桃園市平鎮區鎮興里南平路2段487號,24.921649,121.192033,門牌
桃園市平鎮區鎮興里興隆路75、81號,24.912760,121.207359,路名
桃園市平鎮區鎮興里陸橋南路159巷15號,24.923110,121.189294,路名
桃園市平鎮區長安路337號1樓,24.949364,121.192096,門牌
桃園市平鎮區關爺南路98號,24.927932,121.218528,門牌
桃園市平鎮區關爺東路35號,24.928206,121.221800,路名
桃園市平鎮區雙連里中央路51巷18號1樓,24.962362,121.189633,門牌
桃園市平鎮區雙連里陸光路14巷300之1號,24.964990,121.221467,路名
桃園市平鎮區雙連里陸光路14巷330弄50衖19號(1樓),24.954797,121.179374,門牌
桃園市平鎮區雙連里雙福路一段65號,24.962429,121.179468,路名
桃園市平鎮區高雙路104號（1樓）,24.953686,121.188458,門牌
桃園市平鎮區高雙路108號,24.953605,121.188408,門牌
桃園市平鎮區高雙路68號(2樓),24.956483,121.190141,門牌
桃園市平鎮區高雙路6之2號2樓,24.958413,121.191675,門牌
桃園市平鎮區高雙路99巷15號,24.956055,121.190634,門牌
桃園市平鎮區高雙里復旦路三段121巷18號,24.946157,121.200326,路名
桃園市平鎮區高雙里賦梅北路396之6號,24.937780,121.193849,路名
桃園市平鎮區高雙里高雙路103號1樓,24.955766,121.190043,門牌
桃園市平鎮區高雙里高雙路227巷1弄10號1樓,24.953213,121.189047,門牌
桃園市平鎮區高雙里高雙路4之1號1樓,24.958549,121.191779,門牌
桃園市平鎮區高雙里高雙路6之2號,24.958413,121.191675,門牌
桃園市平鎮區高雙里高雙路88巷23號(1樓),24.954065,121.188102,門牌
桃園市平鎮區龍恩里游泳路153巷7弄16號1樓,24.927253,121.232835,門牌
桃園市復興區三民里水流東7之7號,24.830767,121.331215,門牌
桃園市復興區中正路436之2號,24.959943,121.221950,路名
桃園市新屋區下埔里文化路三段501巷85號,24.935541,121.208959,路名
桃園市新屋區中山東路二段130巷12之9號,24.954033,121.227683,路名
桃園市新屋區中山東路二段865號,24.954033,121.227683,路名
桃園市新屋區中山西路二段136號,24.982929,121.057029,路名
桃園市新屋區中正路198巷27號1樓,24.973823,121.100528,門牌
桃園市新屋區中興路158號(1樓),24.970083,121.100899,門牌
桃園市新屋區中興路480號,24.963104,121.094610,門牌
桃園市新屋區中興路581巷76號,24.900592,121.225500,路名
桃園市新屋區九斗里上青埔35之11號1樓,24.965569,121.127711,門牌
桃園市新屋區九斗里中山東路二段130巷12之1號,24.954033,121.227683,路名
桃園市新屋區九斗里中華南路1段381巷85號,24.956226,121.115481,路名
桃園市新屋區埔頂里埔頂路165號1樓,24.955589,121.113753,門牌
桃園市新屋區埔頂里埔頂路6號,24.957979,121.113637,門牌
桃園市新屋區大坡里民有二路一段896號,24.959300,121.041603,路名
桃園市新屋區後湖里中山西路1段328號,24.982929,121.057029,路名
桃園市新屋區文化路三段235之1號,24.935541,121.208959,路名
桃園市新屋區文化路二段1631號,24.935541,121.208959,路名
桃園市新屋區新屋里7鄰中正路27號,24.973302,121.106056,門牌
桃園市新屋區新屋里中華路219號(1樓),24.971321,121.107811,門牌
桃園市新屋區望間里十五間15之10號,24.921200,121.050743,路名
桃園市新屋區梅高路3段169號,24.955028,121.146370,門牌
桃園市新屋區民族路6段203之1號,24.960187,121.160964,門牌
桃園市新屋區永安里12鄰永福路655號,24.982644,121.035690,門牌
桃園市新屋區永安里永一路125號,24.985699,121.034995,門牌
桃園市新屋區永安里永一路168號1樓,24.984499,121.036120,路名
桃園市新屋區永安里永福路600號,24.984192,121.033909,門牌
桃園市新屋區永安里永福路625號,24.982644,121.035690,門牌
桃園市新屋區永安里永福路736號,24.986046,121.031881,門牌
桃園市新屋區永安里永福路786號,24.986389,121.030066,門牌
桃園市新屋區永福路201號(1樓),24.936125,121.237725,路名
桃園市新屋區永福路201號（1樓）,24.936125,121.237725,路名
桃園市新屋區永興里1鄰大牛欄142-3號,25.005215,121.034538,路名
桃園市新屋區永興里永慶一路93號1樓,25.000825,121.028791,門牌
桃園市新屋區清華里17鄰北勢50之21號,24.980928,121.109430,門牌
桃園市新屋區清華里中山東路1段156巷42號3樓,24.969452,121.117813,門牌
桃園市新屋區清華里中山東路一段609號,24.954033,121.227683,路名
桃園市新屋區清華里中華路621巷6弄18號1樓,24.981315,121.107117,門牌
桃園市新屋區清華里新文路252號,24.974995,121.111270,門牌
桃園市新屋區清華里新華路一段154號,24.989109,121.134138,路名
桃園市新屋區清華里清華一街190號,24.968563,121.117210,門牌
桃園市新屋區石磊里中華路1245號,24.993181,121.099676,門牌
桃園市新屋區石磊里中華路996號,24.989189,121.103189,門牌
桃園市新屋區石磊里華興路1303號,25.006280,121.078936,門牌
桃園市新屋區社子里2鄰中興路938號,24.900592,121.225500,路名
桃園市新屋區社子里中興路609號,24.870747,121.224173,門牌
桃園市新屋區社子里東福路566號,24.970178,121.073247,門牌
桃園市新屋區社子里興福路12號,24.957895,121.089155,門牌
桃園市新屋區赤欄五路350巷83號1樓,24.986423,121.071202,門牌
桃園市新屋區赤欄里中山西路二段551巷69號,24.982929,121.057029,路名
桃園市新屋區赤欄里赤欄五路350巷200號(1樓),24.984604,121.071033,路名
桃園市新屋區青田路411號,24.958776,121.143261,門牌
桃園市新屋區頭洲里新榮路292巷69號,24.957172,121.155518,門牌
桃園市新屋區頭洲里新榮路583號,24.953535,121.179207,路名
桃園市新屋區頭洲里民族路6段675巷36號2樓,24.934699,121.197269,路名
桃園市新屋區頭洲里民族路六段419號,24.934699,121.197269,路名
桃園市新屋區頭洲里高上路2段156巷280號,24.941662,121.153794,路名
桃園市新屋區頭洲里鼎鐘路210號,24.966069,121.151482,路名
桃園市桃園區三元街269號1樓之1,24.912246,121.167289,門牌
桃園市桃園區三元里大有路152號7樓之7,25.006840,121.321239,門牌
桃園市桃園區三元里民光東路81號3樓,25.008268,121.319476,門牌
桃園市桃園區三民路1段116巷6號,24.998666,121.321077,門牌
桃園市桃園區三民路3段439號,24.987979,121.307337,門牌
桃園市桃園區三民路3段55號1樓,24.997506,121.306900,門牌
桃園市桃園區三民路一段116巷15號,24.974948,121.249678,路名
桃園市桃園區三民路三段288號15樓,24.974948,121.249678,路名
桃園市桃園區三民路三段317號四樓之14,24.974948,121.249678,路名
桃園市桃園區三民路三段443號1樓,24.974948,121.249678,路名
桃園市桃園區三民里三民路一段116巷18弄19號1樓,24.974948,121.249678,路名
桃園市桃園區三民里三民路一段42巷20之9號,24.974948,121.249678,路名
桃園市桃園區三民里三民路一段42巷2之5號,24.974948,121.249678,路名
桃園市桃園區中信里中山路1090號1樓,24.987364,121.282858,門牌
桃園市桃園區中信里中山路956巷86號,24.990688,121.286165,門牌
桃園市桃園區中信里國際路二段65巷21號1樓,25.002227,121.274232,路名
桃園市桃園區中原里宏昌七街78號1樓,24.986952,121.294466,門牌
桃園市桃園區中原里宏昌六街141號6樓,24.987673,121.295278,門牌
桃園市桃園區中原里宏昌十二街127號1樓,24.985652,121.294699,門牌
桃園市桃園區中原里宏昌十街7號12樓,24.985999,121.294518,門牌
桃園市桃園區中原里泰昌一街71號1樓,24.985890,121.297838,門牌
桃園市桃園區中和里桃源街41號1樓,24.995824,121.310770,門牌
桃園市桃園區中埔二街163之1號14樓,25.012794,121.294996,門牌
桃園市桃園區中埔里富國路90巷333號,25.017815,121.287883,門牌
桃園市桃園區中埔里永安北路111號,25.010502,121.291905,門牌
桃園市桃園區中埔里莊二街260巷13號,25.023035,121.290356,門牌
桃園市桃園區中央街26號(二樓),24.995805,121.317759,門牌
桃園市桃園區中央街26號2樓,24.995805,121.317759,門牌
桃園市桃園區中寧里大興西路2段6號20樓之3,25.012314,121.299510,門牌
桃園市桃園區中寧里大興西路2段99號5樓之1,25.011000,121.297986,門牌
桃園市桃園區中寧里大興西路二段105號三樓,25.011253,121.299012,路名
桃園市桃園區中寧里大興西路二段26-8號2樓,25.011253,121.299012,路名
桃園市桃園區中寧里大興西路二段32之1號八樓,25.011253,121.299012,路名
桃園市桃園區中寧里大興西路二段63號8樓,25.011253,121.299012,路名
桃園市桃園區中寧里大興西路二段6號20樓之2,25.011253,121.299012,路名
桃園市桃園區中山北路76號(1樓),25.065573,121.197143,門牌
桃園市桃園區中山路1088號,24.987376,121.282955,門牌
桃園市桃園區中山路1306號,24.987994,121.228794,路名
桃園市桃園區中山路1308巷273號3樓,24.985709,121.273799,門牌
桃園市桃園區中山路486號12樓之1,24.957079,121.215769,門牌
桃園市桃園區中山路777號1樓之5,24.990043,121.290029,門牌
桃園市桃園區中山里中平路102號7樓之1,24.955366,121.223718,門牌
桃園市桃園區中山里中平路146-1號9樓,24.979602,121.255920,路名
桃園市桃園區中山里中平路98號6樓之1,24.955346,121.223816,門牌
桃園市桃園區中山里國際路一段216號,25.002227,121.274232,路名
桃園市桃園區中山里宏昌十三街636號1樓,24.984527,121.291543,門牌
桃園市桃園區中山里宏昌十二街532之1號6樓,24.984478,121.290506,門牌
桃園市桃園區中山里泰昌八街21號17樓之3,24.987331,121.292250,門牌
桃園市桃園區中山里泰昌十一街31號9樓,24.985942,121.291842,門牌
桃園市桃園區中平路102號11樓之1,24.955366,121.223718,門牌
桃園市桃園區中平路119號4樓,24.987123,121.293113,門牌
桃園市桃園區中平路98號6樓之1,24.955346,121.223816,門牌
桃園市桃園區中平路98號9樓之2,24.955346,121.223816,門牌
桃園市桃園區中平里壽昌街20巷41弄23號1樓,24.989025,121.292719,門牌
桃園市桃園區中平里宏昌六街98之1號4樓,24.988356,121.296494,門牌
桃園市桃園區中德里國際一路10號3樓,24.961821,121.293781,門牌
桃園市桃園區中德里國際路一段21號2樓,25.002227,121.274232,路名
桃園市桃園區中德里國際路一段42號(1樓),24.960713,121.293273,門牌
桃園市桃園區中德里國際路一段718號,25.002227,121.274232,路名
桃園市桃園區中成里力行路398號,25.001574,121.301100,路名
桃園市桃園區中成里吉安街171號3樓,25.001657,121.289021,路名
桃園市桃園區中成里大興西路三段268號13樓,25.011253,121.299012,路名
桃園市桃園區中成里慈文路635巷31號(1樓),25.007169,121.301682,路名
桃園市桃園區中成里永安路385巷1號10樓之3,25.000568,121.298891,門牌
桃園市桃園區中成里永安路509巷12弄10號1樓,25.003908,121.295293,門牌
桃園市桃園區中正五街198號1樓,25.004942,121.300971,門牌
桃園市桃園區中正路1060號10樓,24.959943,121.221950,路名
桃園市桃園區中正路1069號6樓,24.966478,121.203386,門牌
桃園市桃園區中正路1071號12樓之4,25.016319,121.297852,門牌
桃園市桃園區中正路1071號14樓之1,25.016319,121.297852,門牌
桃園市桃園區中正路1071號15樓之3,25.016319,121.297852,門牌
桃園市桃園區中正路1071號16樓之3,25.016319,121.297852,門牌
桃園市桃園區中正路1071號16樓之4,25.016319,121.297852,門牌
桃園市桃園區中正路1071號19樓,25.016319,121.297852,門牌
桃園市桃園區中正路1071號20樓之1,25.016319,121.297852,門牌
桃園市桃園區中正路1071號20樓之2,25.016319,121.297852,門牌
桃園市桃園區中正路1071號9樓之1,25.016319,121.297852,門牌
桃園市桃園區中正路1080號17樓,25.014846,121.299765,門牌
桃園市桃園區中正路1080號21樓,25.014846,121.299765,門牌
桃園市桃園區中正路1086號19樓,25.014791,121.299728,門牌
桃園市桃園區中正路1092號10樓,25.014784,121.299573,門牌
桃園市桃園區中正路1092號17樓,25.014784,121.299573,門牌
桃園市桃園區中正路1221號6樓,25.019879,121.296551,門牌
桃園市桃園區中正路1247號3樓之2,25.020411,121.296248,門牌
桃園市桃園區中正路1249號18樓之4,25.020368,121.296085,門牌
桃園市桃園區中正路1388號13樓之六,25.022793,121.295718,門牌
桃園市桃園區中正路786號4樓之2,24.961910,121.207622,門牌
桃園市桃園區中正路876巷8號(1樓),25.011389,121.301495,門牌
桃園市桃園區中正路889號21樓,25.011094,121.300536,門牌
桃園市桃園區中正路925號11樓,25.011978,121.300201,門牌
桃園市桃園區中正里仁愛路2號1樓,24.819469,121.352646,門牌
桃園市桃園區中正里忠一路166號,24.995716,121.299710,路名
桃園市桃園區中正里忠二路198巷23號3樓,24.996519,121.297589,門牌
桃園市桃園區中正里正光路186巷82號(3樓),24.996897,121.296262,路名
桃園市桃園區中正里正光路78號,24.996897,121.296262,路名
桃園市桃園區中正里縣府路256巷5弄2號1樓,24.993475,121.298684,門牌
桃園市桃園區中福街50之2號,24.997152,121.304729,門牌
桃園市桃園區中聖里國聖三街73號,24.987856,121.287031,門牌
桃園市桃園區中興里孝二街22號一樓,24.996629,121.301514,門牌
桃園市桃園區中興里忠二路152號3樓,24.996707,121.299605,門牌
桃園市桃園區中路北街67巷14弄19號(1樓),24.963438,121.293888,門牌
桃園市桃園區保定六街3號2樓,24.999286,121.300021,門牌
桃園市桃園區信光里信光路54號1樓,25.005973,121.306747,門牌
桃園市桃園區信光里大連三街174之6號（1樓）,25.008181,121.306066,門牌
桃園市桃園區信光里大連三街199號(2樓),25.007310,121.305309,路名
桃園市桃園區信光里慈文路163之5號1樓,25.008542,121.304256,門牌
桃園市桃園區信光里民生路715號,25.008812,121.307839,門牌
桃園市桃園區光興里中原路12號1樓,24.992565,121.302798,門牌
桃園市桃園區光興里中山北路58號1樓,25.065246,121.197147,門牌
桃園市桃園區光興里信二街1號2樓,24.995624,121.301008,門牌
桃園市桃園區光興里忠二路159巷5弄2號(1樓),24.995959,121.299524,門牌
桃園市桃園區光興里縣府路302之2號3樓,24.992766,121.299869,門牌
桃園市桃園區光興里縣府路308之3號(4樓),24.992654,121.300009,門牌
桃園市桃園區光興里縣府路324之4號5樓,24.992250,121.300372,門牌
桃園市桃園區北埔路17巷38號,25.002529,121.308899,門牌
桃園市桃園區北埔里中埔一街361巷11號9樓,25.018711,121.292600,門牌
桃園市桃園區北埔里莊敬路二段34巷18號,25.002688,121.277348,路名
桃園市桃園區南埔里大興西路2段267號3樓之1,25.007843,121.293756,門牌
桃園市桃園區南埔里大興西路二段235巷29弄5號4樓,25.011253,121.299012,路名
桃園市桃園區南埔里永安路810之1巷6弄20號7樓,25.004246,121.293908,路名
桃園市桃園區南平路108巷28號,25.021334,121.302934,門牌
桃園市桃園區南華里南華街77號7樓之1,24.990936,121.307921,門牌
桃園市桃園區南華里鎮南街24號(1樓),24.991110,121.308768,門牌
桃園市桃園區南豐二街66號,24.982813,121.303294,門牌
桃園市桃園區南豐街294巷16號,24.981243,121.304027,門牌
桃園市桃園區南門里三民路三段284號7樓,24.974948,121.249678,路名
桃園市桃園區南門里南興街35號(一樓),24.990560,121.306039,門牌
桃園市桃園區南門里南豐街298號六樓,24.980876,121.304527,門牌
桃園市桃園區吉林路30號5樓,25.050468,121.297098,門牌
桃園市桃園區同安里3鄰慈文路190巷67號2樓,25.010514,121.303985,門牌
桃園市桃園區同安里中正路1050號18樓,24.959943,121.221950,路名
桃園市桃園區同安里南平路161號1樓,25.019702,121.302729,門牌
桃園市桃園區同安里南平路302號,25.018576,121.298935,門牌
桃園市桃園區同安里同德六街89號14樓之1,25.016215,121.299682,門牌
桃園市桃園區同安里同德六街89號7樓之3,25.016215,121.299682,門牌
桃園市桃園區同安里慈文路190巷60弄10號1樓,25.010499,121.304567,門牌
桃園市桃園區同安里新埔六街101號15樓,25.014822,121.302045,門牌
桃園市桃園區同安里新埔六街77號10樓之3,25.013719,121.302719,門牌
桃園市桃園區同安里新埔六街77號6樓之2,25.013719,121.302719,門牌
桃園市桃園區同安里新埔六街95號16樓,25.014653,121.302101,門牌
桃園市桃園區同安里新埔六街95號22樓,25.014653,121.302101,門牌
桃園市桃園區同安里新埔六街97號16樓,25.014563,121.301845,門牌
桃園市桃園區同安里新埔六街97號17樓,25.014563,121.301845,門牌
桃園市桃園區同安里藝文一街86之1號8樓,25.016289,121.300795,門牌
桃園市桃園區同安里藝文一街86之3號12樓,25.016146,121.300614,門牌
桃園市桃園區同安里藝文一街86之5號四樓,25.016048,121.300661,門牌
桃園市桃園區同安里藝文一街86之6號15樓,25.016000,121.300702,門牌
桃園市桃園區同安里藝文二街90號5樓,25.013801,121.300898,門牌
桃園市桃園區同德三街39巷21號(4樓),25.010738,121.295439,門牌
桃園市桃園區同德二街77之1號7樓,25.010692,121.301688,門牌
桃園市桃園區同德十一街58號3樓之3,25.021135,121.297044,門牌
桃園市桃園區同德十街30巷7號3樓,25.018668,121.293508,門牌
桃園市桃園區同德十街9號5樓,25.018577,121.294548,門牌
桃園市桃園區同德里中埔六街30之1號4樓,25.016349,121.296258,門牌
桃園市桃園區同德里中寧街11巷1號（1樓）,25.018189,121.296371,門牌
桃園市桃園區同德里中正路1071號15樓之1,25.016319,121.297852,門牌
桃園市桃園區同德里中正路1071號五樓之7,25.016319,121.297852,門牌
桃園市桃園區同德里中正路1093號10樓,24.967077,121.202993,門牌
桃園市桃園區同德里中正路1147-1號3樓,24.959943,121.221950,路名
桃園市桃園區國強一街265號2樓之2,24.990710,121.280600,門牌
桃園市桃園區國強七街112之1號(1樓),24.988354,121.277951,門牌
桃園市桃園區國強二街277巷1弄24號,24.983014,121.275416,門牌
桃園市桃園區國聖二街36號6樓,24.986359,121.286734,門牌
桃園市桃園區國豐六街203號3樓,24.991961,121.276613,門牌
桃園市桃園區國際路1段728號,25.002227,121.274232,路名
桃園市桃園區國際路一段414巷152弄10號,25.002227,121.274232,路名
桃園市桃園區國際路一段431號1樓,25.002227,121.274232,路名
桃園市桃園區國鼎一街10號6樓之3,24.987983,121.288695,門牌
桃園市桃園區壽昌街20巷54之1號,24.989834,121.292541,門牌
桃園市桃園區大仁路50巷12號2樓,24.975277,121.317905,路名
桃園市桃園區大仁路50巷57號,24.972224,121.321315,門牌
桃園市桃園區大同西路69巷4弄15之1號,24.987205,121.301887,門牌
桃園市桃園區大同西路8巷7號1樓,24.988454,121.303675,門牌
桃園市桃園區大德一街26號,25.014875,121.313590,路名
桃園市桃園區大智路10號,24.970602,121.107188,門牌
桃園市桃園區大有路173號17樓,25.007341,121.320613,門牌
桃園市桃園區大有路377之6號14樓,25.014963,121.317565,路名
桃園市桃園區大有路487號5樓之1,25.012713,121.318274,門牌
桃園市桃園區大有路532號8樓,25.013903,121.318644,門牌
桃園市桃園區大有路569號14樓之1,25.015450,121.316197,門牌
桃園市桃園區大有路630之2號14樓,25.015839,121.317142,門牌
桃園市桃園區大有路792之1號,25.019272,121.316462,門牌
桃園市桃園區大有里寶山街58巷21號1樓,25.013024,121.317158,門牌
桃園市桃園區大有里寶山街58巷23號8樓,25.013109,121.317096,門牌
桃園市桃園區大有里民有十五街26號10樓,25.011094,121.321291,門牌
桃園市桃園區大有里民有東路57號9樓之2,25.013832,121.317327,門牌
桃園市桃園區大林里大仁路50巷36號,24.972448,121.321129,門牌
桃園市桃園區大林里大仁路50巷51弄55號,24.975277,121.317905,路名
桃園市桃園區大林里大誠路7號,24.982584,121.320760,門牌
桃園市桃園區大林里桃鶯路525巷25號,24.976580,121.323199,路名
桃園市桃園區大林里榮華街44巷19弄10號,24.976437,121.321952,門牌
桃園市桃園區大林里樹仁三街131巷26弄37號4樓,24.972789,121.319758,門牌
桃園市桃園區大林里樹仁三街96號2樓,24.974525,121.321011,門牌
桃園市桃園區大林里興華路8之3號,24.979090,121.323919,門牌
桃園市桃園區大林里興邦路34號1、2樓,24.982711,121.323662,門牌
桃園市桃園區大業路一段330號6樓,25.012572,121.313355,路名
桃園市桃園區大業路一段372號4樓之2,25.012572,121.313355,路名
桃園市桃園區大業路二段34號(1樓),25.012572,121.313355,路名
桃園市桃園區大業里春日路632巷9號2樓,25.009691,121.311357,門牌
桃園市桃園區大業里民富九街110號1樓,25.008176,121.312236,門牌
桃園市桃園區大業里經國路9號16樓之2,25.008997,121.310626,門牌
桃園市桃園區大樹里大明街79號(2樓),24.969021,121.297328,門牌
桃園市桃園區大樹里桃鶯路437號,24.979102,121.321830,門牌
桃園市桃園區大興西路1段337號,25.012303,121.300953,門牌
桃園市桃園區大興西路2段61號18樓,25.011409,121.298808,門牌
桃園市桃園區大興西路2段6號13樓之5,25.012314,121.299510,門牌
桃園市桃園區大興西路2段6號6樓之3,25.012314,121.299510,門牌
桃園市桃園區大興西路2段6號7樓之2,25.012314,121.299510,門牌
桃園市桃園區大興西路一段116號,25.011253,121.299012,路名
桃園市桃園區大興西路一段166號16樓之1,25.011253,121.299012,路名
桃園市桃園區大興西路一段166號地下室一樓,25.011253,121.299012,路名
桃園市桃園區大興西路三段380巷138號（2樓）,25.011253,121.299012,路名
桃園市桃園區大興西路三段81號16樓,25.011253,121.299012,路名
桃園市桃園區大興西路二段251號4樓之2,25.011253,121.299012,路名
桃園市桃園區大興西路二段255號6樓,25.011253,121.299012,路名
桃園市桃園區大興西路二段257號6樓,25.011253,121.299012,路名
桃園市桃園區大興西路二段61號4樓,25.011253,121.299012,路名
桃園市桃園區大興西路二段63號11樓,25.011253,121.299012,路名
桃園市桃園區大興里大業路一段334號3樓,25.012572,121.313355,路名
桃園市桃園區大興里大業路一段383號1樓,25.012572,121.313355,路名
桃園市桃園區大興里寶山街360巷4弄3之4號,25.011302,121.312191,門牌
桃園市桃園區大興里春日路1121號1樓,25.013750,121.309078,門牌
桃園市桃園區大興里春日路632巷9號,25.009691,121.311357,門牌
桃園市桃園區大興里經國路9號14樓之2,25.008997,121.310626,門牌
桃園市桃園區大連三街199號,25.007310,121.305309,路名
桃園市桃園區宏昌十三街634之5號,24.984453,121.291559,門牌
桃園市桃園區宏昌十二街169號5樓,24.985275,121.293354,門牌
桃園市桃園區富國路950號,25.026012,121.278699,門牌
桃園市桃園區寶安里中埔一街388號14樓,25.019665,121.293605,門牌
桃園市桃園區寶安里同德十街31巷8號4樓,25.018055,121.293810,門牌
桃園市桃園區寶安里永安北路404號4樓之2,25.016576,121.293457,門牌
桃園市桃園區寶山里會稽一街88巷3號一樓,25.013852,121.315205,門牌
桃園市桃園區寶山里民有三街559號,25.014186,121.313210,門牌
桃園市桃園區寶慶里中埔二街136號,25.012161,121.295958,門牌
桃園市桃園區寶慶里同德七街56號6樓,25.014184,121.294163,門牌
桃園市桃園區寶慶里同德三街39巷21號2樓,25.010738,121.295439,門牌
桃園市桃園區峨眉一街65號,25.026112,121.310758,門牌
桃園市桃園區幸福路202號5樓,25.021762,121.308936,路名
桃園市桃園區幸福路202號6樓,25.021762,121.308936,路名
桃園市桃園區幸福路208號13樓,25.021762,121.308936,路名
桃園市桃園區幸福路208號8樓,25.021762,121.308936,路名
桃園市桃園區幸福路87號2樓,25.028353,121.301750,門牌
桃園市桃園區幸福路99號,25.027974,121.301610,門牌
桃園市桃園區延壽街76號(1樓),24.993156,121.292397,門牌
桃園市桃園區延平路28號3樓,24.963767,121.232859,門牌
桃園市桃園區建國東路19號,24.986531,121.320346,門牌
桃園市桃園區建國路163號,24.844354,121.233091,門牌
桃園市桃園區建國里吉林路5號,24.979924,121.238666,門牌
桃園市桃園區建國里大林路85巷8號3樓,24.987507,121.315024,門牌
桃園市桃園區建國里林森路6巷3號(1樓),24.988401,121.319432,門牌
桃園市桃園區復明一街20號(1樓),24.983409,121.317234,門牌
桃園市桃園區復興路456之9號,24.991368,121.301924,門牌
桃園市桃園區復興路51之2號10樓之2,24.990846,121.315909,門牌
桃園市桃園區復興路51號11樓之1,24.870286,121.206367,門牌
桃園市桃園區復興路51號12樓之1,24.870286,121.206367,門牌
桃園市桃園區復興路51號12樓之4,24.870286,121.206367,門牌
桃園市桃園區復興路80號3樓之4,24.870608,121.207086,門牌
桃園市桃園區德華街210號五樓,24.993552,121.285988,門牌
桃園市桃園區忠一路28號2樓,24.995716,121.299710,路名
桃園市桃園區忠義里大業路1段121巷8號,25.006057,121.315953,門牌
桃園市桃園區忠義里大業路一段61號12樓,25.012572,121.313355,路名
桃園市桃園區忠義里大業路一段69之2號7樓,25.012572,121.313355,路名
桃園市桃園區忠義里民富三街15號1樓,25.005303,121.317661,門牌
桃園市桃園區忠義里民有六街97號2樓,25.007534,121.319035,門牌
桃園市桃園區愛九街1號13樓,25.004526,121.300877,門牌
桃園市桃園區愛六街51號（1樓）,25.004234,121.302491,門牌
桃園市桃園區慈文路22號,25.011303,121.307574,門牌
桃園市桃園區慈文路296巷12之2號,25.005949,121.299543,門牌
桃園市桃園區慈文路314之1號,25.005532,121.300264,門牌
桃園市桃園區慈文路715號(2樓),25.007169,121.301682,路名
桃園市桃園區慈文路969號6樓,25.007169,121.301682,路名
桃園市桃園區慈文里慈光街91巷1號4樓,24.938458,121.287526,路名
桃園市桃園區成功路一段32號8樓,24.934811,121.083368,門牌
桃園市桃園區成功里桃三街63之2號,24.996387,121.318052,門牌
桃園市桃園區成功里桃三街74號,24.996421,121.318506,門牌
桃園市桃園區敬三街190巷5號6樓,25.023017,121.289981,門牌
桃園市桃園區文中路47巷41號5樓,24.995128,121.293761,門牌
桃園市桃園區文中路745號11樓,24.992916,121.275205,門牌
桃園市桃園區文中里力行路525號,25.001574,121.301100,路名
桃園市桃園區文中里力行路636號12樓,25.001574,121.301100,路名
桃園市桃園區文中里正光一街285號13樓,24.958157,121.202246,路名
桃園市桃園區文中里正光二街261巷3號10樓,24.959987,121.205656,路名
桃園市桃園區文化里民權路6號5樓之4,25.078517,121.185612,門牌
桃園市桃園區文昌里中山路179號1樓,24.971848,121.108981,門牌
桃園市桃園區文明里大同路112號4樓之7,24.859244,121.220519,門牌
桃園市桃園區文明里長壽街104號一樓,24.987999,121.307608,門牌
桃園市桃園區新埔五街136號三樓,25.015830,121.304024,門牌
桃園市桃園區新埔八街78號6樓,25.019857,121.298790,路名
桃園市桃園區新埔六街77號9樓之5,25.013719,121.302719,門牌
桃園市桃園區新埔六街95號11樓,25.014653,121.302101,門牌
桃園市桃園區新埔六街97號20樓,25.014563,121.301845,門牌
桃園市桃園區新埔六街97號21樓,25.014563,121.301845,門牌
桃園市桃園區新埔里同安街120號,25.013554,121.304877,門牌
桃園市桃園區新埔里同安街336巷79號,25.017671,121.304644,門牌
桃園市桃園區新埔里慈文路20號,25.011420,121.307487,門牌
桃園市桃園區新埔里經國路251巷88號23樓之5,25.012613,121.305651,門牌
桃園市桃園區昆明路138巷39號(1樓),24.984661,121.314901,門牌
桃園市桃園區明德里中正路1209巷12弄5號四樓,25.019503,121.296222,門牌
桃園市桃園區明德里中正路1223號14樓,24.968838,121.202211,門牌
桃園市桃園區明德里中正路1247號13樓之2,25.020411,121.296248,門牌
桃園市桃園區明德里同德十一街142巷2號,25.020324,121.295131,門牌
桃園市桃園區春日路1430號,25.028252,121.305256,門牌
桃園市桃園區春日路1434巷115號,25.013682,121.310109,路名
桃園市桃園區春日路1434巷150號,25.028913,121.307041,門牌
桃園市桃園區春日路756號,25.012610,121.309879,門牌
桃園市桃園區春日路952巷1弄18號,25.017526,121.309294,門牌
桃園市桃園區春日路985之5號,25.011320,121.310026,門牌
桃園市桃園區春日里8鄰春日路1046巷18號,25.019434,121.309310,門牌
桃園市桃園區春日里向善街60巷1弄7號1樓,25.018406,121.311146,門牌
桃園市桃園區春日里大業路2段13號1樓,25.016217,121.311200,門牌
桃園市桃園區春日里春日路1271之3號,25.017383,121.308569,門牌
桃園市桃園區朝陽里朝陽街51號2樓之1,24.997027,121.313107,門牌
桃園市桃園區朝陽里民生路372號1樓,24.997552,121.311816,門牌
桃園市桃園區朝陽里鎮撫街29巷4號1樓,24.998058,121.313730,門牌
桃園市桃園區東園街1號2樓,24.993731,121.313476,門牌
桃園市桃園區東埔里中正路498號9樓,24.857109,121.219101,門牌
桃園市桃園區東埔里中正路606號(2樓),25.004579,121.304937,門牌
桃園市桃園區東埔里民光路86號5樓,25.004570,121.306402,門牌
桃園市桃園區東埔里民生路599巷14號(1樓),25.005845,121.308014,門牌
桃園市桃園區東山里鎮江街15之4號5樓,24.993022,121.315112,門牌
桃園市桃園區林森路32號(1樓),24.988279,121.319927,門牌
桃園市桃園區桃源街41號1樓,24.995824,121.310770,門牌
桃園市桃園區桃鶯路256號,24.979982,121.320189,門牌
桃園市桃園區桃鶯路348號,24.978069,121.322067,門牌
桃園市桃園區桃鶯路439之3號,24.978678,121.322409,門牌
桃園市桃園區桃鶯路461號,24.975450,121.323903,門牌
桃園市桃園區樹仁一街63巷1之1號,24.978803,121.315593,門牌
桃園市桃園區樹仁三街491巷31號1樓,24.973861,121.320487,路名
桃園市桃園區正光二街261巷1號11樓,24.959987,121.205656,路名
桃園市桃園區正光路112巷9號(1樓),24.996897,121.296262,路名
桃園市桃園區正光路423之6號8樓,24.996897,121.296262,路名
桃園市桃園區武陵里中正路90之5號,24.992819,121.312234,門牌
桃園市桃園區民安路112之1號,24.995792,121.299860,門牌
桃園市桃園區民富九街47號9樓,25.008961,121.315259,門牌
桃園市桃園區民富二街8巷69號,25.004496,121.317908,路名
桃園市桃園區民富十三街85巷27號,25.011392,121.318606,門牌
桃園市桃園區民有五街92號2樓,25.007227,121.318730,門牌
桃園市桃園區民生路599巷14號,25.005845,121.308014,門牌
桃園市桃園區民生路72號9樓之8,24.955852,121.219440,門牌
桃園市桃園區民生里新民街45號1樓,24.994215,121.311867,門牌
桃園市桃園區永安路1061號,25.008820,121.282953,門牌
桃園市桃園區永安路1468巷172之10號1樓,25.016343,121.277419,門牌
桃園市桃園區永安路191號13樓之1,24.997928,121.304226,門牌
桃園市桃園區永安路277之3號,24.999010,121.301975,門牌
桃園市桃園區永安路403巷12號10樓,25.001039,121.297911,門牌
桃園市桃園區永安路585號1樓,25.005461,121.295152,門牌
桃園市桃園區永安里中正三街177-1號3樓,25.002571,121.298715,路名
桃園市桃園區永安里力行路7號11樓之1,25.003021,121.305074,門牌
桃園市桃園區永安里埔新路4巷2號,24.999050,121.307824,門牌
桃園市桃園區永安里長春路112號（1樓）,24.978255,121.247866,門牌
桃園市桃園區永美街46巷7號,24.983451,121.306979,門牌
桃園市桃園區永興里和平路112號,24.957550,121.301950,門牌
桃園市桃園區永順街113之1巷13號,25.008122,121.287544,路名
桃園市桃園區汴洲里健行路70號1樓,24.950726,121.226787,門牌
桃園市桃園區汴洲里幸福路200號九樓,25.021762,121.308936,路名
桃園市桃園區汴洲里春日路1651巷46號,25.025633,121.304326,門牌
桃園市桃園區汴洲里有恆路5巷8號,25.031633,121.302858,門牌
桃園市桃園區汴洲里經國路668號,25.029012,121.300970,門牌
桃園市桃園區泰山街58號,24.989308,121.298008,門牌
桃園市桃園區泰山里中山路425巷6號4樓之1,24.991478,121.300073,門牌
桃園市桃園區泰山里中山路447號2樓,24.956649,121.216441,門牌
桃園市桃園區泰山里中山路545號10樓,24.990842,121.296543,門牌
桃園市桃園區泰山里宏昌六街18之1號(5樓),24.989331,121.299242,門牌
桃園市桃園區泰昌一街53號1樓,24.986310,121.297870,門牌
桃園市桃園區玉山街212巷14弄26號(2樓),24.985973,121.300101,門牌
桃園市桃園區玉山里南豐二街86號,24.982799,121.302390,門牌
桃園市桃園區玉山里大同西路101號,24.988603,121.301375,門牌
桃園市桃園區玉山里玉山街183巷13弄9號,24.985745,121.301204,門牌
桃園市桃園區玉山里玉山街186號,24.985960,121.300328,門牌
桃園市桃園區玉山里秀山路71號1樓,24.988835,121.302402,門牌
桃園市桃園區瑞慶路399之1號10樓,25.018948,121.290478,門牌
桃園市桃園區瑞慶里中正路1351號8樓,25.022615,121.295226,門牌
桃園市桃園區瑞慶里中正路1351號9樓,25.022615,121.295226,門牌
桃園市桃園區瑞慶里明德街13巷4號7樓,25.018571,121.290986,門牌
桃園市桃園區瑞慶里明德街19之2號15樓,25.018812,121.290879,門牌
桃園市桃園區瑞慶里莊一街90號9樓,25.021823,121.293343,門牌
桃園市桃園區福元街151巷4號,25.005864,121.317797,門牌
桃園市桃園區福元里大業路1段121巷8號(1樓),25.006057,121.315953,門牌
桃園市桃園區福元里福元街165巷19號(1樓),25.005887,121.317259,門牌
桃園市桃園區福安里保羅街56巷13號1樓,24.983003,121.309833,門牌
桃園市桃園區福安里昆明路193號1樓,24.985053,121.311766,門牌
桃園市桃園區福安里昆明路262巷27號(1樓),24.985211,121.312800,門牌
桃園市桃園區福昌街18號7樓之1,25.049762,121.138502,門牌
桃園市桃園區福昌街6號7樓,25.049867,121.138606,門牌
桃園市桃園區福林里介壽路495巷63號2樓,24.940315,121.296799,路名
桃園市桃園區福林里金門二街257號3樓,24.981399,121.312979,門牌
桃園市桃園區福林里長沙街102之4號,24.979687,121.310058,門牌
桃園市桃園區秀山路56巷1弄16號1樓,24.989138,121.301800,門牌
桃園市桃園區經國路11號5樓之1,25.009111,121.310498,門牌
桃園市桃園區經國路229號6樓,25.012401,121.306932,門牌
桃園市桃園區經國路231號(1樓),25.012655,121.306926,門牌
桃園市桃園區經國路395號7樓,25.016996,121.305160,門牌
桃園市桃園區經國路618號7樓之1,25.027793,121.301181,門牌
桃園市桃園區經國路618號7樓之2,25.027793,121.301181,門牌
桃園市桃園區經國路859號11樓之1、11樓之2,25.030327,121.300309,門牌
桃園市桃園區經國路888號14樓之2,25.032709,121.300709,門牌
桃園市桃園區經國路888號8樓之3,25.032709,121.300709,門牌
桃園市桃園區經國路88號18樓,25.014298,121.307176,門牌
桃園市桃園區經國路899號,25.020389,121.304056,路名
桃園市桃園區經國里經國路395號7樓,25.016996,121.305160,門牌
桃園市桃園區縣府路110號8樓,24.994341,121.302297,門牌
桃園市桃園區縣府路292號13樓之2,24.992711,121.299319,門牌
桃園市桃園區縣府路306之5號,24.992718,121.299937,門牌
桃園市桃園區縣府路332之11號,24.993408,121.299909,路名
桃園市桃園區自強里南平路108巷51號,25.021969,121.302421,門牌
桃園市桃園區自強里經國路280號7樓之2,25.021908,121.303467,門牌
桃園市桃園區自強里經國路286號8樓之2,25.022070,121.303396,門牌
桃園市桃園區自強里經國路314號2樓,25.023258,121.303259,門牌
桃園市桃園區自強里經國路555號3樓之3,25.022400,121.302587,門牌
桃園市桃園區興華路21巷1號,24.976194,121.326773,門牌
桃園市桃園區興邦路39之4號,24.981272,121.326943,門牌
桃園市桃園區興邦路43巷1號,24.980130,121.327584,門牌
桃園市桃園區興隆路3號,24.985376,121.320691,門牌
桃園市桃園區莊敬路一段162號2樓,24.967877,121.257359,門牌
桃園市桃園區莊敬里中正路1392號13樓之3,25.022658,121.296314,門牌
桃園市桃園區莊敬里中正路1416號12樓,25.023700,121.295225,門牌
桃園市桃園區莊敬里同德十一街37巷16號,25.020205,121.297414,門牌
桃園市桃園區莊敬里新埔八街103號4樓,25.020738,121.298326,門牌
桃園市桃園區莊敬里新埔八街27號2樓,25.019233,121.298914,門牌
桃園市桃園區莊敬里莊敬路1段180號3樓,25.025667,121.299601,門牌
桃園市桃園區莊敬里莊敬路1段236巷6號10樓,25.024917,121.298058,門牌
桃園市桃園區萬壽路三段231號3樓,25.006212,121.368009,路名
桃園市桃園區萬壽里復興路49之1號9樓之4,24.990821,121.316552,門牌
桃園市桃園區萬壽里萬壽路三段127號1樓,25.006212,121.368009,路名
桃園市桃園區藝文一街56號5樓,25.015151,121.301192,路名
桃園市桃園區藝文一街86之5號18樓,25.016048,121.300661,門牌
桃園市桃園區藝文二街80號3樓,25.014095,121.300762,門牌
桃園市桃園區裕和街30巷23號（2樓）,24.981453,121.274464,門牌
桃園市桃園區西埔里富國路646巷2弄45號,25.020492,121.283775,門牌
桃園市桃園區西埔里富國路646巷2弄45號（2樓）,25.020492,121.283775,門牌
桃園市桃園區西埔里富國路681巷19弄26號2樓,25.020011,121.280790,門牌
桃園市桃園區西埔里永安路1216巷6號5樓之2,25.010763,121.280141,門牌
桃園市桃園區西埔里永安路1279號,25.004246,121.293908,路名
桃園市桃園區西埔里永安路1468巷90弄109號1樓,25.014161,121.279077,門牌
桃園市桃園區西埔里莊敬路二段230巷28之1號,25.002688,121.277348,路名
桃園市桃園區西門里民族路236號4樓之4,24.839800,121.235124,門牌
桃園市桃園區豐林里介壽路22號,24.986865,121.309902,門牌
桃園市桃園區豐林里永美路31之4號5樓,24.914882,121.181394,路名
桃園市桃園區金山街18號(1樓),24.943673,121.223201,門牌
桃園市桃園區金門四街15號一樓,24.982907,121.313967,門牌
桃園市桃園區長安里4鄰愛三街3號,25.004495,121.303939,門牌
桃園市桃園區長安里愛一街60號,25.002804,121.302496,門牌
桃園市桃園區長安里愛八街66號6樓,25.004449,121.301500,門牌
桃園市桃園區長安里長春路201號4樓,25.004946,121.302943,門牌
桃園市桃園區長德里8鄰慈文路421號12樓,25.004623,121.299942,門牌
桃園市桃園區長德里愛三街171號2樓,25.002497,121.300626,門牌
桃園市桃園區長德里愛九街10號1樓,25.004671,121.300568,門牌
桃園市桃園區長德里愛九街10號（1樓）,25.004671,121.300568,門牌
桃園市桃園區長德里慈文路419號3樓,25.004670,121.299995,門牌
桃園市桃園區青溪里三民路一段177號3樓,24.974948,121.249678,路名
桃園市桃園區青溪里三民路一段187之1號,24.974948,121.249678,路名
桃園市桃園區青溪里光興街102號,25.002690,121.310122,門牌
桃園市桃園區青溪里春日路451號4樓,25.013682,121.310109,路名
桃園市桃園區龍城二街53巷2號,24.983446,121.271560,門牌
桃園市桃園區龍城二街54號1樓,24.983480,121.271706,門牌
桃園市桃園區龍壽街213巷24號,24.985564,121.264152,門牌
桃園市桃園區龍壽里龍城三街19號7樓,24.980187,121.270759,門牌
桃園市桃園區龍壽里龍城二街52巷3號2樓,24.983493,121.271891,門牌
桃園市桃園區龍壽里龍泉六街10號9樓,24.983975,121.272904,門牌
桃園市桃園區龍安里國強一街436號3樓,24.990734,121.278567,門牌
桃園市桃園區龍安里國豐六街154號2樓,24.991739,121.277026,門牌
桃園市桃園區龍安里文中路623之3號3樓,24.993547,121.278891,門牌
桃園市桃園區龍山里雙龍街50號4樓,24.981611,121.267455,門牌
桃園市桃園區龍山里龍壽街231號,24.988283,121.266970,門牌
桃園市桃園區龍山里龍壽街235號,24.985291,121.267675,路名
桃園市桃園區龍山里龍壽街300-3號,24.985291,121.267675,路名
桃園市桃園區龍岡里文中路509號3樓,24.994345,121.281478,門牌
桃園市桃園區龍岡里江南十街35號2樓,24.991350,121.283421,門牌
桃園市桃園區龍泉二街55號3樓,24.979884,121.270039,門牌
桃園市桃園區龍祥里中山路1306號,24.987994,121.228794,路名
桃園市桃園區龍祥里中山路1306號二樓,24.987994,121.228794,路名
桃園市桃園區龍祥里中山路1308之3號,24.980470,121.273761,門牌
桃園市桃園區龍祥里中山路1308巷353號十五樓,24.987994,121.228794,路名
桃園市桃園區龍祥里裕和街27號,24.981745,121.274068,門牌
桃園市桃園區龍祥里龍泉六街57號2樓,24.983610,121.271788,門牌
桃園市桃園區龍鳳里國強七街97號,24.988256,121.278870,門牌
桃園市桃園區龍鳳里國豐三街138號2樓,24.990505,121.279007,門牌
桃園市楊梅區三民里三民路43巷120號4樓,24.905842,121.174468,門牌
桃園市楊梅區三民里瑞溪路一段182巷47號1樓,24.907377,121.174411,路名
桃園市楊梅區三湖里楊湖路1段676巷55號,24.915172,121.123667,門牌
桃園市楊梅區三湖里楊湖路1段750號,24.912971,121.124395,門牌
桃園市楊梅區三湖里楊湖路一段676巷33弄11號1樓,24.911407,121.100059,路名
桃園市楊梅區三湖里楊湖路三段442巷237號,24.911407,121.100059,路名
桃園市楊梅區三湖里楊湖路二段650巷67之1號2樓,24.911407,121.100059,路名
桃園市楊梅區上湖里中山南路800巷138弄3號5樓之1,24.896162,121.104405,門牌
桃園市楊梅區上湖里楊湖路四段268號,24.911407,121.100059,路名
桃園市楊梅區上田里中華南路二段480巷8號5樓,24.956226,121.115481,路名
桃園市楊梅區上田里和平路180巷138號,24.956082,121.281618,路名
桃園市楊梅區上田里和平路236巷31弄38號,24.956082,121.281618,路名
桃園市楊梅區上田里和平路712號,24.956727,121.317135,門牌
桃園市楊梅區上田里和平路725號,24.948395,121.137560,門牌
桃園市楊梅區上田里和平路808號1樓,24.949932,121.138081,門牌
桃園市楊梅區上田里和平路87巷128號1樓,24.934123,121.127261,門牌
桃園市楊梅區上田里高平路359巷68號(1樓),24.939919,121.138229,路名
桃園市楊梅區中山南路674號1樓,24.903123,121.125702,門牌
桃園市楊梅區中山南路800巷100號,24.897425,121.107674,門牌
桃園市楊梅區中山南路800巷188號,24.896840,121.103477,門牌
桃園市楊梅區中山南路800巷98弄6號,24.899815,121.109367,門牌
桃園市楊梅區中山路125巷89號3樓,24.905962,121.145689,門牌
桃園市楊梅區中山路46號2樓,24.927854,121.254039,門牌
桃園市楊梅區中山里行善路32巷12號3樓,24.906118,121.151714,門牌
桃園市楊梅區仁美里永美路70號(1樓),24.921535,121.185890,門牌
桃園市楊梅區仁美里福德街123之1號,24.917443,121.186782,門牌
桃園市楊梅區和平路188號,24.957537,121.303818,門牌
桃園市楊梅區和平路576號,24.956082,121.281618,路名
桃園市楊梅區員本里民隆路16號,24.934436,121.100672,門牌
桃園市楊梅區員本里民隆路35號,24.934375,121.100013,門牌
桃園市楊梅區員本里民隆路39號,24.934702,121.099636,門牌
桃園市楊梅區四維路3號,24.959616,121.297469,門牌
桃園市楊梅區大同里自立街150號1樓,24.910744,121.153108,門牌
桃園市楊梅區大平里楊湖路一段367巷15號(2樓),24.911407,121.100059,路名
桃園市楊梅區大平里秀才路175巷8弄7號1樓,24.901520,121.142632,門牌
桃園市楊梅區大平里秀才路241巷8號2樓,24.900055,121.140811,門牌
桃園市楊梅區富岡里中華路17號,24.967577,121.109984,門牌
桃園市楊梅區富岡里新明街107號,24.935833,121.080851,門牌
桃園市楊梅區富民街143巷250弄182號4樓,24.923329,121.070806,路名
桃園市楊梅區富聯路221巷71號1樓,24.940478,121.072502,門牌
桃園市楊梅區富聯路238號,24.938754,121.072767,門牌
桃園市楊梅區富豐里富豐南路109巷100號,24.930991,121.089511,門牌
桃園市楊梅區幼四路1號,24.927234,121.170957,門牌
桃園市楊梅區幼獅路二段403巷65弄28號(1樓),24.934384,121.164360,路名
桃園市楊梅區快速路5段858號,24.950800,121.161613,門牌
桃園市楊梅區快速路五段1120號,24.934660,121.189561,路名
桃園市楊梅區文化街264號,24.950902,121.203162,門牌
桃園市楊梅區新榮路219號2樓,24.956779,121.160848,門牌
桃園市楊梅區新榮里新榮路199巷8號1樓,24.956702,121.161357,門牌
桃園市楊梅區新榮里裕榮路329巷25號1樓,24.954690,121.160723,門牌
桃園市楊梅區新榮里電研路226巷71號,24.956743,121.169707,門牌
桃園市楊梅區新榮里電研路5號,24.949244,121.164825,門牌
桃園市楊梅區新榮里電研路69巷21號,24.951742,121.165380,門牌
桃園市楊梅區新江路100號,24.896665,121.141372,門牌
桃園市楊梅區新農街561巷2號,24.913396,121.163074,門牌
桃園市楊梅區新農街64巷2號1樓,24.909401,121.148037,門牌
桃園市楊梅區新農街64巷二之二號3樓,24.911909,121.158246,路名
桃園市楊梅區東森路55巷16號,24.888200,121.163262,門牌
桃園市楊梅區東流里中山南路586巷5號,24.904490,121.127781,門牌
桃園市楊梅區校前路328號(1樓),24.898418,121.150130,門牌
桃園市楊梅區梅溪里三元街161巷6弄1號2樓,24.909908,121.168928,門牌
桃園市楊梅區梅溪里中山北路2段192號3樓,24.909270,121.171650,門牌
桃園市楊梅區梅溪里中山北路二段82巷7號7樓,24.954225,121.193487,路名
桃園市楊梅區梅溪里元化街86號6樓,24.910148,121.167355,門牌
桃園市楊梅區梅溪里元化街86號六樓,24.910148,121.167355,門牌
桃園市楊梅區梅溪里新農街二段209巷51號,24.911909,121.158246,路名
桃園市楊梅區梅獅路2段577號,24.899108,121.183963,門牌
桃園市楊梅區梅獅路二段349巷3號,24.903746,121.179222,路名
桃園市楊梅區梅高路2段61巷20弄15號(2樓),24.938602,121.143193,門牌
桃園市楊梅區梅高路二段431巷125號,24.934162,121.145503,路名
桃園市楊梅區楊新路三段4巷19號,24.925610,121.131628,路名
桃園市楊梅區楊明里中山北路一段390巷45弄34號12樓之1,24.954225,121.193487,路名
桃園市楊梅區楊明里中山北路一段399號,24.954225,121.193487,路名
桃園市楊梅區楊梅里光復北街23巷28號,24.912784,121.147495,門牌
桃園市楊梅區楊梅里新梅二街39號2樓,24.915193,121.144692,門牌
桃園市楊梅區楊梅里梅高路22號,24.915334,121.144228,門牌
桃園市楊梅區楊湖路3段248巷119弄28號,24.916496,121.093741,門牌
桃園市楊梅區楊湖路一段676巷10弄91號,24.911407,121.100059,路名
桃園市楊梅區民富路2段40號,24.923723,121.115669,門牌
桃園市楊梅區民富路三段142巷16號,24.925751,121.115554,路名
桃園市楊梅區民富路三段454巷26號(1樓),24.925751,121.115554,路名
桃園市楊梅區民富路二段438巷1弄1號,24.925751,121.115554,路名
桃園市楊梅區民族路5段201巷121號,24.955960,121.170512,門牌
桃園市楊梅區民有路一段202號,24.933291,121.118241,路名
桃園市楊梅區民豐路68巷6弄8號1樓,24.934278,121.120917,門牌
桃園市楊梅區民隆路19號,24.932028,121.100791,門牌
桃園市楊梅區民隆路24號,24.934963,121.100127,門牌
桃園市楊梅區民隆路43號,24.935312,121.099180,門牌
桃園市楊梅區水美里楊新路二段145巷2弄73號2樓,24.925610,121.131628,路名
桃園市楊梅區水美里楊新路二段158號,24.913643,121.143635,門牌
桃園市楊梅區水美里楊湖路一段194巷1號,24.911407,121.100059,路名
桃園市楊梅區水美里楊湖路一段506號,24.911407,121.100059,路名
桃園市楊梅區永寧里東森路3號,24.887721,121.161104,門牌
桃園市楊梅區永寧里校前路986號1樓,24.886042,121.149208,門牌
桃園市楊梅區永寧里環南路219巷86號(1樓),24.900153,121.144418,門牌
桃園市楊梅區永平里5鄰永平路605號,24.918041,121.172327,門牌
桃園市楊梅區永平里梅獅路一段191號,24.903746,121.179222,路名
桃園市楊梅區永平里梅獅路一段252號,24.903746,121.179222,路名
桃園市楊梅區永平里永平路415號,24.919762,121.177489,門牌
桃園市楊梅區永平里永平路523號,24.919064,121.174696,門牌
桃園市楊梅區獅一路10之2號,24.923796,121.175210,門牌
桃園市楊梅區瑞原里楊新路3段25巷36號,24.929946,121.125295,門牌
桃園市楊梅區瑞原里民富路1段305-1號,24.925751,121.115554,路名
桃園市楊梅區瑞原里民豐路277號,24.931204,121.116927,門牌
桃園市楊梅區瑞原里民豐路641之1號,24.928234,121.109982,門牌
桃園市楊梅區瑞坪里梅獅路二段213號,24.903746,121.179222,路名
桃園市楊梅區瑞坪里梅獅路二段525號,24.903746,121.179222,路名
桃園市楊梅區瑞坪里梅獅路二段916巷19號,24.903746,121.179222,路名
桃園市楊梅區瑞坪里福羚路216號2樓之2,24.907861,121.182186,門牌
桃園市楊梅區瑞塘里永美路445巷96弄12號1樓,24.911599,121.179737,門牌
桃園市楊梅區瑞塘里萬大路116巷42弄10號1樓,24.910111,121.176699,門牌
桃園市楊梅區瑞塘里萬大路116巷42弄18號8樓,24.910072,121.176418,門牌
桃園市楊梅區瑞塘里萬大路152巷26號,24.909180,121.177729,門牌
桃園市楊梅區瑞塘里萬大路164巷3號,24.908954,121.178644,門牌
桃園市楊梅區瑞溪路一段131號2樓,24.907377,121.174411,路名
桃園市楊梅區瑞溪里瑞溪路一段229號,24.907377,121.174411,路名
桃園市楊梅區環東路150巷28、32號,24.905844,121.154453,路名
桃園市楊梅區甡甡路737號(1樓),24.891548,121.123316,門牌
桃園市楊梅區福人路114號1樓,24.891859,121.150640,門牌
桃園市楊梅區秀才路511巷2號6樓,24.894982,121.137811,門牌
桃園市楊梅區秀才路769巷2之1號1樓,24.890682,121.137022,門牌
桃園市楊梅區秀才里秀才路538號,24.894379,121.137040,門牌
桃園市楊梅區紅梅里中山路154號2樓,24.971777,121.109681,門牌
桃園市楊梅區紅梅里環南路310號1樓,24.904458,121.143669,門牌
桃園市楊梅區紅梅里秀才路75號(1樓),24.904559,121.142844,門牌
桃園市楊梅區老莊路228號,24.893630,121.156326,門牌
桃園市楊梅區萬大路77號,24.911215,121.177995,門牌
桃園市楊梅區裕成路214巷3弄10號,24.896064,121.160011,門牌
桃園市楊梅區裕成里光裕南街106巷6號一樓,24.893953,121.160986,門牌
桃園市楊梅區裕新里裕成南路197巷5號（2樓）,24.901247,121.160419,門牌
桃園市楊梅區裕新里裕成南路231號（1樓）,24.900454,121.159297,門牌
桃園市楊梅區裕新里裕成南路338號3樓,24.899156,121.157118,門牌
桃園市楊梅區豐野里中正路549巷2之1號,24.943371,121.073236,門牌
桃園市楊梅區豐野里中正路549巷6號,24.943619,121.072617,門牌
桃園市楊梅區豐野里富聯路221巷1號,24.939414,121.074088,門牌
桃園市楊梅區豐野里民生街115巷33號(1樓),24.937932,121.085717,門牌
桃園市楊梅區迎旭二街31巷3號(1樓),24.892610,121.170811,門牌
桃園市楊梅區迎旭二街37號(1樓),24.891789,121.170811,門牌
桃園市楊梅區金山街298巷20號,24.911266,121.162579,門牌
桃園市楊梅區金山街298巷66號,24.911895,121.163668,門牌
桃園市楊梅區金德路97號1樓,24.917652,121.146061,門牌
桃園市楊梅區金溪里中山北路二段23巷23號3樓之1,24.954225,121.193487,路名
桃園市楊梅區金溪里迎旭三街13之5號,24.891402,121.169082,門牌
桃園市楊梅區雙榮路58巷6號,24.957670,121.176907,門牌
桃園市楊梅區雙榮里民族路5段147巷21號1樓,24.956529,121.174371,門牌
桃園市楊梅區雙榮里民族路五段147巷21號2樓,24.934699,121.197269,路名
桃園市楊梅區雙榮里民族路五段147巷3弄20號一樓,24.934699,121.197269,路名
桃園市楊梅區雙榮里民族路五段279號(2樓),24.934699,121.197269,路名
桃園市楊梅區雙榮里電研路190巷179號1樓,24.952648,121.172493,門牌
桃園市楊梅區電研路69巷25號,24.952355,121.164399,門牌
桃園市楊梅區青山里獅一路7號,24.923199,121.175146,門牌
桃園市楊梅區青山里獅三路5號,24.924554,121.174516,門牌
桃園市楊梅區青山里青山一街65巷15弄110號(1樓),24.921747,121.178001,門牌
桃園市楊梅區青山里青山二街399號6樓,24.920073,121.171404,門牌
桃園市楊梅區青年路5號,24.925924,121.169813,門牌
桃園市楊梅區青年路6之1號,24.927018,121.170246,門牌
桃園市楊梅區頭湖里中山南路800巷98弄12號,24.901027,121.108621,門牌
桃園市楊梅區頭湖里中山南路800巷98弄2之2號,24.898888,121.109809,門牌
桃園市楊梅區頭湖里楊湖路一段773巷70弄30號1樓,24.911407,121.100059,路名
桃園市楊梅區頭湖里楊湖路一段773巷70弄80衖63號,24.911407,121.100059,路名
桃園市楊梅區高上里高上路一段151巷43號,24.941662,121.153794,路名
桃園市楊梅區高上里高獅路813巷26弄7號2樓,24.928197,121.163383,門牌
桃園市楊梅區高上里高獅路863巷2弄12號,24.925875,121.167723,門牌
桃園市楊梅區高上里高青路22巷9號,24.929681,121.161689,門牌
桃園市楊梅區高上里高青路32巷11弄85號,24.929494,121.161035,路名
桃園市楊梅區高上里高青路32巷9號,24.929965,121.159472,門牌
桃園市楊梅區高上里高青路8號,24.930147,121.163488,門牌
桃園市楊梅區高山里5鄰高獅路711號,24.924975,121.163854,門牌
桃園市楊梅區高山里梅高路2段6巷5號,24.935699,121.144919,門牌
桃園市楊梅區高山里高平路96號,24.937945,121.141761,門牌
桃園市楊梅區高山里高新街161號,24.926518,121.141075,門牌
桃園市楊梅區高山里高獅路303巷10之1號,24.926015,121.151584,門牌
桃園市楊梅區高山里高獅路741號,24.924951,121.164089,門牌
桃園市楊梅區高山里高獅路813巷22弄1號,24.927266,121.163206,門牌
桃園市楊梅區高山里高獅路820之1號,24.923136,121.166989,門牌
桃園市楊梅區高山里高獅路863巷38之1號,24.929776,121.164812,門牌
桃園市楊梅區高山里高青路22巷11號,24.929878,121.161456,門牌
桃園市楊梅區高平路205巷15號,24.936895,121.138114,門牌
桃園市楊梅區高榮里快速路五段713號,24.934660,121.189561,路名
桃園市楊梅區高榮里電研路10巷251弄12號,24.950018,121.172303,門牌
桃園市楊梅區高榮里電研路190巷218號(1樓),24.951401,121.172327,門牌
桃園市楊梅區高獅路301號,24.925150,121.152746,門牌
桃園市楊梅區高獅路367號,24.926149,121.154767,門牌
桃園市楊梅區高獅路566-1號,24.925556,121.160038,路名
桃園市楊梅區高獅路813巷26弄11號,24.928436,121.163707,門牌
桃園市楊梅區高獅路822巷11號,24.922347,121.167910,門牌
桃園市楊梅區高青路10巷14號,24.931063,121.162713,門牌
桃園市楊梅區高青路28巷12號（3樓）,24.930518,121.160478,門牌
桃園市楊梅區高青路32巷11弄107號,24.927528,121.157883,門牌
桃園市楊梅區高青路42巷8號,24.927964,121.160035,門牌
桃園市蘆竹區三德街42號,25.096393,121.267068,門牌
桃園市蘆竹區上竹里上竹二街5巷11號,25.019799,121.266108,門牌
桃園市蘆竹區上竹里上竹路125號,25.022265,121.265681,路名
桃園市蘆竹區上竹里上竹路299號9樓,25.022958,121.262833,門牌
桃園市蘆竹區上竹里南竹路五段249巷1弄6號,25.036240,121.276941,路名
桃園市蘆竹區上興路50巷49號1樓,25.020244,121.264167,門牌
桃園市蘆竹區上興里大竹一街222號1樓,25.017864,121.261604,門牌
桃園市蘆竹區上興里大竹路335巷10號一樓,25.018900,121.265784,門牌
桃園市蘆竹區中圳街18巷59號,25.105592,121.263012,路名
桃園市蘆竹區中山路120之4號,25.056609,121.298134,門牌
桃園市蘆竹區中山路134號10樓之2,24.971566,121.110068,門牌
桃園市蘆竹區中山里福祿一街60號5樓,25.056256,121.297038,門牌
桃園市蘆竹區中正北路1658號,25.042762,121.279617,路名
桃園市蘆竹區中正路29號3樓,24.815111,121.350791,門牌
桃園市蘆竹區中油街352巷22號(1樓),25.029106,121.234351,門牌
桃園市蘆竹區中福里16鄰龍安街二段156巷43號,24.995576,121.266601,路名
桃園市蘆竹區中福里中興五街34號1樓,25.019885,121.262372,門牌
桃園市蘆竹區中福里中興路536號,25.009829,121.255119,門牌
桃園市蘆竹區中福里中興路618號(1樓),25.009043,121.252907,門牌
桃園市蘆竹區中福里內定二街636巷81號,24.995770,121.256508,門牌
桃園市蘆竹區中福里新興街379巷27弄1之1號1樓,25.006804,121.263775,門牌
桃園市蘆竹區中福里福林街1巷13號(2樓),25.016077,121.252548,門牌
桃園市蘆竹區中福里福興31之13號,24.998125,121.261143,路名
桃園市蘆竹區中福里福興三街460號,25.000879,121.256826,門牌
桃園市蘆竹區中福里福興三街535號,25.003864,121.255323,門牌
桃園市蘆竹區中福里龍壽街一段95巷36弄30號,24.985291,121.267675,路名
桃園市蘆竹區中福里龍安街2段1384號1樓,25.013942,121.254094,門牌
桃園市蘆竹區中福里龍安街2段1551號（1樓）,25.017263,121.252109,門牌
桃園市蘆竹區中福里龍安街二段735巷115號,24.995576,121.266601,路名
桃園市蘆竹區中興二街20號,25.014163,121.264537,門牌
桃園市蘆竹區中興路200號,25.042406,121.080976,門牌
桃園市蘆竹區中興路202號,24.874725,121.235902,門牌
桃園市蘆竹區中興里大興八街9號,25.017580,121.257695,門牌
桃園市蘆竹區中興里興中街27號2樓之2,24.991927,121.329678,門牌
桃園市蘆竹區中華街37巷7號,24.975544,121.218667,路名
桃園市蘆竹區五福六路56巷27弄5號,25.055218,121.296196,門牌
桃園市蘆竹區五福六路62之6號,25.054611,121.296430,門牌
桃園市蘆竹區五福里6鄰五福六路51號4樓,25.054453,121.296703,門牌
桃園市蘆竹區五福里福祿五街4號11樓之2,25.053665,121.296694,門牌
桃園市蘆竹區仁愛路三段560巷182號1樓,25.011324,121.244984,路名
桃園市蘆竹區光明路一段60巷1號1樓,24.990759,121.253455,路名
桃園市蘆竹區內厝里1鄰南山路二段12巷58號,25.069353,121.287443,路名
桃園市蘆竹區內厝里內厝街46號,25.060049,121.285926,門牌
桃園市蘆竹區內厝里內溪路41號,25.067556,121.279445,門牌
桃園市蘆竹區內厝里內溪路49號,25.066695,121.278235,門牌
桃園市蘆竹區內厝里內溪路53之1號,25.065909,121.277444,門牌
桃園市蘆竹區內厝里內溪路53之3號,25.065425,121.277245,門牌
桃園市蘆竹區內厝里六福路330號(1樓),25.061975,121.293778,門牌
桃園市蘆竹區內厝里南山路2段205巷16號,25.064635,121.285462,門牌
桃園市蘆竹區內厝里南山路2段394巷61弄1號,25.071351,121.287293,門牌
桃園市蘆竹區內厝里南山路二段303號、305號,25.069353,121.287443,路名
桃園市蘆竹區內厝里東溪路210號,25.065153,121.279517,路名
桃園市蘆竹區內厝里榮安路6號,25.059933,121.284689,門牌
桃園市蘆竹區內厝里長興路3段20號,25.073352,121.283613,門牌
桃園市蘆竹區內厝里長興路3段219巷13號,25.070534,121.278057,門牌
桃園市蘆竹區內厝里長興路3段229巷21、23號,24.993700,121.274666,路名
桃園市蘆竹區內厝里長興路一段205巷2號,24.993700,121.274666,路名
桃園市蘆竹區內厝里長興路三段121號,24.993700,121.274666,路名
桃園市蘆竹區內厝里長興路三段151之1號,24.993700,121.274666,路名
桃園市蘆竹區內厝里長興路三段25號(一樓),24.930127,121.283882,門牌
桃園市蘆竹區內溪路48號,25.069229,121.281027,門牌
桃園市蘆竹區內溪路62號,25.067137,121.278231,門牌
桃園市蘆竹區六福路36號,25.060396,121.296385,路名
桃園市蘆竹區南山路1段45號10樓,25.051633,121.291702,門牌
桃園市蘆竹區南山路2段12巷20號,25.069353,121.287443,路名
桃園市蘆竹區南山路2段205巷22弄26號,25.065651,121.284898,門牌
桃園市蘆竹區南山路2段61巷15號,25.061790,121.288146,門牌
桃園市蘆竹區南山路一段175號,25.069353,121.287443,路名
桃園市蘆竹區南山路一段349巷5號,25.069353,121.287443,路名
桃園市蘆竹區南山路一段56巷9號,25.069353,121.287443,路名
桃園市蘆竹區南山路三段17巷10之2號,25.069353,121.287443,路名
桃園市蘆竹區南山路三段17巷5號6樓,25.069353,121.287443,路名
桃園市蘆竹區南山路三段421號1樓,25.069353,121.287443,路名
桃園市蘆竹區南山路二段205巷45號,25.069353,121.287443,路名
桃園市蘆竹區南山路二段261號,25.069353,121.287443,路名
桃園市蘆竹區南山路二段498之2號,25.069353,121.287443,路名
桃園市蘆竹區南山路二段519號2樓,25.069353,121.287443,路名
桃園市蘆竹區南崁路1段99號7樓之7,25.051472,121.288046,門牌
桃園市蘆竹區南崁路265號5樓,25.049323,121.292719,門牌
桃園市蘆竹區南崁路265號7樓之3,25.049323,121.292719,門牌
桃園市蘆竹區南崁路265號7樓之6,25.049323,121.292719,門牌
桃園市蘆竹區南崁路2段142巷8之1號,25.060720,121.277027,門牌
桃園市蘆竹區南崁路2段200號,25.059952,121.275678,門牌
桃園市蘆竹區南崁路2段200號2樓,25.059952,121.275678,門牌
桃園市蘆竹區南崁路2段228巷113弄15號,25.062052,121.272342,門牌
桃園市蘆竹區南崁路2段228巷165號,25.063363,121.272926,門牌
桃園市蘆竹區南崁路2段323號,25.060790,121.270129,門牌
桃園市蘆竹區南崁路2段459號1樓,25.062015,121.267449,門牌
桃園市蘆竹區南崁路2段88號,25.057730,121.278373,門牌
桃園市蘆竹區南崁路一段231巷19號,25.056001,121.280765,路名
桃園市蘆竹區南崁路二段130號,25.046372,121.295124,門牌
桃園市蘆竹區南崁路二段142巷51號,25.056001,121.280765,路名
桃園市蘆竹區南崁路二段226巷18號,25.056001,121.280765,路名
桃園市蘆竹區南崁路二段226巷25號,25.056001,121.280765,路名
桃園市蘆竹區南崁路二段228巷165號,25.056001,121.280765,路名
桃園市蘆竹區南崁路二段228巷16弄33號,25.056001,121.280765,路名
桃園市蘆竹區南崁路二段22號1樓,25.056001,121.280765,路名
桃園市蘆竹區南崁路二段390號,25.056001,121.280765,路名
桃園市蘆竹區南崁路二段66之6號(1樓),25.056001,121.280765,路名
桃園市蘆竹區南崁里中正路90號（10樓）,25.033411,121.084045,門牌
桃園市蘆竹區南崁里圳佳路16巷1號5樓,25.043148,121.297283,門牌
桃園市蘆竹區南崁里新南路一段28號,25.040936,121.295483,路名
桃園市蘆竹區南崁里民權路50號6樓,25.036036,121.299935,門牌
桃園市蘆竹區南崁里經國路892號4樓,25.033301,121.300736,門牌
桃園市蘆竹區南崁里經國路898號14樓,25.033478,121.300880,門牌
桃園市蘆竹區南崁里經國路906號13樓,25.033581,121.301140,門牌
桃園市蘆竹區南工路78號,25.053921,121.272691,門牌
桃園市蘆竹區南榮里光明路一段60巷19號,24.990759,121.253455,路名
桃園市蘆竹區南榮里南國街8巷7弄8號(1樓),25.041574,121.294351,門牌
桃園市蘆竹區南福街179號1樓,25.038649,121.293268,門牌
桃園市蘆竹區南竹路二段257號,25.036240,121.276941,路名
桃園市蘆竹區南華一街168號7樓,25.043304,121.294689,門牌
桃園市蘆竹區南青路1188號5樓,25.050601,121.258147,路名
桃園市蘆竹區南青路633號、二樓、三樓、四樓、五樓,25.046259,121.249169,門牌
桃園市蘆竹區南順一街48巷43號(1樓),25.041753,121.286959,門牌
桃園市蘆竹區南順一街48巷43號（1樓）,25.041753,121.286959,門牌
桃園市蘆竹區南順一街53號9樓之1,25.040466,121.285239,門牌
桃園市蘆竹區南順七街2巷10號1樓,25.037354,121.290637,門牌
桃園市蘆竹區厚生路90號4樓之3,25.054128,121.278466,門牌
桃園市蘆竹區吉林路128號7樓,25.050125,121.297943,門牌
桃園市蘆竹區吉林路128號8樓,25.050125,121.297943,門牌
桃園市蘆竹區吉祥里中山路5號(2樓),25.036907,121.082062,門牌
桃園市蘆竹區吉祥里中山路7號（2樓）,24.814336,121.350485,門牌
桃園市蘆竹區和平街26號,24.865126,121.208086,門牌
桃園市蘆竹區和平街36號,25.091895,121.276826,門牌
桃園市蘆竹區坑口里11鄰三德街54巷7號,25.095972,121.269519,門牌
桃園市蘆竹區坑口里17鄰大有街16號,25.094428,121.269973,門牌
桃園市蘆竹區坑口里17鄰大有街24號,25.095073,121.272031,門牌
桃園市蘆竹區坑口里三德街54巷8號,25.096274,121.268704,門牌
桃園市蘆竹區坑口里南山北路二段390號一樓,25.095032,121.279846,路名
桃園市蘆竹區坑口里大有街17號,25.094934,121.270111,門牌
桃園市蘆竹區坑口里大有街29號,25.095716,121.271421,門牌
桃園市蘆竹區坑口里大有街9巷12號,25.095561,121.270496,門牌
桃園市蘆竹區坑口里油管路2段707號,25.065861,121.287706,路名
桃園市蘆竹區坑口里海山路636號,25.096531,121.268225,路名
桃園市蘆竹區坑口里海山路681號,25.091887,121.269728,門牌
桃園市蘆竹區坑口里海山路一段154號,25.096531,121.268225,路名
桃園市蘆竹區坑口里海山路一段336號1樓,25.088467,121.278560,門牌
桃園市蘆竹區外社里山林路2段340巷2弄7號1樓,25.082920,121.301908,門牌
桃園市蘆竹區外社里草仔崎路88號,25.081706,121.313033,門牌
桃園市蘆竹區大新四街72號10樓,25.023618,121.254160,路名
桃園市蘆竹區大有街29巷6號,25.096462,121.271709,門牌
桃園市蘆竹區大有街9巷2號,25.095252,121.269469,門牌
桃園市蘆竹區大竹路119巷6號,25.014378,121.270542,門牌
桃園市蘆竹區大竹路253號,25.018705,121.265453,路名
桃園市蘆竹區大竹路449巷4弄14號(2樓),25.021567,121.261926,門牌
桃園市蘆竹區大竹里仁和街25號1樓,25.026437,121.257662,門牌
桃園市蘆竹區大竹里大新一街21巷20號1樓,25.023755,121.257067,門牌
桃園市蘆竹區大竹里大新一街29號(1樓),25.023058,121.257090,門牌
桃園市蘆竹區大竹里大新三街87號（2樓）,25.022961,121.255340,門牌
桃園市蘆竹區大竹里大新二街103號(1樓),25.022557,121.256601,門牌
桃園市蘆竹區大竹里大興十四街128號,25.023661,121.255492,門牌
桃園市蘆竹區大竹里大興十四街34巷15號(1樓),25.023901,121.254581,路名
桃園市蘆竹區大竹里大興十四街34巷15號1樓,25.023901,121.254581,路名
桃園市蘆竹區奉化路231之36號,25.037965,121.291834,門牌
桃園市蘆竹區宏竹路190巷50號(1樓),25.043160,121.245830,門牌
桃園市蘆竹區宏竹里10鄰大竹北路280號,25.032752,121.249898,門牌
桃園市蘆竹區宏竹里光華街95巷25號(1樓),25.034681,121.252422,門牌
桃園市蘆竹區宏竹里八股路407號(1樓),25.051413,121.253512,門牌
桃園市蘆竹區宏竹里大竹北路370號,25.036286,121.244614,路名
桃園市蘆竹區宏竹里大華街300巷6號2樓,25.045176,121.257489,門牌
桃園市蘆竹區宏竹里宏竹路145號二樓,25.043448,121.244230,門牌
桃園市蘆竹區富國路3段1178號,25.057284,121.268470,門牌
桃園市蘆竹區富國路3段1200號2樓,25.058760,121.268230,門牌
桃園市蘆竹區富國路三段1130號1樓,25.031719,121.276415,路名
桃園市蘆竹區富華路一段177號,25.045469,121.259090,路名
桃園市蘆竹區山林路2段6號,25.084735,121.294421,門牌
桃園市蘆竹區山腳里15鄰橋頭街196號,25.082312,121.280939,門牌
桃園市蘆竹區山腳里南山北路1段133巷22號3樓,25.088046,121.283838,門牌
桃園市蘆竹區山腳里南山北路1段72號,25.088892,121.285688,門牌
桃園市蘆竹區山腳里南山路3段233號,25.083233,121.285395,門牌
桃園市蘆竹區山腳里南山路三段421號,25.069353,121.287443,路名
桃園市蘆竹區山腳里山林路1段325號2樓,25.085211,121.294239,門牌
桃園市蘆竹區山腳里山林路一段155號1樓,25.083242,121.300384,路名
桃園市蘆竹區山腳里泉州路100號1樓,25.097276,121.295091,門牌
桃園市蘆竹區山腳里海山路2號,25.085616,121.286365,門牌
桃園市蘆竹區山鼻里南山路三段17巷4號,25.069353,121.287443,路名
桃園市蘆竹區山鼻里南山路二段470巷23號,25.069353,121.287443,路名
桃園市蘆竹區山鼻里長興路二段200號,25.045207,121.135091,門牌
桃園市蘆竹區山鼻里長興路二段26巷1號二樓之3,24.993700,121.274666,路名
桃園市蘆竹區忠孝街12號(一樓),24.972165,121.102047,門牌
桃園市蘆竹區文中路1段218號1樓,24.995354,121.263128,路名
桃園市蘆竹區新南路1段376號,25.040176,121.297156,門牌
桃園市蘆竹區新南路一段163號5樓,25.040936,121.295483,路名
桃園市蘆竹區新南路一段305巷36號,25.040936,121.295483,路名
桃園市蘆竹區新南路一段370之2號,25.040936,121.295483,路名
桃園市蘆竹區新南路二段187號,25.040936,121.295483,路名
桃園市蘆竹區新南路二段90號(1、2樓),25.040936,121.295483,路名
桃園市蘆竹區新興里中興路100巷12號,25.016790,121.264867,門牌
桃園市蘆竹區新興里中興路3號,25.037476,121.080881,門牌
桃園市蘆竹區新興里大竹路111巷6號,25.014055,121.271315,門牌
桃園市蘆竹區新興里大竹路269巷11號,25.016948,121.267711,門牌
桃園市蘆竹區新興里文中路一段2號,24.995354,121.263128,路名
桃園市蘆竹區新興里文新街6號,25.000819,121.272234,路名
桃園市蘆竹區新興里文新街7號2樓,25.000819,121.272234,路名
桃園市蘆竹區新興里新興街140巷46號1樓,25.009799,121.270508,門牌
桃園市蘆竹區新興里新興街233之1號,24.989474,121.262239,路名
桃園市蘆竹區新莊里大新路727巷1號,25.023415,121.245521,門牌
桃園市蘆竹區新莊里大新路814巷91號,25.025779,121.241954,門牌
桃園市蘆竹區新莊里大新路826號,25.023491,121.243387,門牌
桃園市蘆竹區新莊里大興路18號,25.022771,121.252541,門牌
桃園市蘆竹區新莊里大興路20巷19弄9號,25.021809,121.252355,門牌
桃園市蘆竹區新莊里新生路289巷120號1樓,25.027437,121.240614,門牌
桃園市蘆竹區新莊里龍安街三段135號(1樓),24.990674,121.279488,門牌
桃園市蘆竹區榮安路6巷98號2樓至3樓,25.060357,121.284640,路名
桃園市蘆竹區正興里奉化路24巷2號,25.041112,121.285116,門牌
桃園市蘆竹區海山東街326之1號,25.106464,121.264818,門牌
桃園市蘆竹區海山東街37巷85號,25.106777,121.262864,路名
桃園市蘆竹區海山路165號,25.096531,121.268225,路名
桃園市蘆竹區海山路一段394巷55號,25.096531,121.268225,路名
桃園市蘆竹區海山路二段156巷22號,25.096531,121.268225,路名
桃園市蘆竹區海山路二段520之5號,25.096531,121.268225,路名
桃園市蘆竹區海湖北路309巷123號,25.109874,121.269891,路名
桃園市蘆竹區海湖東路336號,25.105392,121.271688,門牌
桃園市蘆竹區海湖里20鄰海山中街51號,25.107191,121.260377,門牌
桃園市蘆竹區海湖里中圳街17巷13號,25.103201,121.263626,門牌
桃園市蘆竹區海湖里中圳街17巷15號,25.103132,121.263495,門牌
桃園市蘆竹區海湖里中圳街18巷7弄33號,25.105148,121.264043,門牌
桃園市蘆竹區海湖里中圳街18巷7弄8號,25.105336,121.264420,門牌
桃園市蘆竹區海湖里中圳街8號,25.102874,121.265353,門牌
桃園市蘆竹區海湖里智海一街12巷10號1樓,25.117082,121.259857,門牌
桃園市蘆竹區海湖里智海二街26號1樓,25.117088,121.260356,門牌
桃園市蘆竹區海湖里海山中街13巷16號,25.110770,121.266925,路名
桃園市蘆竹區海湖里海山中街26號,25.106107,121.263004,門牌
桃園市蘆竹區海湖里海山中街285號,25.113608,121.271435,門牌
桃園市蘆竹區海湖里海山東街398號,25.106777,121.262864,路名
桃園市蘆竹區海湖里海山東街419號,25.105619,121.266621,門牌
桃園市蘆竹區海湖里海山東街421巷25號,25.105764,121.266978,門牌
桃園市蘆竹區海湖里海山路2段211號,25.104077,121.258862,門牌
桃園市蘆竹區海湖里海山路二段149之2號,25.096531,121.268225,路名
桃園市蘆竹區海湖里海山路二段291號,25.096531,121.268225,路名
桃園市蘆竹區海湖里海湖北路46號,25.108825,121.271354,門牌
桃園市蘆竹區海湖里海湖東路212號,25.102093,121.268379,門牌
桃園市蘆竹區海湖里海湖東路28巷12號3樓,25.100515,121.261617,門牌
桃園市蘆竹區海湖里海湖東路28巷50號2樓,25.100745,121.262234,門牌
桃園市蘆竹區海湖里海湖東路28巷51號2樓,25.100709,121.262359,門牌
桃園市蘆竹區濱海里13鄰海湖北路309巷61號,25.109874,121.269891,路名
桃園市蘆竹區濱海里14鄰中圳街180號,25.109234,121.260375,門牌
桃園市蘆竹區濱海里中圳街176號,25.108452,121.261079,門牌
桃園市蘆竹區濱海里智海二街27巷2號1樓,25.117360,121.260556,門牌
桃園市蘆竹區濱海里海山中街83號1樓,25.108881,121.263612,門牌
桃園市蘆竹區濱海里海山西路8巷1號(1樓),25.108666,121.254526,門牌
桃園市蘆竹區濱海里海山路三段108號(1樓),25.096531,121.268225,路名
桃園市蘆竹區濱海里海港路61巷36號1樓,25.106738,121.232055,路名
桃園市蘆竹區濱海里海湖北路309巷100號,25.109874,121.269891,路名
桃園市蘆竹區濱海里濱海路一段199號,25.079214,121.181859,路名
桃園市蘆竹區營盤里六福一路1之1號二樓,25.061515,121.298491,門牌
桃園市蘆竹區營盤里六福路161號5樓之16,25.059236,121.295668,門牌
桃園市蘆竹區營盤里六福路220之3號4樓,25.060440,121.298532,門牌
桃園市蘆竹區營盤里長興路一段68號(二樓),24.930730,121.282901,門牌
桃園市蘆竹區瓦窯里六福路17號,25.057802,121.290194,門牌
桃園市蘆竹區瓦窯里南山路1段134號,25.053639,121.291628,門牌
桃園市蘆竹區瓦窯里南山路一段147號2樓,25.069353,121.287443,路名
桃園市蘆竹區瓦窯里南山路一段258號,25.069353,121.287443,路名
桃園市蘆竹區瓦窯里南山路一段319號,25.069353,121.287443,路名
桃園市蘆竹區瓦窯里南山路一段333號,25.069353,121.287443,路名
桃園市蘆竹區瓦窯里南山路一段432之6號,25.069353,121.287443,路名
桃園市蘆竹區瓦窯里南山路一段63號3樓之1,25.069353,121.287443,路名
桃園市蘆竹區福昌里南福街186巷13號3樓,25.038418,121.292416,門牌
桃園市蘆竹區福興里南順一街32號3樓,25.040539,121.286110,門牌
桃園市蘆竹區福興里奉化路104巷35號九樓,25.039175,121.287889,門牌
桃園市蘆竹區福興里奉化路132巷3號1樓,25.039106,121.288860,門牌
桃園市蘆竹區竹中街80之3號,25.021446,121.265025,門牌
桃園市蘆竹區經國路900號10樓,25.033558,121.300946,門牌
桃園市蘆竹區經國路900號3樓,25.033558,121.300946,門牌
桃園市蘆竹區經國路906號13樓,25.033581,121.301140,門牌
桃園市蘆竹區經國路908號4樓,25.033494,121.301063,門牌
桃園市蘆竹區興榮里光明路一段119號10樓,24.990759,121.253455,路名
桃園市蘆竹區興榮里南竹路一段93巷18弄13號（1樓）,25.036240,121.276941,路名
桃園市蘆竹區蘆竹街131巷2號,25.052161,121.270215,門牌
桃園市蘆竹區蘆竹街143號,25.051772,121.271326,門牌
桃園市蘆竹區蘆竹里中正北路1273巷60號,25.046541,121.274969,門牌
桃園市蘆竹區蘆竹里南工路68巷16號,25.053026,121.271166,門牌
桃園市蘆竹區蘆竹里富昌街200巷50號,25.053285,121.265261,門牌
桃園市蘆竹區蘆竹里蘆竹街147號,25.051765,121.271941,門牌
桃園市蘆竹區蘆竹里蘆竹街197號,25.052399,121.274256,門牌
桃園市蘆竹區蘆竹里蘆興街49之4號5樓,25.055472,121.277208,門牌
桃園市蘆竹區蘆興街59號,25.055017,121.277322,門牌
桃園市蘆竹區蘆興街80號,25.053805,121.277597,門牌
桃園市蘆竹區蘆興里蘆興南路281巷66號,25.031854,121.286735,門牌
桃園市蘆竹區西溪路539巷68之1號,25.070512,121.271341,路名
桃園市蘆竹區錦中里南崁路265號8樓之1,25.049323,121.292719,門牌
桃園市蘆竹區錦中里南崁路一段231巷34弄4、6號,25.056001,121.280765,路名
桃園市蘆竹區錦中里南崁路一段80號地下一層,25.045580,121.295960,門牌
桃園市蘆竹區錦中里南崁路一段99號10樓之3,25.056001,121.280765,路名
桃園市蘆竹區錦中里南竹路14巷28之1號,25.048478,121.293106,門牌
桃園市蘆竹區錦興里光復路130巷16號,25.047363,121.288130,門牌
桃園市蘆竹區錦興里光明路二段58號14樓,24.990759,121.253455,路名
桃園市蘆竹區錦興里聯福街81號,25.049315,121.288450,門牌
桃園市蘆竹區錦興里錦秀街4號,25.049179,121.286072,門牌
桃園市蘆竹區錦興里錦秀街6號,25.049281,121.286114,門牌
桃園市蘆竹區錦興里長興路四段300號,24.993700,121.274666,路名
桃園市蘆竹區長壽里長春路32號1樓,25.051107,121.297489,門牌
桃園市蘆竹區長安路2段120巷10號,25.064902,121.283019,門牌
桃園市蘆竹區長安路二段109號,24.984524,121.219699,路名
桃園市蘆竹區長興路1段2號1樓,25.059310,121.294298,門牌
桃園市蘆竹區長興路3段139號,25.072623,121.278900,門牌
桃園市蘆竹區長興路3段229巷34號,25.069248,121.276491,門牌
桃園市蘆竹區長興路3段45號,25.072924,121.281794,門牌
桃園市蘆竹區長興路一段205巷26號4樓,24.993700,121.274666,路名
桃園市蘆竹區長興路一段60號(1樓),24.993700,121.274666,路名
桃園市蘆竹區長興路一段77號,24.993700,121.274666,路名
桃園市蘆竹區長興路三段219巷8號,24.993700,121.274666,路名
桃園市蘆竹區長興路三段229巷93號,24.993700,121.274666,路名
桃園市蘆竹區長興路三段277巷37號,24.993700,121.274666,路名
桃園市蘆竹區長興路二段58號,24.993700,121.274666,路名
桃園市蘆竹區長興路二段72巷1號6樓,24.993700,121.274666,路名
桃園市蘆竹區長興路四段279號,24.993700,121.274666,路名
桃園市蘆竹區長興路四段27巷22號2樓,24.993700,121.274666,路名
桃園市蘆竹區長興里4鄰西溪路367號,25.070512,121.271341,路名
桃園市蘆竹區長興里南崁路2段142巷19號,25.060392,121.276086,門牌
桃園市蘆竹區長興里南崁路二段226巷31號,25.056001,121.280765,路名
桃園市蘆竹區長興里南崁路二段362號,25.050601,121.290804,門牌
桃園市蘆竹區長興里南崁路二段402巷2弄11號1樓,25.056001,121.280765,路名
桃園市蘆竹區長興里南崁路二段88號,25.056001,121.280765,路名
桃園市蘆竹區長興里厚生路92號4樓之1,25.053988,121.278737,門牌
桃園市蘆竹區長興里興隆街42號,25.058979,121.281351,門牌
桃園市蘆竹區長興里長興路四段227巷21、23、25、27、29號,24.993700,121.274666,路名
桃園市蘆竹區長興里長興路四段298號,24.993700,121.274666,路名
桃園市蘆竹區龍安街二段164號,24.991877,121.279327,門牌
桃園市觀音區上大里上福路180巷25號,24.977670,121.152688,門牌
桃園市觀音區上大里大湖路一段336巷63號,25.018091,121.216222,路名
桃園市觀音區上大里新富路1段188號1樓,24.994290,121.135635,門牌
桃園市觀音區上大里東大路91號,24.974743,121.157222,門牌
桃園市觀音區上大里福恩路1段118巷82號2樓,24.977980,121.166709,路名
桃園市觀音區中山路一段261號2樓,24.956729,121.221016,門牌
桃園市觀音區中山路一段815號,24.989862,121.288988,門牌
桃園市觀音區中山路二段993號,24.987994,121.228794,路名
桃園市觀音區中正路252號1樓,25.035273,121.080393,門牌
桃園市觀音區中觀路一段341號,24.971718,121.156470,路名
桃園市觀音區九如一街65號(1樓),25.042311,121.143061,門牌
桃園市觀音區五福街187號,25.040317,121.141325,門牌
桃園市觀音區保障里12鄰保障二路645號,25.052177,121.145647,路名
桃園市觀音區保障里西濱路4段460號,25.102990,121.216515,路名
桃園市觀音區保障里西濱路四段189號,25.102990,121.216515,路名
桃園市觀音區光明路45號,25.037729,121.077243,門牌
桃園市觀音區大同一路12號,25.049605,121.127757,門牌
桃園市觀音區大同一路13號,25.051055,121.127381,門牌
桃園市觀音區大同一路15號,25.050162,121.127875,門牌
桃園市觀音區大同一路16號,25.048885,121.128652,門牌
桃園市觀音區大同一路17之1號,25.050010,121.128408,門牌
桃園市觀音區大同一路22號,25.046683,121.131547,門牌
桃園市觀音區大同一路9號,25.052264,121.127549,門牌
桃園市觀音區大同二路15號,25.049736,121.135455,門牌
桃園市觀音區大同二路25號,25.049271,121.136728,門牌
桃園市觀音區大同二路38號,25.049333,121.136355,門牌
桃園市觀音區大同二路39號1樓,25.047622,121.135270,門牌
桃園市觀音區大同里6鄰中山路2段820號,25.009432,121.140854,門牌
桃園市觀音區大同里中山路2段871巷7弄7號2樓,25.010851,121.140377,門牌
桃園市觀音區大同里中山路二段941號,24.987230,121.283590,門牌
桃園市觀音區大堀里大湖路二段1043號,25.018091,121.216222,路名
桃園市觀音區大堀里大湖路二段311巷99號,25.018091,121.216222,路名
桃園市觀音區大堀里新華路2段225、225之1號,24.989109,121.134138,路名
桃園市觀音區大堀里新華路二段292號,24.989109,121.134138,路名
桃園市觀音區大潭北路665號,25.037362,121.064097,路名
桃園市觀音區大潭北路665號(3樓),25.037362,121.064097,路名
桃園市觀音區大潭南路188號,25.037507,121.067179,路名
桃園市觀音區大潭里1鄰環南路236號,24.927099,121.180093,路名
桃園市觀音區大潭里1鄰環科路216號,25.036274,121.060311,路名
桃園市觀音區大潭里1鄰環科路323號,25.038102,121.062660,門牌
桃園市觀音區大潭里大潭北路309號,25.037362,121.064097,路名
桃園市觀音區大潭里桃科二路79巷77弄66號,25.034451,121.071397,路名
桃園市觀音區大潭里環南路206號,25.033013,121.066270,門牌
桃園市觀音區大潭里環南路721之1號,25.042405,121.072856,門牌
桃園市觀音區大潭里環科路180號,25.035100,121.057708,門牌
桃園市觀音區大潭里環科路231號,25.036174,121.058012,門牌
桃園市觀音區大潭里環科路236號,25.035727,121.058517,門牌
桃園市觀音區大潭里環科路306號,25.034597,121.068168,門牌
桃園市觀音區大潭里環科路328號,25.036274,121.060311,路名
桃園市觀音區大觀路一段293號(2樓),25.055604,121.161795,路名
桃園市觀音區大觀路三段200巷20號,25.055604,121.161795,路名
桃園市觀音區安和街272號,25.053085,121.123494,門牌
桃園市觀音區富林里6鄰文林路889巷66號,25.029016,121.124169,路名
桃園市觀音區富林里七賢一街25號(1樓),25.038782,121.136921,路名
桃園市觀音區富林里工業七路13號,25.052663,121.105930,門牌
桃園市觀音區富林里成功路二段927號,24.961227,121.245081,路名
桃園市觀音區富林里成功路二段939號,24.961227,121.245081,路名
桃園市觀音區富源里10鄰新富路99號,24.965892,121.149261,門牌
桃園市觀音區富源里3鄰新富路758號,24.973677,121.142232,門牌
桃園市觀音區富源里6鄰新富路1560號,24.985328,121.134944,門牌
桃園市觀音區富源里9鄰新富路215號,24.967006,121.147184,門牌
桃園市觀音區富源里中央路46號(1樓),24.879434,121.287881,門牌
桃園市觀音區富源里富有路50號2樓,24.964932,121.149755,門牌
桃園市觀音區富源里新富路719號,24.973500,121.138906,門牌
桃園市觀音區富源里新富路765巷25號,24.974003,121.137820,門牌
桃園市觀音區富源里新富路855號,24.987514,121.140363,路名
桃園市觀音區崙坪里崙坪1之11號,24.984568,121.159850,門牌
桃園市觀音區崙坪里崙坪288號1樓,24.999606,121.163856,門牌
桃園市觀音區崙坪里忠愛路三段226號,24.995193,121.163471,路名
桃園市觀音區崙坪里忠愛路二段198-215號1樓,24.995193,121.163471,路名
桃園市觀音區崙坪里忠愛路二段198之108號,24.995193,121.163471,路名
桃園市觀音區崙坪里忠愛路二段198之215號二樓,24.995193,121.163471,路名
桃園市觀音區崙坪里福坪路285巷52號1樓,25.006825,121.154590,路名
桃園市觀音區工業一路11之1號,24.903985,121.203730,門牌
桃園市觀音區工業五路5之1號,24.900868,121.197568,門牌
桃園市觀音區廣福里大福路170巷156號,25.018121,121.228265,路名
桃園市觀音區廣福里大福路230巷99號,25.018121,121.228265,路名
桃園市觀音區廣福里廣坪路239號,25.013437,121.152587,路名
桃園市觀音區廣福里福坪路552巷158弄32號(1樓),25.006825,121.154590,路名
桃園市觀音區廣福里福山路二段279巷15號,25.018811,121.156994,路名
桃園市觀音區廣興一路205巷36號,25.031238,121.089170,門牌
桃園市觀音區廣興里廣興一路137號,25.031721,121.087386,門牌
桃園市觀音區廣興里廣興一路180號,25.031222,121.086563,門牌
桃園市觀音區忠孝路993號,24.971604,121.236438,路名
桃園市觀音區忠愛路二段198之171號（1樓）,24.995193,121.163471,路名
桃園市觀音區忠愛路二段198之238號,24.995193,121.163471,路名
桃園市觀音區忠愛路二段198之81號,24.995193,121.163471,路名
桃園市觀音區快速路九段2276巷21號,24.934660,121.189561,路名
桃園市觀音區成功路一段528號2樓,24.961227,121.245081,路名
桃園市觀音區成功路二段933號,24.961227,121.245081,路名
桃園市觀音區成功路二段943號,24.961227,121.245081,路名
桃園市觀音區新坡里10鄰中山路二段39巷111號,24.987994,121.228794,路名
桃園市觀音區新富路1620巷63號,24.987126,121.135647,門牌
桃園市觀音區新富路581號(1樓),24.987514,121.140363,路名
桃園市觀音區榮工北路4號,25.057400,121.130331,門牌
桃園市觀音區榮工南路5號,25.053537,121.129779,門牌
桃園市觀音區樹林里15鄰經建三路33號,25.061496,121.125160,門牌
桃園市觀音區樹林里吉祥街129巷55號,25.048557,121.120544,門牌
桃園市觀音區樹林里國光路6號,25.058678,121.105279,門牌
桃園市觀音區樹林里國建一路2號,25.054549,121.116031,門牌
桃園市觀音區樹林里國建一路3號,25.052207,121.115533,門牌
桃園市觀音區樹林里國建三路5號,25.059165,121.106977,門牌
桃園市觀音區樹林里工業一路10之1號,25.065530,121.128937,門牌
桃園市觀音區樹林里工業一路12號,25.066192,121.128438,門牌
桃園市觀音區樹林里工業三路19號,25.063162,121.122527,門牌
桃園市觀音區樹林里工業三路7號,25.059231,121.124351,門牌
桃園市觀音區樹林里工業五路15號,25.055909,121.116580,門牌
桃園市觀音區樹林里工業六路3號,25.047950,121.117225,門牌
桃園市觀音區樹林里工業四路10號,25.058118,121.118809,路名
桃園市觀音區樹林里工業四路9號,25.057167,121.119013,門牌
桃園市觀音區樹林里建國路46號(1樓),25.052320,121.125103,門牌
桃園市觀音區樹林里成功路一段771號(1樓),24.887590,121.230383,門牌
桃園市觀音區樹林里成功路二段925號,24.961227,121.245081,路名
桃園市觀音區樹林里新村路二段34之3號(2樓),25.061798,121.127521,路名
桃園市觀音區樹林里永吉街245號(1樓),25.052776,121.122960,門牌
桃園市觀音區樹林里永吉街350號1樓,25.052842,121.125486,門牌
桃園市觀音區樹林里經建一路40號,25.058871,121.127064,門牌
桃園市觀音區樹林里經建一路46巷23號1樓,25.057752,121.124744,路名
桃園市觀音區樹林里經建三路42號,25.060289,121.124415,門牌
桃園市觀音區樹林里經建三路5號,25.057776,121.118387,門牌
桃園市觀音區樹林里經建五路26號,25.061279,121.119020,門牌
桃園市觀音區樹林里經建六路23號,25.067574,121.125195,門牌
桃園市觀音區樹林里經建四路21號,25.059935,121.118478,門牌
桃園市觀音區樹林里經建四路2之15號,25.058710,121.116387,門牌
桃園市觀音區樹林里經建四路7之1號,25.059371,121.116187,門牌
桃園市觀音區樹林里長春街169號1樓,25.052879,121.121079,門牌
桃園市觀音區樹林里關平爺路15號,25.044940,121.121775,門牌
桃園市觀音區樹林里關平爺路166號,25.045613,121.123574,門牌
桃園市觀音區玉林路一段523號,25.046720,121.092954,路名
桃園市觀音區環科路169號,25.036274,121.060311,路名
桃園市觀音區環科路188號,25.036274,121.060311,路名
桃園市觀音區環科路218號,25.036274,121.060311,路名
桃園市觀音區環科路218號(6樓),25.036274,121.060311,路名
桃園市觀音區環科路269號,25.036978,121.059934,門牌
桃園市觀音區環西路128號,24.963160,121.210582,路名
桃園市觀音區白玉北路1601號,25.052419,121.089427,門牌
桃園市觀音區白玉里玉林路一段789號,25.046720,121.092954,路名
桃園市觀音區白玉里白玉北路299巷36號(1樓),25.054513,121.093438,路名
桃園市觀音區福坪路110號,25.009593,121.159939,門牌
桃園市觀音區福德街576巷1號,24.928066,121.188966,路名
桃園市觀音區經建一路38號,25.058581,121.126575,門牌
桃園市觀音區經建三路3號,25.057762,121.118335,門牌
桃園市觀音區經建三路46號,25.060676,121.124720,門牌
桃園市觀音區經建五路14號,25.060563,121.117178,門牌
桃園市觀音區經建四路1號,25.058494,121.115023,門牌
桃園市觀音區經建四路22號,25.061784,121.123696,門牌
桃園市觀音區經建四路2之28號1樓,25.058846,121.116685,門牌
桃園市觀音區草新里九如街263號,25.041376,121.142485,路名
桃園市觀音區草新里二聖路207號,25.038847,121.139964,路名
桃園市觀音區草新里五福街80巷36號1樓,25.041513,121.139657,門牌
桃園市觀音區草漯里14鄰大觀路二段337號,25.055604,121.161795,路名
桃園市觀音區草漯里14鄰忠孝路645號,25.056927,121.131315,門牌
桃園市觀音區草漯里16鄰大同一路5號1樓,25.052900,121.127389,門牌
桃園市觀音區草漯里16鄰大同二路4號,25.046489,121.133353,門牌
桃園市觀音區草漯里大同一路26號,25.046558,121.132030,門牌
桃園市觀音區草漯里大同一路8號,25.052210,121.126911,門牌
桃園市觀音區草漯里大同二路23號,25.049483,121.136864,門牌
桃園市觀音區草漯里建國路2號,25.052643,121.129248,門牌
桃園市觀音區草漯里成功路1段511號,25.054829,121.127762,門牌
桃園市觀音區草漯里榮工北路10號,25.058715,121.128736,門牌
桃園市觀音區草漯里榮工北路9號,25.058418,121.129054,門牌
桃園市觀音區草漯里榮工南路98號,25.052466,121.130255,路名
桃園市觀音區草漯里源遠街8號,25.050967,121.129030,門牌
桃園市觀音區草漯里福德街576巷3號,24.928066,121.188966,路名
桃園市觀音區草漯里福昌街56號1樓,25.029115,121.203944,路名
桃園市觀音區草漯里莊敬路226號(1樓),25.045670,121.136072,門牌
桃園市觀音區藍埔里快速路七段1670巷357號,24.934660,121.189561,路名
桃園市觀音區藍埔里金華路21巷8弄10號2樓,24.996612,121.123145,門牌
桃園市觀音區觀音里中正路268號(2樓),24.823043,121.353813,門牌
桃園市觀音區觀音里光明路47號,25.037661,121.077070,門牌
桃園市觀音區金湖里3鄰中山路一段1119號,24.987994,121.228794,路名
桃園市觀音區金湖里中山路1段1119號,25.028368,121.109266,門牌
桃園市觀音區金湖里中山路一段1185號,24.987994,121.228794,路名
桃園市觀音區金湖里育仁路一段493巷289弄25號,25.018302,121.104256,路名
桃園市觀音區金華路346巷9號,25.005642,121.120414,路名
桃園市龍潭區三和里新和路455號,24.849961,121.185801,門牌
桃園市龍潭區三和里楊銅路二段325巷180號,24.860818,121.189810,路名
桃園市龍潭區三林里忠勇街174號1樓,24.845673,121.233897,門牌
桃園市龍潭區三林里民生路439巷130號1樓,24.843020,121.222174,門牌
桃園市龍潭區上華里金龍路365巷24號4樓,24.850888,121.216267,門牌
桃園市龍潭區中原路一段360號,24.868488,121.208690,路名
桃園市龍潭區中原路二段101巷21號1樓,24.868488,121.208690,路名
桃園市龍潭區中原路二段460號,24.868488,121.208690,路名
桃園市龍潭區中山里中正路161巷13號,24.866516,121.217554,門牌
桃園市龍潭區中山里東龍路303巷3號,24.866716,121.213176,門牌
桃園市龍潭區中正里5鄰新龍路207之1號2樓,24.859162,121.213162,路名
桃園市龍潭區中正里中正路420號1樓,24.858661,121.218588,門牌
桃園市龍潭區中正里大同路58巷101號1樓,24.858424,121.221951,門牌
桃園市龍潭區中正里大同路90巷16弄7號1樓,24.858328,121.221315,門牌
桃園市龍潭區中正里神龍路347巷6號,24.857522,121.215583,門牌
桃園市龍潭區中興路392巷16號1樓,24.873856,121.231118,門牌
桃園市龍潭區中興路43號2樓,24.971892,121.103146,門牌
桃園市龍潭區中興路54巷81號,24.881020,121.240886,門牌
桃園市龍潭區中興里中興路288巷45號9樓之1,24.875654,121.233836,門牌
桃園市龍潭區中興里中興路392巷59號1樓,24.874896,121.230746,門牌
桃園市龍潭區中興里中興路396之2號(2樓),24.873312,121.231061,門牌
桃園市龍潭區中豐路461巷180號10樓,24.902142,121.211940,路名
桃園市龍潭區九龍里五福街276號(一樓),24.919867,121.199628,路名
桃園市龍潭區九龍里五福街293號,24.864899,121.224557,門牌
桃園市龍潭區九龍里健行路345巷59弄60號3樓,24.867265,121.231431,門牌
桃園市龍潭區凌雲里聖亭路222之12號,24.870941,121.205552,門牌
桃園市龍潭區北興里中興路18巷117號,24.879991,121.242116,門牌
桃園市龍潭區北興里中興路54巷36號,24.878783,121.241265,門牌
桃園市龍潭區北興里中興路54巷71號,24.880512,121.241031,門牌
桃園市龍潭區北興里自由街4巷5號,24.881957,121.241158,門牌
桃園市龍潭區工一路150巷82號,24.881059,121.207797,門牌
桃園市龍潭區工二路82巷18號,24.886733,121.209825,門牌
桃園市龍潭區工五路217巷19弄3號,24.888535,121.206337,門牌
桃園市龍潭區建國路16巷1號,24.841848,121.235407,門牌
桃園市龍潭區新和路299之1號,24.848580,121.184700,門牌
桃園市龍潭區朝鳳路268號,24.866251,121.176232,門牌
桃園市龍潭區東興里中興路63巷68弄31號,24.873810,121.238273,門牌
桃園市龍潭區東興里武漢路33巷38號1樓,24.873119,121.235272,門牌
桃園市龍潭區東龍路351巷16號,24.864390,121.214385,路名
桃園市龍潭區武漢里國聯街43號1樓,24.872076,121.232922,門牌
桃園市龍潭區民主街20巷6弄3號,24.882506,121.242586,門牌
桃園市龍潭區永興里中興路499巷31號1樓,24.871103,121.226776,門牌
桃園市龍潭區永興里中興路553巷94弄15號2樓,24.869098,121.224426,門牌
桃園市龍潭區永興里永安街50號1樓,24.868838,121.222820,門牌
桃園市龍潭區湧光路593號,24.888862,121.200319,門牌
桃園市龍潭區烏林里中央街169巷11弄67號1樓,24.884128,121.205151,門牌
桃園市龍潭區烏林里中央街169巷13號,24.916327,121.238068,路名
桃園市龍潭區烏林里中豐路461巷106弄50之5號9樓,24.902142,121.211940,路名
桃園市龍潭區烏林里中豐路461巷182號3樓,24.902142,121.211940,路名
桃園市龍潭區烏林里中豐路533巷51弄13號10樓,24.883563,121.210433,門牌
桃園市龍潭區烏林里中豐路533巷51弄13號11樓,24.883563,121.210433,門牌
桃園市龍潭區烏林里中豐路533巷62號,24.884249,121.210226,門牌
桃園市龍潭區烏林里中豐路651巷10號,24.887280,121.211835,門牌
桃園市龍潭區烏林里工一路134號,24.881192,121.208348,門牌
桃園市龍潭區烏林里工一路150巷76號,24.880891,121.207866,門牌
桃園市龍潭區烏林里工二路128號,24.886085,121.208233,門牌
桃園市龍潭區烏林里工二路131號,24.885715,121.208671,門牌
桃園市龍潭區烏林里工二路186號,24.886142,121.207383,門牌
桃園市龍潭區烏林里工二路50號,24.886138,121.211081,門牌
桃園市龍潭區烏林里工二路56號,24.886167,121.210794,門牌
桃園市龍潭區烏林里工二路一段61號,24.926726,121.202021,路名
桃園市龍潭區烏林里工二路一段68號,24.886118,121.210448,門牌
桃園市龍潭區烏林里工五路138號,24.888861,121.208181,門牌
桃園市龍潭區烏林里工五路139巷1之1號,24.888097,121.208538,門牌
桃園市龍潭區烏林里工五路139巷60弄30號,24.887135,121.207663,門牌
桃園市龍潭區烏林里工五路191巷55、59號,24.896722,121.207207,路名
桃園市龍潭區烏林里工五路192巷1號,24.889003,121.206796,門牌
桃園市龍潭區烏林里工五路236號,24.889165,121.205414,門牌
桃園市龍潭區烏林里工五路32號,24.888857,121.211089,門牌
桃園市龍潭區烏林里工五路62巷25號1樓,24.889574,121.210440,門牌
桃園市龍潭區百年里百年二街29號6樓之2,24.879112,121.209911,門牌
桃園市龍潭區百年里百年二街34之1號3樓,24.879613,121.210310,門牌
桃園市龍潭區祥和里中興路43號,24.971892,121.103146,門牌
桃園市龍潭區祥和里武中路669號,24.886937,121.236741,門牌
桃園市龍潭區祥和里龍平路1107巷216之1號,24.889288,121.240849,門牌
桃園市龍潭區福源路123號,24.827265,121.189170,門牌
桃園市龍潭區聖德里12鄰湧光路一段127號,24.896435,121.209731,門牌
桃園市龍潭區金龍路406巷122號,24.848149,121.213687,門牌
桃園市龍潭區高原里中原路三段390號,24.868488,121.208690,路名
桃園市龍潭區高原里中原路二段101巷21號1樓,24.868488,121.208690,路名
桃園市龍潭區高原里中原路二段400號,24.868488,121.208690,路名
桃園市龍潭區高原里休閒街88號,24.845105,121.208636,門牌
桃園市龍潭區高原里新原路215巷38弄10號,24.841130,121.194864,路名
桃園市龍潭區高原里渴望二路98號3樓,24.842092,121.184260,路名
桃園市龍潭區高原里渴望路243巷14-10號1樓,24.840619,121.182950,路名
桃園市龍潭區高原里高原路367巷189弄2號,24.826592,121.196943,門牌
桃園市龍潭區高原里高原路367巷197號,24.826035,121.196757,門牌
桃園市龍潭區高原里高楊北路436號,24.840809,121.202982,路名
桃園市龍潭區高平里高楊南路320巷13弄3號,24.832376,121.213630,門牌
桃園市龍潭區高平里高楊南路320巷6弄1號,24.831348,121.212353,路名
桃園市龍潭區高平里龍源路85巷42號,24.826076,121.208798,門牌
桃園市龍潭區黃唐里成功路315號1樓,24.878031,121.228700,門牌
桃園市龍潭區龍吟街72巷2號,24.849406,121.226623,門牌
桃園市龍潭區龍平路563巷36之13號5樓,24.886688,121.226332,門牌
桃園市龍潭區龍星里中正路230號2樓,24.818839,121.352037,門牌
桃園市龍潭區龍星里新龍路28號(1樓),24.859162,121.213162,路名
桃園市龍潭區龍星里東龍路143之1號1樓,24.862668,121.214867,門牌
桃園市龍潭區龍祥里育樂路80巷2號,24.876208,121.209777,門牌
桃園市龍潭區龍華路434號,24.856994,121.217305,門牌
桃園市龜山區中和南路317巷2號,24.993079,121.333596,門牌
桃園市龜山區光明街243巷37弄3號4樓,25.010715,121.342127,門牌
桃園市龜山區兔坑里1鄰茶專路184巷13號,24.992367,121.363527,門牌
桃園市龜山區兔坑里大同路841巷1號,24.990472,121.357978,門牌
桃園市龜山區兔坑里大同路949巷18號1樓,24.989689,121.362228,門牌
桃園市龜山區兔坑里大同路951之2號,24.990208,121.362100,門牌
桃園市龜山區兔坑里幸美十一街65號2樓,24.993718,121.357347,門牌
桃園市龜山區兔坑里幸美十一街84號3樓,24.993246,121.356833,門牌
桃園市龜山區兔坑里茶專一街112巷23號,24.995196,121.363047,門牌
桃園市龜山區兔坑里茶專一街134號,24.995961,121.364144,門牌
桃園市龜山區兔坑里茶專一街60巷17號3樓,24.995243,121.361807,門牌
桃園市龜山區兔坑里茶專一街60巷19弄10號,24.994940,121.362957,門牌
桃園市龜山區兔坑里茶專路171號1樓,24.993574,121.363077,門牌
桃園市龜山區兔坑里茶專路196巷11號,24.992078,121.363997,門牌
桃園市龜山區南上村大坑路1段18巷3號,25.039118,121.301970,門牌
桃園市龜山區南上路350巷57號,25.043029,121.303636,門牌
桃園市龜山區南上路446號,25.044649,121.305756,門牌
桃園市龜山區南上路522號,25.044962,121.307509,門牌
桃園市龜山區南上里南上路200號,25.046590,121.299574,門牌
桃園市龜山區南上里民生北路1段50之13號,25.032745,121.303775,門牌
桃園市龜山區南上里民生北路一段2巷6弄10號,25.037116,121.301832,路名
桃園市龜山區南上里民生北路一段475號,25.037116,121.301832,路名
桃園市龜山區南上里民生北路一段542號7樓,25.037116,121.301832,路名
桃園市龜山區南祥路34號,25.046048,121.297000,門牌
桃園市龜山區南美街108號,25.044565,121.298654,門牌
桃園市龜山區壽福街23號1樓,24.993702,121.328120,門牌
桃園市龜山區壽福街6號1樓,24.993445,121.328405,門牌
桃園市龜山區大同里大同路281巷25號(1樓),24.990035,121.346092,門牌
桃園市龜山區大同里大同路400號,24.987432,121.349516,門牌
桃園市龜山區大同里大同路410巷20號1樓,24.986303,121.350320,門牌
桃園市龜山區大坑里南上路350巷54號5樓,25.043913,121.303544,門牌
桃園市龜山區大坑里南上路386巷1號1至2樓,25.045038,121.304240,門牌
桃園市龜山區大坑里南上路400巷26號,25.043889,121.304488,門牌
桃園市龜山區大坑里南上路479，481號,25.045973,121.303175,路名
桃園市龜山區大坑里南上路520巷28弄15號3樓,25.043406,121.307278,門牌
桃園市龜山區大坑里南上路520巷33弄12號2樓,25.046721,121.315418,門牌
桃園市龜山區大坑里南上路520巷6弄26號(1樓),25.044357,121.306428,門牌
桃園市龜山區大坑里南上路520巷6弄27號,25.044055,121.306508,門牌
桃園市龜山區大坑里南上路520巷6弄28號1樓,25.044338,121.306351,門牌
桃園市龜山區大坑里樹人路200巷32號,25.044346,121.341790,門牌
桃園市龜山區大坑里樹人路200巷36之1號,25.043906,121.340189,門牌
桃園市龜山區大崗里大湖一路240號（一樓）,25.051881,121.357262,門牌
桃園市龜山區大崗里新興一街117號,25.050503,121.356222,門牌
桃園市龜山區大崗里新興一街61巷1弄32號(四樓),25.048307,121.355908,門牌
桃園市龜山區大崗里新興街150號1樓,25.049118,121.357181,門牌
桃園市龜山區大崗里新興街56巷26號,25.050351,121.356492,門牌
桃園市龜山區大崗里樹人路177巷4之1號,25.041648,121.345250,門牌
桃園市龜山區大崗里樹人路199巷1號,25.041180,121.345632,門牌
桃園市龜山區大崗里樹人路211號,25.041049,121.345347,門牌
桃園市龜山區大湖里20鄰忠義路2段638巷16號,25.056632,121.358127,門牌
桃園市龜山區大湖里文三三街19巷24弄14號,25.056614,121.360527,門牌
桃園市龜山區大湖里文三二街66巷13號4樓,25.057235,121.360369,門牌
桃園市龜山區大湖里文三二街66巷9號7樓,25.057314,121.360328,門牌
桃園市龜山區大湖里文化三路13號17樓,25.060112,121.362418,門牌
桃園市龜山區大湖里文化三路9號17樓,25.060189,121.362391,門牌
桃園市龜山區大湖里文化二路1號,25.061455,121.364629,門牌
桃園市龜山區大湖里文化二路34巷14弄30號14樓,25.059961,121.364293,門牌
桃園市龜山區大華里復興三路135巷1弄1號2樓,25.049742,121.370223,門牌
桃園市龜山區大華里文化七路111號8樓之14,25.051686,121.364696,門牌
桃園市龜山區大華里興華二街29號,25.054555,121.363656,路名
桃園市龜山區大華里頂湖26-3號,25.047739,121.358989,路名
桃園市龜山區大華里頂湖一街8巷6號,25.048017,121.362152,門牌
桃園市龜山區大華里頂湖三街9號,25.045844,121.363493,門牌
桃園市龜山區大華里頂湖九街11號1樓,25.038396,121.367652,門牌
桃園市龜山區大華里頂湖二街66巷1之2號,25.040531,121.360083,門牌
桃園市龜山區大華里頂湖五街12巷19號,25.039686,121.366754,門牌
桃園市龜山區大華里頂湖五街18之1號,25.040230,121.367346,門牌
桃園市龜山區大華里頂湖路24號,25.044454,121.360235,門牌
桃園市龜山區大華里頂湖路26號,25.043983,121.360836,門牌
桃園市龜山區大華里頂湖路51號,25.042174,121.362525,路名
桃園市龜山區大華里頂湖路69號,25.035781,121.366384,門牌
桃園市龜山區山德里山鶯路2巷2弄6號3樓,24.991104,121.321975,門牌
桃園市龜山區山德里民安街128巷31號4樓,24.990007,121.326379,路名
桃園市龜山區山德里萬全街38號1樓,24.990890,121.326793,門牌
桃園市龜山區山頂里中興路60號（1樓）,24.971612,121.102599,門牌
桃園市龜山區山頂里中興路90巷106號,24.985835,121.332335,門牌
桃園市龜山區山頂里山鶯路171之1號,24.983842,121.329111,門牌
桃園市龜山區山頂里山鶯路326之2號,24.984268,121.327759,門牌
桃園市龜山區山頂里建國東路32之1號,24.986459,121.323113,門牌
桃園市龜山區山頂里建國東路36號,24.986485,121.323795,門牌
桃園市龜山區山頂里建國東路71號(1樓),24.987759,121.325011,門牌
桃園市龜山區山頂里明興街140巷4弄75號,24.982383,121.332184,門牌
桃園市龜山區山頂里興業街5號2樓之1,24.988265,121.328249,門牌
桃園市龜山區山頂里興邦路31之1號,24.985101,121.324536,門牌
桃園市龜山區山頂里興邦路31之2號,24.985462,121.324671,門牌
桃園市龜山區山頂里興邦路33之1號,24.984828,121.325035,門牌
桃園市龜山區山頂里興邦路37之1號,24.981499,121.325593,門牌
桃園市龜山區山頂里華國新村105號1樓,24.979755,121.330178,門牌
桃園市龜山區山鶯路165號,24.986569,121.327069,門牌
桃園市龜山區山鶯路167-1號,24.988270,121.324771,路名
桃園市龜山區山鶯路171號(1樓),24.983521,121.329387,門牌
桃園市龜山區山鶯路179號,24.982181,121.330317,門牌
桃園市龜山區山鶯路326號,24.984538,121.328248,門牌
桃園市龜山區山鶯路340巷6號,24.983774,121.327900,門牌
桃園市龜山區山鶯路358號,24.981020,121.329796,門牌
桃園市龜山區嶺頂里12鄰集美街17號,25.001692,121.364219,門牌
桃園市龜山區嶺頂里宏昇街2之1號,25.001897,121.366941,路名
桃園市龜山區嶺頂里茶專路15號,24.998935,121.356814,門牌
桃園市龜山區嶺頂里茶專路4號,25.000292,121.354909,門牌
桃園市龜山區嶺頂里華美街137號(1樓),24.997717,121.354499,門牌
桃園市龜山區幸福十三街33號2樓,24.987606,121.336324,門牌
桃園市龜山區幸福里幸福二十一街11號一樓,24.986248,121.337571,門牌
桃園市龜山區幸福里幸福二十三街11號,24.986167,121.337913,門牌
桃園市龜山區幸福里幸福十七街15號5樓,24.986727,121.336922,門牌
桃園市龜山區幸福里幸福十七街15號五樓,24.986727,121.336922,門牌
桃園市龜山區建國東路29號,24.986675,121.322627,門牌
桃園市龜山區復興一路229號14樓之6,25.057666,121.364610,門牌
桃園市龜山區復興一路235號1樓,25.057519,121.364364,門牌
桃園市龜山區復興一路361號5樓,25.055689,121.361293,門牌
桃園市龜山區復興二路10巷3號3樓,25.053714,121.371314,門牌
桃園市龜山區德明路77巷7號2樓之1,24.988668,121.342975,門牌
桃園市龜山區忠義路一段868之1號,25.024820,121.336972,路名
桃園市龜山區忠義路三段217巷3號,25.024820,121.336972,路名
桃園市龜山區振興路1089巷60弄52之1號,25.030354,121.372838,門牌
桃園市龜山區振興路229巷136號,25.010534,121.351397,門牌
桃園市龜山區振興路706之8號,25.016048,121.364591,門牌
桃園市龜山區振興路970巷19弄6之1號,25.022573,121.367132,門牌
桃園市龜山區文七三街11號7樓,25.053180,121.361802,門牌
桃園市龜山區文三三街6巷12號,25.054870,121.359275,門牌
桃園市龜山區文三二街41號,25.056999,121.360444,路名
桃園市龜山區文三二街66巷19號5樓,25.057143,121.360267,門牌
桃園市龜山區文化一路278號2樓,25.053608,121.377182,路名
桃園市龜山區文化七路111號7樓之25,25.051686,121.364696,門牌
桃園市龜山區文化三路78巷15號4樓,25.057813,121.362477,門牌
桃園市龜山區文化二路38之10號7樓之5,25.057762,121.366017,門牌
桃園市龜山區文化里13鄰文化二路185巷7號1樓,25.052445,121.372200,門牌
桃園市龜山區文化里19鄰科技一路40號,25.052015,121.376704,門牌
桃園市龜山區文化里公園路30號10樓,24.963969,121.297288,門牌
桃園市龜山區文化里公園路32號3樓,24.964006,121.297310,門牌
桃園市龜山區文化里復興三路667號,25.038452,121.374025,門牌
桃園市龜山區文化里復興二路131巷98號,25.054990,121.372449,路名
桃園市龜山區文化里文化二路188號,25.048365,121.374448,門牌
桃園市龜山區文化里文化二路38之10號11樓之1,25.057762,121.366017,門牌
桃園市龜山區文化里文昌五街88號,25.056315,121.371047,路名
桃園市龜山區文化里科技一路32號,25.051477,121.377524,門牌
桃園市龜山區文化里科技七路69號,25.043862,121.375214,門牌
桃園市龜山區文化里華亞一路98號,25.035193,121.372929,門牌
桃園市龜山區文化里華亞三路26號1、2樓,25.049034,121.380538,門牌
桃園市龜山區文化里華亞二路222號,25.046122,121.374745,門牌
桃園市龜山區文化里華亞二路268號,25.043756,121.374016,門牌
桃園市龜山區文化里頂湖一街53號,25.046996,121.365696,門牌
桃園市龜山區文昌二街77巷17號五樓,25.056240,121.369355,路名
桃園市龜山區文明路19號,25.062943,121.375160,門牌
桃園市龜山區文明路21號,25.062853,121.376564,門牌
桃園市龜山區文明路64之1號,25.055078,121.378406,門牌
桃園市龜山區文興路110號4樓之4,25.057869,121.364743,門牌
桃園市龜山區文興路192號6樓,25.055816,121.366376,門牌
桃園市龜山區文青路368號6樓,25.040271,121.388826,路名
桃園市龜山區文青里文青路345號23樓之5,25.039952,121.391197,門牌
桃園市龜山區新嶺里東萬壽路60號,25.000520,121.364538,門牌
桃園市龜山區新興街121之2號,24.989474,121.262239,路名
桃園市龜山區新興街150號1樓,25.049118,121.357181,門牌
桃園市龜山區新興街320號1樓,25.044715,121.355146,門牌
桃園市龜山區新路里自強南路722號(1樓),24.992413,121.333288,門牌
桃園市龜山區明德路25號,24.993245,121.337939,門牌
桃園市龜山區明興街308號,24.984001,121.332490,路名
桃園市龜山區東舊路街142號,25.014923,121.370047,門牌
桃園市龜山區東萬壽路642巷111號,25.008288,121.378110,門牌
桃園市龜山區東萬壽路672之1號,25.007713,121.379915,門牌
桃園市龜山區東萬壽路687號、687號3樓4樓及689號1至4樓,25.009792,121.384243,門牌
桃園市龜山區楓樹三街78巷1號,25.004914,121.347077,門牌
桃園市龜山區楓樹里1鄰長壽路107巷2號,25.001104,121.344274,門牌
桃園市龜山區楓樹里光安街11號(1樓),25.009151,121.344462,門牌
桃園市龜山區楓樹里光明街223巷25弄4號1樓,25.009469,121.343172,門牌
桃園市龜山區樂善里文安街30巷3號3樓,25.055626,121.380109,門牌
桃園市龜山區樂善里文德二路116巷11弄14號(1樓),25.054551,121.382180,門牌
桃園市龜山區樂善里文德路76號5樓,25.057036,121.381021,門牌
桃園市龜山區樂善里文明三街3之1號1樓,25.054157,121.378921,門牌
桃園市龜山區樂善里文明路72之1號,25.053178,121.379989,門牌
桃園市龜山區樹人路200巷36之1號,25.043906,121.340189,門牌
桃園市龜山區民生北路1段256巷3號,25.037785,121.301727,門牌
桃園市龜山區民生北路1段289號,25.038182,121.300862,門牌
桃園市龜山區民生北路1段2巷6弄2號2樓,25.031154,121.306177,門牌
桃園市龜山區民生北路1段538號3樓,25.044144,121.297865,門牌
桃園市龜山區民生北路一段2巷1弄2號,25.037116,121.301832,路名
桃園市龜山區民生北路一段305號3樓,25.037116,121.301832,路名
桃園市龜山區民生北路一段54巷51號,25.037116,121.301832,路名
桃園市龜山區海萍路7號,24.982118,121.344372,門牌
桃園市龜山區湖山街180巷1弄10號,24.984956,121.352362,門牌
桃園市龜山區湖山街180巷77弄3號,24.982672,121.354214,門牌
桃園市龜山區湖山街305號,24.982390,121.348049,門牌
桃園市龜山區福源里海萍路3號,24.983155,121.345461,門牌
桃園市龜山區福源里湖山街180巷169號,24.980769,121.354626,門牌
桃園市龜山區福源里湖山街180巷1弄8之1號,24.984592,121.352467,門牌
桃園市龜山區福源里湖山街180巷79號,24.982158,121.354304,門牌
桃園市龜山區科技一路69號,25.052423,121.375786,門牌
桃園市龜山區科技七路65號,25.043333,121.375203,門牌
桃園市龜山區科技二路37號,25.049829,121.379412,門牌
桃園市龜山區興業街9號,24.987724,121.328671,路名
桃園市龜山區舊路里振興路229巷37弄10之1號,25.007939,121.350880,門牌
桃園市龜山區舊路里振興路360號,25.010013,121.355928,門牌
桃園市龜山區舊路里振興路970巷25弄10號1樓,25.022762,121.367770,門牌
桃園市龜山區舊路里東舊路街118巷36弄6號,25.014154,121.368197,門牌
桃園市龜山區舊路里東舊路街118巷71號3樓,25.013140,121.369923,門牌
桃園市龜山區茶專一街124號,24.995694,121.362164,路名
桃園市龜山區茶專一街128號,24.996589,121.363936,門牌
桃園市龜山區茶專一街60巷19弄17號,24.995190,121.363876,門牌
桃園市龜山區茶專路147之1號,24.993993,121.362834,路名
桃園市龜山區茶專路6號,25.000089,121.355039,門牌
桃園市龜山區華亞一路36號,25.044505,121.371758,門牌
桃園市龜山區華亞一路38號,25.044126,121.371858,門牌
桃園市龜山區華亞二路58、58之1、58之2號,25.046703,121.375863,路名
桃園市龜山區萬壽路1段161之1號18樓之3,25.017987,121.407614,門牌
桃園市龜山區萬壽路1段492之16號3樓,25.018474,121.398029,門牌
桃園市龜山區萬壽路1段555號,25.016365,121.394226,門牌
桃園市龜山區萬壽路2段578號,25.001070,121.348081,門牌
桃園市龜山區萬壽路一段161號18樓之1,25.006212,121.368009,路名
桃園市龜山區萬壽路一段21巷10號4樓,25.006212,121.368009,路名
桃園市龜山區萬壽路一段542之5號,25.006212,121.368009,路名
桃園市龜山區萬壽路一段609號1樓,25.006212,121.368009,路名
桃園市龜山區萬壽路一段609號3樓之5,25.006212,121.368009,路名
桃園市龜山區萬壽路一段973號,25.006212,121.368009,路名
桃園市龜山區萬壽路二段342巷3之5號,25.006212,121.368009,路名
桃園市龜山區萬壽路二段410巷21號2樓,25.006212,121.368009,路名
桃園市龜山區萬壽路二段660巷13號1樓,25.006212,121.368009,路名
桃園市龜山區萬壽路二段834號1樓,25.006212,121.368009,路名
桃園市龜山區萬壽路二段854號,25.006212,121.368009,路名
桃園市龜山區迴龍里萬壽路一段85號,25.006212,121.368009,路名
桃園市龜山區長壽路109號,24.999199,121.337794,路名
桃園市龜山區長峰路100號10樓,25.003062,121.341985,門牌
桃園市龜山區長峰路68號4樓之2,25.002366,121.341876,門牌
桃園市龜山區陸光里長壽路521號六樓,24.996816,121.332027,門牌
桃園市龜山區頂湖一街16號,25.049297,121.363777,門牌
桃園市龜山區頂湖一街69號,25.044117,121.366134,門牌
桃園市龜山區頂湖一街8巷12號,25.047514,121.362369,門牌
桃園市龜山區頂湖二街48號,25.040671,121.361199,門牌
桃園市龜山區頂湖五街22號,25.041838,121.366070,門牌
桃園市龜山區頂湖路33號,25.042963,121.362579,門牌
桃園市龜山區頂湖路58號2樓,25.039531,121.363356,門牌
桃園市龜山區頂湖路9號1樓,25.046507,121.360531,門牌
桃園市龜山區龍壽里東萬壽路642巷10號,25.009066,121.377387,門牌
桃園市龜山區龍壽里東萬壽路642巷50弄2號,25.008885,121.378148,門牌
桃園市龜山區龍壽里東萬壽路642巷82號,25.008265,121.379202,門牌
桃園市龜山區龍壽里東萬壽路642巷89號,25.007913,121.379026,門牌
桃園市龜山區龍壽里東萬壽路666號2樓,25.009546,121.378341,門牌
桃園市龜山區龍壽里東萬壽路672號,25.009276,121.380269,門牌
桃園市龜山區龍壽里萬壽路一段1251號,25.006212,121.368009,路名
桃園市龜山區龍壽里龍校街117號,25.009906,121.390012,門牌
桃園市龜山區龍校街121巷6弄15號,25.010608,121.391924,門牌
桃園市龜山區龍華里萬壽路一段338號(一樓),25.006212,121.368009,路名
桃園市龜山區龍華里萬壽路一段492之1號10樓之1,25.006212,121.368009,路名
桃園市龜山區龍華里龍興街8巷10之1號2樓,25.016543,121.402375,門牌
桃園市龜山區龜山里萬壽路二段896號1樓,25.006212,121.368009,路名
澎湖縣湖西鄉湖西村湖西103號1樓,23.582665,119.658973,門牌
澎湖縣湖西鄉紅羅村紅羅罩104-1號2樓,23.585616,119.643027,路名
澎湖縣湖西鄉龍門村良文港121-6號,23.563632,119.673746,路名
澎湖縣白沙鄉港子村港子22號1樓,23.647419,119.600333,門牌
澎湖縣白沙鄉赤崁村大赤崁7-9號,23.667265,119.599745,路名
澎湖縣白沙鄉通梁村通梁27號1樓,23.656442,119.558269,門牌
澎湖縣白沙鄉通梁村通梁36號之7一樓,23.657310,119.558694,門牌
澎湖縣白沙鄉鳥嶼村鳥嶼289號1樓,23.660967,119.656280,門牌
澎湖縣西嶼鄉竹灣村竹篙灣137之3號2樓,23.632864,119.520070,門牌
澎湖縣馬公市仁愛路45號,23.565226,119.566422,門牌
澎湖縣馬公市光復路121號2樓,23.572040,119.570733,門牌
澎湖縣馬公市光復里同和路168號,23.570708,119.575736,路名
澎湖縣馬公市光復里治平路5之1號,23.569834,119.567145,路名
澎湖縣馬公市光明里信義路33巷14號1樓,23.572127,119.568080,門牌
澎湖縣馬公市光明里文光路50號2樓,23.572251,119.570119,門牌
澎湖縣馬公市光榮里文光路168巷24號1樓,23.576708,119.571955,門牌
澎湖縣馬公市光榮里民族路144號,23.574987,119.567859,門牌
澎湖縣馬公市同和路2號,23.571977,119.576323,門牌
澎湖縣馬公市文光路50號1樓,23.572251,119.570119,門牌
澎湖縣馬公市文前街87巷1號1樓,23.563556,119.581319,門牌
澎湖縣馬公市文山路67巷13號1樓,23.560685,119.584459,門牌
澎湖縣馬公市文昌街30巷9號1樓,23.574919,119.579477,門牌
澎湖縣馬公市新生路439號1樓,23.566198,119.581083,門牌
澎湖縣馬公市東文澳108-61號,23.562356,119.589928,路名
澎湖縣馬公市東文澳179之1號1樓,23.562356,119.589928,路名
澎湖縣馬公市案山里大案山17之10號1樓,23.558345,119.578832,路名
澎湖縣馬公市案山里文安路65號,23.561240,119.579958,門牌
澎湖縣馬公市海埔路26號,23.565962,119.569061,門牌
澎湖縣馬公市石泉里石泉2-31號1樓,23.558466,119.594835,路名
澎湖縣馬公市石泉里石泉2之32號,23.558466,119.594835,路名
澎湖縣馬公市興仁里双頭掛60之60號2樓,23.549980,119.613574,路名
澎湖縣馬公市興港北街3號,23.566526,119.570695,路名
澎湖縣馬公市西文里新生路439號1樓,23.566198,119.581083,門牌
澎湖縣馬公市西文里西文澳36號,23.566159,119.581203,門牌
澎湖縣馬公市西文里西文澳89之2號1樓,23.566231,119.586864,路名
澎湖縣馬公市西文里西文澳97之17號1樓,23.566231,119.586864,路名
澎湖縣馬公市西文里西文澳97之56號,23.570584,119.588312,門牌
澎湖縣馬公市西衛里五福路3巷77號5樓之1,23.580967,119.576480,路名
澎湖縣馬公市鎖港里鎖管港1063號,23.523278,119.603253,門牌
澎湖縣馬公市鎖港里鎖管港176之1號1樓,23.526071,119.601652,路名
澎湖縣馬公市鎖港里鎖管港908號1樓,23.525348,119.601723,門牌
澎湖縣馬公市長安里仁愛路68巷1號1樓,23.566254,119.564387,門牌
澎湖縣馬公市陽明里中華路171號1樓,23.571830,119.574067,門牌
澎湖縣馬公市陽明里中華路200巷1弄3號1樓,23.571839,119.575742,門牌
澎湖縣馬公市陽明里大仁街4號1樓,23.571145,119.572387,門牌
澎湖縣馬公市陽明里陽明路25號2樓,23.572710,119.574889,門牌
花蓮縣光復鄉中山路二段269號1樓,23.978988,121.607668,門牌
花蓮縣光復鄉北富村富強街30號,23.660488,121.453796,門牌
花蓮縣光復鄉大全村中山路一段66巷2號1樓,23.810443,121.505648,路名
花蓮縣光復鄉大同村敦厚路135巷36號,23.669781,121.426476,門牌
花蓮縣光復鄉大同村林森路28號1樓,23.664914,121.428286,門牌
花蓮縣光復鄉東富村光豐路83巷6號1樓,23.658517,121.454693,門牌
花蓮縣吉安鄉中山路一段64號1樓,23.169977,121.247208,門牌
花蓮縣吉安鄉仁和村南海七街201巷3號1樓,23.947287,121.588632,門牌
花蓮縣吉安鄉仁和村南海二街214巷4號1樓,23.956499,121.592402,門牌
花蓮縣吉安鄉仁和村南海八街214號,23.947134,121.584240,門牌
花蓮縣吉安鄉仁和村南海六街250號,23.950011,121.587457,門牌
花蓮縣吉安鄉仁和村南海四街235號,23.953026,121.589592,門牌
花蓮縣吉安鄉仁和村海岸路236號1樓,23.959995,121.597435,路名
花蓮縣吉安鄉仁安村18鄰南海七街47號1樓,23.945208,121.592881,門牌
花蓮縣吉安鄉仁安村19鄰海濱101號,23.946846,121.602515,門牌
花蓮縣吉安鄉仁安村南海一街127號1樓,23.956921,121.595452,門牌
花蓮縣吉安鄉仁安村南海三街108號,23.953273,121.595651,門牌
花蓮縣吉安鄉仁安村南海八街164之10號1樓,23.946421,121.586765,路名
花蓮縣吉安鄉仁安村南海四街148號,23.952092,121.593164,門牌
花蓮縣吉安鄉仁安村海岸路505號1樓,23.946886,121.589046,門牌
花蓮縣吉安鄉仁安村海岸路665號1樓,23.939828,121.586646,門牌
花蓮縣吉安鄉仁安村海濱166號,23.943283,121.597963,門牌
花蓮縣吉安鄉光華村3鄰南濱路1段558號1樓,23.929857,121.593031,門牌
花蓮縣吉安鄉光華村3鄰南濱路一段536號,23.945474,121.597762,路名
花蓮縣吉安鄉光華村3鄰華中路12號,23.937018,121.596301,門牌
花蓮縣吉安鄉光華村6鄰光華二街315號1樓,23.931106,121.577851,門牌
花蓮縣吉安鄉光華村光華街100號,23.931335,121.583845,門牌
花蓮縣吉安鄉光華村南濱路1段529號,23.933440,121.595023,門牌
花蓮縣吉安鄉光華村南濱路1段562號,23.929212,121.592101,門牌
花蓮縣吉安鄉光華村海岸路961號,23.928425,121.590350,門牌
花蓮縣吉安鄉光華村華中路22號,23.936665,121.593480,門牌
花蓮縣吉安鄉光華村華城三街58號1樓,23.925867,121.568896,門牌
花蓮縣吉安鄉光華村華城六街35號1樓,23.924994,121.582547,門牌
花蓮縣吉安鄉光華村華工五路9號,23.933255,121.591754,路名
花蓮縣吉安鄉光華村華工六路90巷97弄1號1樓,23.939562,121.592885,門牌
花蓮縣吉安鄉光華村華工六路96巷82號1樓,23.940115,121.592335,門牌
花蓮縣吉安鄉光華村華工四路14號1樓,23.931909,121.592448,門牌
花蓮縣吉安鄉光華村華工四路9號,23.930866,121.591343,門牌
花蓮縣吉安鄉勝安村17鄰民治路354號,23.982675,121.585942,門牌
花蓮縣吉安鄉勝安村中原路一段271號,23.974575,121.593389,路名
花蓮縣吉安鄉勝安村中原路一段57號1樓,23.974575,121.593389,路名
花蓮縣吉安鄉勝安村中央路3段100號,23.978460,121.583154,門牌
花蓮縣吉安鄉勝安村中央路三段186巷16弄18號1樓,23.983835,121.583749,路名
花蓮縣吉安鄉勝安村勝安二街45巷7弄8號1樓,23.976116,121.587285,門牌
花蓮縣吉安鄉勝安村勝安二街58巷16號1樓,23.975992,121.588593,門牌
花蓮縣吉安鄉勝安村和平路一段211、213、215、221號,23.878192,121.555698,路名
花蓮縣吉安鄉勝安村民治路329巷2號1樓,23.981525,121.587125,門牌
花蓮縣吉安鄉勝安村民治路336巷29號1樓,23.983020,121.586861,門牌
花蓮縣吉安鄉勝安村民治路336巷29號一樓,23.983020,121.586861,門牌
花蓮縣吉安鄉勝安村自強路113號1樓,23.930369,121.559974,路名
花蓮縣吉安鄉勝安村自立二街6巷6號1樓,23.981432,121.590719,門牌
花蓮縣吉安鄉北昌五街63號,23.988545,121.590125,門牌
花蓮縣吉安鄉北昌村北昌四街33號5樓,23.987053,121.592909,門牌
花蓮縣吉安鄉北昌村富祥街213號,23.989833,121.591294,門牌
花蓮縣吉安鄉北昌村建國路一段89號2樓,23.931446,121.563826,路名
花蓮縣吉安鄉北昌村建昌路205巷3號,23.990396,121.589464,門牌
花蓮縣吉安鄉北昌村自強路576號5樓之1,23.930369,121.559974,路名
花蓮縣吉安鄉北昌村自樂街46巷3號1樓,23.983515,121.593399,門牌
花蓮縣吉安鄉北昌村莊敬路203號1樓,23.989380,121.593580,門牌
花蓮縣吉安鄉南昌村南昌北路1號1樓,23.970506,121.583549,門牌
花蓮縣吉安鄉南昌村南昌路115號2樓之3,23.969609,121.579457,門牌
花蓮縣吉安鄉南昌村吉興路1段57號1樓,23.971190,121.577856,門牌
花蓮縣吉安鄉南昌村文化7街36之1號1樓,23.965789,121.582214,路名
花蓮縣吉安鄉南昌村文化一街7巷1弄29號1樓,23.968818,121.583953,門牌
花蓮縣吉安鄉南昌村文化一街7巷1弄2號1樓,23.969513,121.584613,門牌
花蓮縣吉安鄉南昌路115號2樓之5,23.969609,121.579457,門牌
花蓮縣吉安鄉吉安村23鄰吉昌二街220巷5號,23.970620,121.562912,門牌
花蓮縣吉安鄉吉安村中央路2段139巷17號1樓,23.971994,121.570427,門牌
花蓮縣吉安鄉吉安村中央路2段171巷25號,23.973267,121.570184,門牌
花蓮縣吉安鄉吉安村中山路三段69號1樓,23.846408,121.493943,門牌
花蓮縣吉安鄉吉安村南山五街25號1樓,23.975365,121.579039,門牌
花蓮縣吉安鄉吉安村吉昌一街258巷16號1樓,23.973129,121.561310,門牌
花蓮縣吉安鄉吉安村慶南四街293號,23.980492,121.557175,門牌
花蓮縣吉安鄉吉昌三街323之1號,23.967607,121.565546,路名
花蓮縣吉安鄉吉祥四街1號2樓,23.973944,121.582908,門牌
花蓮縣吉安鄉太昌村吉太街396號,23.988157,121.556769,門牌
花蓮縣吉安鄉太昌村建國路二段699號,23.931446,121.563826,路名
花蓮縣吉安鄉宜昌村吉祥四街1號2樓,23.973944,121.582908,門牌
花蓮縣吉安鄉建國路一段4號1樓,23.931446,121.563826,路名
花蓮縣吉安鄉慶豐村中山路3段113號1樓,23.490803,121.397241,門牌
花蓮縣吉安鄉慶豐村中山路3段163號1樓,23.976370,121.573106,門牌
花蓮縣吉安鄉慶豐村中山路三段734巷17號三樓之1,23.810443,121.505648,路名
花蓮縣吉安鄉慶豐村中山路三段734巷18弄2號1樓,23.810443,121.505648,路名
花蓮縣吉安鄉慶豐村慶豐二街71號1樓,23.975585,121.572871,門牌
花蓮縣吉安鄉明義七街32之1號,23.994147,121.556511,門牌
花蓮縣吉安鄉東昌村南濱路一段28巷7之6號一樓,23.945474,121.597762,路名
花蓮縣吉安鄉東昌村海岸路131號1樓,23.960441,121.592636,門牌
花蓮縣吉安鄉東昌村海岸路163號,23.959995,121.597435,路名
花蓮縣吉安鄉永安村2鄰建國路二段25號2樓,23.982838,121.606136,門牌
花蓮縣吉安鄉永安村吉安路1段135號,23.987731,121.572847,門牌
花蓮縣吉安鄉永安村吉安路1段55之5號1樓,23.990795,121.574670,門牌
花蓮縣吉安鄉永安村吉安路一段91巷2之3號1樓,23.969018,121.559541,路名
花蓮縣吉安鄉永安村太昌路242巷11弄30號1樓,23.989708,121.571709,門牌
花蓮縣吉安鄉永安村建國路二段41巷11之3號1樓,23.931446,121.563826,路名
花蓮縣吉安鄉永興村全民街75號3樓,23.938503,121.569690,門牌
花蓮縣吉安鄉海岸路552號,23.947579,121.588955,門牌
花蓮縣吉安鄉海濱1之1號,23.953744,121.603567,門牌
花蓮縣吉安鄉福興村吉安路3段40巷1號1樓,23.969539,121.560369,門牌
花蓮縣吉安鄉福興村吉安路三段116號1樓,23.969018,121.559541,路名
花蓮縣吉安鄉稻香村廣賢路一段800號1樓,23.952797,121.577678,路名
花蓮縣壽豐鄉壽豐村壽農92號,23.860558,121.496914,門牌
花蓮縣壽豐鄉平和村吳全13之2號1樓,23.891968,121.551701,路名
花蓮縣壽豐鄉志學村中山路3段84號1樓,23.671633,121.426599,門牌
花蓮縣壽豐鄉志學村忠孝176號,23.919590,121.559329,門牌
花蓮縣壽豐鄉溪口村新站6號,23.814246,121.470165,門牌
花蓮縣壽豐鄉理想路1號,23.866109,121.526663,門牌
花蓮縣壽豐鄉豐坪村豐坪路三段6巷21號,23.847757,121.520543,路名
花蓮縣壽豐鄉豐裡村10鄰中山路295號1樓,23.841973,121.507078,門牌
花蓮縣壽豐鄉豐裡村中山路18巷8號1樓,23.847173,121.497005,門牌
花蓮縣壽豐鄉鹽寮村山嶺18號,23.908065,121.596987,門牌
花蓮縣壽豐鄉鹽竂村福德189號,23.901270,121.603331,門牌
花蓮縣富里鄉富南村公埔路186號,23.172425,121.242754,門牌
花蓮縣新城鄉佳林村民有五街36號1樓,24.021750,121.601521,門牌
花蓮縣新城鄉北埔村北埔路117號,24.029466,121.605150,門牌
花蓮縣新城鄉北埔村北埔路163巷1弄2號1樓,24.031914,121.603800,門牌
花蓮縣新城鄉北埔村民有街397號,24.034236,121.599764,門牌
花蓮縣新城鄉嘉新村嘉南路25號,24.004738,121.614234,門牌
花蓮縣新城鄉嘉新村嘉南路90巷3號,24.005504,121.615124,門牌
花蓮縣新城鄉嘉新村嘉新路63巷1號,24.006483,121.612413,門牌
花蓮縣新城鄉大漢村民權街109號,24.034332,121.609330,門牌
花蓮縣新城鄉康樂村17鄰南三棧29之3號,24.096934,121.616006,門牌
花蓮縣新城鄉康樂村加灣1-2號,24.079561,121.608285,路名
花蓮縣新城鄉康樂村加灣39-12號,24.079561,121.608285,路名
花蓮縣新城鄉康樂村大漢街100-1號,24.044827,121.606678,路名
花蓮縣新城鄉康樂村大漢街259號,24.048467,121.607635,門牌
花蓮縣新城鄉康樂村廣安一街37號1樓,24.051582,121.608854,門牌
花蓮縣新城鄉新城村信義路152之3號1樓,24.128356,121.651695,門牌
花蓮縣新城鄉新城村信義路164號1樓,24.128865,121.651655,門牌
花蓮縣新城鄉新城村信義路222號1樓,24.128983,121.651070,門牌
花蓮縣新城鄉新城村博愛路24之4號1樓,24.126625,121.651698,門牌
花蓮縣新城鄉新城村新興一路1巷6號1樓,24.128484,121.642148,門牌
花蓮縣新城鄉順安村北三棧168號,24.113697,121.632562,門牌
花蓮縣新城鄉順安村北三棧49之1號,24.107019,121.622477,路名
花蓮縣玉里鎮中城里仁愛路1段53號,23.327089,121.315276,門牌
花蓮縣玉里鎮中城里民國路1段174號,23.331957,121.317246,門牌
花蓮縣玉里鎮中城里福安街10-4號1樓,23.323343,121.321492,路名
花蓮縣玉里鎮中華路365之1號,23.343318,121.316767,門牌
花蓮縣玉里鎮光復路81號,24.026445,121.607718,門牌
花蓮縣玉里鎮大禹163-3號1樓,23.380665,121.326275,路名
花蓮縣玉里鎮大禹里2鄰酸柑30-6號二樓,23.357624,121.323596,路名
花蓮縣玉里鎮大禹里大禹163-3號,23.380665,121.326275,路名
花蓮縣玉里鎮春日里12鄰神農80號,23.455826,121.398941,門牌
花蓮縣玉里鎮樂合里南通3號,23.304190,121.334333,門牌
花蓮縣瑞穗鄉富民村民有路164之3號,23.574342,121.368585,門牌
花蓮縣瑞穗鄉瑞北村瑞北160號1樓,23.515133,121.377365,門牌
花蓮縣瑞穗鄉瑞祥村溫泉路二段368號,23.494509,121.348636,路名
花蓮縣秀林鄉佳民村佳民32之5號,24.055760,121.596815,路名
花蓮縣秀林鄉和平村和工二路7號,24.309697,121.761812,門牌
花蓮縣秀林鄉和平村和工五路6號,24.297976,121.753629,路名
花蓮縣秀林鄉和平村和平228之31號,24.306399,121.749033,門牌
花蓮縣秀林鄉富世村富世145之3號1樓,24.150983,121.626110,門牌
花蓮縣秀林鄉景美村加灣152之1號1樓,24.084316,121.607700,門牌
花蓮縣秀林鄉水源村水源40之1號1樓,24.004745,121.550474,門牌
花蓮縣秀林鄉水源村水源93之1號1樓,24.003976,121.553161,門牌
花蓮縣秀林鄉秀林村民治14號一樓,24.128586,121.635687,門牌
花蓮縣秀林鄉秀林村民治78之8號1樓,24.120957,121.637163,門牌
花蓮縣秀林鄉銅門村榕樹63號1樓,23.962151,121.502447,門牌
花蓮縣花蓮市上海街29號,23.972450,121.601059,門牌
花蓮縣花蓮市中和街50號2樓,23.970194,121.602288,門牌
花蓮縣花蓮市中央路三段625號1樓,23.983835,121.583749,路名
花蓮縣花蓮市中央路四段10號1樓,23.983835,121.583749,路名
花蓮縣花蓮市中山路526號3樓,23.991458,121.598340,門牌
花蓮縣花蓮市中強街66號1樓,23.970343,121.600419,門牌
花蓮縣花蓮市中正路65號1樓,23.906561,121.531559,門牌
花蓮縣花蓮市中華路296之2號,23.975173,121.598900,門牌
花蓮縣花蓮市主信里南京街203號6樓之12,23.974844,121.606546,門牌
花蓮縣花蓮市主力里鎮國街11號1樓,23.975944,121.601362,門牌
花蓮縣花蓮市主勤里9鄰南京街312巷15號1樓,23.975133,121.607902,門牌
花蓮縣花蓮市主勤里南京街312巷15號,23.975133,121.607902,門牌
花蓮縣花蓮市主和里中強街139號1樓,23.969426,121.601769,門牌
花蓮縣花蓮市主和里和平路271號2樓,23.971992,121.604794,門牌
花蓮縣花蓮市主和里福建街216巷1弄2號1樓,23.970000,121.602802,門牌
花蓮縣花蓮市主商里光復街30號1樓,23.975644,121.608632,門牌
花蓮縣花蓮市主學里中正路269號1樓,23.972915,121.600519,門牌
花蓮縣花蓮市主權里中原路563號1樓,23.973044,121.595613,門牌
花蓮縣花蓮市主權里中原路738號,23.976905,121.592237,門牌
花蓮縣花蓮市主權里中華路433巷14號1樓,23.974031,121.592212,門牌
花蓮縣花蓮市主農里長春街32巷2弄30號,23.968120,121.596115,門牌
花蓮縣花蓮市信義街91巷5號1樓,23.976199,121.602467,門牌
花蓮縣花蓮市化道路37號,23.997663,121.625690,門牌
花蓮縣花蓮市國富里國富17街6號1樓,23.988505,121.594579,路名
花蓮縣花蓮市國富里國富5街32號1樓,23.988505,121.594579,路名
花蓮縣花蓮市國富里國富二十五街2巷2號一樓,23.994084,121.594183,門牌
花蓮縣花蓮市國富里國富二街67號1樓,23.988785,121.595936,門牌
花蓮縣花蓮市國強里中央路4段603號1樓,24.006882,121.603306,門牌
花蓮縣花蓮市國強里豐村106號,24.004993,121.596647,門牌
花蓮縣花蓮市國盛七街29號1樓,23.992742,121.608476,門牌
花蓮縣花蓮市國盛里國民9街20號1樓,23.999421,121.609521,路名
花蓮縣花蓮市國盛里國民9街77號1樓,23.999421,121.609521,路名
花蓮縣花蓮市國盛里國盛四街49號1樓,23.994554,121.607433,門牌
花蓮縣花蓮市國福里石壁街237號,24.005029,121.563820,門牌
花蓮縣花蓮市國聯里16鄰國聯二路95號,23.989336,121.602983,門牌
花蓮縣花蓮市國聯里6鄰中山路601巷52之1號,23.810443,121.505648,路名
花蓮縣花蓮市國聯里9鄰國興六街21巷3之1號1樓,23.987374,121.598688,門牌
花蓮縣花蓮市國聯里國聯一路67號,23.992094,121.603313,門牌
花蓮縣花蓮市國聯里國聯二路58號2樓,23.990622,121.603373,門牌
花蓮縣花蓮市國聯里國興二街107號1樓,23.989873,121.602433,門牌
花蓮縣花蓮市國興五街118號,23.988638,121.604284,門牌
花蓮縣花蓮市國興里介林五街229號1樓,23.995446,121.571690,門牌
花蓮縣花蓮市國興里建國路二段546號1樓,23.931446,121.563826,路名
花蓮縣花蓮市國興里建德街43巷10號1樓,23.997305,121.570759,門牌
花蓮縣花蓮市國興里建興街118號1樓,23.995566,121.575224,門牌
花蓮縣花蓮市國興里建華路65巷3號1樓,23.994124,121.578060,門牌
花蓮縣花蓮市國華里建林街158號1樓,23.982640,121.601129,門牌
花蓮縣花蓮市國裕里富吉路83號,23.995045,121.596797,門牌
花蓮縣花蓮市國裕里富安路15號,23.992754,121.598115,門牌
花蓮縣花蓮市國裕里富強路227號1樓,23.998958,121.598695,門牌
花蓮縣花蓮市國裕里富強路22號5樓之1,23.995264,121.596200,門牌
花蓮縣花蓮市國裕里富強路258號1樓,23.999397,121.599570,門牌
花蓮縣花蓮市國裕里富強路48號,23.995974,121.596538,門牌
花蓮縣花蓮市國裕里富裕二街3號1樓,23.992425,121.598936,門牌
花蓮縣花蓮市國裕里富裕十街50巷17號1樓,23.998112,121.597477,門牌
花蓮縣花蓮市國裕里富陽路75號1樓,23.995907,121.598075,門牌
花蓮縣花蓮市國風街33號3樓,23.977327,121.597597,門牌
花蓮縣花蓮市國風里建林街57號1樓,23.979258,121.598668,門牌
花蓮縣花蓮市國風里林森路257巷27號1樓,23.979909,121.600639,門牌
花蓮縣花蓮市國魂里延平街88之1號,23.985157,121.600821,門牌
花蓮縣花蓮市富裕十街53巷11號一樓,23.997327,121.596490,門牌
花蓮縣花蓮市府前路206號,23.992025,121.622061,門牌
花蓮縣花蓮市東興一街132號,24.003976,121.631562,門牌
花蓮縣花蓮市東興一街85號,24.002874,121.631461,門牌
花蓮縣花蓮市林森路273巷5弄10號1樓,23.981626,121.599790,門牌
花蓮縣花蓮市民主里中山路16巷3號1樓,23.972468,121.613455,門牌
花蓮縣花蓮市民享里北興路18號1樓,24.006340,121.619312,門牌
花蓮縣花蓮市民享里林園5之3號,24.001305,121.628770,門牌
花蓮縣花蓮市民勤里37鄰民權七街17號2樓,23.988136,121.622461,門牌
花蓮縣花蓮市民孝里8鄰東興二街12巷25號,23.999222,121.630979,門牌
花蓮縣花蓮市民孝里東興二街28巷96號1樓,23.999799,121.631859,門牌
花蓮縣花蓮市民孝里林園二街26號6樓之1,24.003576,121.631138,門牌
花蓮縣花蓮市民孝里華東15號,24.007427,121.642021,門牌
花蓮縣花蓮市民孝里華東68-6號1樓,24.007907,121.634301,路名
花蓮縣花蓮市民心里3鄰美工路52號,24.012324,121.624076,門牌
花蓮縣花蓮市民心里3鄰美工路54號,24.012384,121.623528,門牌
花蓮縣花蓮市民心里7鄰美工路23號,24.012552,121.631232,門牌
花蓮縣花蓮市民心里美工七街22號,24.017501,121.626595,門牌
花蓮縣花蓮市民心里美工五街4號,24.012922,121.633109,門牌
花蓮縣花蓮市民心里美工八街5號,24.009763,121.624388,門牌
花蓮縣花蓮市民心里美工路23號,24.012552,121.631232,門牌
花蓮縣花蓮市民心里美工路40號,24.010898,121.626404,門牌
花蓮縣花蓮市民心里美工路49號,24.010416,121.625048,門牌
花蓮縣花蓮市民心里美工路61號,24.012102,121.623269,門牌
花蓮縣花蓮市民心里美工路62號,24.014347,121.621790,門牌
花蓮縣花蓮市民心里美工路65號,24.012832,121.622481,門牌
花蓮縣花蓮市民意里府前路482之4號,23.999978,121.621080,門牌
花蓮縣花蓮市民政里3鄰中美七街16號,23.993598,121.624691,門牌
花蓮縣花蓮市民政里中美路151號1樓,23.748430,121.448672,門牌
花蓮縣花蓮市民政里中興路149號1樓,23.995743,121.625631,門牌
花蓮縣花蓮市民政里中興路258號,23.184971,121.255123,門牌
花蓮縣花蓮市民政里中興路266號1樓,23.185031,121.255381,門牌
花蓮縣花蓮市民政里府前路300-2號1樓,23.997623,121.620470,路名
花蓮縣花蓮市民政里順興路117號,23.995095,121.624384,路名
花蓮縣花蓮市民樂里忠義二街15之1號,23.992698,121.632364,路名
花蓮縣花蓮市民權七街17號1樓,23.988136,121.622461,門牌
花蓮縣花蓮市民生里公園路5號,23.855368,121.522144,路名
花蓮縣花蓮市民立里民德一街81號,23.986668,121.622755,門牌
花蓮縣花蓮市民立里民德四街69號1樓,23.986223,121.623210,門牌
花蓮縣花蓮市民立里海岸路3之6號,23.959995,121.597435,路名
花蓮縣花蓮市民運里民享二街20號1樓,23.993534,121.632670,門牌
花蓮縣花蓮市民運里民族路28號一樓,23.995210,121.632401,門牌
花蓮縣花蓮市民運里民權路189-11號1樓,23.871682,121.556897,路名
花蓮縣花蓮市民運里港口路1號,23.995228,121.635233,門牌
花蓮縣花蓮市精美路10號,24.012362,121.631668,門牌
花蓮縣花蓮市精美路28號,24.015775,121.627122,門牌
花蓮縣花蓮市美工七街32號,24.018525,121.625525,門牌
花蓮縣花蓮市美工七街6號,24.015952,121.628328,門牌
花蓮縣花蓮市美工五街4號,24.012922,121.633109,門牌
花蓮縣花蓮市美工八街18號,24.011532,121.622022,門牌
花蓮縣花蓮市美工八街6號,24.010072,121.624375,門牌
花蓮縣花蓮市美工路49號,24.010416,121.625048,門牌
花蓮縣花蓮市重慶路183號1樓,23.968973,121.603399,門牌
花蓮縣萬榮鄉紅葉村紅葉24-13號,23.494768,121.339675,路名
花蓮縣鳳林鎮林榮里林榮路338號,23.807888,121.451256,門牌
花蓮縣鳳林鎮榮開路39之1號,23.788494,121.471320,路名
花蓮縣鳳林鎮鳳禮里中正路2段163號1樓,23.748102,121.449378,門牌
苗栗縣三灣鄉銅鏡村4鄰坡頭背5-6號1樓,24.666921,120.964465,路名
苗栗縣三義鄉勝興村31鄰水美307巷143號1樓,24.402535,120.762496,門牌
苗栗縣三義鄉勝興村勝興13之11號1樓,24.393768,120.771661,門牌
苗栗縣三義鄉廣盛村中正路185號,24.411751,120.769992,門牌
苗栗縣三義鄉西湖村伯公坑39之2號,24.379707,120.745960,門牌
苗栗縣三義鄉西湖村伯公坑39號之1,24.392855,120.752805,路名
苗栗縣三義鄉西湖村伯公坑40-10號,24.392855,120.752805,路名
苗栗縣三義鄉西湖村伯公坑40-16號,24.392855,120.752805,路名
苗栗縣三義鄉西湖村伯公坑40-17號,24.392855,120.752805,路名
苗栗縣三義鄉西湖村伯公坑40之20號,24.376056,120.746661,門牌
苗栗縣三義鄉西湖村伯公坑40之27號,24.372480,120.742354,門牌
苗栗縣三義鄉鯉魚潭村1鄰鯉魚口1-20號,24.350423,120.744568,路名
苗栗縣三義鄉鯉魚潭村1鄰鯉魚口1-22號,24.350423,120.744568,路名
苗栗縣三義鄉鯉魚潭村鯉魚口1之20號,24.338928,120.750920,門牌
苗栗縣三義鄉鯉魚潭村鯉魚口99號,24.352279,120.739728,門牌
苗栗縣三義鄉龍騰村1鄰龍騰8號,24.381018,120.785579,門牌
苗栗縣公館鄉中義村14鄰中義336-8號,24.503546,120.816976,路名
苗栗縣公館鄉中義村中義202-3號,24.503546,120.816976,路名
苗栗縣公館鄉仁安村1鄰仁安11號1樓,24.535034,120.835214,門牌
苗栗縣公館鄉仁安村6鄰仁安100之16號1樓,24.524659,120.837506,門牌
苗栗縣公館鄉北河村6鄰北河71號,24.536985,120.855721,門牌
苗栗縣公館鄉玉泉村1鄰玉泉52號,24.508737,120.825756,門牌
苗栗縣公館鄉福基村福基73之6號,24.469976,120.832147,路名
苗栗縣公館鄉館中村12鄰近光路101-1號,24.501871,120.827309,路名
苗栗縣公館鄉館南村14鄰館南354號1樓,24.490245,120.828464,門牌
苗栗縣公館鄉館南村民權街39巷20號1樓,24.503419,120.822629,門牌
苗栗縣公館鄉館東村8鄰大東路41號1樓,24.501241,120.830007,門牌
苗栗縣公館鄉館東村館東145之1號1樓,24.496852,120.829698,門牌
苗栗縣卓蘭鎮內灣里1鄰內灣3號,24.676054,120.956151,門牌
苗栗縣卓蘭鎮老庄里河北街10號1樓,24.310575,120.831086,門牌
苗栗縣卓蘭鎮苗豐里苗豐24之27號,24.324400,120.815743,路名
苗栗縣卓蘭鎮豐田里豐田14號1樓,24.323333,120.824443,門牌
苗栗縣南庄鄉東村南庄94之2號,24.606059,121.002412,門牌
苗栗縣南庄鄉蓬萊村11鄰八卦力23之1號一樓,24.528749,120.959204,門牌
苗栗縣大湖鄉大湖村民族路19號,24.422448,120.868764,門牌
苗栗縣大湖鄉大湖村重光路107巷8號及10號,24.421419,120.867220,門牌
苗栗縣大湖鄉義和村14鄰盛興79號,24.386825,120.856292,門牌
苗栗縣大湖鄉義和村9鄰和興5之65號,24.396853,120.862166,門牌
苗栗縣後龍鎮中龍里館前街16號,24.612951,120.788449,門牌
苗栗縣後龍鎮埔頂里15鄰中華路720號,24.621486,120.808737,門牌
苗栗縣後龍鎮埔頂里2鄰高鐵六路860巷7號,24.617198,120.824555,門牌
苗栗縣後龍鎮埔頂里3鄰頂東路28-2號,24.614389,120.820972,路名
苗栗縣後龍鎮埔頂里中華路716巷37號,24.621014,120.806283,門牌
苗栗縣後龍鎮外埔里6鄰外埔18之13號1樓,24.652644,120.777975,路名
苗栗縣後龍鎮大山里12鄰下大山腳1-6號,24.639682,120.794751,路名
苗栗縣後龍鎮大庄里11鄰中山路468號,24.609172,120.799216,門牌
苗栗縣後龍鎮大庄里11鄰中山路500巷27號1樓,24.609163,120.799427,門牌
苗栗縣後龍鎮大庄里17鄰光華路454號1樓,24.613379,120.793973,門牌
苗栗縣後龍鎮大庄里17鄰光華路482號2樓,24.613821,120.794245,門牌
苗栗縣後龍鎮大庄里19鄰光華二街89號4樓,24.612583,120.790996,路名
苗栗縣後龍鎮大庄里22鄰中山路328號1樓,24.611188,120.796013,門牌
苗栗縣後龍鎮大庄里光華路382號1樓,24.612190,120.792382,門牌
苗栗縣後龍鎮大庄里成功路102號,24.614770,120.791962,門牌
苗栗縣後龍鎮大庄里民族路197巷22號1樓,24.614116,120.799777,門牌
苗栗縣後龍鎮東明里13鄰頂浮尾38之18號1樓,24.633517,120.804680,路名
苗栗縣後龍鎮東明里14鄰下浮尾14-12號1樓,24.626185,120.796546,路名
苗栗縣後龍鎮東明里8鄰下浮尾119之1號,24.625114,120.799313,門牌
苗栗縣後龍鎮東明里8鄰宏陽路99號,24.623927,120.797892,門牌
苗栗縣後龍鎮海埔里6鄰海埔51之3號,24.648833,120.773673,門牌
苗栗縣後龍鎮海寶里4鄰網絃32之5號,24.661707,120.821573,路名
苗栗縣後龍鎮溪洲里四份仔53之2號,24.625441,120.781051,門牌
苗栗縣後龍鎮溪洲里溪洲路11號,24.619109,120.780130,門牌
苗栗縣後龍鎮豐富八街140號,24.606670,120.815330,路名
苗栗縣後龍鎮豐富里新港七路18巷48弄6號1樓,24.602380,120.821785,門牌
苗栗縣後龍鎮龍坑里十班坑176之5號,24.592492,120.773220,門牌
苗栗縣後龍鎮龍津里3鄰公司寮38之1號,24.612045,120.759037,門牌
苗栗縣獅潭鄉永興村10鄰竹銑櫃2之1號,24.557051,120.931195,門牌
苗栗縣竹南鎮中美里10鄰保安林47之1號,24.683381,120.854067,門牌
苗栗縣竹南鎮中美里保安林36-1號1樓,24.685101,120.854322,路名
苗栗縣竹南鎮中美里保安林52之18號1樓,24.687426,120.851607,門牌
苗栗縣竹南鎮中美里功明街2-12號一樓,24.682453,120.862935,路名
苗栗縣竹南鎮中英里保安林234號,24.689526,120.856839,門牌
苗栗縣竹南鎮中華里文心街14號4樓,24.686982,120.871007,門牌
苗栗縣竹南鎮佳興里1鄰新北街78巷2號1樓,24.693063,120.884072,路名
苗栗縣竹南鎮佳興里光復路381巷11弄12號,24.696167,120.879002,門牌
苗栗縣竹南鎮佳興里公義路136號,24.696508,120.882406,門牌
苗栗縣竹南鎮佳興里忠勇街10號,24.695768,120.877319,門牌
苗栗縣竹南鎮佳興里環市路三段478號6樓,24.680099,120.865543,路名
苗栗縣竹南鎮佳興里環市路三段486號,24.680099,120.865543,路名
苗栗縣竹南鎮公義里10鄰口墻圍14號,24.738327,120.903845,門牌
苗栗縣竹南鎮公義里11鄰科義街66號,24.727461,120.911157,門牌
苗栗縣竹南鎮公義里8鄰鹿廚坑2號,24.734347,120.899667,門牌
苗栗縣竹南鎮公義里8鄰鹿廚坑2號1樓,24.734347,120.899667,門牌
苗栗縣竹南鎮公義里仁義街12號,24.728034,120.909893,門牌
苗栗縣竹南鎮公義里友義路66號,24.723224,120.909509,門牌
苗栗縣竹南鎮公義里友義路66號2樓,24.723224,120.909509,門牌
苗栗縣竹南鎮公義里群義路50號,24.717587,120.907147,門牌
苗栗縣竹南鎮和興路366號,24.713176,120.876092,門牌
苗栗縣竹南鎮大厝里10鄰獅山2之12號,24.676153,120.873902,門牌
苗栗縣竹南鎮大厝里13鄰獅山102之9號,24.674988,120.873698,門牌
苗栗縣竹南鎮大厝里13鄰獅山83-30號,24.653534,120.948360,路名
苗栗縣竹南鎮大厝里14鄰國泰路42號,24.681402,120.879260,門牌
苗栗縣竹南鎮大厝里14鄰永貞路1段181巷107號,24.676703,120.880319,門牌
苗栗縣竹南鎮大厝里20鄰環市路二段42號1樓,24.680099,120.865543,路名
苗栗縣竹南鎮大厝里9鄰國豐路33號1樓,24.680396,120.877746,門牌
苗栗縣竹南鎮大厝里9鄰大厝60之6號,24.679160,120.875625,門牌
苗栗縣竹南鎮大厝里國泰路85之5號,24.680963,120.878747,門牌
苗栗縣竹南鎮大厝里大厝80號,24.680688,120.877878,門牌
苗栗縣竹南鎮大厝里大營路93之4號,24.684440,120.872843,門牌
苗栗縣竹南鎮大厝里新生路46巷22號1樓,24.680751,120.868477,門牌
苗栗縣竹南鎮大厝里永貞路一段145巷91號,24.684139,120.884591,路名
苗栗縣竹南鎮大厝里獅山102之5號,24.674371,120.874592,門牌
苗栗縣竹南鎮大厝里獅山81-9號,24.653534,120.948360,路名
苗栗縣竹南鎮大厝里獅山街1號1樓,24.674977,120.872150,門牌
苗栗縣竹南鎮大埔里11鄰仁愛路1027巷3號1樓,24.709631,120.893174,門牌
苗栗縣竹南鎮大埔里18鄰公義路1019號,24.713434,120.898220,路名
苗栗縣竹南鎮大埔里20鄰中埔街1號,24.715925,120.906244,門牌
苗栗縣竹南鎮大埔里20鄰中埔街5號,24.715664,120.909202,門牌
苗栗縣竹南鎮大埔里2鄰科專七路502號4樓,24.705485,120.900235,路名
苗栗縣竹南鎮大埔里3鄰仁愛路645巷23號1樓,24.709497,120.903471,門牌
苗栗縣竹南鎮大埔里5鄰大埔53之10號,24.711129,120.901376,門牌
苗栗縣竹南鎮大埔里5鄰大埔53之3號,24.710901,120.901301,門牌
苗栗縣竹南鎮大埔里中埔街7號,24.715696,120.909697,門牌
苗栗縣竹南鎮大埔里仁愛路1283之1號,24.709194,120.884176,門牌
苗栗縣竹南鎮大埔里仁愛路672號2樓,24.710285,120.903248,門牌
苗栗縣竹南鎮大埔里仁愛路732號,24.710359,120.901618,門牌
苗栗縣竹南鎮大埔里竹篙厝200-7號,24.707579,120.885993,路名
苗栗縣竹南鎮天文里20鄰龍江街298巷27號,24.699037,120.863006,門牌
苗栗縣竹南鎮天文里20鄰龍江街298巷61號,24.699503,120.863907,門牌
苗栗縣竹南鎮山佳里9鄰山佳198號,24.703183,120.885635,門牌
苗栗縣竹南鎮山佳里照南18號,24.697627,120.878237,門牌
苗栗縣竹南鎮山佳里龍山路3段35號,24.701595,120.877427,門牌
苗栗縣竹南鎮崎頂里15鄰仁愛路1433號,24.713981,120.878611,門牌
苗栗縣竹南鎮崎頂里15鄰和興路330號,24.709688,120.881825,門牌
苗栗縣竹南鎮崎頂里3鄰青草50-2號,24.709905,120.867797,路名
苗栗縣竹南鎮崎頂里3鄰青草51之6號,24.705381,120.867099,門牌
苗栗縣竹南鎮崎頂里仁愛路1407號,24.712946,120.879981,門牌
苗栗縣竹南鎮崎頂里仁愛路1425號,24.713834,120.878935,門牌
苗栗縣竹南鎮崎頂里仁愛路2133巷50號,24.716805,120.873432,門牌
苗栗縣竹南鎮崎頂里和仁街72巷5號,24.708111,120.878995,路名
苗栗縣竹南鎮崎頂里和義街8號,24.714082,120.876303,門牌
苗栗縣竹南鎮崎頂里和興路346號,24.711066,120.879234,門牌
苗栗縣竹南鎮崎頂里和誠街21號,24.712287,120.879039,門牌
苗栗縣竹南鎮新南里12鄰崁頂街69號,24.690973,120.883681,門牌
苗栗縣竹南鎮新南里17鄰公園路142號21樓,24.625142,120.853538,路名
苗栗縣竹南鎮新南里17鄰公園路146號21樓,24.625142,120.853538,路名
苗栗縣竹南鎮新南里公園路32號三樓之8,24.690933,120.891612,門牌
苗栗縣竹南鎮新南里公園路36號1樓,24.690786,120.891516,門牌
苗栗縣竹南鎮新南里崁頂街46巷9號1樓,24.691184,120.883796,路名
苗栗縣竹南鎮新南里金天地29號一樓,24.692322,120.884910,門牌
苗栗縣竹南鎮正南里3鄰環市路一段158號7樓之2,24.680099,120.865543,路名
苗栗縣竹南鎮正南里福德路11號1樓,24.683030,120.879764,門牌
苗栗縣竹南鎮海口里14鄰保福路97號,24.675706,120.859370,門牌
苗栗縣竹南鎮海口里明勝路500巷20弄5號1樓,24.674116,120.859541,門牌
苗栗縣竹南鎮港墘里10鄰塭內46號1樓,24.670990,120.854677,門牌
苗栗縣竹南鎮港墘里4鄰港仔墘37號,24.668561,120.861771,門牌
苗栗縣竹南鎮照南里25鄰立達街115號,24.690917,120.877810,門牌
苗栗縣竹南鎮照南里25鄰自強街57號2樓,24.691154,120.878676,門牌
苗栗縣竹南鎮照南里博愛街140巷45號1樓,24.687341,120.874353,門牌
苗栗縣竹南鎮照南里立達街178號1樓,24.690398,120.877997,門牌
苗栗縣竹南鎮營盤里萬全街35號3樓,24.687587,120.866259,門牌
苗栗縣竹南鎮科義街31號,24.727927,120.910991,門牌
苗栗縣竹南鎮竹南里博愛街23號1樓,24.423530,120.867514,門牌
苗栗縣竹南鎮竹興里11鄰竹圍街232巷42號,24.691861,120.860908,門牌
苗栗縣竹南鎮竹興里13鄰竹圍街314號,24.692394,120.859526,門牌
苗栗縣竹南鎮竹興里2鄰竹圍街41號,24.688216,120.864734,門牌
苗栗縣竹南鎮竹興里3鄰竹圍街86號1樓,24.688977,120.864046,門牌
苗栗縣竹南鎮竹興里4鄰勤興街11巷16弄16號1樓,24.690972,120.865524,門牌
苗栗縣竹南鎮群義路8號,24.719477,120.909628,門牌
苗栗縣竹南鎮聖福里環市路三段127巷28弄7號1樓,24.680099,120.865543,路名
苗栗縣竹南鎮聖福里龍天路2號,24.691945,120.872971,門牌
苗栗縣竹南鎮頂埔里中華路282號,24.713049,120.922667,門牌
苗栗縣竹南鎮頂埔里隆頂街301巷96號1樓,24.713731,120.931224,門牌
苗栗縣竹南鎮龍山里14鄰龍昇街153巷12弄20號1樓,24.700647,120.871110,門牌
苗栗縣竹南鎮龍鳳里龍山路一段270巷28號1樓,24.693995,120.868569,路名
苗栗縣苑裡鎮中正里中正102之30號1樓,24.431835,120.660839,門牌
苗栗縣苑裡鎮中正里中正路6號1樓,24.647934,120.955182,門牌
苗栗縣苑裡鎮南勢里10鄰南勢129-2號,24.426618,120.728748,路名
苗栗縣苑裡鎮客庄里13鄰天下路26之2號,24.441431,120.651345,門牌
苗栗縣苑裡鎮客庄里23鄰中正路一段39巷15弄15號1樓,24.548641,120.834533,路名
苗栗縣苑裡鎮客庄里4鄰客庄10之8號1樓,24.437922,120.659868,門牌
苗栗縣苑裡鎮客庄里6鄰客庄58-10號1樓,24.437379,120.657105,路名
苗栗縣苑裡鎮客庄里初中路36-2號1樓,24.440986,120.657203,路名
苗栗縣苑裡鎮客庄里客庄135之11號,24.438396,120.651591,門牌
苗栗縣苑裡鎮山柑里7鄰山柑73號,24.395089,120.669960,門牌
苗栗縣苑裡鎮山柑里山柑1-28號,24.398408,120.670123,路名
苗栗縣苑裡鎮山柑里山柑65之29,24.398408,120.670123,路名
苗栗縣苑裡鎮房裡里6鄰南房69-3號,24.433037,120.643231,路名
苗栗縣苑裡鎮房裡里6鄰南房69之2號,24.433037,120.643231,路名
苗栗縣苑裡鎮泰田里10鄰泰田145之1號,24.395433,120.690248,路名
苗栗縣苑裡鎮玉田里3鄰玉田33-1號,24.384191,120.688757,路名
苗栗縣苑裡鎮玉田里4鄰玉田43-4號,24.384191,120.688757,路名
苗栗縣苑裡鎮玉田里玉田110之6號,24.381620,120.687935,門牌
苗栗縣苑裡鎮玉田里玉田91之1號,24.387510,120.679382,門牌
苗栗縣苑裡鎮田心里1鄰田心2之5號,24.408095,120.668329,門牌
苗栗縣苑裡鎮田心里4鄰田心45-10號7樓之2,24.442002,120.677657,路名
苗栗縣苑裡鎮田心里6鄰田心78—1號5樓之1,24.442002,120.677657,路名
苗栗縣苑裡鎮石鎮里7鄰石鎮47之1號,24.403936,120.703683,路名
苗栗縣苑裡鎮石鎮里8鄰錦山7-6號,24.415326,120.691079,路名
苗栗縣苑裡鎮石鎮里錦山8-1，8-2號,24.415326,120.691079,路名
苗栗縣苑裡鎮社苓里1鄰社苓3之7號1樓,24.403330,120.676151,路名
苗栗縣苑裡鎮社苓里9鄰社苓96之1號1樓,24.401477,120.674998,門牌
苗栗縣苑裡鎮福田里10鄰福田128-2號,24.426053,120.673401,路名
苗栗縣苑裡鎮苑南里3鄰信義路89號,24.686237,120.907459,門牌
苗栗縣苑裡鎮苑坑里2鄰苑坑16之6號,24.443411,120.668345,門牌
苗栗縣苑裡鎮苑坑里苑坑48之2號,24.444354,120.681730,門牌
苗栗縣苑裡鎮苑東里15鄰興隆路20之50號,24.696955,120.931441,路名
苗栗縣苑裡鎮苑東里興隆路68之179號1樓,24.696955,120.931441,路名
苗栗縣苑裡鎮苑港里2鄰苑港10-27號,24.455256,120.652758,路名
苗栗縣苑裡鎮西平里忠信路3號,24.445795,120.651003,門牌
苗栗縣苗栗市勝利里21鄰復興路一段7號1樓,24.414144,120.771174,門牌
苗栗縣苗栗市北安街172號1樓,24.565007,120.816856,門牌
苗栗縣苗栗市北苗里18鄰國華路327號1樓,24.575422,120.824439,門牌
苗栗縣苗栗市北苗里38鄰龍川街14號,24.567454,120.820617,門牌
苗栗縣苗栗市北苗里39鄰正發路81號1樓,24.569191,120.818912,門牌
苗栗縣苗栗市北苗里39鄰香格51號1樓,24.570078,120.818918,門牌
苗栗縣苗栗市北苗里和興街55號2樓,24.565774,120.817383,門牌
苗栗縣苗栗市北苗里龍川街1號,24.567027,120.820389,門牌
苗栗縣苗栗市南勢里1鄰南勢5之6號,24.522735,120.794401,門牌
苗栗縣苗栗市南勢里新榮2號1樓,24.524989,120.795531,門牌
苗栗縣苗栗市嘉新里15鄰福樂67號1樓,24.575629,120.829602,門牌
苗栗縣苗栗市嘉新里18鄰豪美街38號,24.574713,120.831423,門牌
苗栗縣苗栗市嘉新里1鄰東路1號1樓,24.586152,120.839290,門牌
苗栗縣苗栗市嘉盛里10鄰橋頭北2號,24.575564,120.842180,門牌
苗栗縣苗栗市嘉盛里19鄰育英街14號1樓,24.571833,120.831772,門牌
苗栗縣苗栗市嘉盛里28鄰復興路五段168巷6號一樓,24.582731,120.832233,路名
苗栗縣苗栗市嘉盛里8鄰嘉盛街170號,24.575782,120.832994,門牌
苗栗縣苗栗市嘉盛里為公路625巷97弄8號,24.576517,120.837799,門牌
苗栗縣苗栗市國華路582號,24.575098,120.817922,門牌
苗栗縣苗栗市建功里府前路121號8樓,24.560855,120.818848,門牌
苗栗縣苗栗市建功里府東路111號1樓,24.562583,120.821023,門牌
苗栗縣苗栗市建功里新都街173號,24.561107,120.820871,門牌
苗栗縣苗栗市恭敬里14鄰中正路1184號1樓,24.545394,120.816336,門牌
苗栗縣苗栗市恭敬里7鄰恭敬路122號一樓,24.547836,120.814581,門牌
苗栗縣苗栗市文山里14鄰自治路345號1樓,24.568280,120.815500,門牌
苗栗縣苗栗市文山里文山228之9號,24.589536,120.810756,門牌
苗栗縣苗栗市文山里文發路121巷69弄46號,24.575803,120.813072,路名
苗栗縣苗栗市文山里自治路467號1樓,24.571027,120.816765,門牌
苗栗縣苗栗市文聖里10鄰文發路398號1樓,24.576442,120.812435,門牌
苗栗縣苗栗市文聖里10鄰文發路422巷16號1樓,24.575803,120.813072,路名
苗栗縣苗栗市文聖里20鄰文山228之3號,24.590083,120.810457,門牌
苗栗縣苗栗市文聖里21鄰文山231之2號,24.592279,120.809543,門牌
苗栗縣苗栗市文聖里國華路600巷70號一樓,24.575521,120.815630,門牌
苗栗縣苗栗市文聖里文發路435巷4弄11號1樓,24.578595,120.812155,門牌
苗栗縣苗栗市文聖里文發路458巷80弄28號1樓,24.576677,120.814584,門牌
苗栗縣苗栗市新川里4鄰大坑12之10號1樓,24.571760,120.805292,門牌
苗栗縣苗栗市新川里9鄰柑園5之2號,24.577633,120.804049,門牌
苗栗縣苗栗市新川里圓墩3-18號1樓,24.492252,120.913865,路名
苗栗縣苗栗市新川里大坑12之2號,24.508399,120.831517,門牌
苗栗縣苗栗市新英里13鄰天祥116號,24.557790,120.801670,門牌
苗栗縣苗栗市民族路156號,24.684731,120.904200,門牌
苗栗縣苗栗市水源里11鄰水流娘15-6號,24.531746,120.816356,路名
苗栗縣苗栗市水源里水流娘16之1號,24.531785,120.816000,門牌
苗栗縣苗栗市水源里陽明130號4樓之15,24.543658,120.807176,門牌
苗栗縣苗栗市清華里18鄰紫園27號5樓,24.569341,120.827109,門牌
苗栗縣苗栗市清華里6鄰為公路157號,24.570757,120.826607,門牌
苗栗縣苗栗市玉華里玉清街222巷55弄1號1樓,24.560843,120.835140,門牌
苗栗縣苗栗市福安里安泰143-1號1樓,24.584343,120.826639,路名
苗栗縣苗栗市福星里20鄰嘉福街9號六樓,24.577452,120.824949,門牌
苗栗縣苗栗市福星里中華東街105號1樓,24.579735,120.825355,門牌
苗栗縣苗栗市福麗里10鄰至公路368巷5號1樓,24.562522,120.813173,門牌
苗栗縣苗栗市福麗里31鄰文發路48巷11弄2號,24.566410,120.812245,門牌
苗栗縣苗栗市福麗里饒平街51巷37號,24.560284,120.816544,門牌
苗栗縣苗栗市高苗里松園18之13號1樓,24.548522,120.810286,路名
苗栗縣西湖鄉三湖村3鄰店仔街52之1號1樓,24.557609,120.757091,門牌
苗栗縣西湖鄉二湖村6鄰坪頂6-1號,24.452973,120.708691,路名
苗栗縣西湖鄉二湖村斧頭坑12-5號,24.564280,120.739856,路名
苗栗縣西湖鄉金獅村2鄰金獅17之1號,24.559593,120.757681,門牌
苗栗縣通霄鎮五南里7鄰五南57之6號,24.465789,120.663610,路名
苗栗縣通霄鎮五南里8鄰中山路296號1樓,24.611613,120.795378,門牌
苗栗縣通霄鎮平元里5鄰南和路一段60-18號1樓,24.482076,120.685593,路名
苗栗縣通霄鎮梅南里1鄰南和路二段8巷17號,24.482076,120.685593,路名
苗栗縣通霄鎮通灣里17鄰中山路180號1樓,24.495539,120.788435,門牌
苗栗縣通霄鎮通灣里中山路180號,24.495539,120.788435,門牌
苗栗縣通霄鎮通灣里通灣101-6號,24.513442,120.689834,路名
苗栗縣通霄鎮通西里29鄰中興路9號,24.492536,120.801364,門牌
苗栗縣通霄鎮通西里中山路186之8號,24.491684,120.679664,門牌
苗栗縣造橋鄉朝陽村11鄰後湖內11-3號,24.655662,120.862834,路名
苗栗縣造橋鄉朝陽村4鄰朝陽路58號1樓,24.649543,120.871021,門牌
苗栗縣造橋鄉朝陽村6鄰中洲仔18之6號,24.657537,120.865467,路名
苗栗縣造橋鄉朝陽村中洲仔18之2號,24.657537,120.865467,路名
苗栗縣造橋鄉朝陽村朝陽路100號,24.653963,120.867718,門牌
苗栗縣造橋鄉朝陽村朝陽路107號,24.654400,120.867114,門牌
苗栗縣造橋鄉朝陽村朝陽路113號,24.654667,120.867306,門牌
苗栗縣造橋鄉談文村1鄰阿八窩1之2號1樓,24.635932,120.852415,門牌
苗栗縣造橋鄉豐湖村3鄰北苑43號,24.616253,120.841389,門牌
苗栗縣造橋鄉豐湖村7鄰干珍窩5-1號,24.607391,120.849591,路名
苗栗縣造橋鄉造橋村7鄰東興25之3號,24.644207,120.871149,門牌
苗栗縣造橋鄉造橋村8鄰長安新村188號,24.645826,120.867227,門牌
苗栗縣造橋鄉造橋村東興9號,24.640581,120.867652,門牌
苗栗縣造橋鄉錦水村2鄰錦水342號,24.614507,120.892315,門牌
苗栗縣造橋鄉龍昇村1鄰渡船頭6之6號,24.655735,120.839220,門牌
苗栗縣造橋鄉龍昇村九車籠11號,24.628178,120.840227,門牌
苗栗縣銅鑼鄉24鄰民生路16號,24.480300,120.795078,門牌
苗栗縣銅鑼鄉中平村12鄰中平154之6號、154之7號,24.495667,120.807856,門牌
苗栗縣銅鑼鄉中平村13鄰中隆一路15號,24.498230,120.800405,門牌
苗栗縣銅鑼鄉中平村17鄰瑞興街16號,24.486046,120.800796,門牌
苗栗縣銅鑼鄉中平村18鄰仁興街8號,24.485261,120.802999,門牌
苗栗縣銅鑼鄉中平村18鄰愛興街4號,24.483821,120.803192,門牌
苗栗縣銅鑼鄉中平村18鄰瑞興街23號,24.482963,120.802871,門牌
苗栗縣銅鑼鄉中平村18鄰瑞興街31號,24.487489,120.800523,路名
苗栗縣銅鑼鄉中平村29鄰中興路99號,24.485637,120.803081,門牌
苗栗縣銅鑼鄉中平村七十份101號,24.479727,120.806036,門牌
苗栗縣銅鑼鄉中平村中興一街52-8號3樓,24.492034,120.801848,路名
苗栗縣銅鑼鄉中平村中興路18號,24.490513,120.801475,門牌
苗栗縣銅鑼鄉中平村中隆三路17號,24.501931,120.799097,門牌
苗栗縣銅鑼鄉中平村中隆二路4號,24.496138,120.799357,門牌
苗栗縣銅鑼鄉中平村孝興街2號,24.488670,120.800080,門牌
苗栗縣銅鑼鄉中興路87號,24.488247,120.802452,門牌
苗栗縣銅鑼鄉樟樹村12鄰竹圍96號,24.446720,120.768252,門牌
苗栗縣銅鑼鄉民有路1號,24.477310,120.792581,門牌
苗栗縣銅鑼鄉民治路25號,24.475318,120.792461,門牌
苗栗縣銅鑼鄉福興村平陽路77號,24.491800,120.794734,門牌
苗栗縣銅鑼鄉銅鑼村24鄰民權路10號,24.480874,120.793911,門牌
苗栗縣銅鑼鄉銅鑼村26鄰龍泉1-3號,24.473136,120.802617,路名
苗栗縣銅鑼鄉銅鑼村30鄰新興路7巷7號,24.485821,120.787512,門牌
苗栗縣銅鑼鄉銅鑼村38鄰雙峰路52號,24.474836,120.796198,門牌
苗栗縣銅鑼鄉銅鑼村民族路5號,24.481936,120.792822,門牌
苗栗縣銅鑼鄉銅鑼村民權路8號,24.480660,120.793748,門牌
苗栗縣銅鑼鄉銅鑼村民治路39號,24.477502,120.793843,門牌
苗栗縣銅鑼鄉銅鑼村民生路19號,24.481065,120.794923,門牌
苗栗縣銅鑼鄉銅鑼村西田洋37-2號,24.481017,120.783836,路名
苗栗縣頭份市上埔里4鄰中正一路155號6樓,24.686706,120.927766,門牌
苗栗縣頭份市上埔里興隆路359巷5弄66-1號,24.696955,120.931441,路名
苗栗縣頭份市上興里16鄰永泰街8巷6號2樓,24.668604,120.922708,門牌
苗栗縣頭份市上興里永泰街8巷6號,24.668604,120.922708,門牌
苗栗縣頭份市上興里永泰街8巷6號一樓,24.668604,120.922708,門牌
苗栗縣頭份市下興里2鄰水源路346號1樓,24.671376,120.916081,門牌
苗栗縣頭份市下興里新興街18巷55弄76號1樓,24.668760,120.913553,門牌
苗栗縣頭份市中正路206號,24.654148,120.956363,門牌
苗栗縣頭份市中興路643號1樓,24.696691,120.909717,門牌
苗栗縣頭份市中興里中興路370號,24.691705,120.903474,門牌
苗栗縣頭份市中華路1514號1樓,24.698917,120.919092,門牌
苗栗縣頭份市中華路440號,24.674187,120.892048,門牌
苗栗縣頭份市中華路951號6樓之2,24.684671,120.905860,門牌
苗栗縣頭份市信一街6號1樓,24.690130,120.897935,門牌
苗栗縣頭份市信義路685巷10號3樓,24.700044,120.890205,門牌
苗栗縣頭份市信義路690巷6弄5號1樓,24.701016,120.891301,門牌
苗栗縣頭份市光明街6號1樓,24.692771,120.911849,門牌
苗栗縣頭份市合興里1鄰八德一路188號1樓,24.692103,120.893098,門牌
苗栗縣頭份市合興里八德一路240號,24.693583,120.893092,門牌
苗栗縣頭份市合興里八德一路263號1樓,24.694522,120.892747,門牌
苗栗縣頭份市國興街12號1樓,24.697142,120.896035,門牌
苗栗縣頭份市尖下里南港1之10號,24.643140,120.881409,門牌
苗栗縣頭份市尖山里中華路46號1樓,24.616752,120.796748,門牌
苗栗縣頭份市尖豐路783巷17弄5號,24.641348,120.884655,門牌
苗栗縣頭份市山下里八德二路275巷47號1樓,24.702120,120.900174,門牌
苗栗縣頭份市山下里建國路二段120巷20弄2號,24.665719,120.860608,路名
苗栗縣頭份市山下里翠亨路143巷7號,24.699583,120.900653,門牌
苗栗縣頭份市工業路101號,24.674853,120.882406,門牌
苗栗縣頭份市廣興里6鄰廣興139之8號,24.656594,120.886753,門牌
苗栗縣頭份市建國里2鄰大同路106號,24.500924,120.828121,門牌
苗栗縣頭份市建國里中華路1370號,24.695814,120.916895,門牌
苗栗縣頭份市後庄里17鄰信義路690巷2弄45衖12號1樓,24.701104,120.892143,門牌
苗栗縣頭份市後庄里信中路106號,24.695831,120.889568,門牌
苗栗縣頭份市後庄里信義路685巷10號1樓,24.700044,120.890205,門牌
苗栗縣頭份市後庄里光華北路22號,24.694942,120.889196,門牌
苗栗縣頭份市忠孝二路69號1樓,24.692434,120.908908,門牌
苗栗縣頭份市忠孝里29鄰光大街46號1樓,24.693002,120.912436,門牌
苗栗縣頭份市忠孝里忠孝一路238號1樓,24.692681,120.911504,門牌
苗栗縣頭份市成功里永安街352號,24.698353,120.911355,門牌
苗栗縣頭份市東庄里15鄰育樂街6之6號,24.688104,120.904633,門牌
苗栗縣頭份市東庄里15鄰育樂街6號,24.687821,120.903808,門牌
苗栗縣頭份市東庄里18鄰東民路161號1樓,24.686798,120.902620,門牌
苗栗縣頭份市東庄里24鄰上庄路31-3號,24.690786,120.894384,路名
苗栗縣頭份市東庄里中央路16鄰35巷19號,24.691860,120.899748,路名
苗栗縣頭份市東民路177號2樓,24.688543,120.902243,門牌
苗栗縣頭份市民權里7鄰東興路165巷21號,24.683098,120.902204,門牌
苗栗縣頭份市民權里光華街66號1樓,24.557891,120.824641,門牌
苗栗縣頭份市民生里新一街130巷8號1樓,24.680261,120.897712,門牌
苗栗縣頭份市流東里9鄰信德路406號1樓,24.696366,120.962287,門牌
苗栗縣頭份市濫坑里13鄰尖豐路932號,24.638335,120.882179,門牌
苗栗縣頭份市濫坑里13鄰尖豐路998號,24.637515,120.882109,門牌
苗栗縣頭份市濫坑里尖豐路783巷139號,24.639414,120.886557,門牌
苗栗縣頭份市珊湖里學府路64號,24.683593,120.966769,門牌
苗栗縣頭份市田寮里21鄰蘆竹路309巷28號,24.677977,120.883147,路名
苗栗縣頭份市自強路二段215號,24.651420,120.877027,路名
苗栗縣頭份市自強里長安街113號5樓,24.690990,120.912109,門牌
苗栗縣頭份市興隆里11鄰湳湖30號1樓,24.701781,120.926974,門牌
苗栗縣頭份市興隆里4鄰興隆路1段412巷11弄1號1樓,24.699456,120.944808,門牌
苗栗縣頭份市興隆里7鄰興埔街121號1樓,24.706260,120.937921,路名
苗栗縣頭份市蘆竹里16鄰中華路447號,24.673622,120.889909,門牌
苗栗縣頭份市蘆竹里16鄰工業路16號,24.673645,120.888220,門牌
苗栗縣頭份市蘆竹里2鄰永貞路一段145巷9號,24.684139,120.884591,路名
苗栗縣頭份市蘆竹里2鄰蘆竹路105號1樓,24.673015,120.883536,門牌
苗栗縣頭份市蘆竹里4鄰工業路15號,24.673170,120.887804,門牌
苗栗縣頭份市蘆竹里4鄰工業路68號,24.674548,120.885305,門牌
苗栗縣頭份市蘆竹里中華路438巷20號,24.643542,120.868963,路名
苗栗縣頭份市蘆竹里中華路442號,24.675688,120.894853,門牌
苗栗縣頭份市蘆竹里中華路487巷20號,24.674492,120.890197,門牌
苗栗縣頭份市蘆竹里中華路511巷55號1樓,24.643542,120.868963,路名
苗栗縣頭份市蘆竹里永貞路1段77巷60號,24.672764,120.880795,門牌
苗栗縣頭份市蘆竹里蘆竹路156號,24.673043,120.883827,門牌
苗栗縣頭份市蘆竹里蘆竹路180巷68號,24.672437,120.885765,門牌
苗栗縣頭份市蘆竹里蘆竹路261號,24.676363,120.885108,門牌
苗栗縣頭份市蘆竹里蘆竹路309巷15號,24.677977,120.883147,路名
苗栗縣頭份市蟠桃里7鄰華美街1巷2弄33號1樓,24.689339,120.897063,門牌
苗栗縣頭份市頭份里武昌街43號4樓,24.694386,120.917238,門牌
苗栗縣頭份市頭份里顯會路73巷40弄3衖24號1樓,24.691731,120.914589,門牌
苗栗縣頭份鎮和平里中華路898巷1弄7號,24.684861,120.906599,門牌
苗栗縣頭份鎮山下里山下街155巷30弄7號,24.698634,120.907736,門牌
苗栗縣頭份鎮後庄里信義路771號,24.699364,120.884941,門牌
苗栗縣頭份鎮忠孝里忠孝一路99巷14號3樓,24.690562,120.907975,門牌
苗栗縣頭份鎮成功里14鄰永安街525巷1號1樓,24.698288,120.909831,門牌
苗栗縣頭份鎮田寮里18鄰蘆竹路392號,24.680198,120.881743,門牌
苗栗縣頭份鎮興隆里花園二街88號1樓,24.691112,120.939785,門牌
苗栗縣頭份鎮頭份里武昌街40號2樓,24.694021,120.917109,門牌
苗栗縣頭屋鄉曲洞村12鄰曲洞112-2號,24.561144,120.848424,路名
苗栗縣頭屋鄉曲洞村2鄰曲洞9-5號,24.561144,120.848424,路名
金門縣烈嶼鄉上岐村青岐5號,24.414239,118.228444,門牌
金門縣烈嶼鄉黃埔村埔頭20-1號1樓,24.446632,118.246723,路名
金門縣烈嶼鄉黃埔村埔頭25-1號,24.446632,118.246723,路名
金門縣烈嶼鄉黃埔村埔頭9號,24.446739,118.246892,門牌
金門縣金城鎮南門里民族路162巷2號,24.430448,118.317495,門牌
金門縣金城鎮古城里金門城172號1樓,24.403212,118.306235,門牌
金門縣金城鎮東門里伯玉路1段90號,24.432744,118.324663,門牌
金門縣金城鎮東門里伯玉路一段104號,24.437784,118.332140,路名
金門縣金城鎮東門里伯玉路一段80巷18弄14號,24.437784,118.332140,路名
金門縣金城鎮東門里浯江北堤路16號2樓之3,24.429890,118.320959,門牌
金門縣金城鎮東門里金山路21號,24.427646,118.323542,門牌
金門縣金城鎮民權路70巷1弄11號,24.433007,118.312198,門牌
金門縣金城鎮西門里民權路122巷5弄8-1號,24.434685,118.314514,路名
金門縣金城鎮賢庵里西海路3段106巷18弄3號,24.423468,118.309623,門牌
金門縣金城鎮金水里前水頭6之6號,24.408679,118.300974,門牌
金門縣金寧鄉后盤村后沙5-2號,24.459198,118.363534,路名
金門縣金寧鄉安岐96-1號2樓,24.462046,118.324754,路名
金門縣金寧鄉安美村安岐252號,24.461384,118.325049,門牌
金門縣金寧鄉安美村西浦頭79之9號2樓,24.464589,118.317229,門牌
金門縣金寧鄉桃園路1號,24.431267,118.340661,門牌
金門縣金寧鄉榜林村后湖94之1號,24.419528,118.338686,門牌
金門縣金寧鄉湖埔村下埔下90號,24.440436,118.313634,門牌
金門縣金寧鄉盤山村仁愛新邨101號3樓,24.450155,118.335017,門牌
金門縣金寧鄉盤山村伯玉路2段301號,24.440792,118.340265,門牌
金門縣金沙鎮三山里碧山69-1號,24.486094,118.442167,路名
金門縣金沙鎮何斗里何厝22之1號,24.474305,118.399914,門牌
金門縣金沙鎮何斗里何厝45-1號,24.473679,118.398468,路名
金門縣金沙鎮大洋里新前墩23之1號,24.455335,118.449225,門牌
金門縣金沙鎮官嶼里官澳137號（限第壹層及辦公室使用）,24.520603,118.413588,門牌
金門縣金沙鎮官嶼里官澳34之3號,24.517614,118.413932,門牌
金門縣金沙鎮浦山里5鄰浦邊55號,24.479771,118.388209,門牌
金門縣金沙鎮蔡厝41之2號1樓,24.472314,118.417417,門牌
金門縣金沙鎮西園里浯坑2-1號,24.503994,118.410989,路名
金門縣金沙鎮西園里浯坑30-1號1樓,24.503994,118.410989,路名
金門縣金沙鎮西園里浯坑30之1號,24.504106,118.409825,門牌
金門縣金沙鎮高坑3之1號,24.465812,118.395484,門牌
金門縣金湖鎮三谿橋2之2號,24.436509,118.432582,門牌
金門縣金湖鎮塔后47-5號,24.441486,118.409099,路名
金門縣金湖鎮山外里山外街1之6號,24.442878,118.414318,門牌
金門縣金湖鎮山外里黃海路1之5號,24.442718,118.414496,門牌
金門縣金湖鎮山外里黃海路47號,24.443698,118.415216,門牌
金門縣金湖鎮料羅里料羅新村77號,24.418955,118.438820,門牌
金門縣金湖鎮新市里復興路一段2號,24.440535,118.417821,門牌
金門縣金湖鎮新湖里塔后13之1號,24.441651,118.409391,門牌
金門縣金湖鎮新湖里林兜34號,24.433810,118.419169,門牌
金門縣金湖鎮新湖里漁村160號,24.437528,118.406600,門牌
金門縣金湖鎮新湖里漁村63-3號,24.436539,118.406664,路名
金門縣金湖鎮蓮庵里三谿橋10號,24.429088,118.433811,門牌
金門縣金湖鎮蓮庵里三谿橋8號,24.432475,118.435054,門牌
雲林縣二崙鄉大義村田中路23號,23.782351,120.386767,門牌
雲林縣二崙鄉大義村興義路9之9號1樓,23.784029,120.400402,路名
雲林縣元長鄉下寮村經建街1號,23.610916,120.332917,門牌
雲林縣元長鄉下寮村經建街29之2號,23.610505,120.331765,路名
雲林縣元長鄉下寮村經建街2號,23.611589,120.332999,門牌
雲林縣元長鄉下寮村興工街2號,23.613943,120.333361,門牌
雲林縣元長鄉元南路80號1樓,23.648627,120.312063,門牌
雲林縣元長鄉元東路1-20號,23.652351,120.315359,路名
雲林縣元長鄉子茂村子茂127-3號,23.660365,120.333109,路名
雲林縣元長鄉客厝村振興路46之1號1樓,23.629178,120.335550,門牌
雲林縣元長鄉客厝村振興路50-6號,23.656531,120.406737,路名
雲林縣元長鄉西莊村西庄路109-87號,23.620713,120.306564,路名
雲林縣元長鄉長南村中山路13之9號1樓,23.647654,120.313084,門牌
雲林縣元長鄉長南村中山路9號一樓,23.616259,120.164186,門牌
雲林縣元長鄉龍岩村龍岩158號,23.625474,120.317789,路名
雲林縣北港鎮仁安里新民路58號,23.571209,120.301782,門牌
雲林縣北港鎮光復里光復三路33號1樓,23.571479,120.297638,門牌
雲林縣北港鎮扶朝里扶朝164-11號1樓,23.592043,120.305540,路名
雲林縣北港鎮扶朝里扶朝164之11號1樓,23.560541,120.277911,門牌
雲林縣北港鎮新街里民樂路213號,23.577871,120.294483,門牌
雲林縣北港鎮新街里華勝路370號6樓,23.582370,120.299163,門牌
雲林縣北港鎮樹腳里過溝81號,23.583866,120.270212,門牌
雲林縣北港鎮溝皂里溝皂175號,23.612546,120.295437,門牌
雲林縣北港鎮溝皂里溝皂182之2號1樓,23.612851,120.296538,門牌
雲林縣北港鎮草湖里西湖34號之1一樓,23.601715,120.300635,門牌
雲林縣北港鎮華勝里吉祥路148號1樓,23.577425,120.300583,門牌
雲林縣口湖鄉埔北村鱉潭5之1號1樓,23.608370,120.189077,門牌
雲林縣口湖鄉梧南村興農路21-20號2樓,23.667916,120.419226,路名
雲林縣口湖鄉湖東村口湖路129號,23.585461,120.184414,門牌
雲林縣口湖鄉湖東村文明路28號1樓,23.584792,120.184486,門牌
雲林縣古坑鄉古坑村中正路21號,23.748301,120.255059,門牌
雲林縣古坑鄉古坑村文淵路2巷28之6號,23.643813,120.564817,路名
雲林縣古坑鄉朝陽村中山路242巷2弄13之5號1樓,23.704973,120.389912,路名
雲林縣古坑鄉朝陽村中山路242巷2弄19號1樓,23.647984,120.561576,門牌
雲林縣古坑鄉朝陽村陽明路5號1樓,23.645183,120.562468,門牌
雲林縣古坑鄉朝陽村陽明路96之9號1樓,23.646535,120.562760,路名
雲林縣古坑鄉東和村文化路12巷33弄23號,23.682498,120.571956,門牌
雲林縣古坑鄉東和村文化路139號之39一樓之2,23.795188,120.387256,門牌
雲林縣古坑鄉東和村文化路273號,23.690410,120.562921,門牌
雲林縣古坑鄉東和村文化路2號之1,23.573029,120.245960,門牌
雲林縣古坑鄉永光村大湖口67號,23.615831,120.579616,門牌
雲林縣古坑鄉永昌村永興路162巷51號1樓,23.623735,120.544583,門牌
雲林縣古坑鄉田心村5鄰田心102號,23.672503,120.538274,門牌
雲林縣古坑鄉田心村田心99-2號,23.668120,120.521476,路名
雲林縣古坑鄉西平村新生路62巷9號,23.644711,120.558808,門牌
雲林縣台西鄉台西村文化路56號1樓,23.577550,120.247146,門牌
雲林縣台西鄉和豐村信義路46號1樓,23.723875,120.212590,門牌
雲林縣台西鄉和豐村公館60號,23.739874,120.231767,路名
雲林縣台西鄉和豐村復興39-1號,23.754938,120.376780,路名
雲林縣台西鄉山寮村6鄰山寮47號,23.596208,120.252668,門牌
雲林縣台西鄉海南村民族路30巷25-21號1樓,23.696448,120.348845,路名
雲林縣台西鄉海南村民族路67號,23.698613,120.198724,門牌
雲林縣台西鄉海南村民生路72號一樓,23.697919,120.199289,門牌
雲林縣台西鄉海口村中山路299巷10號之17,23.699236,120.195245,門牌
雲林縣四湖鄉四湖村中山東路9巷21號1樓,23.636202,120.231315,門牌
雲林縣四湖鄉崙北村延平北路43之1號,23.654040,120.157186,門牌
雲林縣四湖鄉湖寮村咯內路46號,23.623871,120.229269,門牌
雲林縣四湖鄉鹿場村2鄰中正路273巷13-3號,23.703267,120.421021,路名
雲林縣土庫鎮南平里民生路15巷4號1樓,23.706978,120.356324,門牌
雲林縣土庫鎮南平里馬光路19-8號1樓,23.702409,120.357445,路名
雲林縣土庫鎮南平里馬光路19之8號1樓,23.703030,120.359491,門牌
雲林縣土庫鎮宮北里建勇街40號1樓,23.681052,120.394566,門牌
雲林縣土庫鎮崙內里2鄰崙內81-22號,23.685727,120.355139,路名
雲林縣土庫鎮崙內里頂寮131號,23.694302,120.347238,門牌
雲林縣土庫鎮後埔里後埔192之1號1樓,23.702081,120.372553,門牌
雲林縣土庫鎮後埔里雙人厝123號,23.694203,120.369235,門牌
雲林縣土庫鎮忠正里光明路279號,23.677377,120.392446,門牌
雲林縣土庫鎮新庄里新庄路196之3號,23.784340,120.387003,路名
雲林縣土庫鎮石廟里中興路200巷23號1樓,23.681215,120.390360,門牌
雲林縣土庫鎮興新里11鄰頂圍22之4號1樓,23.676218,120.382784,門牌
雲林縣土庫鎮興新里中圍15-15號1樓,23.673701,120.380482,路名
雲林縣土庫鎮興新里中圍7之6號,23.674272,120.380485,門牌
雲林縣土庫鎮興新里新興52之18號1樓,23.732556,120.523198,路名
雲林縣土庫鎮興新里頂圍6之6號1樓,23.675801,120.383632,路名
雲林縣土庫鎮西平里馬光路258號,23.704345,120.346728,門牌
雲林縣土庫鎮越港里林森路327號1樓,23.675213,120.395514,門牌
雲林縣土庫鎮馬光路157號1樓,23.705343,120.354154,門牌
雲林縣大埤鄉北和村北門街58巷27號1樓,23.650825,120.432555,門牌
雲林縣大埤鄉南和村中正路28號1樓,23.575171,120.149630,門牌
雲林縣大埤鄉南和村中正路46號,23.575201,120.148984,門牌
雲林縣大埤鄉南和村妮姑庵34號1樓,23.642654,120.413895,門牌
雲林縣大埤鄉嘉興村嘉興17號,23.649076,120.452481,門牌
雲林縣大埤鄉嘉興村嘉興69號1樓,23.647771,120.456246,門牌
雲林縣大埤鄉嘉興村豐昌街2-1號,23.640099,120.464108,路名
雲林縣大埤鄉嘉興村豐田路10號,23.635448,120.466705,門牌
雲林縣大埤鄉嘉興村豐田路53之1號,23.637203,120.466380,門牌
雲林縣大埤鄉聯美村部興52號1樓,23.653003,120.405505,門牌
雲林縣大埤鄉西鎮村10鄰西鎮27號,23.622204,120.383257,門牌
雲林縣大埤鄉豐田村大埤路150號1樓,23.662991,120.471138,門牌
雲林縣大埤鄉豐田村大埤路9巷38弄8號1樓,23.660726,120.472813,門牌
雲林縣大埤鄉豐田村延平路3段72巷60號,23.660456,120.468022,門牌
雲林縣崙背鄉崙前村大利街12鄰22巷17號,23.752413,120.346850,路名
雲林縣崙背鄉崙前村長青街111號,23.756587,120.346615,路名
雲林縣崙背鄉東明村民權路171-2號,23.710055,120.365738,路名
雲林縣崙背鄉東明村民權路32號1樓,23.701232,120.200056,門牌
雲林縣崙背鄉港尾村港尾21之9號1樓,23.749251,120.376802,路名
雲林縣崙背鄉港尾村港尾76號,23.750752,120.375860,門牌
雲林縣崙背鄉草湖村8鄰草湖105號,23.799361,120.334602,門牌
雲林縣崙背鄉西榮村正心街36號1樓,23.763475,120.353110,門牌
雲林縣崙背鄉西榮村民權路220號,23.762630,120.352544,門牌
雲林縣崙背鄉豐榮村豐榮171-1號1樓,23.792312,120.308945,路名
雲林縣崙背鄉豐榮村豐榮380-5號,23.792312,120.308945,路名
雲林縣崙背鄉阿勸村中厝22號1樓,23.570157,120.244209,門牌
雲林縣斗六市三平里北平路55巷62號1樓,23.714694,120.536718,門牌
雲林縣斗六市三平里宏福路19-3號1樓,23.710581,120.532989,路名
雲林縣斗六市三平里慶生路3號1樓,23.712177,120.540352,門牌
雲林縣斗六市三平里斗六五路35號,23.716995,120.534287,門牌
雲林縣斗六市三平里洛陽路9巷1號5樓之2,23.710272,120.536889,門牌
雲林縣斗六市三平里西平路41號1樓,23.710529,120.429566,門牌
雲林縣斗六市中南路290巷10-2號,23.734341,120.561964,路名
雲林縣斗六市中和里太平路154號,23.815914,120.397005,門牌
雲林縣斗六市中華路200號,23.770023,120.413650,門牌
雲林縣斗六市久安里久安中路60號1樓,23.681333,120.512000,門牌
雲林縣斗六市久安里永興路1之1號,23.681465,120.520516,門牌
雲林縣斗六市久安里雲林路三段443號1樓,23.700495,120.525804,路名
雲林縣斗六市久安里雲林路三段537號,23.700495,120.525804,路名
雲林縣斗六市保庄里保長路50之173號1樓,23.705851,120.530651,門牌
雲林縣斗六市保庄里保長路59號,23.703325,120.527844,門牌
雲林縣斗六市保庄里保長路77巷14號1樓,23.705240,120.525627,門牌
雲林縣斗六市保庄里建興路43之6號,23.749645,120.495519,路名
雲林縣斗六市保庄里後庄路28-3號1樓,23.714599,120.469975,路名
雲林縣斗六市保庄里後庄路37之16號1樓,23.714599,120.469975,路名
雲林縣斗六市保庄里明德北路三段300巷2號1樓,23.711868,120.536854,路名
雲林縣斗六市保長路60號,23.705774,120.526058,門牌
雲林縣斗六市八德里文化路938巷72號六樓之2,23.690967,120.441048,路名
雲林縣斗六市八德里豐興路68號,23.716182,120.558966,門牌
雲林縣斗六市公正里博愛街72號1樓,23.703860,120.548411,門牌
雲林縣斗六市公誠里北平路260號1樓,23.707899,120.425897,門牌
雲林縣斗六市凱旋街1號1樓,23.703155,120.542017,門牌
雲林縣斗六市十三里十三北路12號,23.751705,120.572070,門牌
雲林縣斗六市十三里十三北路23-14號1樓,23.752439,120.567604,路名
雲林縣斗六市十三里萬年路982號,23.756193,120.558510,門牌
雲林縣斗六市南聖路82巷4號1樓,23.699915,120.557524,門牌
雲林縣斗六市嘉東里嘉東南路50巷28號,23.681565,120.548169,門牌
雲林縣斗六市嘉東里嘉東南路52巷9號1樓,23.680721,120.548689,門牌
雲林縣斗六市太平里中正路146號,23.695295,120.313431,門牌
雲林縣斗六市太平里內環路358號,23.705591,120.544057,門牌
雲林縣斗六市崙峯里崙中路10-2號1樓,23.680656,120.540365,路名
雲林縣斗六市崙峯里崙中路6號之3,23.680256,120.538733,門牌
雲林縣斗六市崙峰里仁義路31之6號1樓,23.684390,120.540190,門牌
雲林縣斗六市忠孝里內環路661之3號3樓,23.710411,120.548986,門牌
雲林縣斗六市成功里內環路523號1樓,23.706658,120.548533,門牌
雲林縣斗六市成功里天祥街79號1樓,23.706621,120.551541,門牌
雲林縣斗六市成功里復國街15號,23.707156,120.551606,門牌
雲林縣斗六市成功里民族街69巷26號,23.702644,120.550593,門牌
雲林縣斗六市文化路29-7號1樓,23.690967,120.441048,路名
雲林縣斗六市斗六二路243號1樓,23.720047,120.536135,路名
雲林縣斗六市斗工一路8號,23.715332,120.591650,門牌
雲林縣斗六市斗工九路17號,23.713826,120.599443,門牌
雲林縣斗六市斗工二路37號,23.719571,120.598283,門牌
雲林縣斗六市斗工二路8號,23.719043,120.590546,門牌
雲林縣斗六市斗工六路15號,23.718082,120.593698,門牌
雲林縣斗六市斗工六路20-1號,23.717934,120.596047,路名
雲林縣斗六市斗工十六路15號,23.710169,120.595913,門牌
雲林縣斗六市斗工十六路8號,23.709825,120.596340,門牌
雲林縣斗六市林頭里林頭180-36號1樓,23.694842,120.556243,路名
雲林縣斗六市梅林里梅林路425號,23.703155,120.595793,門牌
雲林縣斗六市榴中里南仁路39之10號1樓,23.720996,120.584417,門牌
雲林縣斗六市榴中里工業路118號,23.722511,120.597565,門牌
雲林縣斗六市榴中里工業路122號,23.722405,120.598067,門牌
雲林縣斗六市榴中里工業路78號,23.721232,120.589012,門牌
雲林縣斗六市榴中里工業路87號,23.721892,120.590205,門牌
雲林縣斗六市榴中里復興路37號,23.546010,120.189972,門牌
雲林縣斗六市榴中里復興路49號1樓,23.545923,120.189753,門牌
雲林縣斗六市榴中里復興路51號,23.546188,120.189322,門牌
雲林縣斗六市榴中里斗工二路23號,23.719563,120.594436,門牌
雲林縣斗六市榴中里斗工二路39號,23.719558,120.598737,門牌
雲林縣斗六市榴中里民享街1號,23.724029,120.595354,門牌
雲林縣斗六市榴中里民富街1號1樓,23.723578,120.597814,門牌
雲林縣斗六市榴中里民有街36號,23.721103,120.596494,門牌
雲林縣斗六市榴中里民樂街11號,23.722931,120.600509,門牌
雲林縣斗六市榴中里河南街329號,23.713693,120.575002,門牌
雲林縣斗六市榴中里石榴路317號,23.727346,120.588147,門牌
雲林縣斗六市榴中里石榴路369巷106弄30號,23.726324,120.586872,路名
雲林縣斗六市榴中里石榴路369巷121弄26號1樓,23.726324,120.586872,路名
雲林縣斗六市榴中里石榴路38號,23.721365,120.581198,門牌
雲林縣斗六市榴北里石寮2-12號1樓,23.733620,120.591428,路名
雲林縣斗六市榴南里9鄰斗工二路82之1號,23.718888,120.599005,門牌
雲林縣斗六市榴南里斗工七路1號,23.711110,120.596970,門牌
雲林縣斗六市榴南里斗工九路2號,23.717491,120.598482,門牌
雲林縣斗六市榴南里斗工九路7號,23.716420,120.598975,門牌
雲林縣斗六市榴南里斗工二路16號,23.719065,120.592790,門牌
雲林縣斗六市榴南里斗工八路35號,23.716105,120.598041,門牌
雲林縣斗六市榴南里斗工六路22號1樓,23.717673,120.595836,門牌
雲林縣斗六市榴南里斗工十二路17號,23.711894,120.599011,門牌
雲林縣斗六市榴南里斗工十二路20號,23.711240,120.596038,門牌
雲林縣斗六市榴南里斗工十二路22號,23.711274,120.596324,門牌
雲林縣斗六市榴南里斗工十二路5號,23.711661,120.594953,門牌
雲林縣斗六市民富街10號,23.721359,120.597624,門牌
雲林縣斗六市民有街21號,23.721129,120.593359,門牌
雲林縣斗六市江厝里江厝路100巷1弄13號二樓,23.674461,120.526739,門牌
雲林縣斗六市江厝里江厝路100巷7弄12號4樓,23.675901,120.526865,門牌
雲林縣斗六市江厝里瓦厝路52之10號,23.669203,120.514800,門牌
雲林縣斗六市深圳路48號1樓,23.683966,120.520407,門牌
雲林縣斗六市溪洲里中南路290巷67弄30號,23.733119,120.562861,門牌
雲林縣斗六市溪洲里中南路290巷9弄157號,23.736261,120.562995,門牌
雲林縣斗六市溪洲里科加三路10號,23.739291,120.544289,門牌
雲林縣斗六市溪洲里科加二路3號,23.735484,120.550302,門牌
雲林縣斗六市溪洲里科加路1號1樓,23.735948,120.544630,路名
雲林縣斗六市溪洲里竹圍路107-19號1樓,23.754981,120.533349,路名
雲林縣斗六市溪洲里竹圍路405號1樓,23.754981,120.533349,路名
雲林縣斗六市石榴路369巷119弄28號1樓,23.726324,120.586872,路名
雲林縣斗六市社口里大仁街12號1樓,23.700432,120.539058,門牌
雲林縣斗六市社口里大智街13號1樓,23.701181,120.540485,門牌
雲林縣斗六市社口里立德街19號1樓,23.704037,120.540920,門牌
雲林縣斗六市科加二路16號,23.735232,120.549857,路名
雲林縣斗六市科加路16號,23.737489,120.548769,門牌
雲林縣斗六市科加路38號,23.733000,120.537102,門牌
雲林縣斗六市科工七路8號,23.718537,120.503009,門牌
雲林縣斗六市科工二路16號,23.726193,120.513677,門牌
雲林縣斗六市科工二路18號,23.726152,120.513185,門牌
雲林縣斗六市萬年路700號,23.735051,120.554202,門牌
雲林縣斗六市虎溪里科工八路19號,23.716571,120.504666,門牌
雲林縣斗六市虎溪里科工十二路5號,23.714669,120.507537,門牌
雲林縣斗六市虎溪里興農路290號,23.722641,120.521963,門牌
雲林縣斗六市虎溪里西平路293號1樓,23.715209,120.530618,門牌
雲林縣斗六市虎溪里雲科路3段37號,23.725698,120.519239,門牌
雲林縣斗六市虎溪里雲科路3段96號,23.725234,120.513564,門牌
雲林縣斗六市虎溪里雲科路三段122號,23.720365,120.508979,路名
雲林縣斗六市虎溪里雲科路三段80號,23.720365,120.508979,路名
雲林縣斗六市重光里重光南路7號1樓,23.691593,120.567790,門牌
雲林縣斗六市鎮北路171號1樓,23.716198,120.542718,門牌
雲林縣斗六市鎮北里北祥街39號1樓,23.715770,120.544351,門牌
雲林縣斗六市鎮北里漢口路208號,23.712944,120.540871,門牌
雲林縣斗六市鎮南里明德路559號1樓,23.699376,120.533679,門牌
雲林縣斗六市鎮南里武陵街21號1樓,23.699950,120.535674,門牌
雲林縣斗六市鎮南里武陵街23號1樓,23.699992,120.535689,門牌
雲林縣斗六市鎮南里武陵街52號2樓,23.699546,120.535097,門牌
雲林縣斗六市鎮南里武陵街81號1樓,23.699690,120.535581,路名
雲林縣斗六市鎮南里民生南路182號1、2樓,23.702513,120.536879,門牌
雲林縣斗六市鎮南里永昌西街47號1樓,23.702897,120.537441,門牌
雲林縣斗六市鎮東里大學路1段251之5號,23.700840,120.544541,路名
雲林縣斗六市鎮東里民生路320號1樓,23.713943,120.549362,門牌
雲林縣斗六市鎮東里永樂街35號5樓,23.711779,120.547482,門牌
雲林縣斗六市鎮東里警民街102號,23.714252,120.553999,門牌
雲林縣斗六市鎮西里同心街10號1樓,23.704760,120.535580,門牌
雲林縣斗六市鎮西里府文路15號1樓,23.694187,120.527564,路名
雲林縣斗六市鎮西里民生南路192號1樓,23.701986,120.536823,門牌
雲林縣斗六市鎮西里雲南街179號1樓,23.703855,120.536247,門牌
雲林縣斗六市鎮西里雲林路2段146號,23.704152,120.532744,門牌
雲林縣斗六市長安里科加六路19號,23.739392,120.539093,門牌
雲林縣斗六市長安里萬年東路199號,23.727862,120.557990,門牌
雲林縣斗六市長平里長平南路23號1樓,23.701450,120.507523,門牌
雲林縣斗六市雲林路三段369號,23.700495,120.525804,路名
雲林縣斗六市雲林路三段392-2號,23.700495,120.525804,路名
雲林縣斗六市雲科路3段33號,23.726062,120.520225,門牌
雲林縣斗六市龍潭里忠孝路110號1樓,23.724502,120.211614,門牌
雲林縣斗南鎮僑真里延平路二段574巷1弄42-1號1樓,23.726333,120.474587,路名
雲林縣斗南鎮僑真里延平路二段700號二樓之1,23.726333,120.474587,路名
雲林縣斗南鎮北銘里4鄰新生一路32號,23.684086,120.481765,路名
雲林縣斗南鎮北銘里新生一路36號,23.684086,120.481765,路名
雲林縣斗南鎮北銘里新生一路36號1樓,23.684086,120.481765,路名
雲林縣斗南鎮北銘里永安街3號,23.705376,120.432913,門牌
雲林縣斗南鎮北銘里興北路1-2號4樓,23.680541,120.482091,路名
雲林縣斗南鎮埤麻里新厝61號,23.692583,120.606567,門牌
雲林縣斗南鎮大同里大同路285號1樓,23.572431,120.298609,門牌
雲林縣斗南鎮大同里建國二路155號五樓之8,23.680551,120.469837,門牌
雲林縣斗南鎮大同里長安路1段115號一樓,23.707788,120.516640,路名
雲林縣斗南鎮大同里長興街60號1樓,23.680537,120.471155,門牌
雲林縣斗南鎮將軍里將軍3-12號,23.667895,120.496808,路名
雲林縣斗南鎮小東里大同路444巷7號,23.686355,120.471649,門牌
雲林縣斗南鎮小東里大同路623之8號1樓,23.690926,120.467351,門牌
雲林縣斗南鎮小東里大同路743巷13號1樓,23.688424,120.411649,路名
雲林縣斗南鎮小東里德業路21號,23.694557,120.476431,門牌
雲林縣斗南鎮小東里德業路33巷2號,23.697510,120.475989,門牌
雲林縣斗南鎮小東里德業路33巷7號,23.697027,120.475375,門牌
雲林縣斗南鎮延平路一段50號,23.749483,120.499885,門牌
雲林縣斗南鎮新光里延平路一段388之1號,23.726333,120.474587,路名
雲林縣斗南鎮新光里正福路207號1樓,23.690911,120.484041,門牌
雲林縣斗南鎮新崙里新崙路87-16號1樓,23.679244,120.432955,路名
雲林縣斗南鎮明昌里中興路503號,23.677036,120.456300,門牌
雲林縣斗南鎮明昌里明昌路36號1樓,23.674553,120.470113,路名
雲林縣斗南鎮明昌里明昌路40號1樓,23.674553,120.470113,路名
雲林縣斗南鎮明昌里隆昌街27號1樓,23.671693,120.472666,門牌
雲林縣斗南鎮明昌里隆昌街36號1樓,23.671866,120.472784,門牌
雲林縣斗南鎮東仁里仁愛路25號1樓,23.721399,120.212438,門牌
雲林縣斗南鎮東明里雲林路三段647巷10號,23.700495,120.525804,路名
雲林縣斗南鎮林子里台榮1號,23.659369,120.476050,門牌
雲林縣斗南鎮田頭里田南一路53號1樓,23.698713,120.495305,門牌
雲林縣斗南鎮田頭里義和二路39巷2號,23.719167,120.482802,門牌
雲林縣斗南鎮石龜里四維路229號1樓,23.637223,120.480243,門牌
雲林縣斗南鎮舊社里新生三路72號,23.671433,120.483345,門牌
雲林縣斗南鎮西岐里建國一路21號,23.683665,120.480512,門牌
雲林縣斗南鎮西岐里文昌路254號1樓,23.679806,120.475659,門牌
雲林縣斗南鎮靖興里南生路180巷29號,23.645115,120.475812,門牌
雲林縣斗南鎮靖興里靖光路67巷8號二樓,23.644496,120.477928,門牌
雲林縣東勢鄉新坤村新坤路100號,23.733177,120.263591,門牌
雲林縣東勢鄉昌南村昌南路16之1號,23.696815,120.258619,門牌
雲林縣東勢鄉昌南村昌南路25之1號1樓,23.696678,120.260501,路名
雲林縣東勢鄉東北村自強路13之25號,23.676281,120.258700,門牌
雲林縣東勢鄉程海村程海路1號,23.677404,120.241266,門牌
雲林縣東勢鄉龍潭村和平路11-1號1樓,23.726469,120.436004,路名
雲林縣東勢鄉龍潭村和平路77-11號,23.726469,120.436004,路名
雲林縣東勢鄉龍潭村和平路77之11號,23.726469,120.436004,路名
雲林縣林內鄉中正路417號1樓,23.634745,120.225507,門牌
雲林縣林內鄉九芎村大同路2-3號,23.688424,120.411649,路名
雲林縣林內鄉九芎村長興路9號1樓,23.742414,120.584491,門牌
雲林縣林內鄉坪頂村清水溪3-12號,23.761912,120.648237,路名
雲林縣林內鄉坪頂村清水溪50號,23.764807,120.647818,門牌
雲林縣林內鄉林中村瑞農65號,23.766976,120.605111,門牌
雲林縣林內鄉林北村增產路26-1號1樓,23.773334,120.625976,路名
雲林縣林內鄉林北村增產路26號1樓,23.772757,120.628561,門牌
雲林縣林內鄉林南村建國巷5-5號,23.759527,120.619018,路名
雲林縣林內鄉湖本村三權路366號,23.735032,120.608621,門牌
雲林縣林內鄉烏塗村和興1-1號,23.777058,120.604357,路名
雲林縣林內鄉烏塗村烏塗104號,23.773103,120.602817,門牌
雲林縣林內鄉烏塗村烏塗48之35號1樓,23.768452,120.596368,門牌
雲林縣林內鄉烏麻村永昌1之60號,23.759717,120.590132,門牌
雲林縣水林鄉大山村大山152號1樓,23.557688,120.218137,門牌
雲林縣水林鄉水南村東平街22號1樓,23.570887,120.248404,門牌
雲林縣水林鄉水南村東陽街109之6號,23.570193,120.247167,門牌
雲林縣水林鄉水南村水林路103號,23.572146,120.246960,門牌
雲林縣水林鄉水南村水林路511巷11號,23.571028,120.237234,門牌
雲林縣水林鄉水南村水林路71號,23.572053,120.247676,門牌
雲林縣水林鄉萬興村萬興48之5號,23.585905,120.238625,門牌
雲林縣水林鄉蘇秦村蘇秦路38號一樓,23.623283,120.264161,門牌
雲林縣莿桐鄉六合村新興72之16號,23.771935,120.542376,門牌
雲林縣莿桐鄉四合村永基25-18號1樓,23.775211,120.525738,路名
雲林縣莿桐鄉埔子村和平路144號1樓,23.762888,120.504339,門牌
雲林縣莿桐鄉埔子村埔子47-1號,23.760625,120.505972,路名
雲林縣莿桐鄉埔子村榮村48-1號,23.751257,120.512813,路名
雲林縣莿桐鄉大美村大美1之32號1樓,23.733253,120.522938,門牌
雲林縣莿桐鄉大美村大美21-10號,23.737906,120.516091,路名
雲林縣莿桐鄉大美村大美21-22號,23.737906,120.516091,路名
雲林縣莿桐鄉大美村大美23之7號,23.736543,120.511324,門牌
雲林縣莿桐鄉大美村大美24之66號1樓,23.737422,120.522137,門牌
雲林縣莿桐鄉甘西村甘西92號1樓,23.758493,120.482156,門牌
雲林縣莿桐鄉義和村和平6之20號,23.769495,120.489475,門牌
雲林縣莿桐鄉興貴村興南31-26號,23.705415,120.450797,路名
雲林縣莿桐鄉莿桐村中山路61號1樓,23.649814,120.313342,門牌
雲林縣莿桐鄉莿桐村延平路20號,23.748397,120.496507,門牌
雲林縣莿桐鄉莿桐村延平路58之2號,23.750382,120.497821,門牌
雲林縣莿桐鄉莿桐村延平路58號,23.749200,120.497908,門牌
雲林縣虎尾鎮三合里2鄰三合43號之9,23.696805,120.409459,門牌
雲林縣虎尾鎮下溪里大庄130號,23.709081,120.456144,門牌
雲林縣虎尾鎮中溪里中興40號,23.636921,120.171738,門牌
雲林縣虎尾鎮中溪里中興路172號,23.681281,120.389438,門牌
雲林縣虎尾鎮中華路50號3樓,23.673075,120.177799,門牌
雲林縣虎尾鎮光復路12-8號1樓,23.720395,120.486806,路名
雲林縣虎尾鎮光復路583號1樓,23.712667,120.430892,門牌
雲林縣虎尾鎮公安路63號1樓,23.707319,120.433952,門牌
雲林縣虎尾鎮公安路75巷8號,23.711136,120.431746,門牌
雲林縣虎尾鎮公安里明正路92號1樓,23.712804,120.431654,門牌
雲林縣虎尾鎮公安里林森路1段360巷8號1樓,23.712291,120.435994,門牌
雲林縣虎尾鎮公安里林森路1段486-2號5樓,23.704577,120.431557,路名
雲林縣虎尾鎮北溪里北溪96-12號,23.709357,120.399915,路名
雲林縣虎尾鎮埒內里埒內194號,23.722950,120.447444,門牌
雲林縣虎尾鎮埒內里埒內269號1樓,23.723306,120.453895,門牌
雲林縣虎尾鎮埒內里文科路458號,23.716224,120.442767,門牌
雲林縣虎尾鎮埒內里文科路498號,23.717032,120.441775,門牌
雲林縣虎尾鎮堀頭里8鄰堀頭118之60號1樓,23.718019,120.450245,路名
雲林縣虎尾鎮堀頭里堀頭100之1號1樓,23.718019,120.450245,路名
雲林縣虎尾鎮墾地里1鄰虎興西八路22之7號1樓,23.733611,120.407193,路名
雲林縣虎尾鎮墾地里永興路437號,23.659106,120.532565,路名
雲林縣虎尾鎮墾地里科園路172號1樓,23.726655,120.409125,路名
雲林縣虎尾鎮墾地里虎興西一街169之5號1樓,23.725588,120.408590,門牌
雲林縣虎尾鎮墾地里虎興西一街196號1樓,23.726074,120.407730,門牌
雲林縣虎尾鎮墾地里虎興西八路15號1樓,23.733611,120.407193,路名
雲林縣虎尾鎮安溪里安溪152-1號,23.722781,120.440624,路名
雲林縣虎尾鎮平和里光復路20-20號1樓,23.720395,120.486806,路名
雲林縣虎尾鎮平和里光復路66號1樓,23.748274,120.256443,門牌
雲林縣虎尾鎮平和里光明路73巷70之9號一樓,23.704056,120.446684,門牌
雲林縣虎尾鎮平和里光明路73巷72-12號1樓,23.654077,120.386871,路名
雲林縣虎尾鎮平和里光明路73巷72-13號1樓,23.654077,120.386871,路名
雲林縣虎尾鎮平和里大成八街61號1樓,23.712589,120.449466,路名
雲林縣虎尾鎮平和里平和3-21號1樓,23.712825,120.417609,路名
雲林縣虎尾鎮平和里平和路26之29號1樓,23.798560,120.457923,路名
雲林縣虎尾鎮廉使里廉使1677號,23.722613,120.417966,門牌
雲林縣虎尾鎮建國里建國四村70號,23.712987,120.407302,門牌
雲林縣虎尾鎮惠來145之6號,23.730033,120.489987,門牌
雲林縣虎尾鎮惠來里惠來145-1號,23.726443,120.487546,路名
雲林縣虎尾鎮惠來里惠來284號1樓,23.721526,120.483222,門牌
雲林縣虎尾鎮惠來里惠來路1-2號,23.768041,120.396057,路名
雲林縣虎尾鎮惠來里惠來路153之1號1樓,23.768041,120.396057,路名
雲林縣虎尾鎮惠來里惠來路175-6號,23.768041,120.396057,路名
雲林縣虎尾鎮惠來里惠來路3之10號1樓,23.768041,120.396057,路名
雲林縣虎尾鎮新吉里工專路287號5樓,23.707612,120.421984,門牌
雲林縣虎尾鎮新吉里新吉55-12號,23.719722,120.395752,路名
雲林縣虎尾鎮東仁里信義路69號1樓,23.711344,120.437546,門牌
雲林縣虎尾鎮東仁里東仁路131號1樓,23.713014,120.438699,門牌
雲林縣虎尾鎮東仁里東明路51巷15號1樓,23.713381,120.440720,門牌
雲林縣虎尾鎮東仁里東興路68號1樓,23.712293,120.439824,門牌
雲林縣虎尾鎮東仁里林森路一段229號2樓,23.704577,120.431557,路名
雲林縣虎尾鎮東仁里民族路83號1樓,23.711698,120.438310,門牌
雲林縣虎尾鎮東屯里大屯15號之1,23.703525,120.394680,門牌
雲林縣虎尾鎮東屯里大屯77號,23.703231,120.389415,門牌
雲林縣虎尾鎮福民路50號,23.711173,120.436426,門牌
雲林縣虎尾鎮穎川里林森路2段438之3號1樓,23.698897,120.424129,門牌
雲林縣虎尾鎮穎川里林森路二段477巷86之11號1樓,23.704577,120.431557,路名
雲林縣虎尾鎮穎川里頂南90之1號,23.692372,120.421582,門牌
雲林縣虎尾鎮立仁里復興路166巷1號,23.706659,120.426175,門牌
雲林縣虎尾鎮興中里文科路772號,23.719146,120.434886,門牌
雲林縣虎尾鎮興中里清雲路507號3樓,23.731840,120.429840,路名
雲林縣虎尾鎮興中里清雲路761號1樓,23.739309,120.425734,門牌
雲林縣虎尾鎮興南里興南716號,23.694000,120.434709,門牌
雲林縣虎尾鎮興南里興南900號,23.693315,120.433326,門牌
雲林縣虎尾鎮興隆街1號,23.581358,120.304350,門牌
雲林縣虎尾鎮芳草里8鄰埔尾12之2號,23.696502,120.383748,門牌
雲林縣虎尾鎮芳草里芳草5－2號1樓,23.703126,120.380984,路名
雲林縣虎尾鎮芳草里芳草65之1號1樓,23.700372,120.380314,門牌
雲林縣虎尾鎮西安里林森路二段105號1樓,23.704577,120.431557,路名
雲林縣虎尾鎮頂溪里中興35號之3,23.636672,120.171944,門牌
雲林縣虎尾鎮頂溪里崁腳30號,23.603391,120.532384,門牌
雲林縣虎尾鎮頂溪里西園4號,23.739450,120.471027,門牌
雲林縣虎尾鎮頂溪里頂溪2號1樓,23.730329,120.470618,門牌
雲林縣虎尾鎮頂溪里頂溪6-8號,23.728992,120.468518,路名
雲林縣褒忠鄉中民村三民路112之2號1樓,23.694649,120.312921,門牌
雲林縣褒忠鄉中民村三民路316-10號1樓,23.683071,120.371678,路名
雲林縣褒忠鄉中民村中正路171巷14號1樓,23.694066,120.311620,門牌
雲林縣褒忠鄉中民村中正路2號,23.575102,120.150467,門牌
雲林縣褒忠鄉潮厝村2鄰潮厝38號,23.714833,120.335239,路名
雲林縣褒忠鄉潮厝村王厝30號,23.731888,120.344727,門牌
雲林縣褒忠鄉馬鳴村鎮安路29-1號1樓,23.723754,120.269377,路名
雲林縣西螺鎮七座里七座49之6號,23.749923,120.444732,門牌
雲林縣西螺鎮中興里延平路299號1樓,23.800568,120.456173,門牌
雲林縣西螺鎮中興里延平路441巷16號1樓,23.799393,120.451021,門牌
雲林縣西螺鎮中興里東南路237巷25號1樓,23.801280,120.450215,門牌
雲林縣西螺鎮公舘里公舘30之1號1樓,23.747796,120.424525,路名
雲林縣西螺鎮大園里中山東路110號一樓,23.637848,120.225928,門牌
雲林縣西螺鎮大園里光復東路61號1樓,23.798053,120.468926,路名
雲林縣西螺鎮大園里大園街54號,23.799118,120.467032,門牌
雲林縣西螺鎮延平路256號,23.801093,120.458751,門牌
雲林縣西螺鎮新豐里市場北路396巷13號1樓,23.785790,120.446578,門牌
雲林縣西螺鎮正興里福興路71巷19號2樓,23.795985,120.459657,門牌
雲林縣西螺鎮正興里興農西路73號,23.794124,120.464041,門牌
雲林縣西螺鎮河南里河南23-18號1樓,23.799259,120.442576,路名
雲林縣西螺鎮漢光里光復西路223號1樓,23.796404,120.458070,門牌
雲林縣西螺鎮福田里社口68-56號,23.788753,120.439166,路名
雲林縣西螺鎮福田里社口68之21號,23.787439,120.431039,門牌
雲林縣西螺鎮福田里社口68之38號,23.790216,120.432828,門牌
雲林縣西螺鎮福田里社口68之46號,23.788727,120.432212,門牌
雲林縣西螺鎮頂湳里頂南100-3號,23.709430,120.427279,路名
雲林縣麥寮鄉三盛村仁德西路一段16巷16弄3號1樓,23.797105,120.254158,路名
雲林縣麥寮鄉三盛村仁德西路一段57巷78號,23.797105,120.254158,路名
雲林縣麥寮鄉中山路97巷288號,23.704973,120.389912,路名
雲林縣麥寮鄉中興村10鄰台塑工業園區10之8號1樓,23.788393,120.205661,門牌
雲林縣麥寮鄉中興村台塑工業園區1之1號,23.789597,120.196359,路名
雲林縣麥寮鄉中興村台塑工業園區1號之1,23.798620,120.217602,門牌
雲林縣麥寮鄉中興村許厝二街1號,23.799386,120.243885,門牌
雲林縣麥寮鄉中興村鎮安路248號,23.795569,120.242929,門牌
雲林縣麥寮鄉中興村鎮安路286號,23.723754,120.269377,路名
雲林縣麥寮鄉崙後村沙崙後105-86號1樓,23.773471,120.266642,路名
雲林縣麥寮鄉崙後村沙崙後105號之72,23.774087,120.267173,門牌
雲林縣麥寮鄉崙後村沙崙後226之200號,23.782973,120.262170,門牌
雲林縣麥寮鄉崙後村沙崙後90號一樓,23.773471,120.266642,路名
雲林縣麥寮鄉後安村後安201-146號,23.787725,120.236788,路名
雲林縣麥寮鄉新吉村新吉115號,23.807268,120.274397,門牌
雲林縣麥寮鄉施厝村興安路241號,23.787189,120.287764,門牌
雲林縣麥寮鄉施厝村興安路92巷88號1樓,23.752518,120.289492,路名
雲林縣麥寮鄉橋頭村仁德路156巷3之12號1樓,23.797533,120.275059,門牌
雲林縣麥寮鄉橋頭村仁德路156巷3之3號1樓,23.797668,120.276043,門牌
雲林縣麥寮鄉橋頭村仁德路309巷300弄169號1樓,23.793268,120.265840,門牌
雲林縣麥寮鄉橋頭村橋頭276之9號,23.792118,120.272251,路名
雲林縣麥寮鄉橋頭村橋頭49之8號1樓,23.792118,120.272251,路名
雲林縣麥寮鄉海豐村義和120號,23.761729,120.238867,門牌
雲林縣麥寮鄉海豐村義和18-11號1樓,23.761936,120.242361,路名
雲林縣麥寮鄉瓦磘村霄仁135-36號1樓,23.753341,120.272844,路名
雲林縣麥寮鄉瓦磘村霄仁86-16號一樓,23.753341,120.272844,路名
雲林縣麥寮鄉瓦󼍕村12鄰霄仁80號1樓,23.754110,120.274919,門牌
雲林縣麥寮鄉興華村忠興11之3號1樓,23.765570,120.281578,路名
雲林縣麥寮鄉興華村忠興24之100號,23.765570,120.281578,路名
雲林縣麥寮鄉興華村忠興61-205號,23.765570,120.281578,路名
雲林縣麥寮鄉興華村興化53之8號1樓,23.771204,120.293762,門牌
雲林縣麥寮鄉雷厝村雷厝109-1號1樓,23.805275,120.288912,路名
雲林縣麥寮鄉雷厝村雷厝119號1樓,23.804647,120.286134,門牌
雲林縣麥寮鄉雷厝村雷厝41之2號,23.805275,120.288912,路名
雲林縣麥寮鄉麥津村9鄰中山路180號,23.662844,120.313137,門牌
雲林縣麥寮鄉麥津村中山路636之6號2樓,23.751258,120.243173,門牌
雲林縣麥寮鄉麥豐村中山路107之1號二樓,23.704973,120.389912,路名
雲林縣麥寮鄉麥豐村中山路437巷22號,23.748816,120.245812,門牌
雲林縣麥寮鄉麥豐村中山路97巷262號1樓,23.704973,120.389912,路名
雲林縣麥寮鄉麥豐村中山路97巷36號1樓,23.748912,120.259499,門牌
雲林縣麥寮鄉麥豐村光復路58號1樓,23.748098,120.256338,門牌
雲林縣麥寮鄉麥豐村新興路6之21號1樓,23.745772,120.251603,門牌
雲林縣麥寮鄉麥豐村新興路8-18號1樓,23.768172,120.392495,路名
雲林縣麥寮鄉麥豐村明德街35號一樓,23.750809,120.257409,門牌
雲林縣麥寮鄉麥豐村泰順路209號1樓,23.751524,120.257335,門牌
雲林縣麥寮鄉麥豐村自由路222巷20號1樓,23.747331,120.259773,門牌
雲林縣麥寮鄉麥豐村自由路83-3號1樓,23.723490,120.405868,路名
雲林縣麥寮鄉麥豐村華興路13巷4號1樓,23.748192,120.250517,門牌
雲林縣麥寮鄉麥豐村西濱路三段181巷17之1號1樓,23.747436,120.261087,路名
雲林縣麥寮鄉麥豐村西濱路二段79號一樓,23.747436,120.261087,路名
雲林縣麥寮鄉麥豐村龍江街22號1樓之2,23.750401,120.257711,門牌
高雄市三民區中山一路316號1樓,22.636916,120.302712,門牌
高雄市三民區中庸街196巷14之4號,22.640477,120.288170,門牌
高雄市三民區中庸街80號,22.636210,120.289256,門牌
高雄市三民區中華二路294巷15號3樓,22.645870,120.292627,門牌
高雄市三民區中華二路335號1樓,22.643975,120.291875,路名
高雄市三民區中道街33號1樓,22.641450,120.289625,門牌
高雄市三民區中都街69巷45號1樓,22.639888,120.285657,門牌
高雄市三民區中都街97巷49號1樓,22.640825,120.285174,門牌
高雄市三民區九如一路122號,22.637010,120.341185,門牌
高雄市三民區九如一路381巷12號1樓,22.637621,120.331734,門牌
高雄市三民區九如一路502號10樓之3,22.639398,120.327557,門牌
高雄市三民區九如一路502號25樓之2,22.639398,120.327557,門牌
高雄市三民區九如一路502號27樓之2,22.639398,120.327557,門牌
高雄市三民區九如一路548巷6號,22.639585,120.326428,門牌
高雄市三民區九如一路548巷6號3樓,22.639585,120.326428,門牌
高雄市三民區九如一路55號7樓,22.636230,120.342739,門牌
高雄市三民區九如一路58號7樓之3,22.636729,120.342856,門牌
高雄市三民區九如一路611巷4號11樓之1,22.639121,120.325040,門牌
高雄市三民區九如一路61號3樓,22.636166,120.342448,門牌
高雄市三民區九如一路61號8樓之1,22.636166,120.342448,門牌
高雄市三民區九如一路61號9樓之2,22.636166,120.342448,門牌
高雄市三民區九如一路844號9樓之3,22.640222,120.318980,門牌
高雄市三民區九如二路255之1號16樓,22.640792,120.306533,門牌
高雄市三民區九如二路255之2號9樓,22.640792,120.306533,門牌
高雄市三民區九如二路567號5樓,22.641374,120.296946,門牌
高雄市三民區九如二路597號10樓之4,22.641513,120.295676,門牌
高雄市三民區凱旋一路164巷18號1樓,22.637718,120.317637,門牌
高雄市三民區凱旋一路216號,22.638412,120.315789,門牌
高雄市三民區北平一街134號1樓,22.650241,120.305020,門牌
高雄市三民區北平二街10號8樓,22.650376,120.302848,門牌
高雄市三民區十全二路303號,22.645861,120.294594,門牌
高雄市三民區十全二路323號12樓,22.645849,120.293959,門牌
高雄市三民區南台路195巷13號17樓之22,22.636939,120.297559,門牌
高雄市三民區博愛一路189號5樓之2,22.646448,120.302839,門牌
高雄市三民區博愛一路189號8樓之2,22.646448,120.302839,門牌
高雄市三民區博愛一路263號1樓,22.648450,120.303013,門牌
高雄市三民區博愛一路271號,22.648634,120.303031,門牌
高雄市三民區博愛一路287號4樓,22.649031,120.302992,門牌
高雄市三民區博愛一路287號7樓,22.649031,120.302992,門牌
高雄市三民區博愛一路28號2樓、3樓,22.642006,120.303162,門牌
高雄市三民區博愛一路366號12樓,22.650661,120.303931,門牌
高雄市三民區博愛一路366號12樓之2,22.650661,120.303931,門牌
高雄市三民區博愛一路366號14樓,22.650661,120.303931,門牌
高雄市三民區博愛一路366號8樓,22.650661,120.303931,門牌
高雄市三民區博愛一路391號7樓,22.651227,120.303233,門牌
高雄市三民區博愛一路391號7樓之1,22.651227,120.303233,門牌
高雄市三民區博愛一路55號3樓,22.642825,120.302533,門牌
高雄市三民區吉林街345巷14號1樓,22.651105,120.306314,門牌
高雄市三民區吉林街347號1樓,22.651088,120.306717,門牌
高雄市三民區同盟一路393號7樓之2,22.651773,120.304364,門牌
高雄市三民區同盟二路61號1樓,22.651137,120.301307,門牌
高雄市三民區同盟二路75號,22.651045,120.300894,門牌
高雄市三民區哈爾濱街153巷34號,22.645428,120.298844,門牌
高雄市三民區堅如路20號1樓,22.647493,120.340856,門牌
高雄市三民區堅如路24號,22.647548,120.340896,門牌
高雄市三民區堯山街134號2樓,22.643617,120.316680,門牌
高雄市三民區壽昌路329號,22.644522,120.334246,門牌
高雄市三民區大享路128之6號4樓,22.658465,120.327532,門牌
高雄市三民區大享路46之1號5樓之1,22.657234,120.327621,門牌
高雄市三民區大利街11號5樓,22.651583,120.333165,門牌
高雄市三民區大利街58號2樓,22.652611,120.333035,門牌
高雄市三民區大德街57號1樓,22.708190,120.335188,門牌
高雄市三民區大德街74號1樓,22.655109,120.332848,門牌
高雄市三民區大昌一路221號6樓,22.655657,120.323346,門牌
高雄市三民區大昌一路301巷2弄2號1樓,22.657037,120.319661,門牌
高雄市三民區大昌一路302巷37號1樓,22.658786,120.320300,門牌
高雄市三民區大昌一路90巷5號1樓,22.653828,120.326675,門牌
高雄市三民區大昌二路121之8號,22.643094,120.331944,門牌
高雄市三民區大昌二路121之8號5樓之2,22.643094,120.331944,門牌
高雄市三民區大昌二路411之2號13樓,22.649491,120.331570,門牌
高雄市三民區大昌二路413之1號6樓,22.649491,120.331570,門牌
高雄市三民區大昌二路488巷7弄19號1樓,22.651524,120.330747,門牌
高雄市三民區大昌二路65號1樓,22.639970,120.332038,門牌
高雄市三民區大昌二路65號3樓,22.639970,120.332038,門牌
高雄市三民區大昌二路65號7樓之1,22.639970,120.332038,門牌
高雄市三民區大昌二路67號4樓,22.640024,120.332037,門牌
高雄市三民區大昌二路67號7樓,22.640024,120.332037,門牌
高雄市三民區大昌二路77號,22.640268,120.332039,門牌
高雄市三民區大福街138號1樓,22.657133,120.326484,門牌
高雄市三民區大福街140號,22.657169,120.326480,門牌
高雄市三民區大福街263號11樓之1,22.658648,120.325951,門牌
高雄市三民區大福街40巷18號1樓,22.656698,120.328304,門牌
高雄市三民區大福街40巷66號1樓,22.657619,120.328326,門牌
高雄市三民區大福街40巷79弄2號5樓之2,22.658711,120.328052,門牌
高雄市三民區大裕路174巷50號12樓,22.657383,120.330275,門牌
高雄市三民區大豐一路167號7樓,22.657684,120.330837,門牌
高雄市三民區大豐一路256巷3弄26號1樓,22.659702,120.329737,門牌
高雄市三民區大豐二路144號2樓之2,22.645589,120.330391,門牌
高雄市三民區大豐二路166號,22.645466,120.330985,門牌
高雄市三民區大豐二路19巷1弄2號,22.646710,120.326145,門牌
高雄市三民區大順二路132巷41號1樓,22.642535,120.327679,門牌
高雄市三民區大順二路147號5樓之6,22.642341,120.326634,門牌
高雄市三民區大順二路147號6樓之6,22.642341,120.326634,門牌
高雄市三民區大順二路147號7樓之2,22.642341,120.326634,門牌
高雄市三民區大順二路147號8樓之2,22.642341,120.326634,門牌
高雄市三民區大順二路46巷4之1號,22.640252,120.328108,門牌
高雄市三民區大順二路929號1樓,22.654681,120.316846,門牌
高雄市三民區天宮街29號1樓,22.649766,120.301756,門牌
高雄市三民區天祥二路23巷3號,22.668020,120.316010,門牌
高雄市三民區天祥二路42號2樓,22.668697,120.315928,門牌
高雄市三民區嫩江街162號3樓,22.646096,120.298795,門牌
高雄市三民區嫩江街35巷1號2樓,22.641911,120.297987,門牌
高雄市三民區孝順街97號,22.643636,120.312664,門牌
高雄市三民區安寧街422巷2弄1號1樓,22.640484,120.304219,門牌
高雄市三民區寧夏街1巷22號,22.639313,120.315725,門牌
高雄市三民區寶國里義華路211號1樓,22.642872,120.339365,門牌
高雄市三民區寶德里九如一路276號6樓之3,22.638052,120.335662,門牌
高雄市三民區寶德里覺民路288巷23弄7號1樓,22.641208,120.336472,門牌
高雄市三民區寶業里褒揚街39號8樓之1,22.640038,120.344186,門牌
高雄市三民區寶玉里春陽街1巷1弄21號,22.647832,120.335437,門牌
高雄市三民區寶興路112之16號,22.645474,120.328800,門牌
高雄市三民區寶興路82之23號9樓,22.644551,120.328138,門牌
高雄市三民區寶鼎街31巷44號1樓,22.662891,120.317056,門牌
高雄市三民區山東街107號一樓,22.643568,120.311420,門牌
高雄市三民區康平街268號,22.644053,120.294217,路名
高雄市三民區康平街89號3樓,22.643095,120.293994,門牌
高雄市三民區延吉街87巷20號,22.642265,120.319351,門牌
高雄市三民區延慶街80號3樓,22.642660,120.318878,門牌
高雄市三民區建元路7號5樓之12,22.647605,120.317811,門牌
高雄市三民區建元路9巷32號7樓,22.647500,120.318654,門牌
高雄市三民區建國一路411號6樓之1,22.634148,120.317614,門牌
高雄市三民區建國一路458號10樓,22.635522,120.316464,門牌
高雄市三民區建國三路245號6樓之3,22.637485,120.296431,路名
高雄市三民區建國二路265之2號5樓之5,22.637458,120.304073,門牌
高雄市三民區建國二路26號3樓之15,22.637548,120.312431,門牌
高雄市三民區建國二路2號,22.637463,120.313443,門牌
高雄市三民區建工路201巷80號,22.653214,120.335324,門牌
高雄市三民區建工路229巷8號7樓,22.653567,120.333414,門牌
高雄市三民區建工路578號,22.650195,120.323975,門牌
高雄市三民區建工路582號2樓,22.649851,120.323740,門牌
高雄市三民區建工路606之10號7樓,22.649658,120.323005,門牌
高雄市三民區建工路629號11樓,22.648114,120.318782,門牌
高雄市三民區建工路640巷10弄4號,22.649448,120.322231,門牌
高雄市三民區建工路662巷1弄9號1樓,22.649128,120.321437,門牌
高雄市三民區建工路776號13樓,22.648604,120.318791,門牌
高雄市三民區建昌路31號5樓之1,22.647206,120.323182,門牌
高雄市三民區建武路112號,22.641963,120.329215,門牌
高雄市三民區建武路206巷9號,22.645239,120.330777,門牌
高雄市三民區德山街30巷20弄8號12樓,22.646033,120.317735,門牌
高雄市三民區德山街35巷14號8樓,22.646371,120.316603,門牌
高雄市三民區懷安街195號3樓之2,22.640919,120.315445,門牌
高雄市三民區懷安街53巷1之1號,22.640420,120.318783,門牌
高雄市三民區文安南街165號7樓,22.641015,120.347201,門牌
高雄市三民區文濱路15號1樓,22.638593,120.348095,門牌
高雄市三民區文濱路27號1樓,22.639102,120.348197,門牌
高雄市三民區昌富街4號1樓,22.657200,120.331646,門牌
高雄市三民區明仁路157號5樓,22.662412,120.312763,門牌
高雄市三民區明福街13號7樓,22.661603,120.313619,門牌
高雄市三民區明誠一路156之1號11樓,22.660016,120.327125,門牌
高雄市三民區明誠一路583號4樓,22.659815,120.318843,門牌
高雄市三民區明賢街42之1號1樓,22.661968,120.312418,門牌
高雄市三民區明賢街96號4樓之2,22.663497,120.313115,門牌
高雄市三民區春陽街1巷1弄21號,22.647832,120.335437,門牌
高雄市三民區春陽街1巷1弄21號1樓,22.647832,120.335437,門牌
高雄市三民區春陽街1巷3弄13號1樓,22.647427,120.335674,門牌
高雄市三民區春陽街93號18樓之2,22.647176,120.333731,門牌
高雄市三民區有光路12號6樓之1,22.637059,120.334448,門牌
高雄市三民區有光路55號1樓,22.636977,120.333393,門牌
高雄市三民區本元里大慶街43號1樓,22.652125,120.334031,門牌
高雄市三民區本揚里清光街120號1樓,22.646477,120.346368,門牌
高雄市三民區松江街396號,22.650420,120.304632,門牌
高雄市三民區林森一路297巷18號1樓,22.637179,120.304203,門牌
高雄市三民區林森一路340巷11弄7號,22.638839,120.305927,門牌
高雄市三民區正忠路152號1樓,22.643206,120.330633,門牌
高雄市三民區正忠路351巷1之3號2樓,22.647766,120.329861,門牌
高雄市三民區正忠路361巷2弄2號,22.648251,120.329795,門牌
高雄市三民區正忠路51號25樓,22.641830,120.329945,門牌
高雄市三民區正興路35號10樓之2,22.645348,120.322226,門牌
高雄市三民區正興路37號14樓之1,22.645320,120.322168,門牌
高雄市三民區正興路66號1樓,22.645679,120.321552,門牌
高雄市三民區正興路7號23樓之2,22.645848,120.322893,門牌
高雄市三民區民信路48號,22.639465,120.343198,門牌
高雄市三民區民壯路61號2樓,22.640213,120.340675,門牌
高雄市三民區民族一路285號,22.652017,120.314874,門牌
高雄市三民區民族一路342巷2號,22.651659,120.315460,門牌
高雄市三民區民族一路374巷17之1號,22.652455,120.315829,門牌
高雄市三民區民族一路666號,22.662093,120.316275,門牌
高雄市三民區民族一路702之16號5樓,22.663417,120.317048,門牌
高雄市三民區民族一路702之7號,22.663330,120.316454,門牌
高雄市三民區民族一路80號29樓之1,22.643220,120.314667,門牌
高雄市三民區民族一路80號30樓之2,22.643220,120.314667,門牌
高雄市三民區民業路50號1樓,22.637738,120.340507,門牌
高雄市三民區民豐路41之1號3樓,22.640046,120.339430,門牌
高雄市三民區水源路238號,22.637875,120.338581,門牌
高雄市三民區水源路31號,22.635133,120.341661,門牌
高雄市三民區河堤南路106號1樓,22.654627,120.311892,門牌
高雄市三民區河堤南路16號2樓,22.654104,120.309458,門牌
高雄市三民區河堤路302號11樓,22.661875,120.311776,門牌
高雄市三民區河堤路476號2樓,22.664101,120.312818,門牌
高雄市三民區河堤路478號2樓,22.664182,120.312879,門牌
高雄市三民區河堤路490號9樓,22.664608,120.313222,門牌
高雄市三民區河堤路500號7樓,22.664944,120.313489,門牌
高雄市三民區河堤路556號4樓,22.665995,120.314345,門牌
高雄市三民區泰順街20號22樓,22.631510,120.318514,路名
高雄市三民區清光街120號1樓,22.646477,120.346368,門牌
高雄市三民區清光街120號3樓,22.646477,120.346368,門牌
高雄市三民區清興街12之2號,22.650387,120.337969,門牌
高雄市三民區港新里六合路15號,22.632764,120.319207,門牌
高雄市三民區漢口街215號3樓之3,22.646622,120.297384,門牌
高雄市三民區漢口街237號1樓,22.647282,120.297435,門牌
高雄市三民區澄和路228號,22.645895,120.339200,門牌
高雄市三民區澄平街394巷33號1樓,22.647570,120.337626,門牌
高雄市三民區澄明街2號1樓,22.645881,120.346348,門牌
高雄市三民區澄清路649號7樓之4,22.644978,120.346287,門牌
高雄市三民區澄清路659、661、663號1樓,22.636384,120.344719,路名
高雄市三民區灣中街201號,22.649112,120.319700,門牌
高雄市三民區灣中街323巷1號,22.649674,120.317319,門牌
高雄市三民區灣中街52號1樓,22.650601,120.321715,門牌
高雄市三民區灣愛里鼎山街314號,22.657898,120.321629,門牌
高雄市三民區灣興街22號1樓,22.650858,120.314046,門牌
高雄市三民區灣興街35號,22.651096,120.312853,門牌
高雄市三民區皓東路169之7號,22.649306,120.333599,門牌
高雄市三民區皓東路323號,22.652842,120.337035,門牌
高雄市三民區禮明路58號,22.639709,120.325760,門牌
高雄市三民區立人街14巷15號1樓,22.651196,120.325672,門牌
高雄市三民區立志街203巷6號,22.654795,120.322400,門牌
高雄市三民區立志街206號1樓,22.654357,120.323589,門牌
高雄市三民區立忠路3號1樓,22.653528,120.326044,門牌
高雄市三民區立忠路81巷4號1樓,22.652006,120.325099,門牌
高雄市三民區義仁街17巷2號,22.642562,120.334281,門牌
高雄市三民區義忠街3號,22.641448,120.342333,門牌
高雄市三民區義永路23巷1弄3號1樓,22.643323,120.325717,門牌
高雄市三民區義華路27巷17之3號,22.641159,120.344553,門牌
高雄市三民區義華路355號1樓,22.643393,120.334237,門牌
高雄市三民區義華路421巷9號1樓,22.643001,120.333086,門牌
高雄市三民區育英街124號5樓之1,22.650961,120.334721,門牌
高雄市三民區自立一路120號10樓之6,22.638094,120.296594,門牌
高雄市三民區自立一路528號,22.639783,120.296704,路名
高雄市三民區自立一路542號1樓,22.650188,120.297088,門牌
高雄市三民區自重街13號1樓,22.653015,120.318075,門牌
高雄市三民區自重街26號1樓,22.653412,120.317834,門牌
高雄市三民區興昌街24號3樓,22.645955,120.318588,門牌
高雄市三民區興隆街3號3樓,22.606121,120.344645,門牌
高雄市三民區興隆街40號4樓,22.647167,120.318943,門牌
高雄市三民區裕誠路56號4樓,22.663884,120.314837,門牌
高雄市三民區褒揚街218號6樓之5,22.641610,120.339915,門牌
高雄市三民區褒揚街264號2樓,22.641462,120.339087,門牌
高雄市三民區褒揚街319之2號,22.641271,120.338776,門牌
高雄市三民區褒揚街339號6樓,22.641332,120.338158,門牌
高雄市三民區褒揚街62號4樓,22.640606,120.344040,門牌
高雄市三民區覺民路236巷55之2號,22.640712,120.338957,門牌
高雄市三民區覺民路272巷6號,22.640140,120.338153,門牌
高雄市三民區覺民路288巷23弄7號,22.641208,120.336472,門牌
高雄市三民區覺民路290之8號12樓,22.640260,120.336714,門牌
高雄市三民區覺民路312號1樓,22.640304,120.336254,門牌
高雄市三民區覺民路332號1樓,22.640374,120.335853,門牌
高雄市三民區覺民路332號3樓,22.640374,120.335853,門牌
高雄市三民區覺民路83巷7號,22.638415,120.342556,門牌
高雄市三民區通化街120號,22.644599,120.293082,門牌
高雄市三民區遼寧一街136號1樓,22.642261,120.309941,門牌
高雄市三民區遼寧二街229巷23弄1號1樓,22.642520,120.296908,門牌
高雄市三民區遼寧二街257號地下1層,22.643084,120.295743,門牌
高雄市三民區重慶街223巷26號7樓之2,22.648175,120.301441,門牌
高雄市三民區金山路133巷12弄18號,22.660680,120.324086,門牌
高雄市三民區金山路360巷116號7樓,22.664668,120.318852,門牌
高雄市三民區金鼎路227巷68號,22.663302,120.323623,門牌
高雄市三民區金鼎路240巷5號3樓,22.665221,120.323478,門牌
高雄市三民區金鼎路257巷31號1樓,22.664559,120.322619,門牌
高雄市三民區金鼎路297巷9號,22.664499,120.321396,門牌
高雄市三民區陽明路271巷7號5樓,22.643125,120.341596,門牌
高雄市三民區陽明路381號11樓,22.644772,120.342275,門牌
高雄市三民區陽明路436號,22.646716,120.343035,門牌
高雄市三民區黃興路113號12樓之3,22.646449,120.341760,門牌
高雄市三民區鼎中路384號,22.666569,120.319734,門牌
高雄市三民區鼎中路560巷46號1樓,22.669945,120.321610,門牌
高雄市三民區鼎中路635巷2號1樓,22.672173,120.320844,門牌
高雄市三民區鼎仁街22號2樓,22.669796,120.322643,門牌
高雄市三民區鼎仁街35號1樓,22.669713,120.322230,門牌
高雄市三民區鼎力路197號,22.667736,120.322295,門牌
高雄市三民區鼎吉街89號1樓,22.658685,120.322974,門牌
高雄市三民區鼎富路52號,22.674443,120.323933,門牌
高雄市三民區鼎山街188巷28號,22.661255,120.321080,門牌
高雄市三民區鼎山街546巷8弄1號,22.652814,120.317549,門牌
高雄市三民區鼎山街587號6樓,22.650895,120.317345,門牌
高雄市三民區鼎強街491號1樓,22.671067,120.326371,門牌
高雄市三民區鼎強街58號10樓之6,22.668185,120.323232,路名
高雄市三民區鼎強里鼎強街211巷3號,22.669608,120.323061,門牌
高雄市三民區鼎新路243巷2號,22.668042,120.324208,門牌
高雄市三民區鼎昌街22巷9號1樓,22.663483,120.322626,門牌
高雄市三民區鼎泰街238號,22.666035,120.318542,門牌
高雄市三民區鼎瑞街79號,22.665366,120.315104,門牌
高雄市三民區鼎瑞街79號3樓,22.665366,120.315104,門牌
高雄市三民區鼎祥街98號,22.666416,120.316045,門牌
高雄市三民區鼎華路163號17樓之3,22.651875,120.315902,門牌
高雄市三民區鼎華路226號25樓,22.652406,120.317018,門牌
高雄市三民區鼎貴路13號4樓之2,22.672106,120.324253,門牌
高雄市三民區鼎貴路42號1樓,22.672298,120.324908,門牌
高雄市三民區鼎金後路556巷18號2樓,22.673551,120.322211,門牌
高雄市仁武區中正路277號1樓,22.785694,120.247189,門牌
高雄市仁武區中正路400巷51弄231之5號,22.712925,120.357368,門牌
高雄市仁武區中正路436巷10弄1之1號2樓,22.820224,120.355228,路名
高雄市仁武區中正路439號1樓,22.668943,120.362087,門牌
高雄市仁武區中正路488號1樓,22.895195,120.480203,門牌
高雄市仁武區中華路129巷20號2樓,22.699724,120.349165,門牌
高雄市仁武區京富路310號,22.678951,120.334363,門牌
高雄市仁武區仁孝路80號,22.677173,120.353483,門牌
高雄市仁武區仁心路199巷77弄2-8號,22.686995,120.366245,路名
高雄市仁武區仁心路199巷77弄21之1號,22.688976,120.361668,門牌
高雄市仁武區仁心路201號,22.686344,120.364575,門牌
高雄市仁武區仁心路211號,22.686760,120.364945,門牌
高雄市仁武區仁心路253號,22.689121,120.367000,門牌
高雄市仁武區仁心路270號,22.690245,120.369308,門牌
高雄市仁武區仁心路303號,22.691156,120.368697,門牌
高雄市仁武區仁心路311號,22.692868,120.369594,門牌
高雄市仁武區仁心路332之1號,22.695523,120.374610,門牌
高雄市仁武區仁慈五街32號1樓,22.673618,120.359202,門牌
高雄市仁武區仁慈里仁慈八街25之1號,22.675287,120.357777,門牌
高雄市仁武區仁林路155之8號2樓,22.697439,120.372515,門牌
高雄市仁武區仁林路234號,22.700293,120.384971,門牌
高雄市仁武區仁林路236之2號,22.699600,120.388479,門牌
高雄市仁武區仁林路267巷6弄19之13號1樓,22.702971,120.392541,門牌
高雄市仁武區仁林路280巷38弄80之1號,22.697627,120.391542,門牌
高雄市仁武區仁林路51巷14弄2號1樓,22.703838,120.355539,門牌
高雄市仁武區仁樂街28號1樓,22.704059,120.348451,路名
高雄市仁武區仁雄路13之23號1樓,22.680706,120.353966,門牌
高雄市仁武區仁雄路240巷4號1樓,22.675847,120.337696,門牌
高雄市仁武區仁雄路369號1樓,22.674806,120.336621,門牌
高雄市仁武區仁雄路435號1樓,22.674161,120.335375,門牌
高雄市仁武區仁雄路451號8樓,22.673766,120.335005,門牌
高雄市仁武區仁雄路474巷3號,22.674075,120.333956,門牌
高雄市仁武區仁雄路486之11號5樓,22.673373,120.332792,門牌
高雄市仁武區仁雄路69號之11（1、2樓）,22.677141,120.343271,路名
高雄市仁武區仁雄路77之2號1樓,22.678020,120.347768,門牌
高雄市仁武區仁雄路96之1號,22.677141,120.343271,路名
高雄市仁武區八卦里八德北路21巷20號1樓,22.686600,120.341653,門牌
高雄市仁武區八卦里永新二街96巷28號1樓,22.682122,120.333116,門牌
高雄市仁武區八德一路250號1樓,22.689150,120.335935,門牌
高雄市仁武區八德一路90巷120之3號1樓,22.662188,120.320847,路名
高雄市仁武區八德中路590號1樓,22.686280,120.330433,門牌
高雄市仁武區八德二路168號,22.701205,120.325777,門牌
高雄市仁武區八德二路86之71號,22.652003,120.306015,路名
高雄市仁武區八德北路21巷20號1樓,22.686600,120.341653,門牌
高雄市仁武區八德北路26巷6弄11號1樓,22.686413,120.343296,門牌
高雄市仁武區八德南路100巷4弄12號1樓,22.684941,120.338526,門牌
高雄市仁武區八德南路100巷5弄6號1樓,22.683394,120.338269,門牌
高雄市仁武區八德南路100巷8弄8號1樓,22.684415,120.337931,門牌
高雄市仁武區八德南路492號1樓,22.677187,120.340590,門牌
高雄市仁武區八德東路200號3樓,22.686642,120.345726,路名
高雄市仁武區八德東路368巷101號1樓,22.685702,120.346653,門牌
高雄市仁武區八德西路1800號1樓,22.693078,120.334683,門牌
高雄市仁武區八德西路350巷3號1樓,22.680556,120.329838,門牌
高雄市仁武區勇全路100號14樓,22.672892,120.344893,路名
高雄市仁武區勇全路219號1樓,22.672892,120.344893,路名
高雄市仁武區勇全路98號2樓,22.672892,120.344893,路名
高雄市仁武區名山一街95號,22.686577,120.351772,門牌
高雄市仁武區名湖街171號6樓,22.685998,120.347471,門牌
高雄市仁武區名湖街275號,22.686386,120.346030,門牌
高雄市仁武區名湖街59巷1號,22.684724,120.349255,門牌
高雄市仁武區名湖街833巷108號1樓,22.687853,120.347548,路名
高雄市仁武區名湖街952巷3號3樓,22.689883,120.347386,門牌
高雄市仁武區大同一街31號1樓,22.690895,120.335894,門牌
高雄市仁武區大德街40號2樓,22.707394,120.335424,門牌
高雄市仁武區大春三街138號,22.675627,120.336461,門牌
高雄市仁武區大智路189號2樓,22.663361,120.359994,門牌
高雄市仁武區大正一街17號,22.674031,120.337115,門牌
高雄市仁武區大正三街80巷20號1樓,22.675615,120.339070,門牌
高雄市仁武區大正五街32號,22.675243,120.339226,路名
高雄市仁武區大灣里仁雄路138號（營業所在地僅供辦公連絡用）,22.676593,120.340043,門牌
高雄市仁武區大豐街12號1樓,22.676803,120.336158,門牌
高雄市仁武區安樂一街113巷30號1樓,22.709692,120.347107,門牌
高雄市仁武區安樂一街243號,22.709090,120.349181,門牌
高雄市仁武區安樂一街255之1號,22.709211,120.349913,門牌
高雄市仁武區安樂一街377號1樓,22.708907,120.352376,門牌
高雄市仁武區安樂一街87號,22.709073,120.346386,門牌
高雄市仁武區工業一路6之1號,22.701582,120.343323,門牌
高雄市仁武區工業二路2號,22.701163,120.344836,門牌
高雄市仁武區工業二路4號,22.595868,120.383249,路名
高雄市仁武區後安里安樂一街82之3號一樓,22.708645,120.346289,門牌
高雄市仁武區後安里鳳仁路330號,22.714219,120.337878,門牌
高雄市仁武區德新街45巷8號,22.684759,120.331927,門牌
高雄市仁武區慈惠二街212號1樓,22.677215,120.349114,路名
高雄市仁武區慈惠八街123號2樓,22.672670,120.350728,門牌
高雄市仁武區慈惠八街1號,22.672764,120.350790,路名
高雄市仁武區成功路60號1樓,22.889060,120.184908,門牌
高雄市仁武區成功路6號,22.895774,120.544059,門牌
高雄市仁武區文南街124巷6號1樓,22.695227,120.351336,門牌
高雄市仁武區文學二街132號1樓,22.697801,120.349967,門牌
高雄市仁武區文學二街86號1樓,22.698126,120.350626,門牌
高雄市仁武區文學八街35號,22.700332,120.356829,門牌
高雄市仁武區文學路一段163號,22.694118,120.336561,路名
高雄市仁武區文安二街41號1樓,22.706265,120.352379,門牌
高雄市仁武區文東路二段85之1號,22.699624,120.356992,路名
高雄市仁武區文武里文北街97號1樓,22.698039,120.350115,門牌
高雄市仁武區新瑞街48號1樓,22.692140,120.350710,門牌
高雄市仁武區新祥街197號1樓,22.692382,120.351937,路名
高雄市仁武區新鳳街77號1樓,22.693038,120.351374,門牌
高雄市仁武區新鳳街80號1樓,22.692906,120.351593,門牌
高雄市仁武區水管路100號,22.705711,120.335078,門牌
高雄市仁武區水管路162號,22.684083,120.361050,路名
高雄市仁武區水管路89號,22.706585,120.331926,門牌
高雄市仁武區水管路97號,22.706608,120.332876,門牌
高雄市仁武區永仁街102巷45號,22.681145,120.332158,門牌
高雄市仁武區永仁街102巷58號1樓,22.681182,120.331894,門牌
高雄市仁武區永仁街256號1樓,22.683017,120.333387,門牌
高雄市仁武區永仁街318號1樓,22.683707,120.334343,門牌
高雄市仁武區永仁街365號1樓,22.682393,120.334006,路名
高雄市仁武區永和三街125號3樓,22.694919,120.335816,門牌
高雄市仁武區永和街36號1樓,22.694974,120.332431,門牌
高雄市仁武區永新二街112巷17弄6號1樓,22.681446,120.333426,門牌
高雄市仁武區永新二街160巷8號1樓,22.682313,120.333301,路名
高雄市仁武區永新二街96巷80弄10號1樓,22.681552,120.332188,門牌
高雄市仁武區永新五街154號1樓,22.688127,120.333386,門牌
高雄市仁武區永新五街185號1樓,22.687837,120.334117,路名
高雄市仁武區永新五街77號1樓,22.688840,120.335023,門牌
高雄市仁武區永新四街55號1樓,22.684510,120.335874,門牌
高雄市仁武區永昌一街56號1樓,22.691437,120.329967,門牌
高雄市仁武區永榮一街52巷1號1樓,22.686722,120.332862,門牌
高雄市仁武區澄仁東街20之1號,22.678170,120.346587,門牌
高雄市仁武區澄仁東街303號1樓,22.681930,120.346940,門牌
高雄市仁武區澄仁西街120號1樓,22.677636,120.342784,門牌
高雄市仁武區澄仁西街265號8樓,22.680204,120.342260,門牌
高雄市仁武區澄合三街1號,22.678208,120.352125,門牌
高雄市仁武區澄合街261號1樓,22.681864,120.349946,門牌
高雄市仁武區澄合街295之4號4樓,22.683092,120.349975,門牌
高雄市仁武區澄合街465號1樓,22.684087,120.352701,門牌
高雄市仁武區澄合街628號1樓,22.683718,120.351318,門牌
高雄市仁武區澄觀路1732號2樓,22.684851,120.351889,門牌
高雄市仁武區澄觀路173號,22.684351,120.344451,路名
高雄市仁武區澄觀路928號1樓,22.681467,120.344330,門牌
高雄市仁武區澄觀路一段468巷68-1號1樓,22.684351,120.344451,路名
高雄市仁武區澄觀路二段339巷81之2號,22.684351,120.344451,路名
高雄市仁武區澄觀路二段339巷90之1號,22.684351,120.344451,路名
高雄市仁武區灣內里澄觀路1732號1樓,22.684851,120.351889,門牌
高雄市仁武區烏林里仁心路312之3號,22.691284,120.375480,門牌
高雄市仁武區烏林里仁林路138號,22.699096,120.367119,門牌
高雄市仁武區烏林里仁林路230號,22.698652,120.381350,門牌
高雄市仁武區烏林里仁林路311號,22.700813,120.394506,門牌
高雄市仁武區福德街95號1樓,22.687019,120.337633,門牌
高雄市仁武區竹後里水管路100號,22.705711,120.335078,門牌
高雄市仁武區竹後里水管路101號,22.705715,120.334995,門牌
高雄市仁武區竹後里竹東路32號,22.706760,120.339670,門牌
高雄市仁武區竹後里竹東路78號1樓,22.708856,120.338657,門牌
高雄市仁武區竹後里鳳仁路285巷6號,22.703853,120.342487,門牌
高雄市仁武區竹東路155號,22.708908,120.338422,路名
高雄市仁武區竹楠路1號,22.707650,120.332812,門牌
高雄市仁武區竹楠路25號,22.710284,120.333619,門牌
高雄市仁武區竹楠路288號1樓,22.710032,120.333974,路名
高雄市仁武區考潭里仁心路199巷77弄11-1號,22.686995,120.366245,路名
高雄市仁武區考潭里仁心路227號,22.687680,120.365359,門牌
高雄市仁武區赤仁路33號,22.676075,120.348109,路名
高雄市仁武區赤東四街12巷10號,22.680238,120.348803,門牌
高雄市仁武區赤東四街65號1樓,22.681109,120.347959,門牌
高雄市仁武區赤西二街15號1樓,22.677980,120.342796,門牌
高雄市仁武區赤西二街15號2樓,22.677980,120.342796,門牌
高雄市仁武區赤西四街76巷6號,22.679382,120.343394,門牌
高雄市仁武區赤貴街41號1樓,22.673863,120.348405,門牌
高雄市仁武區高楠公路20號,22.691151,120.322088,門牌
高雄市仁武區高楠公路30號,22.694160,120.323132,門牌
高雄市仁武區高楠里高楠公路22號,22.691121,120.322419,門牌
高雄市仁武區鳳仁路165巷29之3號,22.673396,120.355951,路名
高雄市仁武區鳳仁路169號1樓,22.694234,120.348502,門牌
高雄市仁武區鳳仁路18之38號,22.673428,120.361052,門牌
高雄市仁武區鳳仁路1之63號1樓,22.671771,120.360488,門牌
高雄市仁武區鳳仁路285巷24號,22.703351,120.341572,門牌
高雄市仁武區鳳仁路287之32號,22.704725,120.341921,門牌
高雄市仁武區鳳仁路294號,22.708121,120.341974,門牌
高雄市仁武區鳳仁路2之38號,22.671689,120.365023,門牌
高雄市仁武區鳳仁路304號,22.708892,120.340824,門牌
高雄市仁武區鳳仁路332號,22.716442,120.335928,門牌
高雄市仁武區鳳仁路95之29號,22.688305,120.351420,門牌
高雄市仁武區鳳仁路96巷10號,22.691107,120.352051,門牌
高雄市內門區東勢埔37號1樓,22.928399,120.469945,門牌
高雄市內門區永吉里玉門27號1樓,22.986625,120.489698,門牌
高雄市內門區茄苳崙1號1樓,22.919285,120.436083,門牌
高雄市內門區鴨母寮1號,22.938299,120.452687,門牌
高雄市六龜區太平路51巷1弄23號1樓,22.996176,120.635804,門牌
高雄市六龜區忠孝街36號,22.991817,120.637436,門牌
高雄市前金區七賢二路356號4樓,22.631490,120.290035,門牌
高雄市前金區七賢二路398號6樓之2,22.630886,120.288190,門牌
高雄市前金區中山二路533號5樓之12,22.620659,120.301549,門牌
高雄市前金區中正四路130號1樓,22.630172,120.297293,門牌
高雄市前金區中正四路136號12樓,22.630077,120.297095,門牌
高雄市前金區中正四路139號7樓,22.629335,120.296787,門牌
高雄市前金區中正四路151號6樓之1,22.629170,120.296396,門牌
高雄市前金區中正四路170號,22.629354,120.294899,門牌
高雄市前金區中正四路170號4樓,22.629354,120.294899,門牌
高雄市前金區中正四路235號11樓之2,22.628062,120.292763,門牌
高雄市前金區中正四路235號13樓之1,22.628062,120.292763,門牌
高雄市前金區中正四路235號9樓之7,22.628062,120.292763,門牌
高雄市前金區中華三路82號,22.627878,120.296829,門牌
高雄市前金區中華四路349號5樓之7,22.621071,120.298772,門牌
高雄市前金區五福三路21號5樓之1,22.622312,120.299715,門牌
高雄市前金區五福三路61號14樓之16,22.621452,120.297067,門牌
高雄市前金區五福三路63號5樓,22.621387,120.296626,門牌
高雄市前金區五福三路63號9樓,22.621387,120.296626,門牌
高雄市前金區八德二路147號,22.634932,120.296335,門牌
高雄市前金區南台橫路145號1樓,22.634000,120.295921,門牌
高雄市前金區博孝里光復二街149號,22.622388,120.292139,門牌
高雄市前金區市中一路167號9樓,22.625364,120.291236,門牌
高雄市前金區市中一路99號八樓之13,22.622960,120.292154,門牌
高雄市前金區成功一路266號21樓之1,22.619334,120.296033,門牌
高雄市前金區旺盛街162號7樓,22.630276,120.288937,門牌
高雄市前金區民生二路203號1樓,22.623677,120.291680,門牌
高雄市前金區民生二路225號11樓之1,22.623540,120.291253,門牌
高雄市前金區河南二路75號1樓,22.635556,120.296502,門牌
高雄市前金區瑞源路47巷24之8號,22.629291,120.297207,門牌
高雄市前金區鼎盛街88號1樓,22.632408,120.289724,門牌
高雄市前鎮區一心一路178號,22.607086,120.320616,門牌
高雄市前鎮區一心一路239號12樓之1,22.609005,120.315259,門牌
高雄市前鎮區一心一路239號2樓,22.609005,120.315259,門牌
高雄市前鎮區一心一路239號5樓,22.609005,120.315259,門牌
高雄市前鎮區一心一路239號9樓,22.609005,120.315259,門牌
高雄市前鎮區一心一路241號10樓,22.609038,120.315177,門牌
高雄市前鎮區一心一路243號10樓之2,22.609055,120.315131,門牌
高雄市前鎮區一心一路243號10樓之4,22.609055,120.315131,門牌
高雄市前鎮區一心一路243號11樓之3,22.609055,120.315131,門牌
高雄市前鎮區一心一路243號11樓之4,22.609055,120.315131,門牌
高雄市前鎮區一心一路243號12樓之2,22.609055,120.315131,門牌
高雄市前鎮區一心一路243號5樓之1,22.609055,120.315131,門牌
高雄市前鎮區一心二路119號5樓,22.612017,120.308468,門牌
高雄市前鎮區一心二路119號九樓之7,22.612017,120.308468,門牌
高雄市前鎮區一心二路128號7樓之1,22.612183,120.308936,門牌
高雄市前鎮區一心二路128號9樓之2,22.612183,120.308936,門牌
高雄市前鎮區一心二路21號11樓之1,22.610453,120.311898,門牌
高雄市前鎮區一心二路45號8樓之2,22.610997,120.310825,門牌
高雄市前鎮區三多三路105號12樓,22.615958,120.311195,門牌
高雄市前鎮區三多三路155號11樓之8,22.615410,120.309494,門牌
高雄市前鎮區三多三路91號4樓,22.615884,120.311474,門牌
高雄市前鎮區中六路1號,22.599882,120.292363,門牌
高雄市前鎮區中六路7號,22.599210,120.290524,門牌
高雄市前鎮區中四路6號(3樓),22.599179,120.295552,路名
高雄市前鎮區中山二路221號2樓,22.611439,120.305121,門牌
高雄市前鎮區中山二路2號10樓之2,22.607730,120.307321,門牌
高雄市前鎮區中山二路2號11樓之3,22.607730,120.307321,門牌
高雄市前鎮區中山二路2號12樓之7,22.607730,120.307321,門牌
高雄市前鎮區中山二路2號27樓之1,22.607730,120.307321,門牌
高雄市前鎮區中山二路91號11樓之3,22.609299,120.305971,門牌
高雄市前鎮區中山二路91號12樓之1,22.609299,120.305971,門牌
高雄市前鎮區中山二路91號17樓之8,22.609299,120.305971,門牌
高雄市前鎮區中山二路91號21樓之9,22.609299,120.305971,門牌
高雄市前鎮區中山四路813號1樓,22.594752,120.316202,門牌
高雄市前鎮區中華五路1426號,22.608845,120.304010,門牌
高雄市前鎮區二聖一路288號11樓之1,22.612885,120.319926,門牌
高雄市前鎮區二聖一路290號15樓,22.612891,120.319682,門牌
高雄市前鎮區二聖二路179巷40號,22.612128,120.312375,門牌
高雄市前鎮區二聖二路262號1樓,22.613997,120.310687,門牌
高雄市前鎮區二聖二路272號1樓,22.614023,120.310484,門牌
高雄市前鎮區佛中路66號4樓,22.571727,120.322554,門牌
高雄市前鎮區佛南街130號1樓,22.569995,120.323696,門牌
高雄市前鎮區佛道路59號1樓,22.575002,120.323080,門牌
高雄市前鎮區保泰路193號,22.601087,120.330827,門牌
高雄市前鎮區信居街19號,22.590912,120.318610,門牌
高雄市前鎮區修文街154巷6號1樓,22.612189,120.310229,門牌
高雄市前鎮區光華三路155號9樓之1,22.604812,120.314770,門牌
高雄市前鎮區光華二路271號13樓,22.614415,120.317906,門牌
高雄市前鎮區公正路249號,22.607556,120.330462,門牌
高雄市前鎮區公正路259號2樓,22.607741,120.330447,門牌
高雄市前鎮區公正路268之2號4樓,22.607878,120.330837,門牌
高雄市前鎮區凱旋四路288號3樓之1,22.593575,120.311786,門牌
高雄市前鎮區凱旋四路802號2樓,22.601450,120.322446,門牌
高雄市前鎮區北一路18號,22.794939,120.364637,門牌
高雄市前鎮區北江街23號1樓,22.589970,120.319632,門牌
高雄市前鎮區千富街201巷20號,22.583135,120.314164,門牌
高雄市前鎮區南七路1號,22.589878,120.296443,門牌
高雄市前鎮區南七路2號,22.590233,120.296312,門牌
高雄市前鎮區南二路1號,22.597182,120.293886,門牌
高雄市前鎮區南五路5號,22.592499,120.294488,門牌
高雄市前鎮區南六路10號,22.591461,120.294366,門牌
高雄市前鎮區南天街20號,22.612872,120.309336,門牌
高雄市前鎮區后平路82號11樓之4,22.571661,120.322233,門牌
高雄市前鎮區和平二路162號2樓,22.610022,120.322017,門牌
高雄市前鎮區和平二路206號1樓,22.612708,120.322757,門牌
高雄市前鎮區和平二路227巷17號11樓,22.613168,120.322071,門牌
高雄市前鎮區和平二路227巷17號4樓,22.613168,120.322071,門牌
高雄市前鎮區和平二路282號2樓,22.615114,120.322753,門牌
高雄市前鎮區和義街56號1樓,22.577519,120.320777,門牌
高雄市前鎮區和義街91號1樓,22.577617,120.320489,門牌
高雄市前鎮區嘉陵街63號,22.610961,120.315677,門牌
高雄市前鎮區國光路156巷16號1樓,22.570475,120.322535,門牌
高雄市前鎮區國光路159號,22.569844,120.322789,門牌
高雄市前鎮區國光路1之1號1樓,22.571968,120.325789,門牌
高雄市前鎮區國光路1之2號2樓,22.571923,120.325804,門牌
高雄市前鎮區國華一街3號,22.587044,120.303244,路名
高雄市前鎮區大華一路22號2樓,22.598578,120.294255,門牌
高雄市前鎮區大華二路100號,22.608732,120.285752,門牌
高雄市前鎮區天后街53號1樓,22.571355,120.321773,門牌
高雄市前鎮區實業路173號,22.574770,120.320073,門牌
高雄市前鎮區崗山中街504號1樓,22.600284,120.324546,門牌
高雄市前鎮區崗山南街277巷16號11樓,22.604211,120.333153,門牌
高雄市前鎮區崗山橫街113號1樓,22.605207,120.331291,門牌
高雄市前鎮區建華街22號1樓,22.614788,120.323505,門牌
高雄市前鎮區復興三路148號2樓,22.612058,120.311331,門牌
高雄市前鎮區復興四路12號3樓之10,22.604358,120.299411,門牌
高雄市前鎮區復興四路12號3樓之16,22.604358,120.299411,門牌
高雄市前鎮區復興四路2號5樓之1,22.604087,120.298297,門牌
高雄市前鎮區復興四路9號,22.605027,120.298963,門牌
高雄市前鎮區德昌街6巷29號之1,22.580807,120.318839,門牌
高雄市前鎮區德昌路229號,22.584483,120.315901,門牌
高雄市前鎮區忠純里成功二路88號24樓,22.604786,120.301885,門牌
高雄市前鎮區憲德街56號8樓,22.604994,120.322239,路名
高雄市前鎮區成功二路88號19樓,22.604786,120.301885,門牌
高雄市前鎮區成功二路88號22樓,22.604786,120.301885,門牌
高雄市前鎮區成功二路88號25樓,22.604786,120.301885,門牌
高雄市前鎮區成功二路88號8樓,22.604786,120.301885,門牌
高雄市前鎮區振興里中山二路91號17樓之8,22.609299,120.305971,門牌
高雄市前鎮區擴建一路45巷14號1樓,22.591171,120.306867,門牌
高雄市前鎮區擴建路1之24號10樓,22.589696,120.302678,門牌
高雄市前鎮區新光路21號12樓之2,22.611486,120.304222,門牌
高雄市前鎮區新光路31號19樓,22.612328,120.302414,路名
高雄市前鎮區新展路10號,22.578492,120.316583,門牌
高雄市前鎮區新生路236號,22.874801,120.292204,門牌
高雄市前鎮區新生路248-20號1樓,22.756932,120.305156,路名
高雄市前鎮區新生路248-37號4樓,22.756932,120.305156,路名
高雄市前鎮區新生路248-3號6樓,22.756932,120.305156,路名
高雄市前鎮區新生路804號3樓,22.569370,120.322339,門牌
高雄市前鎮區新生路9巷22號,22.587629,120.305043,門牌
高雄市前鎮區新衙路286之8號8樓之1,22.582969,120.315495,門牌
高雄市前鎮區新衙路288之6號7樓之1,22.582488,120.314967,門牌
高雄市前鎮區新都路28號,22.579958,120.314626,門牌
高雄市前鎮區明孝里實業路178號,22.575237,120.319838,門牌
高雄市前鎮區明正里中安路1號,22.788080,120.362079,門牌
高雄市前鎮區明義里中平路166號1樓,22.578080,120.325492,門牌
高雄市前鎮區明義里向榮街35號,22.572091,120.329331,門牌
高雄市前鎮區明衙路83巷32號,22.580107,120.323613,門牌
高雄市前鎮區明道三街16號1樓,22.581958,120.326172,門牌
高雄市前鎮區明道三街41號,22.581403,120.325791,門牌
高雄市前鎮區東亞路8號,22.568649,120.326118,門牌
高雄市前鎮區東六街1至6號,22.603576,120.290773,路名
高雄市前鎮區東十三街2號,22.605989,120.288614,門牌
高雄市前鎮區東十五街1號,22.606510,120.288247,門牌
高雄市前鎮區東十街6號,22.604927,120.289239,門牌
高雄市前鎮區林森三路184號1樓,22.614709,120.308861,門牌
高雄市前鎮區林森四路233號2樓,22.609750,120.303819,路名
高雄市前鎮區正勤路19號1樓,22.602184,120.303311,門牌
高雄市前鎮區武慶一路159號,22.606755,120.332204,門牌
高雄市前鎮區武慶一路2之6號9樓,22.603360,120.332367,門牌
高雄市前鎮區武慶一路314號1樓,22.609728,120.332674,門牌
高雄市前鎮區民權二路380號16樓之3,22.610754,120.313912,門牌
高雄市前鎮區民權二路380號17樓之1,22.610754,120.313912,門牌
高雄市前鎮區民權二路380號17樓之2,22.610754,120.313912,門牌
高雄市前鎮區民權二路380號17樓之3,22.610754,120.313912,門牌
高雄市前鎮區民權二路380號18樓之1,22.610754,120.313912,門牌
高雄市前鎮區民權二路380號19樓之3,22.610754,120.313912,門牌
高雄市前鎮區民權二路381號1樓,22.611210,120.313293,門牌
高雄市前鎮區民權二路426號12樓,22.611710,120.314289,門牌
高雄市前鎮區民權二路426號2樓,22.611710,120.314289,門牌
高雄市前鎮區民權二路457號1樓,22.612974,120.313865,門牌
高雄市前鎮區民權二路580巷1號1樓,22.615596,120.315074,門牌
高雄市前鎮區民權二路6號16樓之1,22.605016,120.309577,門牌
高雄市前鎮區民權二路6號33樓之2,22.605016,120.309577,門牌
高雄市前鎮區民權二路8號10樓之1,22.605242,120.309841,門牌
高雄市前鎮區民權二路8號35樓之1,22.605242,120.309841,門牌
高雄市前鎮區民裕街27巷3號,22.606096,120.312738,門牌
高雄市前鎮區永豐路127號,22.606669,120.333187,門牌
高雄市前鎮區汕頭街73號,22.609355,120.319031,門牌
高雄市前鎮區沱江街21號9樓,22.606134,120.311424,門牌
高雄市前鎮區溫江街15巷19號,22.611497,120.321753,門牌
高雄市前鎮區漁港北一路8號,22.572932,120.313004,門牌
高雄市前鎮區漁港南一路19號,22.568516,120.318283,門牌
高雄市前鎮區漁港南一路5號,22.569991,120.320302,門牌
高雄市前鎮區漁港南三路17號,22.566774,120.317958,門牌
高雄市前鎮區漁港東三路22號,22.571841,120.319069,路名
高雄市前鎮區漁港東二路3號2樓,22.571614,120.317386,門牌
高雄市前鎮區漁港路224號,22.580914,120.322110,門牌
高雄市前鎮區瑞北里瑞忠街109號3樓,22.609699,120.327973,門牌
高雄市前鎮區瑞南里瑞春街45號,22.596810,120.323241,門牌
高雄市前鎮區瑞崗一街39號,22.606063,120.328777,門牌
高雄市前鎮區瑞平里崗山南街445巷36號,22.602484,120.330167,門牌
高雄市前鎮區瑞愛街38號1樓,22.608407,120.329163,門牌
高雄市前鎮區瑞昌里瑞隆路194巷25號,22.606538,120.334413,門牌
高雄市前鎮區瑞昌里瑞隆路208巷5號1樓,22.606058,120.334118,門牌
高雄市前鎮區瑞田街10巷5號1樓,22.599162,120.324195,門牌
高雄市前鎮區瑞祥街3巷74號,22.607096,120.327439,門牌
高雄市前鎮區瑞興街102巷48號1樓,22.611807,120.330885,門牌
高雄市前鎮區瑞誠街106號2樓,22.602288,120.328693,門牌
高雄市前鎮區瑞達街42號1樓,22.605325,120.335434,門牌
高雄市前鎮區瑞隆路194巷2弄22號2樓,22.605999,120.335054,門牌
高雄市前鎮區瑞隆路241號2樓,22.605540,120.333330,門牌
高雄市前鎮區瑞雄街15號2樓,22.604558,120.335929,門牌
高雄市前鎮區環區三路1號,22.608182,120.286300,門牌
高雄市前鎮區福祥街10巷69號3樓,22.601174,120.327839,門牌
高雄市前鎮區福祥街56巷23號6樓,22.601732,120.327496,門牌
高雄市前鎮區竹西里汕頭街13號,22.608753,120.320762,門牌
高雄市前鎮區管仲南路338號1樓,22.604960,120.314193,門牌
高雄市前鎮區管仲南路388號1樓,22.605293,120.313866,門牌
高雄市前鎮區精忠街100號1樓,22.609010,120.327259,門牌
高雄市前鎮區精忠街145巷6之3號3樓,22.610281,120.327178,門牌
高雄市前鎮區翠亨北路387之1號1樓,22.592102,120.318090,門牌
高雄市前鎮區翠亨南路727號,22.582276,120.326463,門牌
高雄市前鎮區育樂路88號,22.608064,120.323565,門牌
高雄市前鎮區育群街110號之1,22.606415,120.322184,路名
高雄市前鎮區興仁路150巷8號,22.584916,120.310273,門牌
高雄市前鎮區興陽街67號1樓,22.584150,120.311100,路名
高雄市前鎮區英德街792號1樓,22.614236,120.318718,門牌
高雄市前鎮區英德街99號1樓,22.613885,120.323105,門牌
高雄市前鎮區草衙一路36巷3號,22.582765,120.322774,門牌
高雄市前鎮區草衙一路47號,22.584857,120.321995,門牌
高雄市前鎮區草衙三路30號1樓,22.570752,120.329380,門牌
高雄市前鎮區草衙二路346巷33號1樓,22.578173,120.323773,門牌
高雄市前鎮區草衙二路3號,22.572332,120.326500,門牌
高雄市前鎮區西十五街1號,22.606585,120.287488,門牌
高雄市前鎮區西四街14-3號,22.602623,120.289516,路名
高雄市前鎮區賢明路31巷8號2樓,22.608209,120.323693,門牌
高雄市前鎮區鄭和南路313號15樓,22.605730,120.315281,門牌
高雄市前鎮區鄭和南路410號1樓,22.606148,120.315353,門牌
高雄市前鎮區鄭和路55號4樓,22.607769,120.312907,門牌
高雄市前鎮區金福路1號,22.570949,120.328522,門牌
高雄市前鎮區金福路93號2樓,22.571764,120.328906,門牌
高雄市前鎮區鎮中路268巷33號,22.584818,120.316681,門牌
高雄市前鎮區鎮北里南七路3號,22.589620,120.295679,門牌
高雄市前鎮區鎮東一街27號1樓,22.592703,120.310956,門牌
高雄市前鎮區鎮東一街406巷6弄4號2樓之1,22.587806,120.314161,門牌
高雄市前鎮區鎮東一街533號,22.585166,120.318283,門牌
高雄市前鎮區鎮東二街65號,22.591837,120.311073,門牌
高雄市前鎮區隆興街152號,22.605673,120.328237,門牌
高雄市大寮區三隆路571巷73之1號,22.602000,120.408161,路名
高雄市大寮區三隆路597號,22.601166,120.416761,門牌
高雄市大寮區三隆路736巷56號,22.600402,120.413436,門牌
高雄市大寮區三隆里三隆路75號1樓,22.601624,120.402098,門牌
高雄市大寮區三隆里明隆街60號1樓,22.602826,120.407208,門牌
高雄市大寮區上寮路144之9號,22.599903,120.418844,門牌
高雄市大寮區上寮路215號1樓,22.604001,120.423550,門牌
高雄市大寮區上寮路225之37號1樓,22.599788,120.423549,路名
高雄市大寮區中庄里八德路423號,22.632365,120.399855,門牌
高雄市大寮區中庄里興中街65號,22.628585,120.387544,門牌
高雄市大寮區中庄里興中街83號,22.628534,120.387666,門牌
高雄市大寮區中正路88巷128弄117號1樓,22.616926,120.389551,門牌
高雄市大寮區仁德路10之1號8樓之6,22.591993,120.399701,門牌
高雄市大寮區仁德路10之3號1樓,22.592404,120.399591,門牌
高雄市大寮區仁愛路336號,22.629302,120.394701,門牌
高雄市大寮區保生街69巷32弄19號3樓之2,22.625840,120.377046,路名
高雄市大寮區光明路1段1065號1樓,22.577791,120.421487,門牌
高雄市大寮區光明路1段1119號1樓,22.578899,120.421263,門牌
高雄市大寮區光明路3段220巷182之1號,22.674451,120.348828,路名
高雄市大寮區光明路3段395巷27號1樓,22.621288,120.411006,門牌
高雄市大寮區光明路3段942之1號,22.629683,120.409080,門牌
高雄市大寮區光明路三段1270之1號,22.674451,120.348828,路名
高雄市大寮區光明路三段229號1樓,22.674451,120.348828,路名
高雄市大寮區光明路三段418巷185號,22.674451,120.348828,路名
高雄市大寮區光華路163之1號,22.582511,120.412553,門牌
高雄市大寮區光華路17之1及19號,22.728491,120.405644,路名
高雄市大寮區光華路247之1號,22.582117,120.410004,門牌
高雄市大寮區光華路251巷6號,22.581625,120.409552,門牌
高雄市大寮區光華路470巷19之1號,22.728491,120.405644,路名
高雄市大寮區光華路470巷92號,22.583986,120.408008,門牌
高雄市大寮區內厝路156號2樓,22.607941,120.392461,門牌
高雄市大寮區內厝路250號3樓,22.607778,120.390678,門牌
高雄市大寮區內坑路117號,22.596737,120.387682,門牌
高雄市大寮區內坑路144之10號,22.590746,120.384517,門牌
高雄市大寮區內坑路158之82號,22.589511,120.373655,門牌
高雄市大寮區內坑路9之28號,22.581565,120.405376,門牌
高雄市大寮區內坑里內坑路108之67號1樓,22.594653,120.388157,門牌
高雄市大寮區內坑里內坑路161－6號1樓,22.591978,120.389071,路名
高雄市大寮區內坑里內坑路9之39號,22.582334,120.404635,門牌
高雄市大寮區六和路46巷2號1樓,22.589883,120.370427,門牌
高雄市大寮區利民街30號1、2樓,22.588838,120.434683,門牌
高雄市大寮區勝利街37號,23.106592,120.700028,門牌
高雄市大寮區勝利街37號1樓,23.106592,120.700028,門牌
高雄市大寮區同德街8號1樓,22.634632,120.394689,門牌
高雄市大寮區周廣街17巷12號,22.590399,120.417305,門牌
高雄市大寮區和祥街202之10號,22.574280,120.418788,門牌
高雄市大寮區和祥街209號,22.573773,120.419586,門牌
高雄市大寮區四維路110號1樓,22.634582,120.392084,門牌
高雄市大寮區四維路192號,22.636177,120.394312,門牌
高雄市大寮區大仁街21號,22.883072,120.484592,門牌
高雄市大寮區大仁街5號,22.882784,120.484577,門牌
高雄市大寮區大信街310巷28號,22.596110,120.411106,門牌
高雄市大寮區大信街502之1號,22.596806,120.411125,路名
高雄市大寮區大寮路541巷27號1樓,22.593098,120.411495,門牌
高雄市大寮區大寮路604號1樓,22.591957,120.412576,門牌
高雄市大寮區大寮里大仁街7號,22.882817,120.484579,門牌
高雄市大寮區大寮里大明街60巷6號一樓,22.589617,120.418592,門牌
高雄市大寮區大寮里大有四街3號,22.584535,120.427622,門牌
高雄市大寮區大寮里華西路49號,22.581270,120.422949,路名
高雄市大寮區大寮里開封街96巷1號1樓,22.590117,120.411942,門牌
高雄市大寮區大明街220巷6號1樓,22.587031,120.416692,門牌
高雄市大寮區大智街71巷12號1樓,22.594265,120.411007,門牌
高雄市大寮區大有三街13號,22.586373,120.426080,路名
高雄市大寮區大有三街16號、18號、18之1號,22.586467,120.426204,門牌
高雄市大寮區大有三街8號,22.586472,120.427312,門牌
高雄市大寮區大有二街29號,22.586967,120.423945,門牌
高雄市大寮區大有四街12號,22.585393,120.425732,門牌
高雄市大寮區大有四街5號,22.584115,120.426962,門牌
高雄市大寮區大有四街8號1樓,22.585321,120.426538,門牌
高雄市大寮區安隆街133號,22.599735,120.404654,門牌
高雄市大寮區山頂路255號,22.606202,120.387724,門牌
高雄市大寮區山頂里新富街12號,22.608625,120.388024,門牌
高雄市大寮區山頂里新生街25號1樓,22.726834,120.349780,門牌
高雄市大寮區崇仁街189號10樓,22.634988,120.398185,門牌
高雄市大寮區工商路114巷2號1樓,22.633172,120.390283,門牌
高雄市大寮區工商路52號2樓,22.632171,120.388457,門牌
高雄市大寮區巷尾路89之68號1樓,22.617243,120.411535,門牌
高雄市大寮區建業路31號,22.570793,120.421699,門牌
高雄市大寮區建民街33號,22.578236,120.431181,門牌
高雄市大寮區後庄街42號,22.638970,120.392560,門牌
高雄市大寮區後庄里民興街1號,22.637991,120.394802,門牌
高雄市大寮區後庄里鳳屏一路429號1樓,22.638079,120.395310,門牌
高雄市大寮區忠隆街82號1樓,22.607081,120.408985,門牌
高雄市大寮區慈隆街306號,22.597256,120.404207,門牌
高雄市大寮區文化路46巷64號,22.620416,120.385150,門牌
高雄市大寮區文化路46巷64號1樓,22.620416,120.385150,門牌
高雄市大寮區文隆街88巷3號,22.601914,120.407575,門牌
高雄市大寮區新厝里鳳林二路293之37號,22.575822,120.407220,門牌
高雄市大寮區明德路9巷10之1號,22.616359,120.389321,門牌
高雄市大寮區明隆街62號1樓,22.602817,120.407244,門牌
高雄市大寮區明隆街62號2樓,22.602817,120.407244,門牌
高雄市大寮區昭明里鳳林路四段159號1樓,22.527587,120.345134,門牌
高雄市大寮區會社里鳳林三路19巷8之38號1樓（營業所在地僅供辦公連絡用）,22.594864,120.400668,門牌
高雄市大寮區正隆街46巷8號1樓,22.603529,120.407044,門牌
高雄市大寮區民仁街35巷2號,22.638858,120.388886,門牌
高雄市大寮區民和街37號1樓,22.637684,120.396579,門牌
高雄市大寮區民安街250巷69號1樓,22.635335,120.399349,門牌
高雄市大寮區民安街6號1樓,22.635267,120.393298,門牌
高雄市大寮區民成街96之1號,22.640880,120.386482,門牌
高雄市大寮區民族路363巷30號1樓,22.638790,120.393438,門牌
高雄市大寮區民族路393號,22.638837,120.393985,門牌
高雄市大寮區民族路438號1樓,22.638987,120.396077,門牌
高雄市大寮區民貴街120號,22.633618,120.384087,門牌
高雄市大寮區民貴街210號,22.634952,120.383442,門牌
高雄市大寮區民貴街60巷7號,22.632852,120.385207,門牌
高雄市大寮區永吉街15巷26號1樓,22.642345,120.327167,路名
高雄市大寮區永洋街20號1樓,22.577218,120.418911,門牌
高雄市大寮區永盛街10號1樓,22.576580,120.419372,門牌
高雄市大寮區永盛街22號2樓,22.576684,120.419510,門牌
高雄市大寮區永興街53號1樓,22.633768,120.400633,門牌
高雄市大寮區永芳路123號,22.607521,120.398938,門牌
高雄市大寮區永芳路144號1樓,22.607450,120.399154,門牌
高雄市大寮區永芳路16之6號,22.615137,120.405998,門牌
高雄市大寮區永芳路28之38號12樓,22.614054,120.404871,門牌
高雄市大寮區永芳里永芳路87之6號1樓,22.611185,120.401207,門牌
高雄市大寮區江山路45之24號6樓,22.637109,120.411742,門牌
高雄市大寮區江山路45之30號1樓,22.636992,120.411535,門牌
高雄市大寮區江山路5之12號,22.634653,120.410231,門牌
高雄市大寮區江山路79之5號,22.636616,120.410200,路名
高雄市大寮區江山路96之29號,22.636616,120.410200,路名
高雄市大寮區河堤路1段1246號,22.680938,120.340713,路名
高雄市大寮區河堤路3段883巷46號,22.680938,120.340713,路名
高雄市大寮區河堤路二段370號,22.680938,120.340713,路名
高雄市大寮區溪寮路22之168號,22.627530,120.419360,路名
高雄市大寮區溪寮路22之52號,22.627530,120.419360,路名
高雄市大寮區溪寮路56之17號,22.628585,120.420105,門牌
高雄市大寮區潮寮里華東路25-1號,22.581738,120.433111,路名
高雄市大寮區濃一街45號,22.575182,120.414465,路名
高雄市大寮區濃三街265號1樓,22.572398,120.413339,門牌
高雄市大寮區琉球路7之2號,22.614019,120.412209,路名
高雄市大寮區立德路133號,22.632791,120.392672,路名
高雄市大寮區立德路185號,22.629772,120.385511,門牌
高雄市大寮區立德路311號,22.632791,120.392672,路名
高雄市大寮區立德路315巷9號,22.632791,120.392672,路名
高雄市大寮區立德路528號,22.632791,120.392672,路名
高雄市大寮區立德路665巷8號1樓,22.633834,120.394221,門牌
高雄市大寮區義和路121號1樓,22.640666,120.418979,門牌
高雄市大寮區義和路125之3號1樓,22.639905,120.419474,門牌
高雄市大寮區翁園路130之29號,22.619370,120.411202,門牌
高雄市大寮區翁園路139之42號1樓,22.620772,120.406995,門牌
高雄市大寮區翁園路13巷273號1樓,22.623399,120.407325,門牌
高雄市大寮區翁園路55之36號,22.624489,120.409551,門牌
高雄市大寮區翁園路59之17號1樓,22.624694,120.410084,門牌
高雄市大寮區翁園路65之4號1樓,22.623855,120.409789,門牌
高雄市大寮區翁園路65號1樓,22.624079,120.409997,門牌
高雄市大寮區翁園路97之28號1樓,22.622913,120.411106,門牌
高雄市大寮區翁園里翁園路59之36號1樓,22.624323,120.410004,門牌
高雄市大寮區至學路339號1樓,22.605673,120.427262,門牌
高雄市大寮區興業路11號,22.590853,120.431072,門牌
高雄市大寮區興業路12號,22.589915,120.431466,門牌
高雄市大寮區興業路21號,22.591185,120.427942,門牌
高雄市大寮區興隆路65號1樓,22.603900,120.405540,門牌
高雄市大寮區莒光一街5號,22.580268,120.427631,門牌
高雄市大寮區莒光三街12號,22.577490,120.426176,門牌
高雄市大寮區莒光二街16號,22.579500,120.424964,門牌
高雄市大寮區莒光二街20號,22.579084,120.424550,門牌
高雄市大寮區華一街553號,22.574793,120.411714,門牌
高雄市大寮區華一街660號,22.574618,120.411088,門牌
高雄市大寮區華中路28號,22.580405,120.429348,門牌
高雄市大寮區華中路30號,22.581284,120.429052,門牌
高雄市大寮區華五街27之1號,22.580198,120.415246,路名
高雄市大寮區華東路32號,22.580795,120.433364,門牌
高雄市大寮區華東路37號,22.586265,120.432848,門牌
高雄市大寮區華東路43號,22.588246,120.432904,門牌
高雄市大寮區華東路46之1號,22.581738,120.433111,路名
高雄市大寮區華東路76號,22.588270,120.433549,門牌
高雄市大寮區華東路80號,22.588813,120.433515,門牌
高雄市大寮區華西路20號,22.580125,120.423199,門牌
高雄市大寮區華西路35號,22.580710,120.422214,門牌
高雄市大寮區華西路38號,22.587734,120.423275,門牌
高雄市大寮區華西路42號,22.589431,120.423282,門牌
高雄市大寮區華西路8-1號,22.581270,120.422949,路名
高雄市大寮區華西路8號,22.574866,120.424832,門牌
高雄市大寮區萬丹路305號,22.613418,120.398529,門牌
高雄市大寮區萬丹路743號1樓,22.612615,120.410889,門牌
高雄市大寮區裕民街26號1樓,22.589854,120.435650,門牌
高雄市大寮區農場路176號1樓,22.618196,120.429355,門牌
高雄市大寮區農場路192號,22.616987,120.426810,門牌
高雄市大寮區農場路202號,22.615996,120.427896,門牌
高雄市大寮區進學路118巷66之2號,22.604969,120.392273,門牌
高雄市大寮區進學路196號11樓,22.904106,120.187615,門牌
高雄市大寮區過溪路109號1樓,22.576442,120.418999,門牌
高雄市大寮區過溪路27號一樓,22.575601,120.417189,門牌
高雄市大寮區過溪里正心路390巷212號,22.569824,120.413973,門牌
高雄市大寮區過溪里正心路396號,22.572395,120.418031,門牌
高雄市大寮區過溪里華西路27號,22.578650,120.422338,門牌
高雄市大寮區開封街112巷10號2樓,22.590017,120.411739,門牌
高雄市大寮區鳳屏一路676號2樓,22.638109,120.396892,門牌
高雄市大寮區鳳屏一路7號,22.636081,120.392074,路名
高雄市大寮區鳳屏二路16號,22.637828,120.403221,門牌
高雄市大寮區鳳屏二路18號,22.642136,120.415472,路名
高雄市大寮區鳳屏二路37號,22.640308,120.404597,門牌
高雄市大寮區鳳屏二路394巷42號,22.644468,120.425657,門牌
高雄市大寮區鳳屏二路41之1號,22.643057,120.404925,門牌
高雄市大寮區鳳屏二路41之28號,22.643011,120.409280,門牌
高雄市大寮區鳳屏二路47號,22.640972,120.405568,門牌
高雄市大寮區鳳明路118號,22.577385,120.411619,門牌
高雄市大寮區鳳林一路128巷160之6號1樓,22.540574,120.405427,路名
高雄市大寮區鳳林一路184巷27之10號1樓,22.542918,120.406104,門牌
高雄市大寮區鳳林一路38之2號1樓,22.538764,120.403447,門牌
高雄市大寮區鳳林一路474巷29之6號,22.543894,120.411611,門牌
高雄市大寮區鳳林一路544號,22.549839,120.412220,門牌
高雄市大寮區鳳林三路105巷24弄24號1樓,22.596718,120.399171,門牌
高雄市大寮區鳳林三路247巷116號,22.597790,120.398493,門牌
高雄市大寮區鳳林二路293-44號,22.575783,120.408257,路名
高雄市大寮區鳳林二路293之25號,22.575839,120.407612,門牌
高雄市大寮區鳳林二路531號,22.587410,120.404274,門牌
高雄市大寮區鳳林二路566號,22.578239,120.409063,門牌
高雄市大寮區鳳林二路630之13號1樓,22.581113,120.408088,門牌
高雄市大寮區鳳林二路806號,22.582037,120.407489,門牌
高雄市大寮區鳳林二路906號,22.587592,120.404960,門牌
高雄市大寮區鳳林路四段543號1樓,22.532053,120.375700,路名
高雄市大寮區黃厝路20之43之1號,22.616205,120.410280,路名
高雄市大樹區三和路140號,22.736275,120.402372,門牌
高雄市大樹區三和里學城路一段27號,22.726969,120.403952,路名
高雄市大樹區中山路3巷67號,22.661549,120.408377,門牌
高雄市大樹區中山路3巷85弄2號1樓,22.660237,120.408458,門牌
高雄市大樹區中山路3巷85弄3號1樓,22.659994,120.408389,門牌
高雄市大樹區中興北路187巷16號1樓,22.695879,120.432903,門牌
高雄市大樹區久堂路86巷9號1樓,22.659203,120.419684,門牌
高雄市大樹區九大路251巷11號1樓,22.653132,120.424302,路名
高雄市大樹區九曲路5巷13之3號,22.652181,120.422471,路名
高雄市大樹區九曲路5巷32弄45號,22.652181,120.422471,路名
高雄市大樹區九曲路5巷9弄5號,22.652181,120.422471,路名
高雄市大樹區九曲里九大路392號,22.651982,120.425176,門牌
高雄市大樹區九曲里九曲路292號1樓,22.651208,120.422774,門牌
高雄市大樹區九曲里新鎮路22號十六樓,22.647642,120.421607,門牌
高雄市大樹區九曲里瓦厝街3巷102號,22.644691,120.415452,門牌
高雄市大樹區大坑路140之1號,22.715780,120.444397,門牌
高雄市大樹區大坑路165號1樓,22.713925,120.444729,門牌
高雄市大樹區大樹里大樹路86號1樓,22.687268,120.429682,門牌
高雄市大樹區學城路一段5號3樓,22.726969,120.403952,路名
高雄市大樹區新生街108號1樓,22.686521,120.427238,門牌
高雄市大樹區水安里中山路1之11號1樓,22.662651,120.410742,門牌
高雄市大樹區水安里安和街103巷4之1號,22.664755,120.406803,門牌
高雄市大樹區瓦厝街175號之31,22.645954,120.413715,路名
高雄市大樹區瓦厝街90巷25弄11號,22.648615,120.412013,門牌
高雄市大樹區竹寮路114之6號,22.661289,120.425765,門牌
高雄市大樹區竹寮路333號1樓,22.663663,120.421269,門牌
高雄市大樹區竹寮路78-3號,22.669421,120.424455,路名
高雄市大樹區竹寮路949號,22.676691,120.425014,門牌
高雄市大樹區竹寮里竹寮路104-3號1樓,22.669421,120.424455,路名
高雄市大樹區統嶺路131號1樓,22.772084,120.429262,門牌
高雄市大樹區興山路46之1號1樓,22.694643,120.424379,門牌
高雄市大樹區興山路48號1樓,22.696740,120.419459,門牌
高雄市大樹區龍目路110之6號,22.687345,120.413677,路名
高雄市大樹區龍目里龍目路43號,22.689015,120.411573,門牌
高雄市大社區三中路351號,22.728789,120.342911,門牌
高雄市大社區三民路342巷2弄9號1樓,22.731709,120.344432,門牌
高雄市大社區三民路539之9號,22.731121,120.341170,門牌
高雄市大社區中仁路3號,22.718130,120.350547,門牌
高雄市大社區中山路362號4樓,22.863486,120.257340,門牌
高雄市大社區中華路14巷116弄1號1樓,22.725730,120.354742,門牌
高雄市大社區中華路16之21號1樓,22.726986,120.351827,門牌
高雄市大社區中華路8巷89號1樓,22.725428,120.353779,門牌
高雄市大社區保安里信義路39號1樓,22.896922,120.223311,門牌
高雄市大社區保安里大社路73巷8號,22.733530,120.349403,門牌
高雄市大社區保社里光華路25巷24號1樓,22.746374,120.348013,門牌
高雄市大社區光華路45巷17號1樓,22.746639,120.348985,門牌
高雄市大社區光華路45巷6之1號,22.747434,120.349076,門牌
高雄市大社區和平路1段667之1號,22.739516,120.362360,門牌
高雄市大社區和平路2段380之1號,22.718238,120.359337,門牌
高雄市大社區大吉路306巷105號1樓,22.734007,120.350111,路名
高雄市大社區大德街23號1樓,22.590809,120.415243,門牌
高雄市大社區大新路123號3樓,22.725364,120.354226,門牌
高雄市大社區大社路30之23號1樓,22.732907,120.346434,門牌
高雄市大社區大社路349號1樓,22.866321,120.267671,門牌
高雄市大社區大社里三民路322號1樓,22.729298,120.347359,門牌
高雄市大社區文化路26之4號1樓,22.722649,120.348324,門牌
高雄市大社區文化路6巷250號,22.720144,120.347310,門牌
高雄市大社區旗楠路115號,22.750704,120.350242,門牌
高雄市大社區民族路13之14號,22.747653,120.353467,門牌
高雄市大社區民生路201號,22.884993,120.325591,門牌
高雄市大社區經建路1號,22.725902,120.340334,門牌
高雄市大社區經建路8號,22.726025,120.338977,門牌
高雄市大社區翠屏路84巷33號10樓,22.729560,120.351844,門牌
高雄市大社區自強街62號1樓,22.904869,120.208940,門牌
高雄市大社區興工路2號,22.725125,120.340076,門牌
高雄市大社區興工路3號,22.719393,120.342980,門牌
高雄市大社區興工路4號,22.721490,120.341507,門牌
高雄市大社區興工路5號,22.717332,120.343356,門牌
高雄市大社區萬金路178之15號1樓,22.752875,120.341870,門牌
高雄市大社區萬金路180之1號1樓,22.752633,120.341012,門牌
高雄市大社區萬金路385巷3之2號,22.751053,120.342631,路名
高雄市大社區金龍路46巷43之11號1樓,22.728597,120.352650,門牌
高雄市小港區世全路2號,22.548548,120.372254,門牌
高雄市小港區世全路3之3號,22.547604,120.371044,門牌
高雄市小港區世全路4號,22.547041,120.370304,門牌
高雄市小港區中亨街26號,22.525367,120.361231,門牌
高雄市小港區中亨街48號,22.529227,120.363704,門牌
高雄市小港區中亨街52號,22.530508,120.364061,門牌
高雄市小港區中安路350之1號,22.607978,120.352199,路名
高雄市小港區中安路418號1樓,22.584627,120.349317,門牌
高雄市小港區中安路640號1樓,22.584734,120.359734,門牌
高雄市小港區中安路888號1樓,22.584619,120.366905,門牌
高雄市小港區中安路916號1樓,22.584481,120.367507,門牌
高雄市小港區中安路931號15樓,22.585041,120.367139,門牌
高雄市小港區中山四路2之10號,22.580409,120.330667,門牌
高雄市小港區中智街25號,22.532728,120.362779,門牌
高雄市小港區中林路11號,22.537423,120.367414,門牌
高雄市小港區中林路16號,22.538344,120.367922,門牌
高雄市小港區中林路26號,22.536773,120.365874,門牌
高雄市小港區中林路3號,22.538574,120.368865,門牌
高雄市小港區中鋼路1號,22.529525,120.354687,門牌
高雄市小港區中鋼路3號,22.554007,120.347213,門牌
高雄市小港區中鋼路40號1樓,22.560694,120.355903,門牌
高雄市小港區中鋼路54號,22.560574,120.355688,門牌
高雄市小港區中鋼路54號1樓,22.560574,120.355688,門牌
高雄市小港區中鋼路90之8號4樓之5,22.559629,120.354307,門牌
高雄市小港區中鋼路98號2樓,22.559175,120.354441,路名
高雄市小港區丹山二路25之8號1樓,22.512507,120.359801,門牌
高雄市小港區亞太路10號,22.564181,120.325438,門牌
高雄市小港區光和路31號,22.782814,120.244078,門牌
高雄市小港區光和路37號,22.783022,120.243975,門牌
高雄市小港區光陽街10號,22.559898,120.364657,門牌
高雄市小港區光陽街8號,22.559637,120.364847,門牌
高雄市小港區其美街19巷4號,22.563321,120.348914,門牌
高雄市小港區其美街19巷4號1樓,22.563321,120.348914,門牌
高雄市小港區其美街19巷5號,22.563348,120.348896,門牌
高雄市小港區利昌街4號,22.553369,120.363994,門牌
高雄市小港區北林路8-1號,22.552513,120.375211,路名
高雄市小港區南北路70號1樓,22.749730,120.276595,門牌
高雄市小港區南星路2800號,22.549806,120.318601,門牌
高雄市小港區台機路24號,22.557669,120.342709,門牌
高雄市小港區同利路12號,22.566486,120.330266,門牌
高雄市小港區同利路17號,22.567388,120.329773,門牌
高雄市小港區坪頂里高坪五路39號,22.542832,120.381571,門牌
高雄市小港區大地街5號,22.562606,120.346327,門牌
高雄市小港區大平路150號,22.563344,120.388847,路名
高雄市小港區大業北路25號,22.564116,120.346814,門牌
高雄市小港區大業南路28號,22.525517,120.364813,門牌
高雄市小港區大業南路43號,22.531216,120.367303,門牌
高雄市小港區大業南路46號,22.534005,120.369216,門牌
高雄市小港區大潭路7號1樓,22.565619,120.389746,門牌
高雄市小港區大鵬路77號,22.567346,120.358227,門牌
高雄市小港區孔宅二街156號1樓,22.577433,120.373162,路名
高雄市小港區孔宅新路323之1號1樓,22.579648,120.374063,門牌
高雄市小港區孔宅街262號,22.580755,120.372121,門牌
高雄市小港區孝先街73號1樓,22.569253,120.331705,門牌
高雄市小港區學府路37號,22.565387,120.362714,門牌
高雄市小港區安和街112之3號,22.569380,120.359458,門牌
高雄市小港區宏仁街78號9樓,22.571520,120.364603,門牌
高雄市小港區宏信街15號,22.570196,120.363059,門牌
高雄市小港區宏光街483號3樓,22.567370,120.367904,門牌
高雄市小港區宏光街51號1樓,22.570708,120.364714,門牌
高雄市小港區宏平路460巷26號,22.570614,120.356945,門牌
高雄市小港區宏平路658號5樓,22.570089,120.352057,門牌
高雄市小港區宏平路660號5樓,22.570088,120.351987,門牌
高雄市小港區宏泰街78號1樓,22.570396,120.356352,門牌
高雄市小港區宏裕街31巷2號,22.569689,120.365320,門牌
高雄市小港區宮和街17號,22.561280,120.351167,門牌
高雄市小港區山明路3之6號,22.565483,120.368050,門牌
高雄市小港區山明路607號1樓,22.570846,120.360914,門牌
高雄市小港區山東里民治路54巷24號,22.570042,120.349473,門牌
高雄市小港區山田路5之1號,22.574167,120.376278,門牌
高雄市小港區岐山一路22之1號,22.516523,120.354839,門牌
高雄市小港區崇明街170號,22.568921,120.329428,門牌
高雄市小港區崇明街176號,22.568449,120.328799,門牌
高雄市小港區平和路209號,22.795332,120.291702,門牌
高雄市小港區店中路48巷14號,22.562882,120.354336,門牌
高雄市小港區店鎮里店陽街65號1樓,22.560901,120.355884,門牌
高雄市小港區廈莊五街20巷25號1樓,22.582548,120.360056,門牌
高雄市小港區廠西路16號7樓,22.571248,120.350703,門牌
高雄市小港區廠西路63號,22.570915,120.350925,門牌
高雄市小港區廠邊一路43號,22.570789,120.354677,門牌
高雄市小港區復華路76巷25號1樓,22.583121,120.363592,門牌
高雄市小港區德平街11號1樓,22.563474,120.349437,門牌
高雄市小港區新生路999號2樓,22.564400,120.325617,門牌
高雄市小港區新豐街132號,22.568977,120.359755,門牌
高雄市小港區明聖街188號1樓,22.582298,120.345306,門牌
高雄市小港區明聖街206號,22.582324,120.344946,門牌
高雄市小港區明聖街257號2樓,22.582185,120.344048,門牌
高雄市小港區明聖街275號,22.582192,120.343681,門牌
高雄市小港區明聖街40巷4號1樓,22.582429,120.348576,門牌
高雄市小港區明聖街86巷1弄2之1號1樓,22.582424,120.347414,門牌
高雄市小港區東亞南路2之7號,22.559616,120.333017,門牌
高雄市小港區東亞南路6號,22.562768,120.330063,門牌
高雄市小港區東林路17號,22.763894,120.294737,門牌
高雄市小港區松信路11號1樓,22.560666,120.375772,門牌
高雄市小港區松光街112號1樓,22.569712,120.376821,門牌
高雄市小港區松和路10號1樓,22.566760,120.372889,門牌
高雄市小港區松安街2之1號,22.573419,120.372090,門牌
高雄市小港區松崗路5號,22.574581,120.373644,門牌
高雄市小港區松樂街108號1樓,22.567319,120.377819,門牌
高雄市小港區松直街157巷8號1樓,22.570006,120.374982,門牌
高雄市小港區松直街73號1樓,22.570491,120.374179,門牌
高雄市小港區松福街109號,22.569924,120.371440,門牌
高雄市小港區松義街81巷18號1樓,22.560499,120.374499,門牌
高雄市小港區松興路68號,22.574499,120.373366,門牌
高雄市小港區松興路76巷21號1樓,22.575041,120.373303,門牌
高雄市小港區松華路40號1樓,22.559643,120.374009,門牌
高雄市小港區桂德街68號,22.583856,120.357743,門牌
高雄市小港區桂江街149號1樓,22.583830,120.351007,門牌
高雄市小港區桂華街291號1樓,22.583244,120.355199,門牌
高雄市小港區桂華街7號1樓,22.582983,120.360858,門牌
高雄市小港區桂陽路175巷1弄24號1樓,22.581626,120.355399,門牌
高雄市小港區桂陽路175巷6弄1號,22.579460,120.357527,門牌
高雄市小港區桂陽路257巷3號3樓,22.581627,120.353541,門牌
高雄市小港區桂陽路42號,22.581941,120.357447,門牌
高雄市小港區民益路16巷2號1樓,22.565854,120.347734,門牌
高雄市小港區民義街15號,22.636444,120.388834,門牌
高雄市小港區民義街26號,22.636606,120.389043,門牌
高雄市小港區民義街26號2樓,22.636606,120.389043,門牌
高雄市小港區永光街2之2號,22.552066,120.368917,門牌
高雄市小港區永光街3號,22.551432,120.368456,門牌
高雄市小港區永光街5號,22.550797,120.367553,門牌
高雄市小港區永春街12號,22.545592,120.378487,門牌
高雄市小港區永春街20號,22.547000,120.378368,門牌
高雄市小港區永春街5號,22.545013,120.378284,門牌
高雄市小港區永春街6號、8號及10之1號,22.575794,120.418376,門牌
高雄市小港區永義街188號1樓,22.567044,120.347362,門牌
高雄市小港區永義街235巷1之3號,22.566772,120.346976,門牌
高雄市小港區江山街13號1樓,22.561974,120.357531,門牌
高雄市小港區沿海一路240號1樓,22.565449,120.352685,門牌
高雄市小港區沿海三路26、28號,22.524959,120.369270,路名
高雄市小港區沿海二路12號,22.550473,120.365709,門牌
高雄市小港區沿海二路4號,22.545295,120.369348,門牌
高雄市小港區沿海四路67之1號,22.514411,120.359360,門牌
高雄市小港區港口里東亞路2號,22.565549,120.326915,門牌
高雄市小港區港后里崇敬街51號1樓,22.571809,120.331902,門牌
高雄市小港區港興街56號3樓,22.568816,120.332213,門牌
高雄市小港區港順街69號1樓,22.568822,120.331652,門牌
高雄市小港區漢民路258號3樓,22.566526,120.353212,門牌
高雄市小港區漢民路655號1樓,22.567241,120.360462,門牌
高雄市小港區漢民路808號1樓,22.568646,120.364892,門牌
高雄市小港區福隆街123號1樓,22.567075,120.341470,門牌
高雄市小港區福隆街88號1樓,22.603757,120.408800,門牌
高雄市小港區秀峰街1巷41弄3號,22.566606,120.367886,門牌
高雄市小港區立群路168號,22.563501,120.358114,門牌
高雄市小港區立群路99號1樓,22.563310,120.350703,門牌
高雄市小港區維安街41號,22.564407,120.349657,門牌
高雄市小港區興業街35號,22.527581,120.363712,門牌
高雄市小港區興業街37號,22.527906,120.363886,門牌
高雄市小港區興業街50號,22.527789,120.364142,門牌
高雄市小港區興業街6號,22.524296,120.362151,門牌
高雄市小港區華山路225號7樓之2,22.568562,120.365509,門牌
高雄市小港區華盛街76巷36號1樓,22.567572,120.360641,門牌
高雄市小港區華盛街86巷36號1樓,22.567928,120.360433,門牌
高雄市小港區長泰街17號,22.545800,120.376219,門牌
高雄市小港區長泰街1號,22.547879,120.378954,門牌
高雄市小港區長泰街28號,22.546116,120.376229,門牌
高雄市小港區長泰街35號,22.544524,120.374533,門牌
高雄市小港區長興街23號1樓,22.617298,120.356725,門牌
高雄市小港區青山街136號1樓,22.571080,120.358761,門牌
高雄市小港區順苓里平治街6巷7號,22.567250,120.358072,門牌
高雄市小港區順苓里永順街47號11樓之7,22.568997,120.356749,門牌
高雄市小港區高坪七路1011號1樓,22.553512,120.382074,路名
高雄市小港區高坪三十三街53號一樓,22.554819,120.381540,門牌
高雄市小港區高坪二十八街157號,22.559744,120.390510,門牌
高雄市小港區高坪五十八街112之1號,22.556405,120.384132,路名
高雄市小港區高坪五十路142號1樓,22.554379,120.383181,門牌
高雄市小港區高坪六十街150號1樓,22.556591,120.383018,門牌
高雄市小港區高坪十五路378巷40號1樓,22.558710,120.393954,門牌
高雄市小港區高松里松崗路5號,22.574581,120.373644,門牌
高雄市小港區高松里高松路6巷8號2樓,22.572226,120.371775,路名
高雄市小港區高鳳路276號1樓,22.578011,120.371747,門牌
高雄市小港區鳳宮里台機路3號,22.561574,120.348055,門牌
高雄市小港區鳳德街155之3號,22.562216,120.368583,門牌
高雄市小港區鳳東街10巷17號,22.527222,120.341784,門牌
高雄市小港區鳳東街8號1樓,22.527446,120.341352,門牌
高雄市小港區鳳林路97巷3號2樓,22.526037,120.345768,門牌
高雄市小港區鳳西街18號1樓,22.524463,120.345143,門牌
高雄市小港區鳳西街37巷1號,22.524621,120.344199,門牌
高雄市小港區鳳鳴路282之51號,22.523933,120.350459,門牌
高雄市小港區鳳鳴里大業南路42號,22.531815,120.368096,門牌
高雄市小港區龍華街41號13樓,22.567901,120.355904,門牌
高雄市小港區龍鳳里大業南路7號,22.519821,120.360974,門牌
高雄市岡山區中山南路308號1樓,22.786730,120.299942,門牌
高雄市岡山區中華路81巷1弄6號1樓,22.794810,120.287724,門牌
高雄市岡山區仁壽路300巷26號1樓,22.785342,120.284412,門牌
高雄市岡山區仁安街14號1樓,22.794291,120.293009,門牌
高雄市岡山區介壽西路321巷2弄42號,22.783395,120.277831,門牌
高雄市岡山區介壽路10巷27弄58號1樓,22.785657,120.289234,門牌
高雄市岡山區健鷹南路42巷64號1樓,22.785061,120.292747,門牌
高雄市岡山區光潭路16號,22.774459,120.276047,門牌
高雄市岡山區公園東路134巷21號1樓,22.799582,120.290007,門牌
高雄市岡山區公園西路2段96巷67號,22.798579,120.285906,門牌
高雄市岡山區公園西路3段12巷23號1樓,22.796405,120.284860,門牌
高雄市岡山區公園西路二段96巷17號2樓,22.796947,120.286201,路名
高雄市岡山區前峰路244號,22.803997,120.279619,門牌
高雄市岡山區前峰路8號2樓,22.794462,120.289394,門牌
高雄市岡山區協榮里介壽西路321巷2弄5號1樓,22.783139,120.278751,門牌
高雄市岡山區台上一路79號1樓,22.804384,120.298998,門牌
高雄市岡山區台上里嘉新東路69之6號1樓,22.807311,120.302061,門牌
高雄市岡山區台上里忠誠街179巷40號1樓,22.801299,120.296505,門牌
高雄市岡山區台上里成功路480號,22.814364,120.301621,門牌
高雄市岡山區嘉峰路16號,22.826040,120.310629,門牌
高雄市岡山區嘉新東路2號,22.808639,120.309032,門牌
高雄市岡山區嘉新西路30巷2號,22.805718,120.293847,門牌
高雄市岡山區嘉興路37之1號,22.813662,120.303898,門牌
高雄市岡山區嘉興路452號,22.823861,120.308790,門牌
高雄市岡山區嘉興里嘉華路80巷115號,22.824409,120.312260,門牌
高雄市岡山區嘉華路7號,22.823857,120.317768,門牌
高雄市岡山區大埔二街36號,22.816653,120.319529,門牌
高雄市岡山區大埔二街39巷12號,22.817469,120.318486,門牌
高雄市岡山區大寶街100號,22.808016,120.289953,門牌
高雄市岡山區大寶街27號,22.805367,120.289702,門牌
高雄市岡山區大德三路110號,22.789139,120.297546,門牌
高雄市岡山區大成街55號1樓,22.621080,120.287707,門牌
高雄市岡山區大新街168號1樓,22.806737,120.302744,路名
高雄市岡山區大新街90號1樓,22.806884,120.303221,門牌
高雄市岡山區大義二路276號4樓,22.787800,120.285166,門牌
高雄市岡山區大遼路22巷10號1樓,22.777386,120.315348,門牌
高雄市岡山區大遼路6巷26號1樓,22.776054,120.315175,路名
高雄市岡山區富貴路53巷36號1樓,22.804930,120.301910,路名
高雄市岡山區寶米路369號,22.769049,120.275102,門牌
高雄市岡山區岡山北路120號,22.812496,120.277025,門牌
高雄市岡山區岡山北路193巷55號,22.808974,120.277173,門牌
高雄市岡山區岡山北路24號,22.809160,120.284331,門牌
高雄市岡山區岡山北路2巷35號,22.808574,120.288248,門牌
高雄市岡山區岡山北路3號,22.806741,120.287582,門牌
高雄市岡山區岡山路158號,22.789539,120.296889,門牌
高雄市岡山區岡山路267號14樓之1,22.793679,120.295611,門牌
高雄市岡山區岡山路532之1號1樓,22.801050,120.293711,門牌
高雄市岡山區岡山路572號1樓,22.801363,120.292916,門牌
高雄市岡山區岡山路610巷8號,22.803808,120.292056,門牌
高雄市岡山區岡山路612之13號1樓,22.803245,120.290809,門牌
高雄市岡山區岡山里文化二街25號,22.786990,120.298026,門牌
高雄市岡山區岡山里新樂街58巷20弄11號1樓,22.802963,120.295216,門牌
高雄市岡山區岡燕路270號1樓,22.791464,120.304954,門牌
高雄市岡山區岡燕路399號,22.792670,120.307006,門牌
高雄市岡山區岡燕路495號,22.791084,120.310366,門牌
高雄市岡山區後協里介壽西路90號1樓,22.784460,120.282531,門牌
高雄市岡山區後興北路19號1樓,22.793091,120.298113,門牌
高雄市岡山區懷德路86號1樓,22.788732,120.309473,門牌
高雄市岡山區成功路26巷68號1樓,22.787822,120.369611,路名
高雄市岡山區成功路39號1樓,22.895082,120.544706,門牌
高雄市岡山區成功路458號,22.810089,120.300459,門牌
高雄市岡山區成功路460巷38號,22.809232,120.302253,門牌
高雄市岡山區成功路466巷24號,22.812507,120.301809,門牌
高雄市岡山區成功路489號,22.813545,120.300824,門牌
高雄市岡山區新樂街107號,22.807218,120.293336,門牌
高雄市岡山區新樂街58巷20弄11號1樓,22.802963,120.295216,門牌
高雄市岡山區新樂街58巷20弄14號1樓,22.802752,120.295290,門牌
高雄市岡山區新樂街79之1號,22.805015,120.294318,門牌
高雄市岡山區新樂街91號,22.806156,120.294144,門牌
高雄市岡山區本工二路18號,22.815012,120.271562,門牌
高雄市岡山區本工五路50號1樓,22.811387,120.266534,門牌
高雄市岡山區本工六路106號,22.820556,120.257874,門牌
高雄市岡山區本工六路12號,22.809787,120.267554,門牌
高雄市岡山區本工六路16號,22.809974,120.267248,門牌
高雄市岡山區本工六路19號,22.810059,120.265475,門牌
高雄市岡山區本工六路26號,22.810194,120.266899,門牌
高雄市岡山區本工六路27號,22.810907,120.264074,門牌
高雄市岡山區本工六路29號,22.811389,120.263524,門牌
高雄市岡山區本工六路66號,22.814150,120.262065,門牌
高雄市岡山區本工南一路8號,22.805238,120.269676,門牌
高雄市岡山區本工東二路12號,22.810708,120.273355,門牌
高雄市岡山區本工東二路30號,22.808179,120.271021,門牌
高雄市岡山區本工環東路5號1樓,22.812826,120.275329,門牌
高雄市岡山區本工西三路12號,22.813734,120.267138,門牌
高雄市岡山區本工西二路21號,22.812553,120.267128,門牌
高雄市岡山區本工西二路25號,22.813794,120.267879,門牌
高雄市岡山區本工西二路8號,22.807947,120.266078,門牌
高雄市岡山區本工西路10號,22.808957,120.263236,門牌
高雄市岡山區本工西路17號,22.812899,120.262936,門牌
高雄市岡山區本工西路18號,22.809464,120.263207,門牌
高雄市岡山區本工西路36號,22.813503,120.265471,門牌
高雄市岡山區本工路36號,22.811355,120.272399,門牌
高雄市岡山區本洲一街75巷1之8號1樓,22.808512,120.259636,門牌
高雄市岡山區本洲路187號,22.805819,120.270536,門牌
高雄市岡山區本洲路189號,22.806264,120.269094,門牌
高雄市岡山區本洲路190號,22.807386,120.266765,門牌
高雄市岡山區本洲路321巷222號,22.804349,120.267493,門牌
高雄市岡山區本洲路55之46號,22.805196,120.277101,門牌
高雄市岡山區本洲里本工六路3號1樓,22.808571,120.267943,門牌
高雄市岡山區柳橋西路一段68號1樓,22.790618,120.286436,門牌
高雄市岡山區民族路77號1樓,22.881104,120.330005,門牌
高雄市岡山區民有路23號12樓,22.792055,120.298243,門牌
高雄市岡山區永樂街2巷47號1樓,22.796834,120.306798,門牌
高雄市岡山區永樂街2巷72號,22.794379,120.309459,門牌
高雄市岡山區河堤路1段103號1樓,22.788399,120.307914,門牌
高雄市岡山區灣裡路111號,22.813022,120.286227,門牌
高雄市岡山區灣裡路158號,22.812581,120.285465,門牌
高雄市岡山區為隨西路138號,22.818940,120.286318,門牌
高雄市岡山區為隨西路138號1樓,22.818940,120.286318,門牌
高雄市岡山區為隨西路166號,22.814485,120.289281,路名
高雄市岡山區為隨西路67巷30號,22.814969,120.288105,門牌
高雄市岡山區為隨西路88號,22.818028,120.286626,門牌
高雄市岡山區田厝路80巷6之1號,22.519486,120.383833,路名
高雄市岡山區白米里寶米路67巷9號1樓,22.778390,120.281531,門牌
高雄市岡山區石潭東街33號1樓,22.774970,120.269462,門牌
高雄市岡山區碧紅里大德一路206巷1弄8號1樓,22.796814,120.305141,門牌
高雄市岡山區程香路20號1樓,22.790657,120.307919,門牌
高雄市岡山區竹圍北街50巷27號1樓,22.801862,120.302603,門牌
高雄市岡山區竹圍里竹圍北街14巷36弄5號1樓,22.801537,120.301000,門牌
高雄市岡山區竹圍里竹圍東街219號3樓,22.797700,120.304056,門牌
高雄市岡山區竹圍里竹圍東街89之5號2樓,22.801778,120.303616,門牌
高雄市岡山區維新東街8號1樓,22.793797,120.298469,門牌
高雄市岡山區聖得路15號1樓,22.804395,120.314285,門牌
高雄市岡山區聖森路132號1樓,22.795540,120.313173,門牌
高雄市岡山區聖森路500號,22.802007,120.311984,門牌
高雄市岡山區育英路118號,22.794202,120.282701,門牌
高雄市岡山區致遠路100號,22.795412,120.271240,路名
高雄市岡山區興隆街600號,22.834258,120.297397,門牌
高雄市岡山區華園路29號,22.789501,120.307572,門牌
高雄市岡山區華園路95巷22號,22.788658,120.305716,門牌
高雄市岡山區金興街73號,22.793470,120.283535,門牌
高雄市岡山區頂潭路63巷6之2號1樓,22.777574,120.268934,路名
高雄市岡山區頂紅街8號1樓,22.795949,120.302085,門牌
高雄市左營區保靖街28號3樓之2,22.663839,120.306168,門牌
高雄市左營區光興街58巷12號5樓,22.660083,120.310839,門牌
高雄市左營區光興街58巷15號10樓之2,22.660274,120.311200,門牌
高雄市左營區南屏路34號4樓,22.918682,120.455762,門牌
高雄市左營區博愛三路12號17樓,22.670936,120.304056,門牌
高雄市左營區博愛三路512號10樓,22.679156,120.308854,門牌
高雄市左營區博愛二路150號12樓,22.659131,120.303335,門牌
高雄市左營區博愛二路318號,22.663564,120.303474,門牌
高雄市左營區博愛二路366號15樓之6,22.665425,120.303554,門牌
高雄市左營區博愛二路366號19樓之3,22.665425,120.303554,門牌
高雄市左營區博愛二路366號27樓之3,22.665425,120.303554,門牌
高雄市左營區博愛二路366號7樓之2,22.665425,120.303554,門牌
高雄市左營區博愛四路2號10樓之1,22.681216,120.310721,門牌
高雄市左營區博愛四路309號12樓之1,22.684645,120.314088,路名
高雄市左營區和光街166巷17號,22.708343,120.296246,門牌
高雄市左營區埤子頭街56巷25弄9號1樓,22.681301,120.291263,門牌
高雄市左營區大中一路412號1樓,22.678179,120.321346,門牌
高雄市左營區大中二路256號,22.680192,120.312504,門牌
高雄市左營區大中二路258號15樓,22.680192,120.312504,門牌
高雄市左營區大中二路468號1樓,22.681483,120.311070,路名
高雄市左營區大順一路310號4樓,22.656992,120.306052,門牌
高雄市左營區大順一路91號4樓之2,22.655953,120.311396,門牌
高雄市左營區大順一路91號4樓之5,22.655953,120.311396,門牌
高雄市左營區大順一路91號5樓之3,22.655953,120.311396,門牌
高雄市左營區天祥二路61巷6弄9號1樓,22.668261,120.314207,門牌
高雄市左營區太華街12號,22.657615,120.308311,門牌
高雄市左營區太華街209號1樓,22.657486,120.305514,門牌
高雄市左營區子華路101號6樓,22.675498,120.310817,門牌
高雄市左營區子華路62之1號1樓,22.675692,120.311759,門牌
高雄市左營區孟子路421號1樓,22.675550,120.307557,門牌
高雄市左營區孟子路478號10樓,22.676339,120.306811,門牌
高雄市左營區孟子路519號1樓,22.676749,120.305496,門牌
高雄市左營區安吉街421號1樓,22.664928,120.305733,門牌
高雄市左營區安吉街430號2樓之1,22.665185,120.305598,門牌
高雄市左營區安吉街436號1樓,22.665185,120.305598,門牌
高雄市左營區富國路185號11樓之3,22.663577,120.306491,門牌
高雄市左營區富國路185號17樓之1,22.663577,120.306491,門牌
高雄市左營區富國路185號17樓之2,22.663577,120.306491,門牌
高雄市左營區富國路185號19樓,22.663577,120.306491,門牌
高雄市左營區富國路185號9樓之1,22.663577,120.306491,門牌
高雄市左營區崇德路18號1樓,22.878497,120.382209,門牌
高雄市左營區崇德路409巷13號,22.676944,120.300471,門牌
高雄市左營區崇德路8巷5號3樓,22.673366,120.309264,門牌
高雄市左營區左營下路35巷4號,22.684839,120.292769,門牌
高雄市左營區左營大路136巷34號,22.683281,120.289620,門牌
高雄市左營區左營大路167巷5號1樓,22.684624,120.289174,門牌
高雄市左營區左營大路531號1樓,22.690835,120.296721,門牌
高雄市左營區店仔頂街110巷33號,22.685390,120.292826,門牌
高雄市左營區店仔頂街93號,22.685268,120.292001,路名
高雄市左營區政德路432號1樓,22.680649,120.303202,門牌
高雄市左營區政德路807號3樓之2,22.683261,120.305659,門牌
高雄市左營區政德路83號,22.675318,120.298343,門牌
高雄市左營區文天路122號12樓之1,22.686525,120.313964,門牌
高雄市左營區文天路123號8樓之4,22.686736,120.313794,門牌
高雄市左營區文天路150號13樓之3,22.687202,120.314702,門牌
高雄市左營區文天路172號3樓之1,22.687529,120.315410,門牌
高雄市左營區文天路176號9樓之2,22.687529,120.315335,門牌
高雄市左營區文學路324號12樓之1,22.687983,120.313205,門牌
高雄市左營區文學路692號6樓之5,22.688968,120.319463,門牌
高雄市左營區文守路97巷108號,22.671096,120.314476,門牌
高雄市左營區文寧街330巷1號2樓,22.681571,120.302931,門牌
高雄市左營區文府路356號1樓,22.689969,120.314251,門牌
高雄市左營區文康路129巷31號2樓,22.674087,120.303332,門牌
高雄市左營區文康路197號5樓,22.675907,120.305151,門牌
高雄市左營區文德路168號4樓,22.670311,120.312073,門牌
高雄市左營區文恩路106巷13之1號,22.685488,120.319044,門牌
高雄市左營區文恩路127號1樓,22.686460,120.318903,門牌
高雄市左營區文恩路167號1樓,22.685798,120.318494,路名
高雄市左營區文恩路181巷10號,22.687033,120.318938,門牌
高雄市左營區文恩路45號8樓,22.685118,120.317554,門牌
高雄市左營區文恩路5號1樓,22.684665,120.317008,門牌
高雄市左營區文恩路88號1樓,22.685482,120.318293,門牌
高雄市左營區文智路232號,22.676517,120.299916,門牌
高雄市左營區文育路191號13樓,22.675945,120.315973,門牌
高雄市左營區文育路225號,22.676750,120.316330,門牌
高雄市左營區文自路165號,22.679850,120.311709,路名
高雄市左營區文自路167號1樓,22.679850,120.311709,路名
高雄市左營區文自路201巷38號13樓,22.673881,120.306395,門牌
高雄市左營區文自路226號2樓,22.673267,120.307896,門牌
高雄市左營區文自路363巷15號7樓之1,22.675878,120.308707,門牌
高雄市左營區文自路526之1號5樓之5,22.679693,120.311732,門牌
高雄市左營區文自路698號3樓,22.682490,120.313381,門牌
高雄市左營區文自路89號,22.671857,120.306134,門牌
高雄市左營區新上街143號,22.668105,120.309340,門牌
高雄市左營區新上街209號3樓之2,22.668664,120.307188,門牌
高雄市左營區新上街280號1樓,22.669379,120.305345,門牌
高雄市左營區新上街307巷8弄7號1樓,22.669237,120.303851,門牌
高雄市左營區新上里明華一路56號,22.662778,120.309776,門牌
高雄市左營區新下里新中街234號1樓,22.668856,120.305573,門牌
高雄市左營區新下里新莊一路31號1樓,22.673947,120.296724,門牌
高雄市左營區新下里重安路42巷5號1樓,22.676557,120.298708,門牌
高雄市左營區新光里文康路257號11樓之1,22.676478,120.305517,門牌
高雄市左營區新光里文萊路80號,22.673799,120.300099,門牌
高雄市左營區新光里重上街151號,22.675861,120.304862,門牌
高雄市左營區新庄仔路740之1號1樓,22.668366,120.310292,門牌
高雄市左營區新莊一路131號15樓之2,22.673400,120.297506,門牌
高雄市左營區新莊一路175號1樓,22.672493,120.298822,門牌
高雄市左營區新莊一路175號2樓,22.672493,120.298822,門牌
高雄市左營區明華一路283號12樓之1,22.662469,120.303773,門牌
高雄市左營區明誠二路346號14樓之1,22.666542,120.311362,門牌
高雄市左營區明誠二路520號二樓,22.661311,120.304555,門牌
高雄市左營區明誠二路522號3樓,22.661311,120.304513,門牌
高雄市左營區明誠二路524號2樓,22.661311,120.304479,門牌
高雄市左營區曾子路57號1樓,22.676466,120.311204,門牌
高雄市左營區曾子路80巷16號,22.677063,120.311722,門牌
高雄市左營區榮德街353號10樓之2,22.687075,120.321192,門牌
高雄市左營區榮總路141巷15號3樓之2,22.680328,120.320973,門牌
高雄市左營區榮總路522巷17號4樓,22.687767,120.322917,門牌
高雄市左營區榮總路522巷3號3樓之2,22.687686,120.322493,門牌
高雄市左營區正心街116號5樓之3,22.665609,120.304247,門牌
高雄市左營區民族一路1073號1樓,22.683878,120.319769,門牌
高雄市左營區民族一路1171巷12弄7號1樓,22.687242,120.320061,門牌
高雄市左營區民族一路901巷26弄20號1樓,22.681982,120.319164,門牌
高雄市左營區民族一路901巷26弄22號1樓,22.682045,120.319168,門牌
高雄市左營區民族一路901巷26弄2號11樓之2,22.681368,120.319068,門牌
高雄市左營區民族一路946巷11號,22.658827,120.316680,路名
高雄市左營區民族一路960巷1弄4號,22.658827,120.316680,路名
高雄市左營區民族一路960巷1號,22.658827,120.316680,路名
高雄市左營區民族一路960巷25弄23號1樓,22.675982,120.320468,門牌
高雄市左營區民族一路972號1至3樓,22.677592,120.319107,門牌
高雄市左營區海富路51號3樓之7,22.689834,120.288641,路名
高雄市左營區海明街77號9樓,22.688924,120.287305,門牌
高雄市左營區海景街509巷12號,22.697107,120.287312,路名
高雄市左營區環潭路428號2樓,22.686892,120.300479,門牌
高雄市左營區福山里文自路1056之2號,22.687505,120.318146,門牌
高雄市左營區立大路1號,22.674048,120.301177,門牌
高雄市左營區立大路385號1樓,22.678478,120.304364,門牌
高雄市左營區立大路50巷17弄7號11樓之2,22.674957,120.302666,門牌
高雄市左營區立文路42號,22.664560,120.306153,門牌
高雄市左營區立文路77號15樓之2,22.664408,120.304516,門牌
高雄市左營區立文路77號8樓,22.664408,120.304516,門牌
高雄市左營區翠華路603號6樓,22.672486,120.291084,門牌
高雄市左營區聖公路61號,22.685749,120.292240,門牌
高雄市左營區自勉路168號15樓,22.680992,120.280641,門牌
高雄市左營區自由三路166號1樓,22.671570,120.311266,門牌
高雄市左營區自由三路290號13樓,22.673698,120.312104,門牌
高雄市左營區自由三路393號1樓,22.675460,120.312290,門牌
高雄市左營區自由三路394巷38號,22.674768,120.313311,門牌
高雄市左營區至真路320號1樓,22.672757,120.300847,門牌
高雄市左營區至真路501號6樓之6,22.671738,120.303352,路名
高雄市左營區至真路65號1樓,22.670041,120.306074,門牌
高雄市左營區至聖路267號1樓,22.659353,120.304683,門牌
高雄市左營區菜公一路62巷2號4樓,22.677525,120.315869,門牌
高雄市左營區菜公里自由三路276號4樓之3,22.673426,120.311986,門牌
高雄市左營區華夏路1283號,22.685567,120.310510,門牌
高雄市左營區華夏路1738號,22.687772,120.319833,門牌
高雄市左營區華夏路1740號,22.687738,120.319898,門牌
高雄市左營區華夏路726號11樓,22.678182,120.302591,門牌
高雄市左營區裕誠路267巷56號,22.663686,120.308812,門牌
高雄市左營區裕誠路394號16樓,22.665707,120.306312,門牌
高雄市左營區裕誠路398號4樓,22.665760,120.305978,門牌
高雄市左營區辛亥路250號18樓之5,22.665378,120.310258,門牌
高雄市左營區辛亥路262號1樓,22.664257,120.309968,路名
高雄市左營區重上街198巷18弄21號1樓,22.677213,120.304270,門牌
高雄市左營區重仁路66號9樓,22.688243,120.315639,門牌
高雄市左營區重信路373巷56號1、2樓,22.682754,120.313072,路名
高雄市左營區重偉街11號5樓,22.669173,120.312026,門牌
高雄市左營區重和路38號9樓之2,22.683952,120.313660,門牌
高雄市左營區重安路31號,22.675970,120.298723,門牌
高雄市左營區重安路31號2樓,22.675970,120.298723,門牌
高雄市左營區重平路15號,22.684218,120.310910,門牌
高雄市左營區重平路26號2樓,22.684325,120.311424,門牌
高雄市左營區重建路52號14樓之2,22.683869,120.309852,門牌
高雄市左營區重忠路77號1樓,22.689180,120.315596,門牌
高雄市左營區重惠街118號4樓之2,22.683553,120.309194,門牌
高雄市左營區重愛路22巷52號5樓,22.684278,120.319624,門牌
高雄市左營區重愛路376號1樓,22.688105,120.312745,門牌
高雄市左營區重政路60號1樓,22.682922,120.304664,門牌
高雄市左營區重治路71號1樓,22.681850,120.303124,門牌
高雄市左營區重治路75號,22.681904,120.303037,門牌
高雄市左營區重治路79號1樓,22.681953,120.302953,門牌
高雄市左營區重清路201號,22.670419,120.312117,門牌
高雄市左營區重清路288號1樓,22.670781,120.312219,門牌
高雄市左營區重清路49號6樓,22.669080,120.311399,門牌
高雄市左營區重立路244號,22.676293,120.315080,門牌
高雄市左營區重立路2號1樓,22.671874,120.312799,門牌
高雄市左營區重立路505號10樓之7,22.678209,120.311660,路名
高雄市左營區重立路68號2樓之2,22.673136,120.313530,門牌
高雄市左營區高鐵路680號,22.690542,120.312766,門牌
高雄市左營區鼓山三路385號,22.657726,120.276924,路名
高雄市彌陀區中正西路158號2樓,22.785601,120.245263,門牌
高雄市彌陀區中正西路231號1樓,22.783786,120.246093,門牌
高雄市彌陀區光和路18號1樓,22.783856,120.243716,門牌
高雄市彌陀區南寮路10號,22.762584,120.240625,門牌
高雄市彌陀區四維路53號,22.762538,120.248489,門牌
高雄市彌陀區文安北路10號,22.795038,120.239161,門牌
高雄市彌陀區文安里文安北路10號,22.795038,120.239161,門牌
高雄市彌陀區新生街3巷2號,22.778588,120.247960,門牌
高雄市彌陀區樂安路100之66號,22.765287,120.246652,門牌
高雄市彌陀區鹽埕大路1號1樓,22.786893,120.246749,門牌
高雄市新興區七賢一路245號,22.633835,120.309955,門牌
高雄市新興區七賢一路390之1號,22.634438,120.307332,門牌
高雄市新興區七賢一路428號6樓之2,22.634548,120.305657,門牌
高雄市新興區七賢一路469號7樓之2,22.634252,120.304049,門牌
高雄市新興區七賢一路506號4樓,22.634732,120.303475,門牌
高雄市新興區七賢一路78號1樓,22.633901,120.314922,門牌
高雄市新興區七賢一路94號1樓,22.633927,120.314599,門牌
高雄市新興區七賢二路68號,22.634666,120.299575,門牌
高雄市新興區中山一路16號32樓之8,22.631952,120.301955,路名
高雄市新興區中山一路280號3樓,22.635427,120.302647,門牌
高雄市新興區中山一路300號5樓,22.635808,120.302660,門牌
高雄市新興區中山二路472號13樓之10,22.620490,120.302306,門牌
高雄市新興區中東街258號1樓,22.633271,120.311051,門牌
高雄市新興區中東街266號,22.633288,120.310869,門牌
高雄市新興區中正三路129號12樓,22.630889,120.305223,門牌
高雄市新興區中正三路160號12樓之5,22.631507,120.304060,門牌
高雄市新興區中正三路2號13樓,22.630957,120.312712,門牌
高雄市新興區中正三路45號2樓,22.630588,120.308795,門牌
高雄市新興區中正三路55號26樓之2,22.630586,120.308433,門牌
高雄市新興區中正三路55號28樓,22.630586,120.308433,門牌
高雄市新興區中正三路82號3樓,22.631287,120.307592,門牌
高雄市新興區中正三路88號8樓之1至4,22.631294,120.307126,門牌
高雄市新興區中正四路31號,22.630715,120.300617,門牌
高雄市新興區中正四路34號3樓,22.631185,120.300584,門牌
高雄市新興區五福二路146號6樓之12,22.587451,120.327551,門牌
高雄市新興區仁愛一街164號1樓,22.632082,120.307534,門牌
高雄市新興區仁愛一街291巷6號1樓,22.634700,120.307338,門牌
高雄市新興區仁聲里復興一路19號12樓之1,22.628796,120.307809,門牌
高雄市新興區信守街104號6樓,22.631579,120.314488,門牌
高雄市新興區信守街123號7樓,22.631372,120.312650,門牌
高雄市新興區光耀里民生一路56號21樓之4,22.628030,120.310402,門牌
高雄市新興區八德一路170巷38號,22.636495,120.308916,門牌
高雄市新興區八德二路88號7樓之5,22.635769,120.297708,門牌
高雄市新興區六合一路42號2樓,22.632549,120.311111,門牌
高雄市新興區六合一路94之1號10樓,22.632779,120.308054,門牌
高雄市新興區六合路183號12樓,22.631930,120.314196,門牌
高雄市新興區六合路186號13樓,22.632345,120.314223,門牌
高雄市新興區南台路116號1樓,22.633537,120.299508,門牌
高雄市新興區和平一路199號12樓,22.631058,120.317385,門牌
高雄市新興區尚信街35號3樓,22.631010,120.316770,門牌
高雄市新興區尚義街156號3樓,22.632549,120.315556,門牌
高雄市新興區復興一路26號4樓之1,22.629249,120.308262,門牌
高雄市新興區復興一路5號1樓,22.628028,120.307734,門牌
高雄市新興區忠孝一路456號12樓,22.634552,120.306492,門牌
高雄市新興區文橫二路151之3號,22.622970,120.303568,門牌
高雄市新興區新田路90號1樓,22.622878,120.305124,門牌
高雄市新興區新興路31號1樓,23.076795,120.582033,門牌
高雄市新興區明星街66號5樓之3,22.633634,120.299084,門牌
高雄市新興區東海街214號1樓,22.628936,120.308942,門牌
高雄市新興區林森一路165號1樓,22.630560,120.304449,門牌
高雄市新興區林森一路248號1樓,22.635287,120.305150,門牌
高雄市新興區林森一路267之173號,22.636260,120.304877,門牌
高雄市新興區民主路65之8號,22.632604,120.298828,門牌
高雄市新興區民族二路97號11樓,22.632484,120.313018,門牌
高雄市新興區民權一路251號12樓之5,22.627063,120.310169,門牌
高雄市新興區民權一路251號21樓之2,22.627063,120.310169,門牌
高雄市新興區民權一路251號27樓,22.627063,120.310169,門牌
高雄市新興區民權一路251號9樓之5,22.627063,120.310169,門牌
高雄市新興區民生一路1之20號,22.628179,120.313653,門牌
高雄市新興區民生一路206號12樓之2,22.627867,120.308245,門牌
高雄市新興區民生一路206號4樓之1,22.627867,120.308245,門牌
高雄市新興區民生一路247號12樓之1,22.627099,120.308115,門牌
高雄市新興區民生一路247號17樓之1,22.627099,120.308115,門牌
高雄市新興區民生一路247號17樓之2,22.627099,120.308115,門牌
高雄市新興區民生一路247號8樓之3,22.627099,120.308115,門牌
高雄市新興區民生一路56號14樓之7,22.628030,120.310402,門牌
高雄市新興區民生一路56號14樓之8,22.628030,120.310402,門牌
高雄市新興區民生一路56號18樓之1,22.628030,120.310402,門牌
高雄市新興區民生一路56號18樓之6,22.628030,120.310402,門牌
高雄市新興區民生一路56號22樓之5,22.628030,120.310402,門牌
高雄市新興區民生一路56號25樓之2,22.628030,120.310402,門牌
高雄市新興區河南路337號,22.635185,120.315300,門牌
高雄市新興區球庭路91之1號,22.630329,120.303309,門牌
高雄市新興區錦田路101巷15之1號,22.633553,120.309434,門牌
高雄市新興區錦田路78巷13號1樓,22.632883,120.311267,門牌
高雄市新興區錦田路86號,22.592464,120.333397,門牌
高雄市新興區開封路108號,22.630357,120.311691,門牌
高雄市新興區開封路301巷29號,22.633406,120.311082,門牌
高雄市新興區開封路443號1樓,22.635893,120.311808,門牌
高雄市新興區青年一路158號,22.622974,120.310331,門牌
高雄市新興區青年一路248號,22.622131,120.307968,門牌
高雄市旗山區中山南街65號1樓,22.882783,120.480666,門牌
高雄市旗山區中正路366巷27弄2號,22.893819,120.480106,門牌
高雄市旗山區中洲路446號1樓,22.840207,120.465567,門牌
高雄市旗山區大山街68之5號,22.846665,120.467019,門牌
高雄市旗山區大德里中華路570巷2號6樓之2,22.886846,120.485273,門牌
高雄市旗山區大德里延平一路688巷64號1樓,22.883240,120.481094,門牌
高雄市旗山區富興路168號1樓,22.926426,120.493624,門牌
高雄市旗山區延平一路339巷20之1號1樓,22.891286,120.483225,路名
高雄市旗山區旗南三路232之17號,22.773451,120.445268,門牌
高雄市旗山區旗文路156之21號,22.900945,120.479271,門牌
高雄市旗山區旗甲路3段下宅巷1弄2號1樓,22.920032,120.495310,路名
高雄市旗山區旗甲路一段94號1樓,22.920032,120.495310,路名
高雄市旗山區旗甲路三段181之2號1樓,22.920032,120.495310,路名
高雄市旗山區旗甲路二段309號1樓,22.920032,120.495310,路名
高雄市旗山區溝坪路82巷3號,22.967583,120.517536,門牌
高雄市旗津區中洲三路108巷92號,22.603980,120.275460,路名
高雄市旗津區中洲三路483之2號一樓,22.605455,120.273925,門牌
高雄市旗津區中洲三路687巷12弄3號,22.610307,120.270499,門牌
高雄市旗津區敦和街2巷80號1樓,22.572799,120.298356,門牌
高雄市旗津區旗津三路854號2樓,22.603800,120.273478,門牌
高雄市旗津區旗津三路900巷3弄2號4樓,22.606407,120.272752,門牌
高雄市旗津區瑞竹街4巷14弄22號,22.577880,120.293531,門牌
高雄市旗津區通山路22巷9號,22.613417,120.269219,門牌
高雄市杉林區司馬路384巷42之3號,22.998743,120.575138,門牌
高雄市林園區中港路51巷9弄1號1樓,22.490354,120.392087,門牌
高雄市林園區中港路8之11號1樓,22.488173,120.390919,門牌
高雄市林園區中芸路3之24號,22.486090,120.396120,門牌
高雄市林園區中芸路4號1樓,22.485976,120.396624,門牌
高雄市林園區中門里中門路355號1樓,22.509212,120.364310,門牌
高雄市林園區五福里溪州三路39巷1弄9號,22.505064,120.402689,門牌
高雄市林園區仁愛路329號1樓,22.511872,120.392559,門牌
高雄市林園區北汕二路138之2號,22.483634,120.405649,門牌
高雄市林園區北汕路115巷2號1樓,22.480851,120.409381,門牌
高雄市林園區和平路21巷2號1樓,22.508385,120.390433,門牌
高雄市林園區和平路21巷4號,22.508388,120.390390,門牌
高雄市林園區工業一路2號,22.501665,120.406249,門牌
高雄市林園區工業一路3號,22.701200,120.343475,門牌
高雄市林園區工業一路82之1號,22.510553,120.404395,門牌
高雄市林園區工業一路9號,22.700583,120.342202,門牌
高雄市林園區工業二路1號,22.499009,120.414456,門牌
高雄市林園區廣應街95巷29號,22.507689,120.385172,路名
高雄市林園區忠孝西路131號,22.506833,120.390730,門牌
高雄市林園區成功街9號1樓,22.906983,120.210455,門牌
高雄市林園區文化街155之25號1樓,22.505441,120.392877,門牌
高雄市林園區文聖街80號2樓,22.504902,120.389901,門牌
高雄市林園區文聖街80號3樓,22.504902,120.389901,門牌
高雄市林園區文賢北路19號1樓,22.504063,120.391591,門牌
高雄市林園區文賢南路131巷37號,22.501344,120.394029,門牌
高雄市林園區文賢南路162巷75號1樓,22.499084,120.391975,門牌
高雄市林園區東林東路188巷66弄3號2樓,22.503731,120.397974,路名
高雄市林園區東林西路303巷11號1樓,22.502926,120.389099,門牌
高雄市林園區東林里鳳林路一段18號,22.525128,120.347861,門牌
高雄市林園區林內路70巷78號1樓,22.532431,120.398694,門牌
高雄市林園區林內路70巷89號1樓,22.532821,120.398821,門牌
高雄市林園區林園南路34巷18弄28號1樓,22.502211,120.396469,門牌
高雄市林園區林園里忠孝東路81巷16弄1號1樓,22.507016,120.397602,門牌
高雄市林園區沿海路二段72巷29號,22.500978,120.392937,路名
高雄市林園區海墘路119巷4號1樓,22.503274,120.367649,門牌
高雄市林園區海墘路46巷12弄7號1樓,22.506665,120.365478,門牌
高雄市林園區海墘路46巷14號,22.506746,120.365884,門牌
高雄市林園區港埔一路89號1樓,22.495723,120.380440,門牌
高雄市林園區港埔里港嘴三路42號1樓,22.499256,120.385938,門牌
高雄市林園區港埔里港埔三路91巷7號,22.497894,120.384042,門牌
高雄市林園區溪州一路260巷19號1樓,22.520678,120.406012,門牌
高雄市林園區溪洲里工業一路1號,22.701748,120.344389,門牌
高雄市林園區溪洲里工業二路1號,22.499009,120.414456,門牌
高雄市林園區王公一路208巷27號2樓,22.513046,120.386000,門牌
高雄市林園區王公路112號1樓,22.511118,120.391309,門牌
高雄市林園區王公路205號1樓,22.510148,120.391207,門牌
高雄市林園區石化二路2號,22.498045,120.407702,路名
高雄市林園區石化四路1號,22.486052,120.408555,門牌
高雄市林園區石化四路2號,22.485640,120.410351,門牌
高雄市林園區頂厝路130巷18號5樓之2,22.499915,120.380509,門牌
高雄市林園區魚塭1號,22.481534,120.414342,門牌
高雄市梓官區中崙里中崙路112巷53之1號,22.762739,120.271848,門牌
高雄市梓官區中崙里中崙路112巷53之1號1樓,22.762739,120.271848,門牌
高雄市梓官區信義路75巷6號1樓,22.762647,120.261668,門牌
高雄市梓官區光明路82巷10號1樓,22.732683,120.251798,門牌
高雄市梓官區同安里同安路108號1樓,22.749942,120.267774,門牌
高雄市梓官區和平路145之20號,22.756933,120.260377,門牌
高雄市梓官區嘉展路113之1號,22.737494,120.260928,門牌
高雄市梓官區嘉展路116號,22.738016,120.262347,門牌
高雄市梓官區嘉展路152號,22.737829,120.260690,門牌
高雄市梓官區嘉展路371號1樓,22.735773,120.255668,門牌
高雄市梓官區嘉展路371號2樓,22.735773,120.255668,門牌
高雄市梓官區嘉展路394巷11之1號,22.735842,120.254820,門牌
高雄市梓官區大舍北路300號,22.752621,120.262129,門牌
高雄市梓官區大舍南路143巷7號1樓,22.743990,120.263189,門牌
高雄市梓官區大舍西路4巷29號1樓,22.747702,120.260042,門牌
高雄市梓官區智蚵里中正四街38號1樓（營業所在地僅供辦公連絡用）（營業使用面積僅建物面積之六分之一）,22.728151,120.257825,門牌
高雄市梓官區梓信里梓官路475巷1弄47之4號1樓,22.764685,120.266272,門牌
高雄市梓官區梓官路319巷24號1樓,22.761608,120.265832,門牌
高雄市梓官區梓官路425巷51號1樓,22.763486,120.264833,門牌
高雄市梓官區梓官路425巷72號1樓,22.764057,120.264765,門牌
高雄市梓官區梓平里和平路13之12號,22.754509,120.260502,門牌
高雄市梓官區梓平里平安街19巷1號,22.756309,120.267149,門牌
高雄市梓官區梓義里自由路270號1樓,22.760561,120.268849,門牌
高雄市梓官區海景路39號1樓,22.742963,120.264306,門牌
高雄市梓官區禮仁路55號2樓,22.733527,120.251109,門牌
高雄市梓官區禮蚵里禮智路10號,22.732203,120.252398,門牌
高雄市梓官區茄典里嘉展路205號,22.737135,120.259565,門牌
高雄市梓官區茄苳里嘉展路371號1樓,22.735773,120.255668,門牌
高雄市梓官區赤崁北路300號,22.741770,120.247057,路名
高雄市梓官區赤崁北路656號,22.751188,120.246682,門牌
高雄市梓官區赤崁南路23巷47號,22.737670,120.248759,門牌
高雄市梓官區赤東里赤崁東路90巷49-16號,22.741403,120.252182,路名
高雄市梓官區通港路95號1樓,22.725524,120.257926,門牌
高雄市楠梓區中昌街57號,22.720026,120.289317,門牌
高雄市楠梓區中昌街7號1樓,22.719096,120.287665,路名
高雄市楠梓區中昌街9號1樓,22.719096,120.287665,路名
高雄市楠梓區久昌街98號,22.710907,120.283827,門牌
高雄市楠梓區久昌里久昌街28巷2號5樓,22.709233,120.284995,門牌
高雄市楠梓區享平里岳陽街39號4樓之2,22.730043,120.330594,門牌
高雄市楠梓區創新路26號1樓,22.739614,120.323845,門牌
高雄市楠梓區創新路70號,22.740063,120.324356,門牌
高雄市楠梓區加昌路169號,22.721775,120.315554,門牌
高雄市楠梓區加昌路700巷78之4號,22.716675,120.295298,門牌
高雄市楠梓區和光街109巷73號1樓,22.708323,120.293536,門牌
高雄市楠梓區土庫一路175號10樓,22.735926,120.329552,門牌
高雄市楠梓區土庫二路8號2樓,22.736913,120.327796,門牌
高雄市楠梓區土庫五路167號1樓,22.741448,120.332957,門牌
高雄市楠梓區土庫五路167號4樓,22.741448,120.332957,門牌
高雄市楠梓區土庫五路200號,22.741364,120.333235,門牌
高雄市楠梓區土庫五路88巷52號2樓,22.738746,120.333946,門牌
高雄市楠梓區土庫六路47號3樓,22.741745,120.333357,門牌
高雄市楠梓區土庫六路47號4樓,22.741745,120.333357,門牌
高雄市楠梓區土庫北路14號,22.748566,120.329824,門牌
高雄市楠梓區壽民路86巷8號,22.720828,120.294980,門牌
高雄市楠梓區壽豐路293之2號,22.725694,120.299250,門牌
高雄市楠梓區壽豐路432號7樓之5,22.725086,120.296167,門牌
高雄市楠梓區壽豐路452號7樓之2,22.724931,120.295704,門牌
高雄市楠梓區大學三十二街296巷28號1樓,22.731601,120.291910,門牌
高雄市楠梓區大學二十六街27巷23號3樓,22.728347,120.290670,門牌
高雄市楠梓區大學五街77號1樓,22.735720,120.291628,門牌
高雄市楠梓區大學東路509巷5號1樓,22.731522,120.289974,門牌
高雄市楠梓區大學西路233號,22.725766,120.280470,門牌
高雄市楠梓區學專路27號1樓,22.714671,120.310159,門牌
高雄市楠梓區安民街133號1樓,22.744134,120.336137,門牌
高雄市楠梓區宏南里左楠路2號,22.704800,120.303757,門牌
高雄市楠梓區宏昌街136巷7號,22.717128,120.293637,門牌
高雄市楠梓區寶溪北街115巷42號1樓,22.748593,120.328551,門牌
高雄市楠梓區岳陽街25巷8號6樓之1,22.730043,120.330594,門牌
高雄市楠梓區岳陽街39號4樓之2,22.730043,120.330594,門牌
高雄市楠梓區常德路221巷2號,22.735690,120.336443,門牌
高雄市楠梓區常德路240巷23弄35號12樓,22.736363,120.337760,門牌
高雄市楠梓區常德路240巷3號,22.735890,120.337093,門牌
高雄市楠梓區常德路248號1樓,22.736089,120.336996,門牌
高雄市楠梓區常德路309號9樓,22.736955,120.336983,門牌
高雄市楠梓區常德路338巷9號,22.737539,120.337749,門牌
高雄市楠梓區後勁北路111巷13號1樓,22.717943,120.314900,門牌
高雄市楠梓區後勁南路130巷3弄7號1樓,22.716651,120.312701,門牌
高雄市楠梓區後勁西路114號,22.718931,120.313627,門牌
高雄市楠梓區德中路40巷18弄7號,22.722405,120.280023,門牌
高雄市楠梓區德信街113巷7號,22.727714,120.302378,門牌
高雄市楠梓區德惠路151巷57號3樓,22.727102,120.303157,路名
高雄市楠梓區德民路1252巷5號,22.717299,120.282722,門牌
高雄市楠梓區德民路356巷26號1樓,22.726181,120.304813,門牌
高雄市楠梓區德民路356巷60弄19號3樓,22.728531,120.305364,門牌
高雄市楠梓區德民路378號11樓之2,22.725519,120.302228,門牌
高雄市楠梓區德民路52號12樓,22.728372,120.312393,門牌
高雄市楠梓區惠春街149號6樓,22.727602,120.318400,門牌
高雄市楠梓區惠春街85號1樓,22.726923,120.319880,門牌
高雄市楠梓區惠民里高楠公路1870巷17弄5號1樓,22.731788,120.321356,門牌
高雄市楠梓區惠豐街186巷3號10樓,22.729045,120.318361,門牌
高雄市楠梓區惠豐里惠豐街122號,22.728262,120.319088,門牌
高雄市楠梓區援中路498號3樓,22.725702,120.292308,門牌
高雄市楠梓區新昌街166號11樓之7,22.711975,120.298562,門牌
高雄市楠梓區新昌街34號1樓,22.608246,120.343067,門牌
高雄市楠梓區旗楠路126巷113號12樓,22.730562,120.332035,門牌
高雄市楠梓區旗楠路885之10號5樓,22.741683,120.338159,門牌
高雄市楠梓區旗楠路885之21號10樓,22.741683,120.338159,門牌
高雄市楠梓區旗楠路965號,22.743724,120.340209,門牌
高雄市楠梓區朝新路72號1樓,22.723751,120.326543,門牌
高雄市楠梓區朝明路108號,22.723912,120.327707,門牌
高雄市楠梓區楠梓新路115號,22.725728,120.324230,門牌
高雄市楠梓區楠梓新路337巷6號1樓,22.730566,120.327162,門牌
高雄市楠梓區楠泰街26號1樓,22.730351,120.330095,路名
高雄市楠梓區楠盛街124號3樓,22.730216,120.332141,門牌
高雄市楠梓區楠都東街183號4樓之4,22.726212,120.326467,門牌
高雄市楠梓區楠陽路113號2樓,22.724151,120.330748,門牌
高雄市楠梓區榮昌街16號3樓,22.714485,120.298345,門牌
高雄市楠梓區清成街43號1樓,22.736592,120.335437,門牌
高雄市楠梓區清豐三路160巷38號,22.740541,120.330706,門牌
高雄市楠梓區清豐二路166巷9號1樓,22.737117,120.329323,門牌
高雄市楠梓區清豐里土庫六路1號1樓,22.741288,120.334243,門牌
高雄市楠梓區清豐里旗楠路905號,22.742427,120.338920,門牌
高雄市楠梓區福興街189號,22.715571,120.282238,門牌
高雄市楠梓區秀群路857號1樓,22.719108,120.298316,門牌
高雄市楠梓區立仁街96巷320號1樓,22.747211,120.335556,門牌
高雄市楠梓區立民路4號1樓,22.741438,120.337644,門牌
高雄市楠梓區聖雲街36巷10弄10號1樓,22.715455,120.315939,門牌
高雄市楠梓區聖雲街36巷26弄13號1樓,22.715691,120.316346,門牌
高雄市楠梓區興楠路1046巷6弄17號,22.729621,120.336380,路名
高雄市楠梓區興盛街28號1樓,22.730365,120.338442,路名
高雄市楠梓區芎蕉三街1號1樓,22.746176,120.332060,門牌
高雄市楠梓區裕昌里裕昌街286號,22.717357,120.288203,門牌
高雄市楠梓區軍校路800號17樓,22.710641,120.293004,門牌
高雄市楠梓區金田街19號1樓,22.719245,120.317397,門牌
高雄市楠梓區高峰街109巷29號1樓,22.721179,120.315587,門牌
高雄市楠梓區高楠公路1872巷6號1樓,22.731517,120.321209,門牌
高雄市楠梓區高楠公路2500之10號,22.734677,120.321355,門牌
高雄市楠梓區高雄大學路207號4樓,22.726147,120.284645,門牌
高雄市橋頭區三德西路3號1樓,22.753617,120.290253,門牌
高雄市橋頭區中崎路36號,22.762871,120.321960,門牌
高雄市橋頭區仕豐南路123巷13號1樓,22.748854,120.309957,路名
高雄市橋頭區公園南街11巷5弄9號1樓,22.740861,120.266096,門牌
高雄市橋頭區南北路70之3號1樓,22.749786,120.276599,門牌
高雄市橋頭區復興西路810號,22.738104,120.267753,門牌
高雄市橋頭區成功北路213號,22.766558,120.305768,門牌
高雄市橋頭區成功路52號1樓,22.760636,120.309624,門牌
高雄市橋頭區林北路39號,22.766168,120.285463,門牌
高雄市橋頭區樹德路208巷39弄28號,22.761593,120.306942,門牌
高雄市橋頭區甲北里甲圍路126號1樓,22.742083,120.294283,門牌
高雄市橋頭區白樹里白樹路51號1樓,22.758594,120.305179,門牌
高雄市橋頭區社邊路34號1樓,22.741036,120.293157,門牌
高雄市橋頭區筆秀路1之1號,22.768265,120.311463,路名
高雄市橋頭區筆秀路5之6號,22.768708,120.314211,門牌
高雄市橋頭區聖公路15號1樓,22.743677,120.293196,門牌
高雄市橋頭區芋寮路369號,22.763785,120.275531,門牌
高雄市橋頭區芋寮里芋寮路297號,22.763743,120.275727,門牌
高雄市橋頭區芋寮里芋寮路317號,22.763550,120.275104,門牌
高雄市橋頭區芋林路292號,22.764435,120.278802,門牌
高雄市橋頭區芋林路301號,22.765829,120.284485,門牌
高雄市橋頭區通燕路10之3號,22.762248,120.318312,門牌
高雄市橋頭區里林東路197號,22.765623,120.300404,門牌
高雄市橋頭區隆智街1巷47號1樓,22.754867,120.307043,門牌
高雄市橋頭區頂鹽里朝福路2號,22.753989,120.274961,門牌
高雄市永安區保安路8巷22之6號,22.832896,120.235482,門牌
高雄市永安區保興二路4之8號,22.825747,120.238037,門牌
高雄市永安區永安路15號,22.896469,120.548114,門牌
高雄市永安區永工一路19號,22.816029,120.253709,門牌
高雄市永安區永工三路15號,22.815903,120.249451,門牌
高雄市永安區永工三路3號,22.810923,120.249748,門牌
高雄市永安區永工三路5號,22.812153,120.249575,門牌
高雄市永安區永工三路8號,22.813030,120.250623,門牌
高雄市永安區永工三路9號,22.813485,120.249736,門牌
高雄市永安區永工九路3號,22.816225,120.250566,路名
高雄市永安區永工二路19號,22.813159,120.251950,路名
高雄市永安區永工五路3號,22.809146,120.254522,門牌
高雄市永安區永工十路2號,22.813272,120.248963,門牌
高雄市永安區維新里保安路19號,22.807732,120.242898,門牌
高雄市永安區維新里永工一路5號,22.811753,120.253938,門牌
高雄市永安區維新里永工三路2號,22.810025,120.250444,門牌
高雄市湖內區中山路1段461巷1號2樓,22.887108,120.243429,門牌
高雄市湖內區中山路1段946號,22.899518,120.234626,門牌
高雄市湖內區中山路2段226巷15弄21號1樓,22.910287,120.227824,門牌
高雄市湖內區中山路一段25號,23.083836,120.588897,門牌
高雄市湖內區中山路一段54號,22.885995,120.482143,門牌
高雄市湖內區中山路一段843號,22.801979,120.337255,路名
高雄市湖內區中山路二段2巷51號,22.873623,120.252704,門牌
高雄市湖內區中山路二段6號,23.084402,120.589816,門牌
高雄市湖內區中正路2段420巷8弄10號1樓,22.908403,120.206544,門牌
高雄市湖內區中華街167巷17號1樓,22.743453,120.298369,路名
高雄市湖內區中華街74巷37之1號,22.743453,120.298369,路名
高雄市湖內區保生路298巷2號1樓,22.907432,120.220522,門牌
高雄市湖內區信義路108巷3號,22.898619,120.223682,門牌
高雄市湖內區和平路148巷55號,22.893407,120.224924,門牌
高雄市湖內區和平路148巷57號,22.892160,120.226249,門牌
高雄市湖內區太爺里中山路2段2巷15號,22.900245,120.235608,門牌
高雄市湖內區太爺里中山路2段62巷40號,22.903562,120.233040,門牌
高雄市湖內區建國街166號,22.874950,120.233565,路名
高雄市湖內區忠興里中正路二段580巷16號1樓,22.820224,120.355228,路名
高雄市湖內區東方路752巷2之1號,22.878952,120.242227,路名
高雄市湖內區正義二路46巷2弄9號3樓,22.874322,120.235608,門牌
高雄市湖內區民族街286巷27弄1號1樓,22.885506,120.236227,門牌
高雄市湖內區民族街362巷16號1樓,22.884248,120.234685,門牌
高雄市湖內區民族街372巷1之2號1樓,22.885306,120.238276,路名
高雄市湖內區湖內里民族街121巷16號,22.885960,120.239361,門牌
高雄市湖內區田尾里中山路一段634號,22.801979,120.337255,路名
高雄市湖內區田尾里民權路244巷10號,22.893014,120.243133,門牌
高雄市湖內區田尾里民權路244巷10號1樓,22.893014,120.243133,門牌
高雄市燕巢區中北路81號2樓,22.793866,120.363567,門牌
高雄市燕巢區中民路163巷66之1號,22.794173,120.369804,門牌
高雄市燕巢區中民路163巷66弄8號,22.793559,120.364441,路名
高雄市燕巢區中民路644號1樓,22.793477,120.360711,門牌
高雄市燕巢區中民路793巷15號,22.790467,120.354629,門牌
高雄市燕巢區中民路818巷10弄15號,22.793463,120.356868,門牌
高雄市燕巢區中竹路2之20號,22.802659,120.347951,門牌
高雄市燕巢區中興路500號,22.779327,120.360659,門牌
高雄市燕巢區中西路100巷21號1樓,22.794840,120.359175,門牌
高雄市燕巢區南燕里燕新三街31號1樓,22.789897,120.357156,門牌
高雄市燕巢區四林路108之25號,22.780066,120.350755,門牌
高雄市燕巢區四林路125之12號,22.775145,120.346323,門牌
高雄市燕巢區四林路1之1號,22.777754,120.345769,門牌
高雄市燕巢區大成路30號,22.772339,120.380190,路名
高雄市燕巢區大成路95號,22.772875,120.380853,門牌
高雄市燕巢區安北路283之1號,22.791369,120.345155,門牌
高雄市燕巢區安招路1058巷57號,22.789681,120.317505,門牌
高雄市燕巢區安招路1066-12號,22.789206,120.326760,路名
高雄市燕巢區安招路639號,22.785855,120.328489,門牌
高雄市燕巢區安招路90號,22.792195,120.340731,門牌
高雄市燕巢區安招里中安路345-1號1樓,22.607978,120.352199,路名
高雄市燕巢區安招里安北路100號,22.792295,120.349100,門牌
高雄市燕巢區安招里安招路671巷32號,22.786690,120.325456,門牌
高雄市燕巢區安招里安林五街10號,22.786021,120.330257,門牌
高雄市燕巢區安林一街7號,22.788276,120.330839,門牌
高雄市燕巢區安林三街23號,22.787366,120.330758,門牌
高雄市燕巢區安林三街5號,22.787180,120.329929,門牌
高雄市燕巢區安林四街8號1樓,22.786447,120.329981,門牌
高雄市燕巢區安林路14號1樓,22.787336,120.329118,門牌
高雄市燕巢區成大街22號,22.787888,120.337012,門牌
高雄市燕巢區東燕里中民路163巷68號1樓,22.794329,120.369617,門牌
高雄市燕巢區深水路21巷47號1樓,22.784324,120.410236,門牌
高雄市燕巢區深興路176之1號1樓,22.771833,120.387887,門牌
高雄市燕巢區深興路58之3號,22.772509,120.391611,門牌
高雄市燕巢區瓊招路16巷20弄48號,22.796884,120.330403,路名
高雄市燕巢區瓊林路1003號,22.790306,120.315824,門牌
高雄市燕巢區瓊林路64巷72號1樓,22.800086,120.321815,門牌
高雄市燕巢區瓊林里瓊林路101號1樓,22.798004,120.326671,門牌
高雄市燕巢區角宿路33之21號一樓,22.771833,120.355235,門牌
高雄市燕巢區角宿路639巷81號1樓,22.770096,120.359186,路名
高雄市燕巢區角宿里四林路699號,22.775520,120.346724,路名
高雄市燕巢區角宿里安新路360號,22.782342,120.334412,門牌
高雄市燕巢區鳳雄里鳳旗路310號1樓,22.753391,120.351392,門牌
高雄市甲仙區仁愛路19巷2號1樓,23.077445,120.581451,門牌
高雄市美濃區中興路457號,22.812981,120.411762,路名
高雄市美濃區吉和里福興5號一樓,22.849793,120.522228,門牌
高雄市美濃區吉洋里精忠新村7號,22.831121,120.536449,門牌
高雄市美濃區朝元78號1樓,22.933020,120.588198,門牌
高雄市美濃區民族路49之2號,22.909788,120.557700,門牌
高雄市美濃區泰安路607號1樓,22.904716,120.550558,門牌
高雄市美濃區雙峰街6之5號1樓,22.904854,120.541309,門牌
高雄市苓雅區三多三路206號,22.615578,120.308691,門牌
高雄市苓雅區三多二路138號,22.619542,120.321162,門牌
高雄市苓雅區三多二路171號6樓之1,22.619861,120.323329,門牌
高雄市苓雅區三多四路106之7號15樓之1,22.612838,120.301500,路名
高雄市苓雅區三多四路110號15樓之3,22.612175,120.298750,門牌
高雄市苓雅區三多四路110號15樓之6,22.612175,120.298750,門牌
高雄市苓雅區三多四路110號16樓之2,22.612175,120.298750,門牌
高雄市苓雅區三多四路110號20樓之2,22.612175,120.298750,門牌
高雄市苓雅區三多四路63號7樓之8,22.612812,120.301742,門牌
高雄市苓雅區中山二路489號8樓之2,22.619351,120.302010,門牌
高雄市苓雅區中正一路119號1樓,22.628146,120.331308,門牌
高雄市苓雅區中正一路120號10樓之4,22.628160,120.332641,門牌
高雄市苓雅區中正一路120號11樓之1,22.628160,120.332641,門牌
高雄市苓雅區中正一路120號14樓之4,22.628160,120.332641,門牌
高雄市苓雅區中正一路120號15樓之2,22.628160,120.332641,門牌
高雄市苓雅區中正一路120號5樓之5,22.628160,120.332641,門牌
高雄市苓雅區中正一路120號8樓之5,22.628160,120.332641,門牌
高雄市苓雅區中正一路120號9樓之2,22.628160,120.332641,門牌
高雄市苓雅區中正一路121巷3弄9號1樓,22.627431,120.331160,門牌
高雄市苓雅區中正一路249號12樓,22.687763,120.434591,門牌
高雄市苓雅區中正一路249號8樓之2,22.687763,120.434591,門牌
高雄市苓雅區中正一路249號9樓之2,22.687763,120.434591,門牌
高雄市苓雅區中正一路315號10樓之1,22.692088,120.434715,門牌
高雄市苓雅區中正二路105號9樓之2,22.630131,120.316101,門牌
高雄市苓雅區中正二路175號16樓之1,22.630302,120.313715,門牌
高雄市苓雅區中正二路175號19樓之3,22.630302,120.313715,門牌
高雄市苓雅區中正二路175號30樓之1,22.630302,120.313715,門牌
高雄市苓雅區中正二路175號5樓之3,22.630302,120.313715,門牌
高雄市苓雅區中正二路20號2樓,22.630243,120.321111,門牌
高雄市苓雅區中正二路30號5樓,22.630321,120.320264,門牌
高雄市苓雅區中正二路56巷33弄6號10樓之1,22.632029,120.318568,門牌
高雄市苓雅區中正二路56巷33弄8號3樓之2,22.631975,120.318408,門牌
高雄市苓雅區中正二路91號9樓之1,22.630106,120.316585,門牌
高雄市苓雅區中華四路47號10樓之3,22.613651,120.301675,門牌
高雄市苓雅區中華四路47號17樓之1,22.613651,120.301675,門牌
高雄市苓雅區中華四路47號6樓之1,22.613651,120.301675,門牌
高雄市苓雅區中華四路47號9樓之2,22.613651,120.301675,門牌
高雄市苓雅區中華四路64號3樓,22.613001,120.302439,門牌
高雄市苓雅區二聖一路42巷10弄28號1樓,22.612573,120.326236,門牌
高雄市苓雅區五權街30號,22.622028,120.323908,門牌
高雄市苓雅區五權街65號1樓,22.620741,120.320856,門牌
高雄市苓雅區仁德街126號5樓之1,22.618183,120.301290,門牌
高雄市苓雅區仁愛三街209號,22.616346,120.310777,門牌
高雄市苓雅區仁義街2之4號7樓,22.614355,120.303549,門牌
高雄市苓雅區光華一路108號2樓之2,22.622100,120.316738,路名
高雄市苓雅區光華一路122巷4號1樓,22.620979,120.317150,門牌
高雄市苓雅區光華一路129號4樓,22.621751,120.316237,門牌
高雄市苓雅區光華一路12號11樓之1,22.618633,120.317839,門牌
高雄市苓雅區光華一路131號4樓,22.621814,120.316211,門牌
高雄市苓雅區光華一路148之39號1樓,22.623313,120.316121,門牌
高雄市苓雅區光華一路206號19樓之4,22.629047,120.313842,門牌
高雄市苓雅區光華一路206號21樓之2,22.629047,120.313842,門牌
高雄市苓雅區光華一路206號22樓之9,22.629047,120.313842,門牌
高雄市苓雅區光華一路206號24樓之7,22.629047,120.313842,門牌
高雄市苓雅區光華一路206號6樓之3,22.629047,120.313842,門牌
高雄市苓雅區光華一路331號,22.622100,120.316738,路名
高雄市苓雅區六合路42號2樓,22.632471,120.318400,門牌
高雄市苓雅區和平一路136號13樓,22.627303,120.319322,門牌
高雄市苓雅區和平一路136號6樓,22.627303,120.319322,門牌
高雄市苓雅區和平一路149之6號,22.624116,120.320168,門牌
高雄市苓雅區和平一路149之6號1樓,22.624116,120.320168,門牌
高雄市苓雅區和平一路33號,22.620113,120.321701,門牌
高雄市苓雅區和平二路413號1樓,22.617903,120.322397,門牌
高雄市苓雅區四維三路152號1樓,22.618853,120.307994,門牌
高雄市苓雅區四維三路33號,22.618234,120.307863,路名
高雄市苓雅區四維三路80號8樓之3,22.619494,120.309964,門牌
高雄市苓雅區四維三路80號9樓之1,22.619494,120.309964,門牌
高雄市苓雅區四維二路102之1號1樓,22.622275,120.318279,門牌
高雄市苓雅區四維四路172之7號12樓之4,22.614901,120.296439,門牌
高雄市苓雅區四維四路190號3樓之3,22.614471,120.295054,門牌
高雄市苓雅區四維四路199號3樓,22.613779,120.293682,門牌
高雄市苓雅區四維四路199號5樓之1,22.613779,120.293682,門牌
高雄市苓雅區四維四路199號7樓,22.613779,120.293682,門牌
高雄市苓雅區四維四路2號4樓之2,22.617088,120.302823,門牌
高雄市苓雅區四維四路2號4樓之4,22.617088,120.302823,門牌
高雄市苓雅區四維四路7號3樓,22.616088,120.301328,門牌
高雄市苓雅區大順三路183號10樓之1,22.634373,120.325971,門牌
高雄市苓雅區大順三路71號8樓,22.631421,120.324226,門牌
高雄市苓雅區安樂路59號2樓,22.634142,120.333479,門牌
高雄市苓雅區家齊路7號5樓,22.630836,120.326821,門牌
高雄市苓雅區尚志街8號,22.628718,120.314908,門牌
高雄市苓雅區廈門街58號1樓,22.625653,120.313206,路名
高雄市苓雅區廈門街91號,22.625653,120.313206,路名
高雄市苓雅區廣州一街149之3號4樓之1,22.626329,120.316106,門牌
高雄市苓雅區廣州一街36號1樓,22.620010,120.318806,門牌
高雄市苓雅區廣東一街44號1樓,22.620792,120.320108,門牌
高雄市苓雅區廣東一街49巷16號1樓,22.620889,120.319356,門牌
高雄市苓雅區廣東二街35巷17號2樓,22.616390,120.320552,門牌
高雄市苓雅區廣東二街70號1樓,22.617178,120.321241,門牌
高雄市苓雅區建國一路109號5樓之5,22.630949,120.334427,門牌
高雄市苓雅區建國一路109號8樓之3,22.630949,120.334427,門牌
高雄市苓雅區建國一路62巷23號,22.631412,120.337172,門牌
高雄市苓雅區建國一路62巷66號1樓,22.633201,120.337403,門牌
高雄市苓雅區建國一路62巷74號,22.633481,120.337430,門牌
高雄市苓雅區建華街198號1樓,22.617109,120.323598,門牌
高雄市苓雅區復興二路3號4樓之3,22.616854,120.311377,門牌
高雄市苓雅區成功一路232號17樓之1~4,22.617757,120.296677,門牌
高雄市苓雅區成功二路132之1號,22.611580,120.298907,門牌
高雄市苓雅區文昌路128號,22.633116,120.338786,門牌
高雄市苓雅區文昌路41巷12號,22.631603,120.337636,門牌
高雄市苓雅區文昌路70號1樓,22.632040,120.338387,門牌
高雄市苓雅區新光路140巷24號1樓,22.611546,120.299300,門牌
高雄市苓雅區新光路28巷7之4號1樓,22.612311,120.302968,門牌
高雄市苓雅區新光路38號14樓之5,22.611674,120.301917,門牌
高雄市苓雅區新光路62巷15號26樓之3,22.611932,120.300941,門牌
高雄市苓雅區林德街16號1樓,22.623956,120.316493,門牌
高雄市苓雅區林德街30號3樓,22.623828,120.316156,門牌
高雄市苓雅區樂仁路23巷9之2號2樓,22.635264,120.323209,門牌
高雄市苓雅區正大路104號1樓,22.633418,120.333076,門牌
高雄市苓雅區正義路164號10樓之5,22.631342,120.339954,門牌
高雄市苓雅區正義路269號1樓,22.633558,120.340889,門牌
高雄市苓雅區正義里文山路38號1樓,22.628461,120.337761,門牌
高雄市苓雅區正言路125號4樓,22.634414,120.331607,門牌
高雄市苓雅區正言路142號1樓,22.634515,120.332065,門牌
高雄市苓雅區正言路64巷2號1樓,22.631494,120.330724,門牌
高雄市苓雅區正言里中正一路284號6樓之1,22.629694,120.328082,門牌
高雄市苓雅區正順街46號,22.629134,120.338830,門牌
高雄市苓雅區正順街61號,22.629033,120.338479,門牌
高雄市苓雅區武仁街110號1樓,22.620387,120.334065,門牌
高雄市苓雅區武廟路252號3樓,22.632146,120.322734,門牌
高雄市苓雅區武廟路39巷10號1樓,22.629780,120.331355,門牌
高雄市苓雅區武廟路73號6樓之4,22.630408,120.330328,門牌
高雄市苓雅區武廟路88巷16號2樓,22.631305,120.331036,門牌
高雄市苓雅區武廟路88巷5號2樓,22.630970,120.330746,門牌
高雄市苓雅區武昌路70巷41弄24號1樓,22.619504,120.333732,門牌
高雄市苓雅區武漢街119號1樓,22.620324,120.327436,門牌
高雄市苓雅區武營路553號1樓,22.620498,120.336008,門牌
高雄市苓雅區武義街70巷6號3樓,22.617667,120.335008,門牌
高雄市苓雅區永富街31號1樓,22.618517,120.315947,門牌
高雄市苓雅區永富街51號,22.618260,120.314718,路名
高雄市苓雅區永平路7巷18號1樓,22.614025,120.292258,門牌
高雄市苓雅區永平路96號1樓,22.616617,120.294248,門牌
高雄市苓雅區永樂街127號,22.615726,120.307508,門牌
高雄市苓雅區永樂街137號21樓之2,22.615662,120.307296,門牌
高雄市苓雅區永樂街137號24樓之2,22.615662,120.307296,門牌
高雄市苓雅區河北路17號1樓,22.623683,120.331091,門牌
高雄市苓雅區河北路222號,22.630944,120.322540,門牌
高雄市苓雅區河北路86號,22.626419,120.328686,門牌
高雄市苓雅區河南路102號1樓,22.626629,120.327134,門牌
高雄市苓雅區河南路102號2樓,22.626629,120.327134,門牌
高雄市苓雅區河南路230號4樓,22.631512,120.320027,門牌
高雄市苓雅區泉州街15號1樓,22.624539,120.313548,門牌
高雄市苓雅區泉州街81號,22.624265,120.312715,門牌
高雄市苓雅區泰豐街28號1樓,22.631073,120.318836,門牌
高雄市苓雅區海邊路28號10樓之3,22.615437,120.292810,門牌
高雄市苓雅區海邊路31號14樓之3,22.616478,120.293367,門牌
高雄市苓雅區海邊路46號3樓之3,22.618132,120.293768,門牌
高雄市苓雅區海邊路46號4樓之5,22.618132,120.293768,門牌
高雄市苓雅區海邊路46號9樓之7,22.618132,120.293768,門牌
高雄市苓雅區海邊路65號8樓之1,22.619850,120.292120,門牌
高雄市苓雅區福壽街147號,22.666070,120.354313,路名
高雄市苓雅區福安路263號1樓,22.626988,120.328738,門牌
高雄市苓雅區福安路43號1樓,22.625605,120.330650,門牌
高雄市苓雅區福建街296號2樓,22.624814,120.314471,門牌
高雄市苓雅區福德一路109巷2號1樓,22.634430,120.333189,門牌
高雄市苓雅區福德一路111號1樓,22.634530,120.333285,門牌
高雄市苓雅區福德一路194號,22.635336,120.331771,門牌
高雄市苓雅區福德一路194號1樓,22.635336,120.331771,門牌
高雄市苓雅區福德一路32號1樓,22.633376,120.335947,門牌
高雄市苓雅區福德三路31巷14之1號,22.619035,120.327499,門牌
高雄市苓雅區福東里武營路571巷8號1樓,22.620748,120.335318,門牌
高雄市苓雅區義勇路145號1樓,22.633381,120.339431,門牌
高雄市苓雅區義勇路147巷40號,22.631987,120.338768,門牌
高雄市苓雅區義勇路198號,22.634046,120.338533,門牌
高雄市苓雅區自強三路3號15樓之1,22.611505,120.300426,門牌
高雄市苓雅區自強三路3號15樓之2,22.611505,120.300426,門牌
高雄市苓雅區自強三路3號15樓之3,22.611505,120.300426,門牌
高雄市苓雅區自強三路3號21樓之7,22.611505,120.300426,門牌
高雄市苓雅區自強三路3號31樓之10,22.611505,120.300426,門牌
高雄市苓雅區自強三路5號21樓之6,22.611605,120.300390,門牌
高雄市苓雅區興中一路74號1樓,22.618710,120.313125,門牌
高雄市苓雅區苓雅一路348號1樓,22.620131,120.307282,門牌
高雄市苓雅區苓雅二路69巷45號1樓,22.616937,120.301393,門牌
高雄市苓雅區英祥街40號十五樓之3,22.616991,120.324363,門牌
高雄市苓雅區英祥街41號1樓,22.616551,120.325086,門牌
高雄市苓雅區英義街148巷2弄1之3號,22.614967,120.326372,門牌
高雄市苓雅區英義街208巷廿號,22.615338,120.325940,路名
高雄市苓雅區英義街252號3樓之1,22.616834,120.325976,門牌
高雄市苓雅區英義街289號一樓,22.615338,120.325940,路名
高雄市苓雅區英義街54巷1弄9號,22.613052,120.326234,門牌
高雄市苓雅區身修路13號1樓,22.630510,120.328773,門牌
高雄市苓雅區身修路2號,22.630330,120.329007,門牌
高雄市苓雅區身修路5號4樓,22.630284,120.328699,門牌
高雄市苓雅區輔仁路102巷3之4號7樓,22.630575,120.333600,門牌
高雄市苓雅區輔仁路155號11樓之2,22.630411,120.333093,門牌
高雄市苓雅區輔仁路155號15樓之2,22.630411,120.333093,門牌
高雄市苓雅區輔仁路177巷24號,22.631165,120.332030,門牌
高雄市苓雅區輔仁路177巷2號、5樓之1,22.630871,120.332972,門牌
高雄市苓雅區輔仁路52巷1號3樓,22.625155,120.333256,門牌
高雄市苓雅區青年一路70號,22.623914,120.312913,門牌
高雄市苓雅區青年二路212號5樓之7,22.617784,120.294714,門牌
高雄市茄萣區中正路三段1號,22.916417,120.459945,門牌
高雄市茄萣區嘉安里信義路3段26巷35弄52號1樓,22.902206,120.187265,門牌
高雄市茄萣區嘉福里濱海路3段6巷2號1樓,22.896926,120.181459,門牌
高雄市茄萣區民福路180巷30號1樓,22.872215,120.197878,門牌
高雄市茄萣區白砂路71號1樓,22.908978,120.184146,門牌
高雄市茄萣區福德路16號1樓,22.916347,120.184560,門牌
高雄市路竹區三爺里復興路922號,22.836031,120.284150,門牌
高雄市路竹區下坑里大德路209之1號,22.863745,120.294057,門牌
高雄市路竹區中山南路47號,22.836209,120.265249,門牌
高雄市路竹區中山路1455之1號,22.849617,120.262692,門牌
高雄市路竹區中山路1457號,22.848952,120.263871,門牌
高雄市路竹區中山路1900巷196號,22.842513,120.256486,門牌
高雄市路竹區中山路325號,22.873978,120.326811,門牌
高雄市路竹區中山路352巷27號1樓,22.863268,120.256625,門牌
高雄市路竹區中山路88巷33號,22.871121,120.253012,門牌
高雄市路竹區中正路80號,22.917561,120.456685,門牌
高雄市路竹區中興路18號底一層之8,23.112283,120.605534,門牌
高雄市路竹區中華路528號,22.850826,120.246535,門牌
高雄市路竹區仁愛路69巷52號1樓,22.869004,120.266642,門牌
高雄市路竹區北嶺六路33號,22.828101,120.272331,門牌
高雄市路竹區國昌路195巷7號1樓,22.859937,120.253262,門牌
高雄市路竹區大仁路520巷76號1樓,22.872573,120.266870,門牌
高雄市路竹區大仁路584之15號1樓,22.875049,120.259164,門牌
高雄市路竹區大仁路584之20號,22.875691,120.260052,門牌
高雄市路竹區大仁路674號1樓,22.875260,120.255753,門牌
高雄市路竹區大仁路719號,22.872280,120.260974,門牌
高雄市路竹區大仁路725號,22.871545,120.260290,門牌
高雄市路竹區大仁路80號1樓,22.805525,120.301359,門牌
高雄市路竹區大仁路811號,22.873150,120.258539,門牌
高雄市路竹區大仁路857號,22.872969,120.257413,門牌
高雄市路竹區大仁路881號,22.873452,120.256436,門牌
高雄市路竹區大同路513巷136號,22.853234,120.270599,門牌
高雄市路竹區大德路270號1樓,22.860294,120.294430,門牌
高雄市路竹區延平路255號1樓,22.857346,120.254543,門牌
高雄市路竹區後鄉里順安路275巷202號,22.831976,120.242591,門牌
高雄市路竹區復興路300之6號,22.844291,120.275745,門牌
高雄市路竹區復興路347號,22.845264,120.277047,門牌
高雄市路竹區復興路830號,22.837917,120.282869,門牌
高雄市路竹區新民路120號1樓,22.850052,120.268548,門牌
高雄市路竹區新民路46號,22.687069,120.313570,路名
高雄市路竹區智仁街144號1樓,22.859863,120.263185,門牌
高雄市路竹區民有路159號,22.821532,120.276671,門牌
高雄市路竹區民有路630號,22.820417,120.281226,門牌
高雄市路竹區環球路21號,22.877732,120.299829,門牌
高雄市路竹區環球路92號,22.879818,120.283225,門牌
高雄市路竹區甲南里大智路159巷6號1樓,22.873046,120.267457,門牌
高雄市路竹區社東里14鄰潭墘路241巷3號,22.863687,120.268252,門牌
高雄市路竹區竹南里中華路67號1樓,22.877337,120.571009,門牌
高雄市路竹區竹滬里華光路2巷2弄25號1樓,22.868345,120.238021,門牌
高雄市路竹區竹西里中山路268號,22.891976,120.481090,門牌
高雄市路竹區自立街15號1樓,22.858180,120.252481,門牌
高雄市路竹區華山路6巷6號,22.862935,120.228547,門牌
高雄市路竹區路科三路6號,22.831151,120.261133,門牌
高雄市路竹區金平路257號1樓,22.869261,120.269333,路名
高雄市路竹區順安路275巷200號,22.831962,120.242795,門牌
高雄市路竹區順安路355號,22.836162,120.241255,門牌
高雄市路竹區順安路393號,22.837831,120.239121,門牌
高雄市路竹區鴨寮里復興路367巷36弄32號1樓,22.846322,120.277176,門牌
高雄市阿蓮區中山路521巷82號,22.869300,120.329085,門牌
高雄市阿蓮區中正路216巷17號1樓,22.882175,120.337148,門牌
高雄市阿蓮區中正路216巷56之1號,22.882420,120.338627,門牌
高雄市阿蓮區中正路381巷43號1樓,22.879529,120.333451,門牌
高雄市阿蓮區中正路64號1樓,22.917457,120.457045,門牌
高雄市阿蓮區南蓮里忠孝路141號1樓,22.878880,120.331038,門牌
高雄市阿蓮區忠孝路11號,22.860590,120.259667,門牌
高雄市阿蓮區忠孝路11號1樓,22.860590,120.259667,門牌
高雄市阿蓮區成功街1035巷199號,22.835010,120.335442,路名
高雄市阿蓮區成功街148巷1號1樓,22.886048,120.331068,門牌
高雄市阿蓮區成功街3巷10號4樓之8,22.881564,120.334986,門牌
高雄市阿蓮區民權路120巷67號1樓,22.882466,120.325155,門牌
高雄市阿蓮區民生路135巷39號1樓,22.883278,120.325701,門牌
高雄市阿蓮區民生路399號1樓,22.817191,120.374608,路名
高雄市阿蓮區民生路583號1樓,22.817191,120.374608,路名
高雄市阿蓮區港後126號,22.872345,120.312944,門牌
高雄市阿蓮區港後134之25號,22.869859,120.307089,門牌
高雄市阿蓮區港後76之56號,22.867948,120.322642,門牌
高雄市鳥松區中山路150巷57號1樓,22.662162,120.394927,門牌
高雄市鳥松區中山路153巷4號1樓,22.662140,120.392696,門牌
高雄市鳥松區中山路170巷65號,22.662923,120.394555,門牌
高雄市鳥松區中正路8之1號,23.107801,120.698256,門牌
高雄市鳥松區仁美里美山路32之2號,22.641936,120.381296,門牌
高雄市鳥松區大同路11之5號,22.831585,120.289011,路名
高雄市鳥松區大同路23之101號,22.654132,120.370943,門牌
高雄市鳥松區大同路2之55號,22.652029,120.368131,門牌
高雄市鳥松區大同路4巷1弄6號,22.831585,120.289011,路名
高雄市鳥松區大同路5之1號,22.831585,120.289011,路名
高雄市鳥松區大埤路29之247號11樓,22.657225,120.360435,門牌
高雄市鳥松區大華路37號12樓之1,22.651454,120.343648,門牌
高雄市鳥松區山腳路1巷17之1號1樓,22.656656,120.340883,路名
高雄市鳥松區文前路3巷10之3號,22.663643,120.359043,門牌
高雄市鳥松區昌文街67號1樓,22.656673,120.335432,門牌
高雄市鳥松區昌發街12巷2之1號1樓,22.657858,120.334553,門牌
高雄市鳥松區明湖路100號3樓之7,22.665889,120.354211,門牌
高雄市鳥松區本館路281巷22號1樓,22.658774,120.332775,路名
高雄市鳥松區松埔路11巷21之2號,22.662831,120.367420,路名
高雄市鳥松區松埔路1之66號1樓,22.662831,120.367420,路名
高雄市鳥松區松埔路37巷55號1樓,22.662831,120.367420,路名
高雄市鳥松區水管路2巷1之26號,22.684083,120.361050,路名
高雄市鳥松區水管路2巷1之28號,22.647884,120.388523,門牌
高雄市鳥松區水管路682之1號,22.668537,120.363202,門牌
高雄市鳥松區溫州街67號1樓,22.659467,120.389401,門牌
高雄市鳥松區澄新六街31巷7號,22.673275,120.354921,門牌
高雄市鳥松區澄湖路192號14樓之1,22.667270,120.354884,門牌
高雄市鳥松區澄湖路196巷9號1樓,22.666994,120.354491,門牌
高雄市鳥松區澄湖路215號13樓之5,22.665401,120.353341,門牌
高雄市鳥松區神農路48巷6之1號,22.676888,120.358626,路名
高雄市鳥松區竹安街61號1樓,22.647158,120.364920,門牌
高雄市鳥松區美山路13號,22.640832,120.378039,門牌
高雄市鳥松區美山路19巷15號,22.643722,120.377767,門牌
高雄市鳥松區美山路19巷1之2號,22.642131,120.378374,門牌
高雄市鳥松區美山路225號1樓,22.654786,120.394102,門牌
高雄市鳥松區美山路36巷1之33號,22.640727,120.382364,門牌
高雄市鳥松區美山路43號,22.643252,120.382516,門牌
高雄市鳥松區美山路70巷12之11號2樓,22.642482,120.386248,門牌
高雄市鳥松區美山路86之1號,22.645496,120.387345,門牌
高雄市鳥松區美庄路12號,22.644014,120.391052,門牌
高雄市鳥松區美庄路17巷86號1樓,22.645232,120.396118,門牌
高雄市鳥松區美庄路8號,22.644959,120.391093,門牌
高雄市鳥松區華山路12巷10號1樓,22.660343,120.395163,門牌
高雄市鳥松區華美路132號1樓,22.661363,120.393796,門牌
高雄市鳥松區鳥松里大埤路36-22號1樓,22.657948,120.360551,路名
高雄市鳳山區一甲里南江街53巷21號,22.601337,120.336736,門牌
高雄市鳳山區七雄街46號1樓（營業所在地僅供辦公連絡用）,22.598134,120.326320,門牌
高雄市鳳山區三民路103號2樓,22.890414,120.601845,門牌
高雄市鳳山區三民里光明路34巷18之3號4樓（營業所在地僅供辦公聯絡用）,22.622698,120.363628,門牌
高雄市鳳山區三誠路186巷43之2號6樓,22.595312,120.324489,門牌
高雄市鳳山區中和街239號1樓,22.626373,120.347270,門牌
高雄市鳳山區中和里中泰街50巷11號1樓,22.627234,120.346356,門牌
高雄市鳳山區中和里裕昌街79號,22.627259,120.347602,門牌
高雄市鳳山區中山東路178巷48號1樓,22.625021,120.376277,門牌
高雄市鳳山區中山東路290巷103號,22.625341,120.380433,門牌
高雄市鳳山區中山東路380巷100弄20號,22.626117,120.381998,門牌
高雄市鳳山區中山東路380巷100弄20號1樓,22.626117,120.381998,門牌
高雄市鳳山區中山東路392巷30號1樓,22.627953,120.382032,門牌
高雄市鳳山區中山東路46巷36號1樓,22.622642,120.369892,門牌
高雄市鳳山區中山東路53之1號,22.621650,120.366421,門牌
高雄市鳳山區中山東路58巷18號15樓之1,22.623130,120.369874,門牌
高雄市鳳山區中山東路58巷42號22樓之3,22.622736,120.370329,門牌
高雄市鳳山區中山東路60巷16號1樓,22.623169,120.370589,門牌
高雄市鳳山區中山西路210號,22.628171,120.348891,門牌
高雄市鳳山區中山西路364之11號9樓,22.629106,120.342098,門牌
高雄市鳳山區中山西路364之1號5樓,22.628830,120.342207,門牌
高雄市鳳山區中山路138號,22.661777,120.393032,門牌
高雄市鳳山區中崙二路579巷24之1號,22.598770,120.354453,門牌
高雄市鳳山區中崙二路579巷3之1號7樓,22.599260,120.353277,門牌
高雄市鳳山區中崙二路581巷2號7樓,22.598268,120.353096,門牌
高雄市鳳山區中崙二路584巷20號4樓,22.597782,120.351456,門牌
高雄市鳳山區中崙四路34之1號7樓,22.599863,120.350714,門牌
高雄市鳳山區中崙里中崙一路238號,22.609148,120.351628,門牌
高雄市鳳山區二和街7號6樓,22.594041,120.334597,門牌
高雄市鳳山區五常街52巷18號,22.596901,120.326716,門牌
高雄市鳳山區五權南路253巷3號,22.624918,120.352989,門牌
高雄市鳳山區五甲一路28號,22.621851,120.358009,門牌
高雄市鳳山區五甲一路616號24樓,22.610247,120.348746,門牌
高雄市鳳山區五甲一路708號1樓,22.608449,120.347636,門牌
高雄市鳳山區五甲一路710巷8之1號,22.608595,120.347499,門牌
高雄市鳳山區五甲三路141號1樓,22.591124,120.325727,門牌
高雄市鳳山區五甲三路157巷9弄6號,22.590575,120.326239,門牌
高雄市鳳山區五甲二路149巷31號11樓,22.600755,120.341166,門牌
高雄市鳳山區五甲二路20號,22.604851,120.345338,門牌
高雄市鳳山區五甲二路303號,22.599040,120.337584,門牌
高雄市鳳山區五甲二路407號1樓,22.597260,120.335073,門牌
高雄市鳳山區五甲二路451巷3號地下一層之27,22.596668,120.334433,門牌
高雄市鳳山區五甲二路465巷47號1樓,22.596016,120.334567,門牌
高雄市鳳山區仁義街81號1樓,22.631686,120.351736,門牌
高雄市鳳山區保孝街23號1樓,22.592689,120.352234,門牌
高雄市鳳山區保安一街105巷13號1樓,22.591903,120.337354,門牌
高雄市鳳山區保安二街502號1樓,22.598243,120.346956,門牌
高雄市鳳山區保安里鳳甲路476號1樓,22.597030,120.346201,門牌
高雄市鳳山區保成二路57巷38號,22.592458,120.352083,門牌
高雄市鳳山區保成二路57巷38號1樓,22.592458,120.352083,門牌
高雄市鳳山區保成二路63號1樓,22.592442,120.352796,門牌
高雄市鳳山區保泰路220巷6弄4號3樓,22.600684,120.331399,門牌
高雄市鳳山區保泰路270巷19號1樓,22.600420,120.333514,門牌
高雄市鳳山區保泰路280巷40號1樓,22.600923,120.333194,門牌
高雄市鳳山區保生路159號1樓,22.907102,120.219993,門牌
高雄市鳳山區光復路78之1號6樓,22.629109,120.360120,門牌
高雄市鳳山區光復路二段303號,22.991508,120.636305,門牌
高雄市鳳山區光復路二段327號3樓,22.991379,120.636350,門牌
高雄市鳳山區光遠路40號,22.623611,120.367126,門牌
高雄市鳳山區八德路二段156號8樓,22.638407,120.359169,門牌
高雄市鳳山區凱旋路285之3號6樓,22.613480,120.348294,門牌
高雄市鳳山區凱旋路285之5號10樓,22.613578,120.348131,門牌
高雄市鳳山區凱旋路317巷6號13樓,22.614035,120.347938,門牌
高雄市鳳山區凱旋路344巷4號一樓,22.617123,120.344728,門牌
高雄市鳳山區力行路203號,22.605807,120.396767,門牌
高雄市鳳山區勝利路2之7號1樓,22.627218,120.373953,門牌
高雄市鳳山區勝利路83號4樓,22.628824,120.373444,門牌
高雄市鳳山區北文街60巷32號1樓,22.641609,120.369121,門牌
高雄市鳳山區北昌三街27號7樓,22.645231,120.374411,門牌
高雄市鳳山區北昌三街3號17樓,22.645517,120.375043,門牌
高雄市鳳山區北田街9號,22.641009,120.365910,路名
高雄市鳳山區北賢街39號9樓,22.644579,120.370391,路名
高雄市鳳山區北賢街76巷146號5樓,22.644579,120.370391,路名
高雄市鳳山區北辰街79號1樓,22.640068,120.367484,門牌
高雄市鳳山區南京路24巷16弄2號1樓,22.607297,120.346281,門牌
高雄市鳳山區南京路298號1樓,22.615007,120.345895,門牌
高雄市鳳山區南京路326巷7號一樓,22.616513,120.346137,門牌
高雄市鳳山區南京路50號2樓,22.607928,120.345849,門牌
高雄市鳳山區南和里林森路181號6樓,22.594336,120.334017,門牌
高雄市鳳山區南安路58號1樓,22.857932,120.379515,門牌
高雄市鳳山區南成里鳳甲路139號1樓,22.593017,120.339970,門牌
高雄市鳳山區南昌街27巷40號1樓,22.602564,120.340598,門牌
高雄市鳳山區南正一路48巷3號8樓,22.595330,120.336824,門牌
高雄市鳳山區南正二路196號6樓,22.600219,120.330249,門牌
高雄市鳳山區南正二路211巷19號1樓,22.600512,120.329102,門牌
高雄市鳳山區南正二路64巷97弄6號,22.599814,120.334846,門牌
高雄市鳳山區南江街245號,22.603718,120.341644,門牌
高雄市鳳山區南江街8之1號1樓,22.599606,120.335910,門牌
高雄市鳳山區南福街107號,22.611511,120.346008,門牌
高雄市鳳山區南進五街78號1樓,22.588243,120.329705,門牌
高雄市鳳山區同明街37號4樓之3,22.605050,120.342882,門牌
高雄市鳳山區和平路57號一樓,22.890764,120.224010,門牌
高雄市鳳山區和德里中山路53巷15號1樓（營業所在地僅供辦公連絡用）,22.620403,120.361095,門牌
高雄市鳳山區和德里大東二路145號7樓（營業所在地僅供辦公連絡用）,22.618352,120.358522,門牌
高雄市鳳山區和成路486號,22.591860,120.340394,路名
高雄市鳳山區和興里和興街24號1樓,22.619507,120.357643,門牌
高雄市鳳山區善志街21之2號3樓,22.601564,120.334927,門牌
高雄市鳳山區四維街142號9樓,22.624214,120.374128,門牌
高雄市鳳山區國光里國興街2巷14號,22.618347,120.348421,門牌
高雄市鳳山區國慶九街152號8樓,22.587753,120.341596,路名
高雄市鳳山區國慶五街58號,22.586219,120.341836,門牌
高雄市鳳山區國慶十一街139號1樓,22.589314,120.339576,門牌
高雄市鳳山區國泰路2段9之4號,22.616547,120.352295,門牌
高雄市鳳山區國泰路一段99號,22.617764,120.351077,路名
高雄市鳳山區國泰路二段68之4號,22.617764,120.351077,路名
高雄市鳳山區園盛路102號1樓,22.594090,120.356427,門牌
高雄市鳳山區園茂路82號2樓,22.592064,120.357710,門牌
高雄市鳳山區埤頂里12鄰建國路一段147號1樓,22.859540,120.255977,門牌
高雄市鳳山區埤頂里中山東路299號,22.626691,120.376101,門牌
高雄市鳳山區大德里公園二街58巷26號1樓,22.586634,120.332747,門牌
高雄市鳳山區大明路157號11樓,22.609874,120.341482,門牌
高雄市鳳山區大明路15巷8之1號,22.607000,120.341338,門牌
高雄市鳳山區安寧街160之4號,22.622474,120.356898,門牌
高雄市鳳山區富新路52號1樓,22.586118,120.339642,門牌
高雄市鳳山區寶陽路101巷3號1樓,22.589026,120.347625,路名
高雄市鳳山區工協街60號2樓,22.630484,120.370811,門牌
高雄市鳳山區平等路55號8樓,22.624294,120.352421,門牌
高雄市鳳山區府前路39號3樓,22.629248,120.343570,門牌
高雄市鳳山區建國路2段30巷47號1樓,22.636198,120.362917,門牌
高雄市鳳山區建國路3段126號2樓,22.637122,120.354016,門牌
高雄市鳳山區建國路一段398號,22.663411,120.350667,路名
高雄市鳳山區建國路三段140巷7號1樓,22.663411,120.350667,路名
高雄市鳳山區建國路三段63號1樓,22.859961,120.257229,門牌
高雄市鳳山區建國路三段68號,22.860261,120.257545,門牌
高雄市鳳山區建國路二段30巷47號1樓,22.663411,120.350667,路名
高雄市鳳山區忠孝里光復路一段126巷20號1樓,22.709427,120.414438,路名
高雄市鳳山區忠孝里澄清路161巷2號,22.632760,120.344300,門牌
高雄市鳳山區忠誠里北文街115號1樓,22.643844,120.368717,門牌
高雄市鳳山區文中街260巷17號13樓,22.642377,120.352025,門牌
高雄市鳳山區文中街260巷3號,22.642030,120.351970,門牌
高雄市鳳山區文勇街27號1樓,22.639001,120.358462,門牌
高雄市鳳山區文勇街61號,22.639508,120.358462,門牌
高雄市鳳山區文化西路19號1樓,22.635127,120.347257,路名
高雄市鳳山區文化西路45號1樓,22.635140,120.347053,門牌
高雄市鳳山區文化西路50巷12號1樓,22.635367,120.349023,門牌
高雄市鳳山區文化西路67號9樓,22.634978,120.346551,門牌
高雄市鳳山區文化西路70巷12弄4號5樓,22.635569,120.348568,門牌
高雄市鳳山區文山里文智街42號1樓,22.640575,120.355984,門牌
高雄市鳳山區文德里建國路3段252巷11號一樓,22.663411,120.350667,路名
高雄市鳳山區文德里文中街232巷9號7樓,22.642306,120.352631,門牌
高雄市鳳山區文德里文建街184號3樓,22.635625,120.347798,門牌
高雄市鳳山區文德里文澄街112號5樓（營業所在地僅供辦公連絡用）,22.644351,120.352279,門牌
高雄市鳳山區文德里文澄街119號17樓,22.644418,120.351700,門牌
高雄市鳳山區文德里文澄街32號14樓,22.643658,120.354697,門牌
高雄市鳳山區文德里文龍路85號9樓,22.643782,120.347224,門牌
高雄市鳳山區文教路103號,22.634261,120.347158,門牌
高雄市鳳山區文教路51號,22.633696,120.350477,門牌
高雄市鳳山區文昌一街20號1樓,22.633039,120.353332,門牌
高雄市鳳山區文福里文學街76號1樓,22.635933,120.346012,門牌
高雄市鳳山區文福里文學街90號4樓（營業所在地僅供辦公連絡用）,22.635678,120.345674,門牌
高雄市鳳山區文聖街175號,22.631783,120.352835,門牌
高雄市鳳山區文英路69號1樓,22.637747,120.359932,門牌
高雄市鳳山區文衡路562號,22.641734,120.347414,門牌
高雄市鳳山區文雅東街62號1樓,22.634521,120.360083,門牌
高雄市鳳山區文雅街186號1樓,22.636312,120.348867,門牌
高雄市鳳山區文雅街194巷7號11樓,22.636628,120.348477,門牌
高雄市鳳山區文鳳路36號,22.642408,120.349992,門牌
高雄市鳳山區文龍路16巷12號1樓,22.643898,120.350628,門牌
高雄市鳳山區文龍路16巷12號3樓,22.643898,120.350628,門牌
高雄市鳳山區文龍路83號9樓,22.643580,120.349903,路名
高雄市鳳山區文龍路85號10樓,22.643782,120.347224,門牌
高雄市鳳山區文龍路85號11樓,22.643782,120.347224,門牌
高雄市鳳山區新富路490號14樓,22.613632,120.347122,門牌
高雄市鳳山區新康街151巷1號11樓,22.609194,120.344306,門牌
高雄市鳳山區新康街390號12樓,22.616692,120.343530,門牌
高雄市鳳山區新強路355號1樓,22.615219,120.338843,門牌
高雄市鳳山區新樂街196巷4號1樓,22.610077,120.340521,門牌
高雄市鳳山區新樂街28號3樓,22.801903,120.294826,門牌
高雄市鳳山區新樂里大明路111之1號2樓,22.609237,120.341427,門牌
高雄市鳳山區曹公里中正路182之5號1樓,22.629307,120.360774,門牌
高雄市鳳山區杭州西街166號8樓,22.618418,120.373858,門牌
高雄市鳳山區東門里光遠東路8號（營業所在地僅供辦公連絡用）,22.622227,120.369029,門牌
高雄市鳳山區林森路21巷2弄5之3號,22.592000,120.330333,門牌
高雄市鳳山區林森路365號,22.598466,120.339254,門牌
高雄市鳳山區林森路416巷10號,22.598351,120.339943,門牌
高雄市鳳山區林森路416巷2號6樓,22.598569,120.339782,門牌
高雄市鳳山區正義里五甲二路105巷20號5樓（營業所在地僅供辦公連絡用）,22.600797,120.341365,門牌
高雄市鳳山區武慶二路56巷10號9樓,22.611094,120.333802,門牌
高雄市鳳山區武慶二路56巷2之5號2樓,22.611872,120.333503,路名
高雄市鳳山區武慶二路56巷34號,22.611220,120.334579,門牌
高雄市鳳山區武慶二路80巷30號1樓,22.611760,120.334358,門牌
高雄市鳳山區武慶二路80巷5之4號,22.612039,120.333144,門牌
高雄市鳳山區武松街150號2樓,22.638699,120.363839,門牌
高雄市鳳山區武松街91號1樓,22.637776,120.363463,門牌
高雄市鳳山區武松街96巷3號4樓,22.637421,120.363726,門牌
高雄市鳳山區武松里經武路198號之3二樓,22.636740,120.364306,門牌
高雄市鳳山區武松里鳳松路172號1樓,22.636216,120.362444,門牌
高雄市鳳山區民安街51號1樓,22.644791,120.368322,門牌
高雄市鳳山區永安街100號5樓,22.598577,120.331776,門牌
高雄市鳳山區永安街107之1號6樓,22.598322,120.331042,門牌
高雄市鳳山區永安街108號12樓,22.598301,120.331596,門牌
高雄市鳳山區海洋一路102號,22.609791,120.344270,門牌
高雄市鳳山區海洋一路60巷21號5樓,22.608914,120.343671,門牌
高雄市鳳山區海洋二路102巷28號1樓,22.611271,120.348212,門牌
高雄市鳳山區漢慶街102號,22.613423,120.334192,門牌
高雄市鳳山區澄清路139巷1之3號,22.631621,120.344159,門牌
高雄市鳳山區濱山街63之6號,22.646596,120.351546,門牌
高雄市鳳山區濱山街6號6樓之1,22.645131,120.350927,門牌
高雄市鳳山區灣頭南巷92之1號,22.619161,120.375646,路名
高雄市鳳山區王生明路123號4樓,22.619677,120.362555,門牌
高雄市鳳山區王生明路23巷90號1樓,22.617169,120.360484,門牌
高雄市鳳山區瑞大街75巷3號,22.631463,120.368450,門牌
高雄市鳳山區瑞春街42號,22.596488,120.323182,門牌
高雄市鳳山區瑞春街6號6樓,22.595707,120.322733,門牌
高雄市鳳山區瑞竹路168巷6號1樓,22.627091,120.368799,門牌
高雄市鳳山區瑞竹里瑞竹路234號1樓,22.628577,120.369937,門牌
高雄市鳳山區瑞興路135巷1之1號四樓,22.625960,120.366310,門牌
高雄市鳳山區瑞興路135巷29號1樓,22.625503,120.365940,門牌
高雄市鳳山區瑞興路135巷32號2樓,22.627096,120.365783,門牌
高雄市鳳山區瑞興路135巷41弄29號1樓,22.625178,120.366036,門牌
高雄市鳳山區瑞興路249巷11號3樓,22.628151,120.366159,門牌
高雄市鳳山區瑞隆東路123號1樓,22.606106,120.342132,門牌
高雄市鳳山區瑞順街125巷38號1樓,22.628334,120.367508,門牌
高雄市鳳山區甲智路147號1樓,22.598632,120.344430,門牌
高雄市鳳山區福安二街20巷27弄7號1樓,22.588782,120.331438,門牌
高雄市鳳山區福誠里仁和街19巷3號,22.594541,120.325702,門牌
高雄市鳳山區紅毛港路476號,22.586101,120.342996,路名
高雄市鳳山區紅毛港路476號1樓,22.586101,120.342996,路名
高雄市鳳山區經武路196巷17弄16號1樓,22.637226,120.364596,門牌
高雄市鳳山區經武路345號1樓,22.639079,120.364439,門牌
高雄市鳳山區經武路354巷1號1樓,22.640196,120.364729,門牌
高雄市鳳山區老爺里海洋二路102巷29號1樓,22.611376,120.348296,門牌
高雄市鳳山區老爺里瑞隆東路123號,22.606106,120.342132,門牌
高雄市鳳山區自強一路153號1樓,22.591407,120.328853,門牌
高雄市鳳山區自強二路158巷26號,22.597212,120.327927,門牌
高雄市鳳山區自強二路190巷34號,22.597866,120.327965,門牌
高雄市鳳山區自由路261號1樓,22.625381,120.349541,門牌
高雄市鳳山區華泰街159巷8號1樓,22.630716,120.352189,門牌
高雄市鳳山區華興街119號1樓,22.604730,120.338983,門牌
高雄市鳳山區誠北街10號1樓,22.612352,120.359189,門牌
高雄市鳳山區誠愛路128號,22.611706,120.359022,門牌
高雄市鳳山區誠愛路41巷1號,22.609578,120.358767,門牌
高雄市鳳山區誠義路269號1樓,22.613148,120.360203,門牌
高雄市鳳山區輜汽北一路13號,22.617492,120.332497,門牌
高雄市鳳山區輜汽南路5號,22.615173,120.333172,門牌
高雄市鳳山區輜汽路14號,22.615936,120.333702,門牌
高雄市鳳山區過仁街58號,22.590729,120.365843,門牌
高雄市鳳山區過勇路160號6樓,22.588686,120.363070,門牌
高雄市鳳山區過勇路162號11樓,22.588774,120.363073,門牌
高雄市鳳山區過勇路259巷6號1樓,22.592449,120.362619,門牌
高雄市鳳山區過勇路319巷22號1樓,22.594292,120.362206,門牌
高雄市鳳山區過勇路380巷9號,22.593503,120.363245,門牌
高雄市鳳山區過埤路657號6樓之3,22.590124,120.365271,路名
高雄市鳳山區過埤路75號7樓,22.589469,120.366434,門牌
高雄市鳳山區過埤路85號1樓,22.589807,120.365488,門牌
高雄市鳳山區過埤里過昌街38巷18弄2號1樓,22.585873,120.361432,門牌
高雄市鳳山區過埤里頂庄路139巷46號,22.586999,120.362091,門牌
高雄市鳳山區過埤里頂興街180號,22.589222,120.355628,門牌
高雄市鳳山區過雄街191號1樓,22.586637,120.364830,門牌
高雄市鳳山區過雄街42號1樓,22.586519,120.360092,門牌
高雄市鳳山區錦富街1號,22.593470,120.333391,門牌
高雄市鳳山區鎮北里北興街100號1Ｆ,22.638529,120.366653,門牌
高雄市鳳山區鎮北里北辰街79號1樓,22.640068,120.367484,門牌
高雄市鳳山區鎮北里武松街67號1樓,22.637156,120.363305,門牌
高雄市鳳山區鎮北里鳳仁路110巷55號,22.644287,120.373065,門牌
高雄市鳳山區鎮南街135巷26之2號1樓,22.597709,120.330371,門牌
高雄市鳳山區鎮南街157之1號1樓,22.596824,120.330036,路名
高雄市鳳山區鎮南里永安街80巷5號1樓,22.598172,120.331844,門牌
高雄市鳳山區鎮南里龍成路64號1樓（營業所在地僅供辦公聯絡用）,22.596464,120.329146,門牌
高雄市鳳山區鎮東街18號1樓,22.621877,120.366241,門牌
高雄市鳳山區鎮東里鎮東街64巷9號1樓,22.621999,120.364867,門牌
高雄市鳳山區鎮西里中華街77號1樓,22.628296,120.356096,門牌
高雄市鳳山區長明街38號1樓,22.619631,120.358173,門牌
高雄市鳳山區長興街90號1樓,22.617995,120.355974,門牌
高雄市鳳山區青年路二段588巷3弄9號1樓,22.633860,120.349660,路名
高雄市鳳山區頂庄路145號1樓,22.588176,120.362032,門牌
高雄市鳳山區頂庄路145號2樓,22.588176,120.362032,門牌
高雄市鳳山區頂庄路222號1樓,22.588458,120.361317,門牌
高雄市鳳山區頂新七街25號7樓,22.587139,120.363804,門牌
高雄市鳳山區頂新五街32號5樓,22.588784,120.364940,門牌
高雄市鳳山區高鳳一路115號2樓,22.588821,120.366041,路名
高雄市鳳山區高鳳一路133號,22.588821,120.366041,路名
高雄市鳳山區鳳仁路102之26、27、29號,22.673396,120.355951,路名
高雄市鳳山區鳳仁路110巷3之1號,22.673396,120.355951,路名
高雄市鳳山區鳳仁路110巷5之7號,22.673396,120.355951,路名
高雄市鳳山區鳳仁路86之22號,22.635883,120.367932,門牌
高雄市鳳山區鳳仁路93之58號,22.673396,120.355951,路名
高雄市鳳山區鳳仁路95號,22.686727,120.352331,門牌
高雄市鳳山區鳳北路194號1樓,22.644217,120.367706,門牌
高雄市鳳山區鳳南路87號1樓,22.598179,120.337693,門牌
高雄市鳳山區鳳明街96號,22.627256,120.358245,門牌
高雄市鳳山區鳳東五街97號1樓,22.626453,120.383736,門牌
高雄市鳳山區鳳東路401巷8號1樓,22.638115,120.376100,路名
高雄市鳳山區鳳東路487號1樓,22.620182,120.375800,門牌
高雄市鳳山區鳳東路508號1樓,22.619621,120.374331,門牌
高雄市鳳山區鳳東里中山東路290巷103號,22.625341,120.380433,門牌
高雄市鳳山區鳳東里中山東路358號,22.628283,120.380989,門牌
高雄市鳳山區鳳東里中山東路380巷100弄20號1樓,22.626117,120.381998,門牌
高雄市鳳山區鳳甲二街125巷16號10樓,22.597953,120.344723,門牌
高雄市鳳山區鳳甲路135號2樓,22.592944,120.339853,門牌
高雄市鳳山區鳳甲路50號1樓,22.591597,120.338444,門牌
高雄市鳳山區鳳甲路533號1樓,22.598146,120.345826,門牌
高雄市鳳山區鳳誠路15號1樓,22.643849,120.368554,門牌
高雄市鳳山區鳳頂路147號1樓,22.587831,120.358612,門牌
高雄市鳳山區鳳頂路229號5樓,22.591625,120.358524,門牌
高雄市鳳山區鳳頂路235號1樓,22.591782,120.358629,門牌
高雄市鳳山區鳳頂路375號1樓,22.594743,120.358976,門牌
高雄市鳳山區鳳頂路516巷25號1樓,22.595614,120.360516,門牌
高雄市鳳山區龍成路34巷32號9樓,22.596080,120.330810,門牌
高雄市鹽埕區七賢三路231號11樓之2,22.629819,120.283810,門牌
高雄市鹽埕區七賢三路3號11樓,22.621704,120.279352,門牌
高雄市鹽埕區七賢三路60號12樓之1,22.623168,120.280842,門牌
高雄市鹽埕區五福四路128號之3,22.622909,120.285415,門牌
高雄市鹽埕區五福四路81號13樓,22.622180,120.286128,門牌
高雄市鹽埕區五福四路99巷8之1號,22.622240,120.285246,門牌
高雄市鹽埕區北端街137號2樓,22.634211,120.284354,門牌
高雄市鹽埕區大安街87巷1號1樓,22.625080,120.278925,門牌
高雄市鹽埕區大義街119號1樓,22.622607,120.286700,門牌
高雄市鹽埕區大義街93之1號1樓,22.621403,120.285893,門牌
高雄市鹽埕區富野路16號,22.628452,120.283728,路名
高雄市鹽埕區府北路36號4樓之14,22.628893,120.285869,門牌
高雄市鹽埕區建國四路131號1樓,22.624689,120.279621,門牌
高雄市鹽埕區建國四路175號,22.626119,120.280423,門牌
高雄市鹽埕區建國四路175號7樓之1,22.626119,120.280423,門牌
高雄市鹽埕區建國四路17號,22.621883,120.278115,門牌
高雄市鹽埕區必信街106號1樓,22.621533,120.280627,門牌
高雄市鹽埕區新樂街95號1樓,22.806340,120.294080,門牌
高雄市鹽埕區河濱里光榮街14號,22.602868,120.338629,門牌
高雄市鹽埕區瀨南街37之1號1樓,22.621877,120.280787,門牌
高雄市鹽埕區莒光街135號,22.622758,120.284102,門牌
高雄市鼓山區中華一路125號8樓,22.663942,120.292978,門牌
高雄市鼓山區中華一路131巷5號,22.663753,120.293329,門牌
高雄市鼓山區中華一路203號9樓,22.663319,120.292958,門牌
高雄市鼓山區中華一路2111號5樓,22.652507,120.292440,門牌
高雄市鼓山區中華一路2133巷46弄21號,22.653655,120.299821,門牌
高雄市鼓山區中華一路2133巷46弄42號1樓,22.653512,120.300477,門牌
高雄市鼓山區中華一路2210號,22.661981,120.292526,路名
高雄市鼓山區中華一路2248號1樓,22.661981,120.292526,路名
高雄市鼓山區中華一路225號12樓,22.662488,120.292920,門牌
高雄市鼓山區中華一路247巷16號1樓,22.661724,120.293685,門牌
高雄市鼓山區中華一路247巷20號5樓之1,22.661634,120.293693,門牌
高雄市鼓山區中華一路29之8號1樓,22.667524,120.290031,門牌
高雄市鼓山區中華一路318號,22.664598,120.292112,門牌
高雄市鼓山區中華一路352號12樓,22.663804,120.292270,門牌
高雄市鼓山區中華一路352號13樓,22.663804,120.292270,門牌
高雄市鼓山區中華一路403之17號,22.656843,120.292657,門牌
高雄市鼓山區中華一路820號8樓,22.660577,120.292086,門牌
高雄市鼓山區中華一路868號1樓,22.658484,120.291915,門牌
高雄市鼓山區九如四路1990巷15弄10號5樓之1,22.667231,120.287148,門牌
高雄市鼓山區內惟路304之1號1樓,22.660812,120.279522,門牌
高雄市鼓山區南屏路861號4樓,22.656558,120.300282,門牌
高雄市鼓山區南屏路881號10樓,22.655937,120.300406,門牌
高雄市鼓山區博愛二路345號9樓,22.663425,120.302949,門牌
高雄市鼓山區厚生里翠華路105巷4弄9號,22.647719,120.279942,門牌
高雄市鼓山區哨船街65號1樓,22.620948,120.269114,門牌
高雄市鼓山區大順一路439號3樓,22.655821,120.302626,門牌
高雄市鼓山區大順一路439號7樓,22.655821,120.302626,門牌
高雄市鼓山區大順一路439號7樓之1,22.655821,120.302626,門牌
高雄市鼓山區大順一路439號7樓之2,22.655821,120.302626,門牌
高雄市鼓山區大順一路439號7樓之3,22.655821,120.302626,門牌
高雄市鼓山區大順一路471巷11號1樓,22.655312,120.302187,門牌
高雄市鼓山區富農路160號8樓,22.657072,120.297371,門牌
高雄市鼓山區富農路326、328號12樓,22.656756,120.297436,路名
高雄市鼓山區建榮路52號1樓,22.658026,120.280438,門牌
高雄市鼓山區文信路847號1樓,22.664073,120.295850,門牌
高雄市鼓山區新疆路113號,22.656334,120.277827,門牌
高雄市鼓山區明倫路47號1樓,22.667800,120.297405,門牌
高雄市鼓山區明華路251號13樓,22.663354,120.298916,門牌
高雄市鼓山區明華路251號15樓,22.663354,120.298916,門牌
高雄市鼓山區明華路315號12樓之2,22.663309,120.301003,門牌
高雄市鼓山區明華路315號20樓,22.663309,120.301003,門牌
高雄市鼓山區明華路317號10樓之1,22.663310,120.301146,門牌
高雄市鼓山區明誠三路663號11樓,22.660510,120.295271,門牌
高雄市鼓山區明誠三路671號8樓之1,22.660804,120.295113,門牌
高雄市鼓山區明誠三路679號11樓,22.660844,120.294888,門牌
高雄市鼓山區明誠三路679號18樓,22.660844,120.294888,門牌
高雄市鼓山區明誠三路685號18樓,22.660672,120.294802,門牌
高雄市鼓山區明誠三路687號13樓,22.660849,120.294735,門牌
高雄市鼓山區明誠三路689號14樓,22.660851,120.294668,門牌
高雄市鼓山區明誠三路691號3樓,22.660674,120.294662,門牌
高雄市鼓山區明誠三路691號8樓,22.660674,120.294662,門牌
高雄市鼓山區明誠三路693號13樓,22.660767,120.294596,門牌
高雄市鼓山區明誠三路695號10樓,22.660675,120.294591,門牌
高雄市鼓山區明誠三路695號16樓,22.660675,120.294591,門牌
高雄市鼓山區明誠三路695號19樓,22.660675,120.294591,門牌
高雄市鼓山區明誠三路712號1樓,22.661354,120.293841,門牌
高雄市鼓山區明誠四路33號,22.661780,120.288675,路名
高雄市鼓山區明誠四路33號2樓,22.661780,120.288675,路名
高雄市鼓山區明誠四路8號13樓,22.661527,120.291731,門牌
高雄市鼓山區正德里青泉街13號,22.649482,120.276250,門牌
高雄市鼓山區民利街15、17、19號,22.663039,120.295157,路名
高雄市鼓山區民康街203號1樓,22.662085,120.295906,門牌
高雄市鼓山區永德街161號1樓,22.666726,120.283306,門牌
高雄市鼓山區瑞豐街56號1樓,22.666153,120.294529,門牌
高雄市鼓山區登山街76巷12號2樓,22.625104,120.269602,門牌
高雄市鼓山區美明路106號1樓,22.665754,120.288841,門牌
高雄市鼓山區美術北三路212號4樓,22.663213,120.287861,門牌
高雄市鼓山區美術北三路238號6樓,22.663401,120.287682,門牌
高雄市鼓山區美術北五街55號2樓之2,22.664101,120.287980,門牌
高雄市鼓山區美術南二路39號2樓,22.650498,120.284422,門牌
高雄市鼓山區美術南二路70巷11號,22.650921,120.285097,門牌
高雄市鼓山區美術館路53號,22.654521,120.292757,門牌
高雄市鼓山區翠華路390號,22.658210,120.283754,路名
高雄市鼓山區臨海一路21之7號,22.622570,120.274416,門牌
高雄市鼓山區臨海一路21號之7,22.621203,120.273492,門牌
高雄市鼓山區華寧路162號1樓,22.669001,120.291234,門牌
高雄市鼓山區華榮路320號,22.666786,120.296822,門牌
高雄市鼓山區華榮路68號,22.662826,120.297351,門牌
高雄市鼓山區葆禎路270巷9號1樓,22.664455,120.280239,門牌
高雄市鼓山區裕興路110號1樓,22.670772,120.293427,門牌
高雄市鼓山區裕興路115巷10號1樓,22.671185,120.292974,門牌
高雄市鼓山區裕興路31號,22.669373,120.291676,門牌
高雄市鼓山區裕誠路1091號7樓,22.665614,120.299326,門牌
高雄市鼓山區裕誠路1503之10號13樓之3,22.665618,120.296077,門牌
高雄市鼓山區裕誠路1898號1樓,22.660145,120.294027,門牌
高雄市鼓山區裕誠路2006號12樓,22.657780,120.293742,門牌
高雄市鼓山區銀川街157號1樓,22.648421,120.277386,門牌
高雄市鼓山區銘傳路141號2樓,22.666801,120.281923,門牌
高雄市鼓山區銘傳路47號1樓,22.664953,120.284692,門牌
高雄市鼓山區青海路38號1樓,22.651448,120.290853,門牌
高雄市鼓山區青海路38號2樓,22.651448,120.290853,門牌
高雄市鼓山區麗興里蓬萊路10號,22.617066,120.283046,門牌
高雄市鼓山區麗興里蓬萊路30號,22.619997,120.278997,門牌
高雄市鼓山區鼓山三路51巷31弄14號1樓,22.655947,120.274173,門牌
高雄市鼓山區鼓山二路115號1樓,22.635966,120.281075,門牌
高雄市鼓山區鼓山二路272-1號1樓,22.636261,120.280759,路名
高雄市鼓山區龍德路106巷35號5樓,22.654978,120.299939,門牌
高雄市鼓山區龍水里明誠四路33號,22.661780,120.288675,路名
